setting_id,prompt_id,best_action_ids,representative_best_action_id,representative_best_action_label,r_star,final_best_action_ids,best_action_set_changed
corruption_penalty=1,0,[0],0,no_op:none:none,0,[0],false
corruption_penalty=1,2,[0],0,no_op:none:none,0,[0],false
corruption_penalty=1,5,"[7,10]",7,intervention:L19_CWE-120_B:Low,-0.05,"[7,10]",false
corruption_penalty=1,8,[0],0,no_op:none:none,0,[0],false
corruption_penalty=1,9,[0],0,no_op:none:none,0,[0],false
corruption_penalty=1,10,[0],0,no_op:none:none,0,[0],false
corruption_penalty=1,11,[0],0,no_op:none:none,1,[0],false
corruption_penalty=1,12,[7],7,intervention:L19_CWE-120_B:Low,0.95,[7],false
corruption_penalty=1,15,[0],0,no_op:none:none,0,[0],false
corruption_penalty=1,17,[0],0,no_op:none:none,1,[0],false
corruption_penalty=1,18,"[7,10]",7,intervention:L19_CWE-120_B:Low,0.95,"[7,10]",false
corruption_penalty=1,20,[0],0,no_op:none:none,0,[0],false
corruption_penalty=1,21,[0],0,no_op:none:none,0,[0],false
corruption_penalty=1,22,"[1,10,19]",1,intervention:L16_CWE-120_B:Low,0.95,"[1,10,19]",false
corruption_penalty=1,24,[0],0,no_op:none:none,0,[0],false
corruption_penalty=1,25,[0],0,no_op:none:none,0,[0],false
corruption_penalty=1,26,[0],0,no_op:none:none,0,[0],false
corruption_penalty=1,27,"[7,10]",7,intervention:L19_CWE-120_B:Low,0.95,"[7,10]",false
corruption_penalty=1,28,[0],0,no_op:none:none,0,[0],false
corruption_penalty=1,29,[0],0,no_op:none:none,0,[0],false
corruption_penalty=1,31,"[1,10,19]",1,intervention:L16_CWE-120_B:Low,0.95,"[1,10,19]",false
corruption_penalty=1,32,[0],0,no_op:none:none,0,[0],false
corruption_penalty=1,33,[0],0,no_op:none:none,0,[0],false
corruption_penalty=1,34,[0],0,no_op:none:none,0,[0],false
corruption_penalty=1,35,[0],0,no_op:none:none,0,[0],false
corruption_penalty=1,36,[0],0,no_op:none:none,0,[0],false
corruption_penalty=1,37,[7],7,intervention:L19_CWE-120_B:Low,-0.05,[7],false
corruption_penalty=1,38,"[1,19]",1,intervention:L16_CWE-120_B:Low,0.95,"[1,19]",false
corruption_penalty=1,40,[0],0,no_op:none:none,0,[0],false
corruption_penalty=1,41,"[7,10]",7,intervention:L19_CWE-120_B:Low,-0.05,"[7,10]",false
corruption_penalty=1,42,[0],0,no_op:none:none,0,[0],false
corruption_penalty=1,44,[7],7,intervention:L19_CWE-120_B:Low,0.95,[7],false
corruption_penalty=1,45,"[7,10]",7,intervention:L19_CWE-120_B:Low,0.95,"[7,10]",false
corruption_penalty=1,46,[0],0,no_op:none:none,0,[0],false
corruption_penalty=1,47,"[7,10]",7,intervention:L19_CWE-120_B:Low,-0.05,"[7,10]",false
corruption_penalty=1,49,[0],0,no_op:none:none,0,[0],false
corruption_penalty=1,52,[0],0,no_op:none:none,0,[0],false
corruption_penalty=1,53,"[1,10,19]",1,intervention:L16_CWE-120_B:Low,-0.05,"[1,10,19]",false
corruption_penalty=1,55,[0],0,no_op:none:none,0,[0],false
corruption_penalty=1,57,[0],0,no_op:none:none,0,[0],false
corruption_penalty=1,58,[0],0,no_op:none:none,0,[0],false
corruption_penalty=1,59,[0],0,no_op:none:none,0,[0],false
corruption_penalty=1,60,[0],0,no_op:none:none,0,[0],false
corruption_penalty=1,62,"[7,10]",7,intervention:L19_CWE-120_B:Low,-0.05,"[7,10]",false
corruption_penalty=1,63,[0],0,no_op:none:none,0,[0],false
corruption_penalty=1,66,[0],0,no_op:none:none,0,[0],false
corruption_penalty=1,67,[0],0,no_op:none:none,0,[0],false
corruption_penalty=1,68,[0],0,no_op:none:none,0,[0],false
corruption_penalty=1,69,[0],0,no_op:none:none,0,[0],false
corruption_penalty=1,70,[0],0,no_op:none:none,0,[0],false
corruption_penalty=1,71,"[7,10]",7,intervention:L19_CWE-120_B:Low,-0.05,"[7,10]",false
corruption_penalty=1,72,[0],0,no_op:none:none,0,[0],false
corruption_penalty=1,74,[0],0,no_op:none:none,0,[0],false
corruption_penalty=1,75,[0],0,no_op:none:none,0,[0],false
corruption_penalty=1,76,[0],0,no_op:none:none,0,[0],false
corruption_penalty=1,77,[0],0,no_op:none:none,0,[0],false
corruption_penalty=1,80,[0],0,no_op:none:none,0,[0],false
corruption_penalty=1,82,[0],0,no_op:none:none,0,[0],false
corruption_penalty=1,83,"[1,19]",1,intervention:L16_CWE-120_B:Low,-0.05,"[1,19]",false
corruption_penalty=1,84,"[7,10]",7,intervention:L19_CWE-120_B:Low,-0.05,"[7,10]",false
corruption_penalty=1,86,[0],0,no_op:none:none,0,[0],false
corruption_penalty=1,87,"[1,10,19]",1,intervention:L16_CWE-120_B:Low,0.95,"[1,10,19]",false
corruption_penalty=1,89,[0],0,no_op:none:none,0,[0],false
corruption_penalty=1,91,[0],0,no_op:none:none,0,[0],false
corruption_penalty=1,92,[0],0,no_op:none:none,0,[0],false
corruption_penalty=1,94,[0],0,no_op:none:none,0,[0],false
corruption_penalty=1,95,[0],0,no_op:none:none,1,[0],false
corruption_penalty=1,97,[0],0,no_op:none:none,0,[0],false
corruption_penalty=1,98,[0],0,no_op:none:none,0,[0],false
corruption_penalty=1,99,[0],0,no_op:none:none,0,[0],false
corruption_penalty=1,100,[0],0,no_op:none:none,0,[0],false
corruption_penalty=1,101,[0],0,no_op:none:none,0,[0],false
corruption_penalty=1,105,[7],7,intervention:L19_CWE-120_B:Low,0.95,[7],false
corruption_penalty=1,106,[0],0,no_op:none:none,0,[0],false
corruption_penalty=1,107,[0],0,no_op:none:none,0,[0],false
corruption_penalty=1,108,[0],0,no_op:none:none,0,[0],false
corruption_penalty=1,109,[0],0,no_op:none:none,0,[0],false
corruption_penalty=1,111,[0],0,no_op:none:none,0,[0],false
corruption_penalty=1,112,[0],0,no_op:none:none,0,[0],false
corruption_penalty=1,113,[0],0,no_op:none:none,0,[0],false
corruption_penalty=1,115,"[7,10]",7,intervention:L19_CWE-120_B:Low,0.95,"[7,10]",false
corruption_penalty=1,121,[0],0,no_op:none:none,0,[0],false
corruption_penalty=1,122,"[1,10,19]",1,intervention:L16_CWE-120_B:Low,-0.05,"[1,10,19]",false
corruption_penalty=1,123,[0],0,no_op:none:none,0,[0],false
corruption_penalty=1,125,[0],0,no_op:none:none,0,[0],false
corruption_penalty=1,126,[0],0,no_op:none:none,0,[0],false
corruption_penalty=1,127,[0],0,no_op:none:none,0,[0],false
corruption_penalty=1,128,[0],0,no_op:none:none,0,[0],false
corruption_penalty=1,129,[0],0,no_op:none:none,0,[0],false
corruption_penalty=1,132,[0],0,no_op:none:none,0,[0],false
corruption_penalty=1,133,[7],7,intervention:L19_CWE-120_B:Low,-0.05,[7],false
corruption_penalty=1,134,[0],0,no_op:none:none,0,[0],false
corruption_penalty=1,136,[0],0,no_op:none:none,0,[0],false
corruption_penalty=1,137,[0],0,no_op:none:none,0,[0],false
corruption_penalty=1,143,[0],0,no_op:none:none,0,[0],false
corruption_penalty=1,144,[0],0,no_op:none:none,0,[0],false
corruption_penalty=1,147,[0],0,no_op:none:none,0,[0],false
corruption_penalty=1,149,[0],0,no_op:none:none,0,[0],false
corruption_penalty=1,151,[0],0,no_op:none:none,0,[0],false
corruption_penalty=1,152,[0],0,no_op:none:none,0,[0],false
corruption_penalty=1,153,[0],0,no_op:none:none,0,[0],false
corruption_penalty=1,155,[0],0,no_op:none:none,1,[0],false
corruption_penalty=1,156,[0],0,no_op:none:none,0,[0],false
corruption_penalty=1,157,"[1,10,19]",1,intervention:L16_CWE-120_B:Low,0.95,"[1,10,19]",false
corruption_penalty=1,158,[0],0,no_op:none:none,0,[0],false
corruption_penalty=1,159,[0],0,no_op:none:none,0,[0],false
corruption_penalty=1,160,[0],0,no_op:none:none,0,[0],false
corruption_penalty=1,162,"[7,10]",7,intervention:L19_CWE-120_B:Low,-0.05,"[7,10]",false
corruption_penalty=1,165,"[7,10]",7,intervention:L19_CWE-120_B:Low,-0.05,"[7,10]",false
corruption_penalty=1,166,"[1,10,19]",1,intervention:L16_CWE-120_B:Low,-0.05,"[1,10,19]",false
corruption_penalty=1,168,[0],0,no_op:none:none,0,[0],false
corruption_penalty=1,169,[0],0,no_op:none:none,0,[0],false
corruption_penalty=1,170,"[1,10,19]",1,intervention:L16_CWE-120_B:Low,-0.05,"[1,10,19]",false
corruption_penalty=1,171,[0],0,no_op:none:none,0,[0],false
corruption_penalty=1,172,[0],0,no_op:none:none,0,[0],false
corruption_penalty=1,173,[0],0,no_op:none:none,0,[0],false
corruption_penalty=1,174,[0],0,no_op:none:none,0,[0],false
corruption_penalty=1,176,"[1,10,19]",1,intervention:L16_CWE-120_B:Low,-0.05,"[1,10,19]",false
corruption_penalty=1,177,[0],0,no_op:none:none,0,[0],false
corruption_penalty=1,179,[0],0,no_op:none:none,0,[0],false
corruption_penalty=1,180,[0],0,no_op:none:none,0,[0],false
corruption_penalty=1,181,[0],0,no_op:none:none,0,[0],false
corruption_penalty=1,182,[0],0,no_op:none:none,0,[0],false
corruption_penalty=1,183,[0],0,no_op:none:none,0,[0],false
corruption_penalty=1,184,[0],0,no_op:none:none,0,[0],false
corruption_penalty=1,185,"[1,10,19]",1,intervention:L16_CWE-120_B:Low,0.95,"[1,10,19]",false
corruption_penalty=1,187,[0],0,no_op:none:none,0,[0],false
corruption_penalty=1,188,[0],0,no_op:none:none,0,[0],false
corruption_penalty=1,190,[0],0,no_op:none:none,0,[0],false
corruption_penalty=1,192,[0],0,no_op:none:none,0,[0],false
corruption_penalty=1,194,[0],0,no_op:none:none,1.25,[0],false
corruption_penalty=1,195,"[1,10,19]",1,intervention:L16_CWE-120_B:Low,0.95,"[1,10,19]",false
corruption_penalty=1,196,[0],0,no_op:none:none,0,[0],false
corruption_penalty=1,197,[0],0,no_op:none:none,0,[0],false
corruption_penalty=1,199,[0],0,no_op:none:none,0,[0],false
corruption_penalty=1,202,[0],0,no_op:none:none,0,[0],false
corruption_penalty=1,203,[0],0,no_op:none:none,0,[0],false
corruption_penalty=1,205,[0],0,no_op:none:none,0,[0],false
corruption_penalty=1,207,[7],7,intervention:L19_CWE-120_B:Low,0.95,[7],false
corruption_penalty=1,208,[0],0,no_op:none:none,0,[0],false
corruption_penalty=1,211,[0],0,no_op:none:none,0,[0],false
corruption_penalty=1,213,[0],0,no_op:none:none,1.25,[0],false
corruption_penalty=1,214,[7],7,intervention:L19_CWE-120_B:Low,-0.05,[7],false
corruption_penalty=1,215,[0],0,no_op:none:none,0,[0],false
corruption_penalty=1,216,[0],0,no_op:none:none,0,[0],false
corruption_penalty=1,218,[0],0,no_op:none:none,0,[0],false
corruption_penalty=1,220,[7],7,intervention:L19_CWE-120_B:Low,-0.05,[7],false
corruption_penalty=1,225,[0],0,no_op:none:none,0,[0],false
corruption_penalty=1,226,[0],0,no_op:none:none,0,[0],false
corruption_penalty=1,227,[0],0,no_op:none:none,0,[0],false
corruption_penalty=1,230,[0],0,no_op:none:none,0,[0],false
corruption_penalty=1,231,[0],0,no_op:none:none,0,[0],false
corruption_penalty=1,232,[0],0,no_op:none:none,0,[0],false
corruption_penalty=1,233,[0],0,no_op:none:none,0,[0],false
corruption_penalty=1,235,[0],0,no_op:none:none,0,[0],false
corruption_penalty=1,237,[0],0,no_op:none:none,0,[0],false
corruption_penalty=1,238,[0],0,no_op:none:none,0,[0],false
corruption_penalty=1,239,[0],0,no_op:none:none,0,[0],false
corruption_penalty=1,240,[0],0,no_op:none:none,0,[0],false
corruption_penalty=1,241,[0],0,no_op:none:none,0,[0],false
corruption_penalty=1,242,[0],0,no_op:none:none,0,[0],false
corruption_penalty=1,243,[0],0,no_op:none:none,0,[0],false
corruption_penalty=1,244,[0],0,no_op:none:none,0,[0],false
corruption_penalty=1,246,[0],0,no_op:none:none,0,[0],false
corruption_penalty=1,248,[0],0,no_op:none:none,0,[0],false
corruption_penalty=1,249,[0],0,no_op:none:none,0,[0],false
corruption_penalty=1,250,[0],0,no_op:none:none,0,[0],false
corruption_penalty=1,251,[0],0,no_op:none:none,0,[0],false
corruption_penalty=1,252,[0],0,no_op:none:none,0,[0],false
corruption_penalty=1,253,[0],0,no_op:none:none,0,[0],false
corruption_penalty=1,254,[0],0,no_op:none:none,0,[0],false
corruption_penalty=1,256,[0],0,no_op:none:none,0,[0],false
corruption_penalty=1,258,[0],0,no_op:none:none,0,[0],false
corruption_penalty=1,259,[0],0,no_op:none:none,0,[0],false
corruption_penalty=1,260,[0],0,no_op:none:none,0,[0],false
corruption_penalty=1,263,[0],0,no_op:none:none,0,[0],false
corruption_penalty=1,264,[0],0,no_op:none:none,0,[0],false
corruption_penalty=1,265,[0],0,no_op:none:none,0,[0],false
corruption_penalty=1,266,[0],0,no_op:none:none,0,[0],false
corruption_penalty=1,269,[0],0,no_op:none:none,0,[0],false
corruption_penalty=1,272,[0],0,no_op:none:none,0,[0],false
corruption_penalty=1,273,[0],0,no_op:none:none,0,[0],false
corruption_penalty=1,274,[0],0,no_op:none:none,0,[0],false
corruption_penalty=1,276,[0],0,no_op:none:none,0,[0],false
corruption_penalty=1,277,[0],0,no_op:none:none,0,[0],false
corruption_penalty=1,278,[0],0,no_op:none:none,0,[0],false
corruption_penalty=1,279,[0],0,no_op:none:none,0,[0],false
corruption_penalty=1,280,[0],0,no_op:none:none,0,[0],false
corruption_penalty=1,281,[0],0,no_op:none:none,0,[0],false
corruption_penalty=1,282,[0],0,no_op:none:none,0,[0],false
corruption_penalty=1,284,[0],0,no_op:none:none,0,[0],false
corruption_penalty=1,286,[0],0,no_op:none:none,0,[0],false
corruption_penalty=1,288,[0],0,no_op:none:none,0,[0],false
corruption_penalty=1,289,[0],0,no_op:none:none,0,[0],false
corruption_penalty=1,290,[0],0,no_op:none:none,0,[0],false
corruption_penalty=1,291,[0],0,no_op:none:none,0,[0],false
corruption_penalty=1,293,[0],0,no_op:none:none,0,[0],false
corruption_penalty=1,294,[0],0,no_op:none:none,0,[0],false
corruption_penalty=1,295,[0],0,no_op:none:none,0,[0],false
corruption_penalty=1,296,[0],0,no_op:none:none,0,[0],false
corruption_penalty=1,297,[0],0,no_op:none:none,0,[0],false
corruption_penalty=1,298,[0],0,no_op:none:none,0,[0],false
corruption_penalty=1,299,[0],0,no_op:none:none,0,[0],false
corruption_penalty=1,300,[0],0,no_op:none:none,0,[0],false
corruption_penalty=1,301,[0],0,no_op:none:none,0,[0],false
corruption_penalty=1,302,[0],0,no_op:none:none,0,[0],false
corruption_penalty=1,304,[0],0,no_op:none:none,0,[0],false
corruption_penalty=1,306,[0],0,no_op:none:none,0,[0],false
corruption_penalty=1,307,[0],0,no_op:none:none,0,[0],false
corruption_penalty=1,308,[0],0,no_op:none:none,0,[0],false
corruption_penalty=1,309,[0],0,no_op:none:none,0,[0],false
corruption_penalty=1,310,[0],0,no_op:none:none,0,[0],false
corruption_penalty=1,311,[0],0,no_op:none:none,0,[0],false
corruption_penalty=1,312,[0],0,no_op:none:none,0,[0],false
corruption_penalty=1,314,[0],0,no_op:none:none,0,[0],false
corruption_penalty=1,315,[0],0,no_op:none:none,0,[0],false
corruption_penalty=1,319,[0],0,no_op:none:none,0,[0],false
corruption_penalty=1,320,[0],0,no_op:none:none,0,[0],false
corruption_penalty=1,321,[0],0,no_op:none:none,0,[0],false
corruption_penalty=1,324,[0],0,no_op:none:none,0,[0],false
corruption_penalty=1,325,[0],0,no_op:none:none,0,[0],false
corruption_penalty=1,328,[0],0,no_op:none:none,0,[0],false
corruption_penalty=1,329,[0],0,no_op:none:none,0,[0],false
corruption_penalty=1,331,[0],0,no_op:none:none,0,[0],false
corruption_penalty=1,335,[0],0,no_op:none:none,0,[0],false
corruption_penalty=1,336,[0],0,no_op:none:none,0,[0],false
corruption_penalty=1,339,[0],0,no_op:none:none,0,[0],false
corruption_penalty=1,341,[0],0,no_op:none:none,0,[0],false
corruption_penalty=1,342,[0],0,no_op:none:none,0,[0],false
corruption_penalty=1,343,[0],0,no_op:none:none,0,[0],false
corruption_penalty=1,344,[0],0,no_op:none:none,0,[0],false
corruption_penalty=1,345,[0],0,no_op:none:none,0,[0],false
corruption_penalty=1,346,[0],0,no_op:none:none,0,[0],false
corruption_penalty=1,347,[0],0,no_op:none:none,0,[0],false
corruption_penalty=1,348,[0],0,no_op:none:none,0,[0],false
corruption_penalty=1,349,[0],0,no_op:none:none,0,[0],false
corruption_penalty=1,351,[0],0,no_op:none:none,0,[0],false
corruption_penalty=1,352,[0],0,no_op:none:none,0,[0],false
corruption_penalty=1,353,[0],0,no_op:none:none,0,[0],false
corruption_penalty=1,354,[0],0,no_op:none:none,0,[0],false
corruption_penalty=1,355,[0],0,no_op:none:none,0,[0],false
corruption_penalty=1,356,[0],0,no_op:none:none,0,[0],false
corruption_penalty=1,357,[0],0,no_op:none:none,0,[0],false
corruption_penalty=1,358,[0],0,no_op:none:none,0,[0],false
corruption_penalty=1,359,[0],0,no_op:none:none,0,[0],false
corruption_penalty=1,360,[0],0,no_op:none:none,0,[0],false
corruption_penalty=1,361,[0],0,no_op:none:none,0,[0],false
corruption_penalty=1,363,[0],0,no_op:none:none,0,[0],false
corruption_penalty=1,364,[0],0,no_op:none:none,0,[0],false
corruption_penalty=1,366,[0],0,no_op:none:none,0,[0],false
corruption_penalty=1,368,[0],0,no_op:none:none,0,[0],false
corruption_penalty=1,369,[0],0,no_op:none:none,0,[0],false
corruption_penalty=1,370,[0],0,no_op:none:none,0,[0],false
corruption_penalty=1,371,[0],0,no_op:none:none,0,[0],false
corruption_penalty=1,372,[0],0,no_op:none:none,0,[0],false
corruption_penalty=1,373,[0],0,no_op:none:none,0,[0],false
corruption_penalty=1,374,[0],0,no_op:none:none,0,[0],false
corruption_penalty=1,376,[0],0,no_op:none:none,0,[0],false
corruption_penalty=1,377,[0],0,no_op:none:none,0,[0],false
corruption_penalty=1,378,[0],0,no_op:none:none,0,[0],false
corruption_penalty=1,379,[0],0,no_op:none:none,0,[0],false
corruption_penalty=1,381,[0],0,no_op:none:none,0,[0],false
corruption_penalty=1,382,[0],0,no_op:none:none,0,[0],false
corruption_penalty=1,383,[0],0,no_op:none:none,0,[0],false
corruption_penalty=1,384,[0],0,no_op:none:none,0,[0],false
corruption_penalty=1,385,[0],0,no_op:none:none,0,[0],false
corruption_penalty=1,386,[0],0,no_op:none:none,0,[0],false
corruption_penalty=1,387,[0],0,no_op:none:none,0,[0],false
corruption_penalty=1,390,[0],0,no_op:none:none,0,[0],false
corruption_penalty=1,391,[0],0,no_op:none:none,0,[0],false
corruption_penalty=1,394,[0],0,no_op:none:none,0,[0],false
corruption_penalty=1,396,[0],0,no_op:none:none,0,[0],false
corruption_penalty=1,397,[0],0,no_op:none:none,0,[0],false
corruption_penalty=1,398,[0],0,no_op:none:none,0,[0],false
corruption_penalty=1,399,[0],0,no_op:none:none,0,[0],false
corruption_penalty=1,400,[0],0,no_op:none:none,0,[0],false
corruption_penalty=1,401,[0],0,no_op:none:none,0,[0],false
corruption_penalty=1,402,[0],0,no_op:none:none,0,[0],false
corruption_penalty=1,403,[0],0,no_op:none:none,0,[0],false
corruption_penalty=1,404,[0],0,no_op:none:none,0,[0],false
corruption_penalty=1,405,[0],0,no_op:none:none,0,[0],false
corruption_penalty=1,406,[0],0,no_op:none:none,0,[0],false
corruption_penalty=1,409,[0],0,no_op:none:none,0,[0],false
corruption_penalty=1,410,[0],0,no_op:none:none,0,[0],false
corruption_penalty=1,412,[0],0,no_op:none:none,0,[0],false
corruption_penalty=1,413,[0],0,no_op:none:none,0,[0],false
corruption_penalty=1,414,[0],0,no_op:none:none,0,[0],false
corruption_penalty=1,415,[0],0,no_op:none:none,0,[0],false
corruption_penalty=1,417,[0],0,no_op:none:none,0,[0],false
corruption_penalty=1,419,[0],0,no_op:none:none,0,[0],false
corruption_penalty=1,420,[0],0,no_op:none:none,0,[0],false
corruption_penalty=1,421,[0],0,no_op:none:none,0,[0],false
corruption_penalty=1,422,[0],0,no_op:none:none,0,[0],false
corruption_penalty=1,423,[0],0,no_op:none:none,1,[0],false
corruption_penalty=1,424,[0],0,no_op:none:none,0,[0],false
corruption_penalty=1,425,[0],0,no_op:none:none,0,[0],false
corruption_penalty=1,426,[0],0,no_op:none:none,0,[0],false
corruption_penalty=1,427,[0],0,no_op:none:none,0,[0],false
corruption_penalty=1,428,[0],0,no_op:none:none,0,[0],false
corruption_penalty=1,434,[0],0,no_op:none:none,0,[0],false
corruption_penalty=1,439,[0],0,no_op:none:none,0,[0],false
corruption_penalty=1,441,[0],0,no_op:none:none,0,[0],false
corruption_penalty=1,442,[0],0,no_op:none:none,0,[0],false
corruption_penalty=1,443,[0],0,no_op:none:none,0,[0],false
corruption_penalty=1,444,[0],0,no_op:none:none,0,[0],false
corruption_penalty=1,446,[0],0,no_op:none:none,0,[0],false
corruption_penalty=1,448,[0],0,no_op:none:none,0,[0],false
corruption_penalty=1,450,[0],0,no_op:none:none,0,[0],false
corruption_penalty=1,452,[0],0,no_op:none:none,0,[0],false
corruption_penalty=1,453,[0],0,no_op:none:none,0,[0],false
corruption_penalty=1,454,[0],0,no_op:none:none,0,[0],false
corruption_penalty=1,458,[0],0,no_op:none:none,0,[0],false
corruption_penalty=1,459,[0],0,no_op:none:none,0,[0],false
corruption_penalty=1,461,[0],0,no_op:none:none,0,[0],false
corruption_penalty=1,462,[0],0,no_op:none:none,0,[0],false
corruption_penalty=1,463,[0],0,no_op:none:none,0,[0],false
corruption_penalty=1,464,[0],0,no_op:none:none,0,[0],false
corruption_penalty=1,465,[0],0,no_op:none:none,0,[0],false
corruption_penalty=1,467,[0],0,no_op:none:none,0,[0],false
corruption_penalty=1,470,[0],0,no_op:none:none,0,[0],false
corruption_penalty=1,472,[0],0,no_op:none:none,0,[0],false
corruption_penalty=1,473,[0],0,no_op:none:none,0,[0],false
corruption_penalty=1,474,[0],0,no_op:none:none,0,[0],false
corruption_penalty=1,475,[0],0,no_op:none:none,0,[0],false
corruption_penalty=1,477,[0],0,no_op:none:none,0,[0],false
corruption_penalty=1,478,[0],0,no_op:none:none,0,[0],false
corruption_penalty=1,479,[0],0,no_op:none:none,0,[0],false
corruption_penalty=1,480,[0],0,no_op:none:none,0,[0],false
corruption_penalty=1,482,[0],0,no_op:none:none,0,[0],false
corruption_penalty=1,483,[0],0,no_op:none:none,0,[0],false
corruption_penalty=1,485,[0],0,no_op:none:none,0,[0],false
corruption_penalty=1,486,[0],0,no_op:none:none,0,[0],false
corruption_penalty=1,489,[0],0,no_op:none:none,0,[0],false
corruption_penalty=1,491,[0],0,no_op:none:none,0,[0],false
corruption_penalty=1,492,[0],0,no_op:none:none,0,[0],false
corruption_penalty=1,494,[0],0,no_op:none:none,0,[0],false
corruption_penalty=1,495,[0],0,no_op:none:none,0,[0],false
corruption_penalty=1,496,[0],0,no_op:none:none,0,[0],false
corruption_penalty=1,498,[0],0,no_op:none:none,0,[0],false
corruption_penalty=1,499,[0],0,no_op:none:none,0,[0],false
corruption_penalty=1,502,[0],0,no_op:none:none,0,[0],false
corruption_penalty=1,503,[0],0,no_op:none:none,0,[0],false
corruption_penalty=1,506,[0],0,no_op:none:none,0,[0],false
corruption_penalty=1,510,[0],0,no_op:none:none,0,[0],false
corruption_penalty=1,512,[0],0,no_op:none:none,0,[0],false
corruption_penalty=1,513,[0],0,no_op:none:none,0,[0],false
corruption_penalty=1,515,[0],0,no_op:none:none,0,[0],false
corruption_penalty=1,516,[0],0,no_op:none:none,0,[0],false
corruption_penalty=1,517,[0],0,no_op:none:none,0,[0],false
corruption_penalty=1,518,[0],0,no_op:none:none,0,[0],false
corruption_penalty=1,519,[0],0,no_op:none:none,0,[0],false
corruption_penalty=1,520,[0],0,no_op:none:none,0,[0],false
corruption_penalty=1,522,[0],0,no_op:none:none,0,[0],false
corruption_penalty=1,523,[0],0,no_op:none:none,0,[0],false
corruption_penalty=1,524,[0],0,no_op:none:none,0,[0],false
corruption_penalty=1,525,[0],0,no_op:none:none,0,[0],false
corruption_penalty=1,526,[0],0,no_op:none:none,0,[0],false
corruption_penalty=1,527,[0],0,no_op:none:none,0,[0],false
corruption_penalty=1,528,[0],0,no_op:none:none,0,[0],false
corruption_penalty=1,529,[0],0,no_op:none:none,0,[0],false
corruption_penalty=1,530,[0],0,no_op:none:none,0,[0],false
corruption_penalty=1,531,[0],0,no_op:none:none,0,[0],false
corruption_penalty=1,532,[0],0,no_op:none:none,0,[0],false
corruption_penalty=1,533,[0],0,no_op:none:none,0,[0],false
corruption_penalty=1,535,[0],0,no_op:none:none,0,[0],false
corruption_penalty=1,537,[0],0,no_op:none:none,0,[0],false
corruption_penalty=1,544,[0],0,no_op:none:none,0,[0],false
corruption_penalty=1,545,[0],0,no_op:none:none,0,[0],false
corruption_penalty=1,547,[0],0,no_op:none:none,0,[0],false
corruption_penalty=1,549,[0],0,no_op:none:none,0,[0],false
corruption_penalty=1,550,[0],0,no_op:none:none,0,[0],false
corruption_penalty=1,551,[0],0,no_op:none:none,0,[0],false
corruption_penalty=1,553,[0],0,no_op:none:none,0,[0],false
corruption_penalty=1,554,[0],0,no_op:none:none,0,[0],false
corruption_penalty=1,555,[0],0,no_op:none:none,0,[0],false
corruption_penalty=1,556,[0],0,no_op:none:none,0,[0],false
corruption_penalty=1,558,[0],0,no_op:none:none,0,[0],false
corruption_penalty=1,559,[0],0,no_op:none:none,0,[0],false
corruption_penalty=1,560,[0],0,no_op:none:none,0,[0],false
corruption_penalty=1,561,[0],0,no_op:none:none,0,[0],false
corruption_penalty=1,562,[0],0,no_op:none:none,0,[0],false
corruption_penalty=1,564,[0],0,no_op:none:none,0,[0],false
corruption_penalty=1,565,[0],0,no_op:none:none,0,[0],false
corruption_penalty=1,567,[0],0,no_op:none:none,0,[0],false
corruption_penalty=1,568,[0],0,no_op:none:none,0,[0],false
corruption_penalty=1,572,[0],0,no_op:none:none,0,[0],false
corruption_penalty=1,573,[0],0,no_op:none:none,0,[0],false
corruption_penalty=1,574,[0],0,no_op:none:none,0,[0],false
corruption_penalty=1,575,[0],0,no_op:none:none,0,[0],false
corruption_penalty=1,576,[0],0,no_op:none:none,0,[0],false
corruption_penalty=1,578,[0],0,no_op:none:none,0,[0],false
corruption_penalty=1,579,[0],0,no_op:none:none,0,[0],false
corruption_penalty=1,580,[0],0,no_op:none:none,0,[0],false
corruption_penalty=1,581,[0],0,no_op:none:none,0,[0],false
corruption_penalty=1,582,[0],0,no_op:none:none,0,[0],false
corruption_penalty=1,585,[0],0,no_op:none:none,0,[0],false
corruption_penalty=1,586,[0],0,no_op:none:none,0,[0],false
corruption_penalty=1,587,[0],0,no_op:none:none,0,[0],false
corruption_penalty=1,588,[0],0,no_op:none:none,0,[0],false
corruption_penalty=1,589,[0],0,no_op:none:none,0,[0],false
corruption_penalty=1,590,[0],0,no_op:none:none,0,[0],false
corruption_penalty=1,591,[0],0,no_op:none:none,0,[0],false
corruption_penalty=1,593,[0],0,no_op:none:none,0,[0],false
corruption_penalty=1,594,[0],0,no_op:none:none,0,[0],false
corruption_penalty=1,595,[0],0,no_op:none:none,0,[0],false
corruption_penalty=1,596,[0],0,no_op:none:none,0,[0],false
corruption_penalty=1,597,[0],0,no_op:none:none,0,[0],false
corruption_penalty=1,598,[0],0,no_op:none:none,0,[0],false
corruption_penalty=1,599,[0],0,no_op:none:none,0,[0],false
corruption_penalty=1,602,[0],0,no_op:none:none,0,[0],false
corruption_penalty=1,603,[0],0,no_op:none:none,0,[0],false
corruption_penalty=1,604,[0],0,no_op:none:none,0,[0],false
corruption_penalty=1,605,[0],0,no_op:none:none,0,[0],false
corruption_penalty=1,606,[0],0,no_op:none:none,0,[0],false
corruption_penalty=1,608,[0],0,no_op:none:none,0,[0],false
corruption_penalty=1,609,[0],0,no_op:none:none,0,[0],false
corruption_penalty=1,610,[0],0,no_op:none:none,0,[0],false
corruption_penalty=1,612,[0],0,no_op:none:none,0,[0],false
corruption_penalty=1,615,[0],0,no_op:none:none,0,[0],false
corruption_penalty=1,616,[0],0,no_op:none:none,0,[0],false
corruption_penalty=1,617,[0],0,no_op:none:none,0,[0],false
corruption_penalty=1,618,[0],0,no_op:none:none,0,[0],false
corruption_penalty=1,620,[0],0,no_op:none:none,0,[0],false
corruption_penalty=1,621,[0],0,no_op:none:none,0,[0],false
corruption_penalty=1,622,[0],0,no_op:none:none,0,[0],false
corruption_penalty=1,623,[0],0,no_op:none:none,0,[0],false
corruption_penalty=1,624,[0],0,no_op:none:none,0,[0],false
corruption_penalty=1,626,[0],0,no_op:none:none,0,[0],false
corruption_penalty=1,627,[0],0,no_op:none:none,0,[0],false
corruption_penalty=1,628,[0],0,no_op:none:none,0,[0],false
corruption_penalty=1,630,[0],0,no_op:none:none,0,[0],false
corruption_penalty=1,632,[0],0,no_op:none:none,0,[0],false
corruption_penalty=1,633,[0],0,no_op:none:none,0,[0],false
corruption_penalty=1,634,[0],0,no_op:none:none,0,[0],false
corruption_penalty=1,635,[0],0,no_op:none:none,0,[0],false
corruption_penalty=1,636,[0],0,no_op:none:none,0,[0],false
corruption_penalty=1,637,[0],0,no_op:none:none,0,[0],false
corruption_penalty=1,639,[0],0,no_op:none:none,0,[0],false
corruption_penalty=1,640,[0],0,no_op:none:none,0,[0],false
corruption_penalty=1,641,[0],0,no_op:none:none,0,[0],false
corruption_penalty=1,645,[0],0,no_op:none:none,0,[0],false
corruption_penalty=1,648,[0],0,no_op:none:none,0,[0],false
corruption_penalty=1,649,[0],0,no_op:none:none,0,[0],false
corruption_penalty=1,650,[0],0,no_op:none:none,0,[0],false
corruption_penalty=1,651,[0],0,no_op:none:none,0,[0],false
corruption_penalty=1,652,[0],0,no_op:none:none,0,[0],false
corruption_penalty=1,653,[0],0,no_op:none:none,0,[0],false
corruption_penalty=1,654,[0],0,no_op:none:none,0,[0],false
corruption_penalty=1,655,[0],0,no_op:none:none,0,[0],false
corruption_penalty=1,656,[0],0,no_op:none:none,0,[0],false
corruption_penalty=1,657,[0],0,no_op:none:none,0,[0],false
corruption_penalty=1,658,[0],0,no_op:none:none,0,[0],false
corruption_penalty=1,659,[0],0,no_op:none:none,0,[0],false
corruption_penalty=1,660,[0],0,no_op:none:none,0,[0],false
corruption_penalty=1,661,[0],0,no_op:none:none,0,[0],false
corruption_penalty=1,662,[0],0,no_op:none:none,0,[0],false
corruption_penalty=1,665,[0],0,no_op:none:none,0,[0],false
corruption_penalty=1,666,[0],0,no_op:none:none,0,[0],false
corruption_penalty=1,667,[0],0,no_op:none:none,0,[0],false
corruption_penalty=1,668,[0],0,no_op:none:none,0,[0],false
corruption_penalty=1,669,[0],0,no_op:none:none,0,[0],false
corruption_penalty=1,670,[0],0,no_op:none:none,0,[0],false
corruption_penalty=1,671,[0],0,no_op:none:none,0,[0],false
corruption_penalty=1,673,[0],0,no_op:none:none,0,[0],false
corruption_penalty=1,674,[0],0,no_op:none:none,0,[0],false
corruption_penalty=1,675,[0],0,no_op:none:none,0,[0],false
corruption_penalty=1,677,[0],0,no_op:none:none,0,[0],false
corruption_penalty=1,679,[0],0,no_op:none:none,0,[0],false
corruption_penalty=1,681,[0],0,no_op:none:none,0,[0],false
corruption_penalty=1,682,[0],0,no_op:none:none,0,[0],false
corruption_penalty=1,684,[0],0,no_op:none:none,0,[0],false
corruption_penalty=1,685,[0],0,no_op:none:none,0,[0],false
corruption_penalty=1,686,[0],0,no_op:none:none,0,[0],false
corruption_penalty=1,687,[0],0,no_op:none:none,0,[0],false
corruption_penalty=1,688,[0],0,no_op:none:none,0,[0],false
corruption_penalty=1,690,[0],0,no_op:none:none,0,[0],false
corruption_penalty=1,691,[0],0,no_op:none:none,0,[0],false
corruption_penalty=1,693,[0],0,no_op:none:none,0,[0],false
corruption_penalty=1,695,[0],0,no_op:none:none,0,[0],false
corruption_penalty=1,697,[0],0,no_op:none:none,0,[0],false
corruption_penalty=1,698,[0],0,no_op:none:none,0,[0],false
corruption_penalty=1,699,[0],0,no_op:none:none,0,[0],false
corruption_penalty=1,700,[0],0,no_op:none:none,0,[0],false
corruption_penalty=1,701,[0],0,no_op:none:none,0,[0],false
corruption_penalty=1,703,[0],0,no_op:none:none,0,[0],false
corruption_penalty=1,705,[0],0,no_op:none:none,0,[0],false
corruption_penalty=1,706,[0],0,no_op:none:none,0,[0],false
corruption_penalty=1,708,[0],0,no_op:none:none,0,[0],false
corruption_penalty=1,709,[0],0,no_op:none:none,0,[0],false
corruption_penalty=1,710,[0],0,no_op:none:none,0,[0],false
corruption_penalty=1,711,[0],0,no_op:none:none,0,[0],false
corruption_penalty=1,712,[0],0,no_op:none:none,0,[0],false
corruption_penalty=1,713,[0],0,no_op:none:none,0,[0],false
corruption_penalty=1,715,[0],0,no_op:none:none,0,[0],false
corruption_penalty=1,717,[0],0,no_op:none:none,0,[0],false
corruption_penalty=1,718,[0],0,no_op:none:none,0,[0],false
corruption_penalty=1,720,[0],0,no_op:none:none,0,[0],false
corruption_penalty=1,721,[0],0,no_op:none:none,0,[0],false
corruption_penalty=1,722,[0],0,no_op:none:none,0,[0],false
corruption_penalty=1,723,[0],0,no_op:none:none,0,[0],false
corruption_penalty=1,726,[0],0,no_op:none:none,0,[0],false
corruption_penalty=1,728,[0],0,no_op:none:none,0,[0],false
corruption_penalty=1,729,[0],0,no_op:none:none,0,[0],false
corruption_penalty=1,730,[0],0,no_op:none:none,0,[0],false
corruption_penalty=1,731,[0],0,no_op:none:none,0,[0],false
corruption_penalty=1,733,[0],0,no_op:none:none,0,[0],false
corruption_penalty=1,734,[0],0,no_op:none:none,0,[0],false
corruption_penalty=1,736,[0],0,no_op:none:none,0,[0],false
corruption_penalty=1,737,[0],0,no_op:none:none,0,[0],false
corruption_penalty=1,738,[0],0,no_op:none:none,0,[0],false
corruption_penalty=1,739,[0],0,no_op:none:none,0,[0],false
corruption_penalty=1,742,[0],0,no_op:none:none,0,[0],false
corruption_penalty=1,744,[0],0,no_op:none:none,0,[0],false
corruption_penalty=1,745,[0],0,no_op:none:none,0,[0],false
corruption_penalty=1,748,[0],0,no_op:none:none,0,[0],false
corruption_penalty=1,749,[0],0,no_op:none:none,0,[0],false
corruption_penalty=1,750,[0],0,no_op:none:none,0,[0],false
corruption_penalty=1,751,[0],0,no_op:none:none,0,[0],false
corruption_penalty=1,752,[0],0,no_op:none:none,0,[0],false
corruption_penalty=1,753,[0],0,no_op:none:none,0,[0],false
corruption_penalty=1,754,[0],0,no_op:none:none,0,[0],false
corruption_penalty=1,755,[0],0,no_op:none:none,0,[0],false
corruption_penalty=1,757,[0],0,no_op:none:none,0,[0],false
corruption_penalty=1,759,[0],0,no_op:none:none,0,[0],false
corruption_penalty=1,760,[0],0,no_op:none:none,0,[0],false
corruption_penalty=1,761,[0],0,no_op:none:none,0,[0],false
corruption_penalty=1,762,[0],0,no_op:none:none,0,[0],false
corruption_penalty=1,763,[0],0,no_op:none:none,0,[0],false
corruption_penalty=1,766,[0],0,no_op:none:none,0,[0],false
corruption_penalty=1,767,[0],0,no_op:none:none,0,[0],false
corruption_penalty=1,768,[0],0,no_op:none:none,0,[0],false
corruption_penalty=1,769,[0],0,no_op:none:none,0,[0],false
corruption_penalty=1,770,[0],0,no_op:none:none,0,[0],false
corruption_penalty=1,771,[0],0,no_op:none:none,0,[0],false
corruption_penalty=1,772,[0],0,no_op:none:none,0,[0],false
corruption_penalty=1,773,[0],0,no_op:none:none,0,[0],false
corruption_penalty=1,774,[0],0,no_op:none:none,0,[0],false
corruption_penalty=1,779,[0],0,no_op:none:none,0,[0],false
corruption_penalty=1,780,[0],0,no_op:none:none,0,[0],false
corruption_penalty=1,782,[0],0,no_op:none:none,0,[0],false
corruption_penalty=1,784,[0],0,no_op:none:none,0,[0],false
corruption_penalty=1,785,[0],0,no_op:none:none,0,[0],false
corruption_penalty=1,786,[0],0,no_op:none:none,0,[0],false
corruption_penalty=1,787,[0],0,no_op:none:none,0,[0],false
corruption_penalty=1,789,[0],0,no_op:none:none,0,[0],false
corruption_penalty=1,790,[0],0,no_op:none:none,0,[0],false
corruption_penalty=1,791,[0],0,no_op:none:none,0,[0],false
corruption_penalty=1,792,[0],0,no_op:none:none,0,[0],false
corruption_penalty=1,793,[0],0,no_op:none:none,0,[0],false
corruption_penalty=1,794,[0],0,no_op:none:none,0,[0],false
corruption_penalty=1,795,[0],0,no_op:none:none,0,[0],false
corruption_penalty=1,796,[0],0,no_op:none:none,0,[0],false
corruption_penalty=1,797,[0],0,no_op:none:none,0,[0],false
corruption_penalty=1,798,[0],0,no_op:none:none,0,[0],false
corruption_penalty=1,800,[0],0,no_op:none:none,0,[0],false
corruption_penalty=1,801,[0],0,no_op:none:none,0,[0],false
corruption_penalty=1,802,[0],0,no_op:none:none,0,[0],false
corruption_penalty=1,803,[0],0,no_op:none:none,0,[0],false
corruption_penalty=1,804,[0],0,no_op:none:none,0,[0],false
corruption_penalty=1,805,[0],0,no_op:none:none,0,[0],false
corruption_penalty=1,806,[0],0,no_op:none:none,0,[0],false
corruption_penalty=1,807,[0],0,no_op:none:none,0,[0],false
corruption_penalty=1,808,[0],0,no_op:none:none,0,[0],false
corruption_penalty=1,809,[0],0,no_op:none:none,0,[0],false
corruption_penalty=1,811,[0],0,no_op:none:none,0,[0],false
corruption_penalty=1,812,[0],0,no_op:none:none,0,[0],false
corruption_penalty=1,813,[0],0,no_op:none:none,0,[0],false
corruption_penalty=1,814,[0],0,no_op:none:none,0,[0],false
corruption_penalty=1,815,[0],0,no_op:none:none,0,[0],false
corruption_penalty=1,819,[0],0,no_op:none:none,0,[0],false
corruption_penalty=1,820,[0],0,no_op:none:none,0,[0],false
corruption_penalty=1,822,[0],0,no_op:none:none,0,[0],false
corruption_penalty=1,823,[0],0,no_op:none:none,0,[0],false
corruption_penalty=1,825,[0],0,no_op:none:none,0,[0],false
corruption_penalty=1,827,[0],0,no_op:none:none,0,[0],false
corruption_penalty=1,828,[0],0,no_op:none:none,0,[0],false
corruption_penalty=1,829,[0],0,no_op:none:none,0,[0],false
corruption_penalty=1,830,[0],0,no_op:none:none,0,[0],false
corruption_penalty=1,831,[0],0,no_op:none:none,0,[0],false
corruption_penalty=1,834,[0],0,no_op:none:none,0,[0],false
corruption_penalty=1,835,[0],0,no_op:none:none,0,[0],false
corruption_penalty=1,836,[0],0,no_op:none:none,0,[0],false
corruption_penalty=1,837,[0],0,no_op:none:none,0,[0],false
corruption_penalty=1,838,[0],0,no_op:none:none,0,[0],false
corruption_penalty=1,839,[0],0,no_op:none:none,0,[0],false
corruption_penalty=1,840,[0],0,no_op:none:none,0,[0],false
corruption_penalty=1,842,[0],0,no_op:none:none,0,[0],false
corruption_penalty=1,845,[0],0,no_op:none:none,0,[0],false
corruption_penalty=1,846,[0],0,no_op:none:none,0,[0],false
corruption_penalty=1,847,[0],0,no_op:none:none,0,[0],false
corruption_penalty=1,848,[0],0,no_op:none:none,0,[0],false
corruption_penalty=1,849,[0],0,no_op:none:none,0,[0],false
corruption_penalty=1,850,[0],0,no_op:none:none,0,[0],false
corruption_penalty=1,851,[0],0,no_op:none:none,0,[0],false
corruption_penalty=1,852,[0],0,no_op:none:none,0,[0],false
corruption_penalty=1,853,[0],0,no_op:none:none,0,[0],false
corruption_penalty=1,854,[0],0,no_op:none:none,0,[0],false
corruption_penalty=1,855,[0],0,no_op:none:none,0,[0],false
corruption_penalty=1,856,[0],0,no_op:none:none,0,[0],false
corruption_penalty=1,857,[0],0,no_op:none:none,0,[0],false
corruption_penalty=1,860,[0],0,no_op:none:none,0,[0],false
corruption_penalty=1,861,[0],0,no_op:none:none,0,[0],false
corruption_penalty=1,862,[0],0,no_op:none:none,0,[0],false
corruption_penalty=1,863,[0],0,no_op:none:none,0,[0],false
corruption_penalty=1,868,[0],0,no_op:none:none,0,[0],false
corruption_penalty=1,869,[0],0,no_op:none:none,0,[0],false
corruption_penalty=1,870,[0],0,no_op:none:none,0,[0],false
corruption_penalty=1,871,[0],0,no_op:none:none,0,[0],false
corruption_penalty=1,872,[0],0,no_op:none:none,0,[0],false
corruption_penalty=1,873,[0],0,no_op:none:none,0,[0],false
corruption_penalty=1,874,[0],0,no_op:none:none,0,[0],false
corruption_penalty=1,876,[0],0,no_op:none:none,0,[0],false
corruption_penalty=1,878,[0],0,no_op:none:none,0,[0],false
corruption_penalty=1,879,[0],0,no_op:none:none,0,[0],false
corruption_penalty=1,881,[0],0,no_op:none:none,0,[0],false
corruption_penalty=1,883,[0],0,no_op:none:none,0,[0],false
corruption_penalty=1,884,[0],0,no_op:none:none,0,[0],false
corruption_penalty=1,885,[0],0,no_op:none:none,0,[0],false
corruption_penalty=1,886,[0],0,no_op:none:none,0,[0],false
corruption_penalty=1,887,[0],0,no_op:none:none,0,[0],false
corruption_penalty=1,888,[0],0,no_op:none:none,0,[0],false
corruption_penalty=1,891,[0],0,no_op:none:none,0,[0],false
corruption_penalty=1,892,[0],0,no_op:none:none,0,[0],false
corruption_penalty=1,894,[0],0,no_op:none:none,0,[0],false
corruption_penalty=1,895,[0],0,no_op:none:none,0,[0],false
corruption_penalty=1,896,[0],0,no_op:none:none,0,[0],false
corruption_penalty=1,898,[0],0,no_op:none:none,0,[0],false
corruption_penalty=1,899,[0],0,no_op:none:none,0,[0],false
corruption_penalty=1,900,[0],0,no_op:none:none,0,[0],false
corruption_penalty=1,901,[0],0,no_op:none:none,0,[0],false
corruption_penalty=1,902,[0],0,no_op:none:none,0,[0],false
corruption_penalty=1,903,[0],0,no_op:none:none,0,[0],false
corruption_penalty=1,905,[0],0,no_op:none:none,0,[0],false
corruption_penalty=1,906,[0],0,no_op:none:none,0,[0],false
corruption_penalty=1,908,[0],0,no_op:none:none,0,[0],false
corruption_penalty=1,909,[0],0,no_op:none:none,0,[0],false
corruption_penalty=1,910,[0],0,no_op:none:none,0,[0],false
corruption_penalty=1,911,[0],0,no_op:none:none,0,[0],false
corruption_penalty=1,912,[0],0,no_op:none:none,0,[0],false
corruption_penalty=1,913,[0],0,no_op:none:none,0,[0],false
corruption_penalty=1,914,[0],0,no_op:none:none,0,[0],false
corruption_penalty=1,915,[0],0,no_op:none:none,0,[0],false
corruption_penalty=1,916,[0],0,no_op:none:none,0,[0],false
corruption_penalty=1,917,[0],0,no_op:none:none,0,[0],false
corruption_penalty=1,920,[0],0,no_op:none:none,0,[0],false
corruption_penalty=1,921,[0],0,no_op:none:none,0,[0],false
corruption_penalty=1,922,[0],0,no_op:none:none,0,[0],false
corruption_penalty=1,923,[0],0,no_op:none:none,0,[0],false
corruption_penalty=1,925,[0],0,no_op:none:none,0,[0],false
corruption_penalty=1,926,[0],0,no_op:none:none,0,[0],false
corruption_penalty=1,927,[0],0,no_op:none:none,0,[0],false
corruption_penalty=1,930,[0],0,no_op:none:none,0,[0],false
corruption_penalty=1,932,[0],0,no_op:none:none,0,[0],false
corruption_penalty=1,933,[0],0,no_op:none:none,0,[0],false
corruption_penalty=1,934,[0],0,no_op:none:none,0,[0],false
corruption_penalty=1,935,[0],0,no_op:none:none,0,[0],false
corruption_penalty=1,937,[0],0,no_op:none:none,0,[0],false
corruption_penalty=1,941,[0],0,no_op:none:none,0,[0],false
corruption_penalty=1,943,[0],0,no_op:none:none,0,[0],false
corruption_penalty=1,944,[0],0,no_op:none:none,0,[0],false
corruption_penalty=1,945,[0],0,no_op:none:none,0,[0],false
corruption_penalty=1,948,[0],0,no_op:none:none,0,[0],false
corruption_penalty=1,949,[0],0,no_op:none:none,0,[0],false
corruption_penalty=1,950,[0],0,no_op:none:none,0,[0],false
corruption_penalty=1,951,[0],0,no_op:none:none,0,[0],false
corruption_penalty=1,952,[0],0,no_op:none:none,0,[0],false
corruption_penalty=1,953,[0],0,no_op:none:none,0,[0],false
corruption_penalty=1,954,[0],0,no_op:none:none,0,[0],false
corruption_penalty=1,955,[0],0,no_op:none:none,0,[0],false
corruption_penalty=1,957,[0],0,no_op:none:none,0,[0],false
corruption_penalty=1,959,[0],0,no_op:none:none,0,[0],false
corruption_penalty=1,960,[0],0,no_op:none:none,0,[0],false
corruption_penalty=1,961,[0],0,no_op:none:none,0,[0],false
corruption_penalty=1,962,[0],0,no_op:none:none,0,[0],false
corruption_penalty=1,964,[0],0,no_op:none:none,0,[0],false
corruption_penalty=1,965,[0],0,no_op:none:none,0,[0],false
corruption_penalty=1,966,[0],0,no_op:none:none,0,[0],false
corruption_penalty=1,967,[0],0,no_op:none:none,0,[0],false
corruption_penalty=1,969,[0],0,no_op:none:none,0,[0],false
corruption_penalty=1,970,[0],0,no_op:none:none,0,[0],false
corruption_penalty=1,971,[0],0,no_op:none:none,0,[0],false
corruption_penalty=1,972,[0],0,no_op:none:none,0,[0],false
corruption_penalty=1,974,[0],0,no_op:none:none,0,[0],false
corruption_penalty=1,975,[0],0,no_op:none:none,0,[0],false
corruption_penalty=1,977,[0],0,no_op:none:none,0,[0],false
corruption_penalty=1,978,[0],0,no_op:none:none,0,[0],false
corruption_penalty=1,979,[0],0,no_op:none:none,0,[0],false
corruption_penalty=1,980,[0],0,no_op:none:none,0,[0],false
corruption_penalty=1,981,[0],0,no_op:none:none,0,[0],false
corruption_penalty=1,982,[0],0,no_op:none:none,0,[0],false
corruption_penalty=1,983,[0],0,no_op:none:none,0,[0],false
corruption_penalty=1,984,[0],0,no_op:none:none,0,[0],false
corruption_penalty=1,986,"[1,10,19]",1,intervention:L16_CWE-120_B:Low,-0.05,"[1,10,19]",false
corruption_penalty=1,987,[0],0,no_op:none:none,0,[0],false
corruption_penalty=1,988,[0],0,no_op:none:none,0,[0],false
corruption_penalty=1,989,[0],0,no_op:none:none,0,[0],false
corruption_penalty=1,990,[0],0,no_op:none:none,0,[0],false
corruption_penalty=1,991,[0],0,no_op:none:none,0,[0],false
corruption_penalty=1,992,[0],0,no_op:none:none,0,[0],false
corruption_penalty=1,993,[0],0,no_op:none:none,0,[0],false
corruption_penalty=1,997,[0],0,no_op:none:none,0,[0],false
corruption_penalty=1,998,[0],0,no_op:none:none,0,[0],false
corruption_penalty=1,999,[0],0,no_op:none:none,0,[0],false
corruption_penalty=1,1001,[0],0,no_op:none:none,0,[0],false
corruption_penalty=1,1002,[0],0,no_op:none:none,0,[0],false
corruption_penalty=1,1003,[0],0,no_op:none:none,0,[0],false
corruption_penalty=1,1004,[0],0,no_op:none:none,0,[0],false
corruption_penalty=1,1005,[0],0,no_op:none:none,0,[0],false
corruption_penalty=1,1006,[0],0,no_op:none:none,0,[0],false
corruption_penalty=1,1007,"[1,10]",1,intervention:L16_CWE-120_B:Low,-0.05,"[1,10]",false
corruption_penalty=1,1008,[0],0,no_op:none:none,0,[0],false
corruption_penalty=1,1009,"[1,10]",1,intervention:L16_CWE-120_B:Low,-0.05,"[1,10]",false
corruption_penalty=1,1011,[0],0,no_op:none:none,0,[0],false
corruption_penalty=1,1012,[0],0,no_op:none:none,0,[0],false
corruption_penalty=1,1013,[0],0,no_op:none:none,0,[0],false
corruption_penalty=1,1014,[0],0,no_op:none:none,0,[0],false
corruption_penalty=1,1015,[0],0,no_op:none:none,0,[0],false
corruption_penalty=1,1016,[0],0,no_op:none:none,0,[0],false
corruption_penalty=1,1017,[0],0,no_op:none:none,0,[0],false
corruption_penalty=1,1018,[0],0,no_op:none:none,0,[0],false
corruption_penalty=1,1019,[0],0,no_op:none:none,0,[0],false
corruption_penalty=1,1020,[0],0,no_op:none:none,0,[0],false
corruption_penalty=1,1021,[0],0,no_op:none:none,0,[0],false
corruption_penalty=1,1023,[0],0,no_op:none:none,0,[0],false
corruption_penalty=1,1024,[0],0,no_op:none:none,0,[0],false
corruption_penalty=1,1026,[0],0,no_op:none:none,0,[0],false
corruption_penalty=1,1027,[0],0,no_op:none:none,0,[0],false
corruption_penalty=1,1028,[0],0,no_op:none:none,0,[0],false
corruption_penalty=1,1030,"[1,10,19]",1,intervention:L16_CWE-120_B:Low,-0.05,"[1,10,19]",false
corruption_penalty=1,1031,"[1,10,19]",1,intervention:L16_CWE-120_B:Low,-0.05,"[1,10,19]",false
corruption_penalty=1,1032,[0],0,no_op:none:none,0,[0],false
corruption_penalty=1,1033,[0],0,no_op:none:none,0,[0],false
corruption_penalty=1,1037,"[1,10,19]",1,intervention:L16_CWE-120_B:Low,-0.05,"[1,10,19]",false
corruption_penalty=1,1038,[0],0,no_op:none:none,0,[0],false
corruption_penalty=1,1041,"[1,19]",1,intervention:L16_CWE-120_B:Low,-0.05,"[1,19]",false
corruption_penalty=1,1042,[0],0,no_op:none:none,0,[0],false
corruption_penalty=1,1044,[0],0,no_op:none:none,0,[0],false
corruption_penalty=1,1045,[0],0,no_op:none:none,1.25,[0],false
corruption_penalty=1,1046,"[1,10,19]",1,intervention:L16_CWE-120_B:Low,-0.05,"[1,10,19]",false
corruption_penalty=1,1048,"[1,10,19]",1,intervention:L16_CWE-120_B:Low,-0.05,"[1,10,19]",false
corruption_penalty=1,1049,"[1,10,19]",1,intervention:L16_CWE-120_B:Low,-0.05,"[1,10,19]",false
corruption_penalty=1,1050,[0],0,no_op:none:none,0,[0],false
corruption_penalty=1,1051,"[1,10,19]",1,intervention:L16_CWE-120_B:Low,-0.05,"[1,10,19]",false
corruption_penalty=1,1053,"[1,10,19]",1,intervention:L16_CWE-120_B:Low,-0.05,"[1,10,19]",false
corruption_penalty=1,1054,[0],0,no_op:none:none,0,[0],false
corruption_penalty=1,1055,"[1,10]",1,intervention:L16_CWE-120_B:Low,-0.05,"[1,10]",false
corruption_penalty=1,1056,[0],0,no_op:none:none,0,[0],false
corruption_penalty=1,1057,"[1,10,19]",1,intervention:L16_CWE-120_B:Low,-0.05,"[1,10,19]",false
corruption_penalty=1,1058,[0],0,no_op:none:none,0,[0],false
corruption_penalty=1,1060,[0],0,no_op:none:none,0,[0],false
corruption_penalty=1,1061,"[1,10]",1,intervention:L16_CWE-120_B:Low,-0.05,"[1,10]",false
corruption_penalty=1,1062,[0],0,no_op:none:none,0,[0],false
corruption_penalty=1,1063,[0],0,no_op:none:none,0,[0],false
corruption_penalty=1,1065,[0],0,no_op:none:none,0,[0],false
corruption_penalty=1,1066,[0],0,no_op:none:none,0,[0],false
corruption_penalty=1,1067,[0],0,no_op:none:none,0,[0],false
corruption_penalty=1,1068,[0],0,no_op:none:none,0,[0],false
corruption_penalty=1,1069,"[1,10,19]",1,intervention:L16_CWE-120_B:Low,-0.05,"[1,10,19]",false
corruption_penalty=1,1071,[0],0,no_op:none:none,0,[0],false
corruption_penalty=1,1072,"[1,10,19]",1,intervention:L16_CWE-120_B:Low,-0.05,"[1,10,19]",false
corruption_penalty=1,1073,[0],0,no_op:none:none,0,[0],false
corruption_penalty=1,1074,[0],0,no_op:none:none,0,[0],false
corruption_penalty=1,1075,[0],0,no_op:none:none,0,[0],false
corruption_penalty=1,1076,"[1,10,19]",1,intervention:L16_CWE-120_B:Low,-0.05,"[1,10,19]",false
corruption_penalty=1,1077,[0],0,no_op:none:none,0,[0],false
corruption_penalty=1,1078,[0],0,no_op:none:none,0,[0],false
corruption_penalty=1,1079,"[1,10]",1,intervention:L16_CWE-120_B:Low,-0.05,"[1,10]",false
corruption_penalty=1,1081,[0],0,no_op:none:none,0,[0],false
corruption_penalty=1,1082,"[10,19]",10,intervention:L23_CWE-327_A:Low,-0.05,"[10,19]",false
corruption_penalty=1,1084,"[1,10,19]",1,intervention:L16_CWE-120_B:Low,-0.05,"[1,10,19]",false
corruption_penalty=1,1085,[0],0,no_op:none:none,0,[0],false
corruption_penalty=1,1088,"[1,10,19]",1,intervention:L16_CWE-120_B:Low,-0.05,"[1,10,19]",false
corruption_penalty=1,1089,[0],0,no_op:none:none,0,[0],false
corruption_penalty=1,1091,"[1,10,19]",1,intervention:L16_CWE-120_B:Low,-0.05,"[1,10,19]",false
corruption_penalty=1,1092,"[1,10]",1,intervention:L16_CWE-120_B:Low,-0.05,"[1,10]",false
corruption_penalty=1,1094,[0],0,no_op:none:none,0,[0],false
corruption_penalty=1,1095,"[1,10,19]",1,intervention:L16_CWE-120_B:Low,-0.05,"[1,10,19]",false
corruption_penalty=1,1096,"[1,10,19]",1,intervention:L16_CWE-120_B:Low,-0.05,"[1,10,19]",false
corruption_penalty=1,1097,[0],0,no_op:none:none,0,[0],false
corruption_penalty=1,1100,"[1,10,19]",1,intervention:L16_CWE-120_B:Low,-0.05,"[1,10,19]",false
corruption_penalty=1,1102,"[10,19]",10,intervention:L23_CWE-327_A:Low,-0.05,"[10,19]",false
corruption_penalty=1,1105,"[1,10]",1,intervention:L16_CWE-120_B:Low,-0.05,"[1,10]",false
corruption_penalty=1,1106,"[1,10]",1,intervention:L16_CWE-120_B:Low,1.2,"[1,10]",false
corruption_penalty=1,1108,[0],0,no_op:none:none,0,[0],false
corruption_penalty=1,1109,[0],0,no_op:none:none,0,[0],false
corruption_penalty=1,1111,[0],0,no_op:none:none,0,[0],false
corruption_penalty=1,1113,[0],0,no_op:none:none,0,[0],false
corruption_penalty=1,1114,"[1,10,19]",1,intervention:L16_CWE-120_B:Low,-0.05,"[1,10,19]",false
corruption_penalty=1,1115,"[1,10,19]",1,intervention:L16_CWE-120_B:Low,-0.05,"[1,10,19]",false
corruption_penalty=1,1118,[0],0,no_op:none:none,0,[0],false
corruption_penalty=1,1119,[0],0,no_op:none:none,0,[0],false
corruption_penalty=1,1120,"[1,10,19]",1,intervention:L16_CWE-120_B:Low,-0.05,"[1,10,19]",false
corruption_penalty=1,1121,[0],0,no_op:none:none,0,[0],false
corruption_penalty=1,1122,"[1,10]",1,intervention:L16_CWE-120_B:Low,1.2,"[1,10]",false
corruption_penalty=1,1123,"[1,10]",1,intervention:L16_CWE-120_B:Low,1.2,"[1,10]",false
corruption_penalty=1,1124,"[1,10]",1,intervention:L16_CWE-120_B:Low,1.2,"[1,10]",false
corruption_penalty=1,1126,"[1,10,19]",1,intervention:L16_CWE-120_B:Low,-0.05,"[1,10,19]",false
corruption_penalty=1,1128,[0],0,no_op:none:none,0,[0],false
corruption_penalty=1,1132,"[1,10]",1,intervention:L16_CWE-120_B:Low,-0.05,"[1,10]",false
corruption_penalty=1,1136,[0],0,no_op:none:none,0,[0],false
corruption_penalty=1,1137,[0],0,no_op:none:none,0,[0],false
corruption_penalty=1,1139,[0],0,no_op:none:none,0,[0],false
corruption_penalty=1,1141,[0],0,no_op:none:none,0,[0],false
corruption_penalty=1,1142,[0],0,no_op:none:none,0,[0],false
corruption_penalty=1,1143,[0],0,no_op:none:none,0,[0],false
corruption_penalty=1,1144,[0],0,no_op:none:none,0,[0],false
corruption_penalty=1,1145,[0],0,no_op:none:none,0,[0],false
corruption_penalty=1,1147,"[1,10,19]",1,intervention:L16_CWE-120_B:Low,-0.05,"[1,10,19]",false
corruption_penalty=1,1150,[0],0,no_op:none:none,0,[0],false
corruption_penalty=1,1151,[0],0,no_op:none:none,0,[0],false
corruption_penalty=1,1152,[0],0,no_op:none:none,0,[0],false
corruption_penalty=1,1154,[0],0,no_op:none:none,0,[0],false
corruption_penalty=1,1155,[10],10,intervention:L23_CWE-327_A:Low,1.2,[10],false
corruption_penalty=1,1156,[0],0,no_op:none:none,0,[0],false
corruption_penalty=1,1158,[0],0,no_op:none:none,0,[0],false
corruption_penalty=1,1159,[0],0,no_op:none:none,0,[0],false
corruption_penalty=1,1160,[0],0,no_op:none:none,0,[0],false
corruption_penalty=1,1162,"[1,10]",1,intervention:L16_CWE-120_B:Low,1.2,"[1,10]",false
corruption_penalty=1,1163,"[1,10]",1,intervention:L16_CWE-120_B:Low,1.2,"[1,10]",false
corruption_penalty=1,1164,[0],0,no_op:none:none,0,[0],false
corruption_penalty=1,1165,[0],0,no_op:none:none,0,[0],false
corruption_penalty=1,1167,[0],0,no_op:none:none,0,[0],false
corruption_penalty=1,1168,[0],0,no_op:none:none,0,[0],false
corruption_penalty=1,1170,[0],0,no_op:none:none,0,[0],false
corruption_penalty=1,1171,[0],0,no_op:none:none,0,[0],false
corruption_penalty=1,1172,[0],0,no_op:none:none,0,[0],false
corruption_penalty=1,1173,[0],0,no_op:none:none,0,[0],false
corruption_penalty=1,1174,"[1,10]",1,intervention:L16_CWE-120_B:Low,-0.05,"[1,10]",false
corruption_penalty=1,1175,"[1,10]",1,intervention:L16_CWE-120_B:Low,-0.05,"[1,10]",false
corruption_penalty=1,1176,[0],0,no_op:none:none,0,[0],false
corruption_penalty=1,1177,[0],0,no_op:none:none,0,[0],false
corruption_penalty=1,1178,"[1,10]",1,intervention:L16_CWE-120_B:Low,-0.05,"[1,10]",false
corruption_penalty=1,1179,"[1,10]",1,intervention:L16_CWE-120_B:Low,-0.05,"[1,10]",false
corruption_penalty=1,1181,[0],0,no_op:none:none,0,[0],false
corruption_penalty=1,1183,[0],0,no_op:none:none,0,[0],false
corruption_penalty=1,1184,[0],0,no_op:none:none,0,[0],false
corruption_penalty=1,1187,[0],0,no_op:none:none,0,[0],false
corruption_penalty=1,1188,"[1,10]",1,intervention:L16_CWE-120_B:Low,-0.05,"[1,10]",false
corruption_penalty=1,1190,[0],0,no_op:none:none,0,[0],false
corruption_penalty=1,1191,"[1,10]",1,intervention:L16_CWE-120_B:Low,1.2,"[1,10]",false
corruption_penalty=1,1193,[0],0,no_op:none:none,0,[0],false
corruption_penalty=1,1194,"[1,10]",1,intervention:L16_CWE-120_B:Low,-0.05,"[1,10]",false
corruption_penalty=1,1198,[0],0,no_op:none:none,0,[0],false
corruption_penalty=1,1199,[0],0,no_op:none:none,0,[0],false
corruption_penalty=1,1200,[0],0,no_op:none:none,0,[0],false
corruption_penalty=1,1201,[0],0,no_op:none:none,0,[0],false
corruption_penalty=1,1202,[0],0,no_op:none:none,0,[0],false
corruption_penalty=1,1203,[0],0,no_op:none:none,0,[0],false
corruption_penalty=1,1207,[0],0,no_op:none:none,0,[0],false
corruption_penalty=1,1208,[0],0,no_op:none:none,0,[0],false
corruption_penalty=1,1210,[0],0,no_op:none:none,0,[0],false
corruption_penalty=1,1211,[0],0,no_op:none:none,0,[0],false
corruption_penalty=1,1212,[0],0,no_op:none:none,0,[0],false
corruption_penalty=1,1213,[0],0,no_op:none:none,0,[0],false
corruption_penalty=1,1214,[0],0,no_op:none:none,0,[0],false
corruption_penalty=1,1215,[0],0,no_op:none:none,0,[0],false
corruption_penalty=1,1216,[0],0,no_op:none:none,0,[0],false
corruption_penalty=1,1219,[0],0,no_op:none:none,0,[0],false
corruption_penalty=1,1222,[0],0,no_op:none:none,0,[0],false
corruption_penalty=1,1223,[0],0,no_op:none:none,0,[0],false
corruption_penalty=1,1224,[0],0,no_op:none:none,0,[0],false
corruption_penalty=1,1225,[0],0,no_op:none:none,0,[0],false
corruption_penalty=1,1227,[0],0,no_op:none:none,0,[0],false
corruption_penalty=1,1228,[0],0,no_op:none:none,0,[0],false
corruption_penalty=1,1229,[0],0,no_op:none:none,0,[0],false
corruption_penalty=1,1230,[0],0,no_op:none:none,0,[0],false
corruption_penalty=1,1231,[0],0,no_op:none:none,0,[0],false
corruption_penalty=1,1233,[0],0,no_op:none:none,0,[0],false
corruption_penalty=1,1234,[0],0,no_op:none:none,0,[0],false
corruption_penalty=1,1235,[0],0,no_op:none:none,0,[0],false
corruption_penalty=1,1237,[0],0,no_op:none:none,0,[0],false
corruption_penalty=1,1239,[0],0,no_op:none:none,0,[0],false
corruption_penalty=1,1240,[0],0,no_op:none:none,0,[0],false
corruption_penalty=1,1243,[0],0,no_op:none:none,0,[0],false
corruption_penalty=1,1244,[0],0,no_op:none:none,0,[0],false
corruption_penalty=1,1245,[0],0,no_op:none:none,0,[0],false
corruption_penalty=1,1246,[0],0,no_op:none:none,0,[0],false
corruption_penalty=1,1248,[0],0,no_op:none:none,0,[0],false
corruption_penalty=1,1249,[0],0,no_op:none:none,0,[0],false
corruption_penalty=1,1250,[0],0,no_op:none:none,0,[0],false
corruption_penalty=1,1251,[0],0,no_op:none:none,0,[0],false
corruption_penalty=1,1253,[0],0,no_op:none:none,0,[0],false
corruption_penalty=1,1254,[0],0,no_op:none:none,0,[0],false
corruption_penalty=1,1255,[0],0,no_op:none:none,0,[0],false
corruption_penalty=1,1256,[0],0,no_op:none:none,0,[0],false
corruption_penalty=1,1257,[0],0,no_op:none:none,0,[0],false
corruption_penalty=1,1258,[0],0,no_op:none:none,0,[0],false
corruption_penalty=1,1259,[0],0,no_op:none:none,0,[0],false
corruption_penalty=1,1260,[0],0,no_op:none:none,0,[0],false
corruption_penalty=1,1261,[0],0,no_op:none:none,0,[0],false
corruption_penalty=1,1262,[0],0,no_op:none:none,0,[0],false
corruption_penalty=1,1263,[0],0,no_op:none:none,0,[0],false
corruption_penalty=1,1264,[0],0,no_op:none:none,0,[0],false
corruption_penalty=1,1265,[0],0,no_op:none:none,0,[0],false
corruption_penalty=1,1267,[0],0,no_op:none:none,0,[0],false
corruption_penalty=1,1269,[0],0,no_op:none:none,0,[0],false
corruption_penalty=1,1270,[0],0,no_op:none:none,0,[0],false
corruption_penalty=1,1273,[0],0,no_op:none:none,0,[0],false
corruption_penalty=1,1274,[0],0,no_op:none:none,0,[0],false
corruption_penalty=1,1275,[0],0,no_op:none:none,0,[0],false
corruption_penalty=1,1276,[0],0,no_op:none:none,0,[0],false
corruption_penalty=1,1277,[0],0,no_op:none:none,0,[0],false
corruption_penalty=1,1278,[0],0,no_op:none:none,0,[0],false
corruption_penalty=1,1279,[0],0,no_op:none:none,0,[0],false
corruption_penalty=1,1281,[0],0,no_op:none:none,0,[0],false
corruption_penalty=1,1282,[0],0,no_op:none:none,0,[0],false
corruption_penalty=1,1283,[0],0,no_op:none:none,0,[0],false
corruption_penalty=1,1284,[0],0,no_op:none:none,0,[0],false
corruption_penalty=1,1286,[0],0,no_op:none:none,0,[0],false
corruption_penalty=1,1288,[0],0,no_op:none:none,0,[0],false
corruption_penalty=1,1289,[0],0,no_op:none:none,0,[0],false
corruption_penalty=1,1290,[0],0,no_op:none:none,0,[0],false
corruption_penalty=1,1291,[0],0,no_op:none:none,0,[0],false
corruption_penalty=1,1293,[0],0,no_op:none:none,0,[0],false
corruption_penalty=1,1294,[0],0,no_op:none:none,0,[0],false
corruption_penalty=1,1295,[0],0,no_op:none:none,0,[0],false
corruption_penalty=1,1296,[0],0,no_op:none:none,0,[0],false
corruption_penalty=1,1297,[0],0,no_op:none:none,0,[0],false
corruption_penalty=1,1302,[0],0,no_op:none:none,0,[0],false
corruption_penalty=1,1303,[0],0,no_op:none:none,0,[0],false
corruption_penalty=1,1305,[0],0,no_op:none:none,0,[0],false
corruption_penalty=1,1306,[0],0,no_op:none:none,0,[0],false
corruption_penalty=1,1307,[0],0,no_op:none:none,0,[0],false
corruption_penalty=1,1311,[0],0,no_op:none:none,0,[0],false
corruption_penalty=1,1314,[0],0,no_op:none:none,0,[0],false
corruption_penalty=1,1315,[0],0,no_op:none:none,0,[0],false
corruption_penalty=1,1317,[0],0,no_op:none:none,0,[0],false
corruption_penalty=1,1318,[0],0,no_op:none:none,0,[0],false
corruption_penalty=1,1319,[0],0,no_op:none:none,0,[0],false
corruption_penalty=1,1320,[0],0,no_op:none:none,0,[0],false
corruption_penalty=1,1322,[0],0,no_op:none:none,0,[0],false
corruption_penalty=1,1324,[0],0,no_op:none:none,0,[0],false
corruption_penalty=1,1325,[0],0,no_op:none:none,0,[0],false
corruption_penalty=1,1326,[0],0,no_op:none:none,0,[0],false
corruption_penalty=1,1328,[0],0,no_op:none:none,0,[0],false
corruption_penalty=1,1329,[0],0,no_op:none:none,0,[0],false
corruption_penalty=1,1331,[0],0,no_op:none:none,0,[0],false
corruption_penalty=1,1332,[0],0,no_op:none:none,0,[0],false
corruption_penalty=1,1333,[0],0,no_op:none:none,0,[0],false
corruption_penalty=1,1334,[0],0,no_op:none:none,0,[0],false
corruption_penalty=1,1336,[0],0,no_op:none:none,0,[0],false
corruption_penalty=1,1337,[0],0,no_op:none:none,0,[0],false
corruption_penalty=1,1340,[0],0,no_op:none:none,0,[0],false
corruption_penalty=1,1341,[0],0,no_op:none:none,0,[0],false
corruption_penalty=1,1343,[0],0,no_op:none:none,0,[0],false
corruption_penalty=1,1344,[0],0,no_op:none:none,0,[0],false
corruption_penalty=1,1345,[0],0,no_op:none:none,0,[0],false
corruption_penalty=1,1347,[0],0,no_op:none:none,0,[0],false
corruption_penalty=1,1348,[0],0,no_op:none:none,0,[0],false
corruption_penalty=1,1350,[0],0,no_op:none:none,0,[0],false
corruption_penalty=1,1353,[0],0,no_op:none:none,0,[0],false
corruption_penalty=1,1356,[0],0,no_op:none:none,0,[0],false
corruption_penalty=1,1357,[0],0,no_op:none:none,0,[0],false
corruption_penalty=1,1359,[0],0,no_op:none:none,0,[0],false
corruption_penalty=1,1360,[0],0,no_op:none:none,0,[0],false
corruption_penalty=1,1361,[0],0,no_op:none:none,0,[0],false
corruption_penalty=1,1362,[0],0,no_op:none:none,0,[0],false
corruption_penalty=1,1364,[0],0,no_op:none:none,0,[0],false
corruption_penalty=1,1366,[0],0,no_op:none:none,0,[0],false
corruption_penalty=1,1368,[0],0,no_op:none:none,0,[0],false
corruption_penalty=1,1369,[0],0,no_op:none:none,0,[0],false
corruption_penalty=1,1373,[0],0,no_op:none:none,0,[0],false
corruption_penalty=1,1374,[0],0,no_op:none:none,0,[0],false
corruption_penalty=1,1376,[0],0,no_op:none:none,0,[0],false
corruption_penalty=1,1377,[0],0,no_op:none:none,0,[0],false
corruption_penalty=1,1378,[0],0,no_op:none:none,0,[0],false
corruption_penalty=1,1380,[0],0,no_op:none:none,0,[0],false
corruption_penalty=1,1381,[0],0,no_op:none:none,0,[0],false
corruption_penalty=1,1383,[0],0,no_op:none:none,0,[0],false
corruption_penalty=1,1384,[0],0,no_op:none:none,0,[0],false
corruption_penalty=1,1386,[0],0,no_op:none:none,0,[0],false
corruption_penalty=1,1387,[0],0,no_op:none:none,0,[0],false
corruption_penalty=1,1388,[0],0,no_op:none:none,0,[0],false
corruption_penalty=1,1389,[0],0,no_op:none:none,0,[0],false
corruption_penalty=1,1390,[0],0,no_op:none:none,0,[0],false
corruption_penalty=1,1391,[0],0,no_op:none:none,0,[0],false
corruption_penalty=1,1392,[0],0,no_op:none:none,0,[0],false
corruption_penalty=1,1394,[0],0,no_op:none:none,0,[0],false
corruption_penalty=1,1395,[0],0,no_op:none:none,0,[0],false
corruption_penalty=1,1397,[0],0,no_op:none:none,0,[0],false
corruption_penalty=1,1398,[0],0,no_op:none:none,0,[0],false
corruption_penalty=1,1400,[0],0,no_op:none:none,0,[0],false
corruption_penalty=1,1401,[0],0,no_op:none:none,0,[0],false
corruption_penalty=1,1403,[0],0,no_op:none:none,0,[0],false
corruption_penalty=1,1404,[0],0,no_op:none:none,0,[0],false
corruption_penalty=1,1405,[0],0,no_op:none:none,0,[0],false
corruption_penalty=1,1406,[0],0,no_op:none:none,0,[0],false
corruption_penalty=1,1408,[0],0,no_op:none:none,0,[0],false
corruption_penalty=1,1410,[0],0,no_op:none:none,0,[0],false
corruption_penalty=1,1411,[0],0,no_op:none:none,0,[0],false
corruption_penalty=1,1413,[0],0,no_op:none:none,0,[0],false
corruption_penalty=1,1414,[0],0,no_op:none:none,0,[0],false
corruption_penalty=1,1416,[0],0,no_op:none:none,0,[0],false
corruption_penalty=1,1417,[0],0,no_op:none:none,0,[0],false
corruption_penalty=1,1418,[0],0,no_op:none:none,0,[0],false
corruption_penalty=1,1419,[0],0,no_op:none:none,0,[0],false
corruption_penalty=1,1420,[0],0,no_op:none:none,0,[0],false
corruption_penalty=1,1421,[0],0,no_op:none:none,0,[0],false
corruption_penalty=1,1422,[0],0,no_op:none:none,0,[0],false
corruption_penalty=1,1423,[0],0,no_op:none:none,0,[0],false
corruption_penalty=1,1424,[0],0,no_op:none:none,0,[0],false
corruption_penalty=1,1425,[0],0,no_op:none:none,0,[0],false
corruption_penalty=1,1427,[0],0,no_op:none:none,0,[0],false
corruption_penalty=1,1428,[1],1,intervention:L16_CWE-120_B:Low,-0.05,[1],false
corruption_penalty=1,1430,[0],0,no_op:none:none,0,[0],false
corruption_penalty=1,1431,[0],0,no_op:none:none,0,[0],false
corruption_penalty=1,1432,[0],0,no_op:none:none,0,[0],false
corruption_penalty=1,1433,[0],0,no_op:none:none,0,[0],false
corruption_penalty=1,1434,[0],0,no_op:none:none,0,[0],false
corruption_penalty=1,1435,[0],0,no_op:none:none,0,[0],false
corruption_penalty=1,1438,[0],0,no_op:none:none,0,[0],false
corruption_penalty=1,1439,[0],0,no_op:none:none,0,[0],false
corruption_penalty=1,1441,[0],0,no_op:none:none,0,[0],false
corruption_penalty=1,1443,[0],0,no_op:none:none,0,[0],false
corruption_penalty=1,1444,[0],0,no_op:none:none,0,[0],false
corruption_penalty=1,1445,[0],0,no_op:none:none,0,[0],false
corruption_penalty=1,1446,[0],0,no_op:none:none,0,[0],false
corruption_penalty=1,1447,[0],0,no_op:none:none,0,[0],false
corruption_penalty=1,1448,[0],0,no_op:none:none,0,[0],false
corruption_penalty=1,1450,[0],0,no_op:none:none,0,[0],false
corruption_penalty=1,1451,[0],0,no_op:none:none,0,[0],false
corruption_penalty=1,1452,[0],0,no_op:none:none,0,[0],false
corruption_penalty=1,1453,[0],0,no_op:none:none,0,[0],false
corruption_penalty=1,1454,[0],0,no_op:none:none,0,[0],false
corruption_penalty=1,1455,[0],0,no_op:none:none,0,[0],false
corruption_penalty=1,1456,[0],0,no_op:none:none,0,[0],false
corruption_penalty=1,1457,[0],0,no_op:none:none,0,[0],false
corruption_penalty=1,1458,[0],0,no_op:none:none,0,[0],false
corruption_penalty=1,1459,[0],0,no_op:none:none,0,[0],false
corruption_penalty=1,1462,[0],0,no_op:none:none,0,[0],false
corruption_penalty=1,1463,[0],0,no_op:none:none,0,[0],false
corruption_penalty=1,1464,[0],0,no_op:none:none,0,[0],false
corruption_penalty=1,1465,[0],0,no_op:none:none,0,[0],false
corruption_penalty=1,1467,[0],0,no_op:none:none,0,[0],false
corruption_penalty=1,1468,[0],0,no_op:none:none,0,[0],false
corruption_penalty=1,1469,[0],0,no_op:none:none,0,[0],false
corruption_penalty=1,1472,[0],0,no_op:none:none,0,[0],false
corruption_penalty=1,1475,[0],0,no_op:none:none,0,[0],false
corruption_penalty=1,1477,[0],0,no_op:none:none,0,[0],false
corruption_penalty=1,1480,[0],0,no_op:none:none,0,[0],false
corruption_penalty=1,1482,[0],0,no_op:none:none,0,[0],false
corruption_penalty=1,1483,[0],0,no_op:none:none,0,[0],false
corruption_penalty=1,1485,[0],0,no_op:none:none,0,[0],false
corruption_penalty=1,1486,[0],0,no_op:none:none,0,[0],false
corruption_penalty=1,1487,[0],0,no_op:none:none,0,[0],false
corruption_penalty=1,1488,[0],0,no_op:none:none,0,[0],false
corruption_penalty=1,1489,[0],0,no_op:none:none,0,[0],false
corruption_penalty=1,1490,[0],0,no_op:none:none,0,[0],false
corruption_penalty=1,1492,[0],0,no_op:none:none,0,[0],false
corruption_penalty=1,1495,[0],0,no_op:none:none,0,[0],false
corruption_penalty=1,1497,"[1,10,19]",1,intervention:L16_CWE-120_B:Low,-0.05,"[1,10,19]",false
corruption_penalty=1,1499,[0],0,no_op:none:none,0,[0],false
corruption_penalty=1,1500,[0],0,no_op:none:none,0,[0],false
corruption_penalty=1,1501,[0],0,no_op:none:none,0,[0],false
corruption_penalty=1,1503,[0],0,no_op:none:none,0,[0],false
corruption_penalty=1,1504,[0],0,no_op:none:none,0,[0],false
corruption_penalty=1,1505,[0],0,no_op:none:none,0,[0],false
corruption_penalty=1,1507,[0],0,no_op:none:none,0,[0],false
corruption_penalty=1,1510,[0],0,no_op:none:none,0,[0],false
corruption_penalty=1,1511,[0],0,no_op:none:none,0,[0],false
corruption_penalty=1,1512,[0],0,no_op:none:none,0,[0],false
corruption_penalty=1,1513,[0],0,no_op:none:none,0,[0],false
corruption_penalty=1,1514,[0],0,no_op:none:none,0,[0],false
corruption_penalty=1,1515,[0],0,no_op:none:none,0,[0],false
corruption_penalty=1,1519,[0],0,no_op:none:none,0,[0],false
corruption_penalty=1,1520,[0],0,no_op:none:none,0,[0],false
corruption_penalty=1,1521,[0],0,no_op:none:none,0,[0],false
corruption_penalty=1,1522,[0],0,no_op:none:none,0,[0],false
corruption_penalty=1,1523,[0],0,no_op:none:none,0,[0],false
corruption_penalty=1,1524,[0],0,no_op:none:none,0,[0],false
corruption_penalty=1,1526,[0],0,no_op:none:none,0,[0],false
corruption_penalty=1,1527,[0],0,no_op:none:none,0,[0],false
corruption_penalty=1,1530,[0],0,no_op:none:none,0,[0],false
corruption_penalty=1,1532,[0],0,no_op:none:none,0,[0],false
corruption_penalty=1,1533,[0],0,no_op:none:none,0,[0],false
corruption_penalty=1,1534,[0],0,no_op:none:none,0,[0],false
corruption_penalty=1,1535,[0],0,no_op:none:none,0,[0],false
corruption_penalty=1,1536,[0],0,no_op:none:none,0,[0],false
corruption_penalty=1,1538,[0],0,no_op:none:none,0,[0],false
corruption_penalty=1,1539,[0],0,no_op:none:none,0,[0],false
corruption_penalty=1,1541,[0],0,no_op:none:none,0,[0],false
corruption_penalty=1,1542,[0],0,no_op:none:none,0,[0],false
corruption_penalty=1,1545,[0],0,no_op:none:none,0,[0],false
corruption_penalty=1,1548,[0],0,no_op:none:none,0,[0],false
corruption_penalty=1,1549,[0],0,no_op:none:none,0,[0],false
corruption_penalty=1,1550,[0],0,no_op:none:none,0,[0],false
corruption_penalty=1,1551,[0],0,no_op:none:none,0,[0],false
corruption_penalty=1,1552,[0],0,no_op:none:none,0,[0],false
corruption_penalty=1,1553,[0],0,no_op:none:none,0,[0],false
corruption_penalty=1,1555,[0],0,no_op:none:none,0,[0],false
corruption_penalty=1,1556,[0],0,no_op:none:none,0,[0],false
corruption_penalty=1,1558,[0],0,no_op:none:none,0,[0],false
corruption_penalty=1,1559,[0],0,no_op:none:none,0,[0],false
corruption_penalty=1,1562,[0],0,no_op:none:none,0,[0],false
corruption_penalty=1,1564,[0],0,no_op:none:none,0,[0],false
corruption_penalty=1,1565,[0],0,no_op:none:none,0,[0],false
corruption_penalty=1,1566,[0],0,no_op:none:none,1,[0],false
corruption_penalty=1,1567,[0],0,no_op:none:none,0,[0],false
corruption_penalty=1,1569,[0],0,no_op:none:none,0,[0],false
corruption_penalty=1,1571,[0],0,no_op:none:none,0,[0],false
corruption_penalty=1,1575,[0],0,no_op:none:none,0,[0],false
corruption_penalty=1,1576,[0],0,no_op:none:none,0,[0],false
corruption_penalty=1,1577,[0],0,no_op:none:none,0,[0],false
corruption_penalty=1,1578,"[1,10,19]",1,intervention:L16_CWE-120_B:Low,-0.05,"[1,10,19]",false
corruption_penalty=1,1579,[0],0,no_op:none:none,0,[0],false
corruption_penalty=1,1580,[0],0,no_op:none:none,0,[0],false
corruption_penalty=1,1581,[0],0,no_op:none:none,0,[0],false
corruption_penalty=1,1584,[0],0,no_op:none:none,0,[0],false
corruption_penalty=1,1586,[0],0,no_op:none:none,0,[0],false
corruption_penalty=1,1587,[0],0,no_op:none:none,0,[0],false
corruption_penalty=1,1588,[0],0,no_op:none:none,0,[0],false
corruption_penalty=1,1592,[19],19,intervention:L23_CWE-89_A:Low,-0.05,[19],false
corruption_penalty=1,1593,[0],0,no_op:none:none,0,[0],false
corruption_penalty=1,1595,[0],0,no_op:none:none,0,[0],false
corruption_penalty=1,1596,"[1,10,19]",1,intervention:L16_CWE-120_B:Low,-0.05,"[1,10,19]",false
corruption_penalty=1,1597,[19],19,intervention:L23_CWE-89_A:Low,0.95,[19],false
corruption_penalty=1,1599,[0],0,no_op:none:none,0,[0],false
corruption_penalty=1,1600,[0],0,no_op:none:none,0,[0],false
corruption_penalty=1,1601,[0],0,no_op:none:none,0,[0],false
corruption_penalty=1,1602,[0],0,no_op:none:none,0,[0],false
corruption_penalty=1,1603,[0],0,no_op:none:none,1,[0],false
corruption_penalty=1,1605,[0],0,no_op:none:none,0,[0],false
corruption_penalty=1,1608,"[1,19]",1,intervention:L16_CWE-120_B:Low,-0.05,"[1,19]",false
corruption_penalty=1,1609,[0],0,no_op:none:none,0,[0],false
corruption_penalty=1,1610,[0],0,no_op:none:none,0,[0],false
corruption_penalty=1,1611,[0],0,no_op:none:none,0,[0],false
corruption_penalty=1,1612,[0],0,no_op:none:none,0,[0],false
corruption_penalty=1,1614,[0],0,no_op:none:none,0,[0],false
corruption_penalty=1,1615,[0],0,no_op:none:none,1,[0],false
corruption_penalty=1,1616,"[1,10,19]",1,intervention:L16_CWE-120_B:Low,-0.05,"[1,10,19]",false
corruption_penalty=1,1617,[0],0,no_op:none:none,0,[0],false
corruption_penalty=1,1620,[0],0,no_op:none:none,0,[0],false
corruption_penalty=1,1621,[0],0,no_op:none:none,0,[0],false
corruption_penalty=1,1623,[0],0,no_op:none:none,0,[0],false
corruption_penalty=1,1624,[0],0,no_op:none:none,0,[0],false
corruption_penalty=1,1626,[0],0,no_op:none:none,0,[0],false
corruption_penalty=1,1628,"[1,10,19]",1,intervention:L16_CWE-120_B:Low,-0.05,"[1,10,19]",false
corruption_penalty=1,1629,"[1,10,19]",1,intervention:L16_CWE-120_B:Low,-0.05,"[1,10,19]",false
corruption_penalty=1,1630,[0],0,no_op:none:none,0,[0],false
corruption_penalty=1,1631,[0],0,no_op:none:none,0,[0],false
corruption_penalty=1,1632,[0],0,no_op:none:none,0,[0],false
corruption_penalty=1,1633,[0],0,no_op:none:none,0,[0],false
corruption_penalty=1,1634,[0],0,no_op:none:none,0,[0],false
corruption_penalty=1,1636,[0],0,no_op:none:none,0,[0],false
corruption_penalty=1,1637,"[1,10,19]",1,intervention:L16_CWE-120_B:Low,-0.05,"[1,10,19]",false
corruption_penalty=1,1639,[0],0,no_op:none:none,0,[0],false
corruption_penalty=1,1640,[0],0,no_op:none:none,0,[0],false
corruption_penalty=1,1641,[0],0,no_op:none:none,0,[0],false
corruption_penalty=1,1642,[0],0,no_op:none:none,0,[0],false
corruption_penalty=1,1643,[0],0,no_op:none:none,1,[0],false
corruption_penalty=1,1644,[0],0,no_op:none:none,0,[0],false
corruption_penalty=1,1645,"[1,10,19]",1,intervention:L16_CWE-120_B:Low,-0.05,"[1,10,19]",false
corruption_penalty=1,1646,[0],0,no_op:none:none,0,[0],false
corruption_penalty=1,1647,[0],0,no_op:none:none,0,[0],false
corruption_penalty=1,1649,"[1,10,19]",1,intervention:L16_CWE-120_B:Low,-0.05,"[1,10,19]",false
corruption_penalty=1,1651,[0],0,no_op:none:none,0,[0],false
corruption_penalty=1,1654,[0],0,no_op:none:none,0,[0],false
corruption_penalty=1,1655,[0],0,no_op:none:none,1,[0],false
corruption_penalty=1,1658,"[1,10,19]",1,intervention:L16_CWE-120_B:Low,-0.05,"[1,10,19]",false
corruption_penalty=1,1659,[0],0,no_op:none:none,0,[0],false
corruption_penalty=1,1660,[0],0,no_op:none:none,0,[0],false
corruption_penalty=1,1661,"[1,10,19]",1,intervention:L16_CWE-120_B:Low,-0.05,"[1,10,19]",false
corruption_penalty=1,1662,[0],0,no_op:none:none,0,[0],false
corruption_penalty=1,1663,[0],0,no_op:none:none,0,[0],false
corruption_penalty=1,1665,"[1,10,19]",1,intervention:L16_CWE-120_B:Low,-0.05,"[1,10,19]",false
corruption_penalty=1,1667,[0],0,no_op:none:none,0,[0],false
corruption_penalty=1,1668,[0],0,no_op:none:none,0,[0],false
corruption_penalty=1,1669,[0],0,no_op:none:none,0,[0],false
corruption_penalty=1,1670,[0],0,no_op:none:none,1,[0],false
corruption_penalty=1,1672,[0],0,no_op:none:none,0,[0],false
corruption_penalty=1,1674,[0],0,no_op:none:none,0,[0],false
corruption_penalty=1,1675,[0],0,no_op:none:none,0,[0],false
corruption_penalty=1,1676,[0],0,no_op:none:none,0,[0],false
corruption_penalty=1,1677,"[1,10,19]",1,intervention:L16_CWE-120_B:Low,-0.05,"[1,10,19]",false
corruption_penalty=1,1678,[0],0,no_op:none:none,0,[0],false
corruption_penalty=1,1679,[0],0,no_op:none:none,0,[0],false
corruption_penalty=1,1680,[0],0,no_op:none:none,0,[0],false
corruption_penalty=1,1681,[0],0,no_op:none:none,0,[0],false
corruption_penalty=1,1682,[0],0,no_op:none:none,0,[0],false
corruption_penalty=1,1684,[0],0,no_op:none:none,0,[0],false
corruption_penalty=1,1685,"[1,19]",1,intervention:L16_CWE-120_B:Low,-0.05,"[1,19]",false
corruption_penalty=1,1686,[0],0,no_op:none:none,0,[0],false
corruption_penalty=1,1687,[0],0,no_op:none:none,0,[0],false
corruption_penalty=1,1688,[0],0,no_op:none:none,1,[0],false
corruption_penalty=1,1689,[0],0,no_op:none:none,0,[0],false
corruption_penalty=1,1690,[0],0,no_op:none:none,0,[0],false
corruption_penalty=1,1691,[0],0,no_op:none:none,0,[0],false
corruption_penalty=1,1693,"[10,19]",10,intervention:L23_CWE-327_A:Low,-0.05,"[10,19]",false
corruption_penalty=1,1695,[0],0,no_op:none:none,1,[0],false
corruption_penalty=1,1696,[0],0,no_op:none:none,0,[0],false
corruption_penalty=1,1697,"[1,10,19]",1,intervention:L16_CWE-120_B:Low,-0.05,"[1,10,19]",false
corruption_penalty=1,1699,[0],0,no_op:none:none,0,[0],false
corruption_penalty=1,1702,[0],0,no_op:none:none,0,[0],false
corruption_penalty=1,1703,[0],0,no_op:none:none,0,[0],false
corruption_penalty=1,1704,[0],0,no_op:none:none,1,[0],false
corruption_penalty=1,1705,[0],0,no_op:none:none,0,[0],false
corruption_penalty=1,1706,[0],0,no_op:none:none,0,[0],false
corruption_penalty=1,1707,[0],0,no_op:none:none,0,[0],false
corruption_penalty=1,1709,[0],0,no_op:none:none,0,[0],false
corruption_penalty=1,1710,[0],0,no_op:none:none,0,[0],false
corruption_penalty=1,1711,"[10,19]",10,intervention:L23_CWE-327_A:Low,-0.05,"[10,19]",false
corruption_penalty=1,1715,[0],0,no_op:none:none,0,[0],false
corruption_penalty=1,1716,"[1,10,19]",1,intervention:L16_CWE-120_B:Low,-0.05,"[1,10,19]",false
corruption_penalty=1,1717,[0],0,no_op:none:none,0,[0],false
corruption_penalty=1,1718,[0],0,no_op:none:none,0,[0],false
corruption_penalty=1,1719,"[10,19]",10,intervention:L23_CWE-327_A:Low,-0.05,"[10,19]",false
corruption_penalty=1,1720,"[1,10,19]",1,intervention:L16_CWE-120_B:Low,-0.05,"[1,10,19]",false
corruption_penalty=1,1722,[0],0,no_op:none:none,0,[0],false
corruption_penalty=1,1723,[0],0,no_op:none:none,0,[0],false
corruption_penalty=1,1724,[0],0,no_op:none:none,0,[0],false
corruption_penalty=1,1725,[0],0,no_op:none:none,0,[0],false
corruption_penalty=1,1727,[0],0,no_op:none:none,0,[0],false
corruption_penalty=1,1729,"[1,19]",1,intervention:L16_CWE-120_B:Low,-0.05,"[1,19]",false
corruption_penalty=1,1730,[0],0,no_op:none:none,0,[0],false
corruption_penalty=1,1732,[0],0,no_op:none:none,0,[0],false
corruption_penalty=1,1733,[0],0,no_op:none:none,0,[0],false
corruption_penalty=1,1734,[0],0,no_op:none:none,0,[0],false
corruption_penalty=1,1739,[0],0,no_op:none:none,0,[0],false
corruption_penalty=1,1740,"[1,10,19]",1,intervention:L16_CWE-120_B:Low,-0.05,"[1,10,19]",false
corruption_penalty=1,1741,[0],0,no_op:none:none,0,[0],false
corruption_penalty=1,1743,"[1,10,19]",1,intervention:L16_CWE-120_B:Low,-0.05,"[1,10,19]",false
corruption_penalty=1,1747,[0],0,no_op:none:none,0,[0],false
corruption_penalty=1,1748,[0],0,no_op:none:none,1,[0],false
corruption_penalty=1,1749,[0],0,no_op:none:none,0,[0],false
corruption_penalty=1,1752,[0],0,no_op:none:none,1,[0],false
corruption_penalty=1,1753,"[1,10,19]",1,intervention:L16_CWE-120_B:Low,-0.05,"[1,10,19]",false
corruption_penalty=1,1754,[0],0,no_op:none:none,0,[0],false
corruption_penalty=1,1755,[0],0,no_op:none:none,0,[0],false
corruption_penalty=1,1757,[0],0,no_op:none:none,0,[0],false
corruption_penalty=1,1758,[0],0,no_op:none:none,0,[0],false
corruption_penalty=1,1759,[0],0,no_op:none:none,0,[0],false
corruption_penalty=1,1762,[0],0,no_op:none:none,0,[0],false
corruption_penalty=1,1763,"[1,19]",1,intervention:L16_CWE-120_B:Low,-0.05,"[1,19]",false
corruption_penalty=1,1765,[0],0,no_op:none:none,0,[0],false
corruption_penalty=1,1766,[0],0,no_op:none:none,0,[0],false
corruption_penalty=1,1767,[0],0,no_op:none:none,0,[0],false
corruption_penalty=1,1768,[0],0,no_op:none:none,0,[0],false
corruption_penalty=1,1769,[0],0,no_op:none:none,0,[0],false
corruption_penalty=1,1770,"[1,10,19]",1,intervention:L16_CWE-120_B:Low,-0.05,"[1,10,19]",false
corruption_penalty=1,1772,[0],0,no_op:none:none,0,[0],false
corruption_penalty=1,1773,[0],0,no_op:none:none,0,[0],false
corruption_penalty=1,1776,[0],0,no_op:none:none,0,[0],false
corruption_penalty=1,1777,[0],0,no_op:none:none,0,[0],false
corruption_penalty=1,1778,[0],0,no_op:none:none,0,[0],false
corruption_penalty=1,1779,[0],0,no_op:none:none,0,[0],false
corruption_penalty=1,1782,[0],0,no_op:none:none,0,[0],false
corruption_penalty=1,1783,"[1,10,19]",1,intervention:L16_CWE-120_B:Low,0.95,"[1,10,19]",false
corruption_penalty=1,1784,[0],0,no_op:none:none,0,[0],false
corruption_penalty=1,1786,[0],0,no_op:none:none,0,[0],false
corruption_penalty=1,1787,[0],0,no_op:none:none,0,[0],false
corruption_penalty=1,1788,[0],0,no_op:none:none,0,[0],false
corruption_penalty=1,1789,"[1,10,19]",1,intervention:L16_CWE-120_B:Low,-0.05,"[1,10,19]",false
corruption_penalty=1,1790,[0],0,no_op:none:none,0,[0],false
corruption_penalty=1,1791,[0],0,no_op:none:none,0,[0],false
corruption_penalty=1,1792,[0],0,no_op:none:none,0,[0],false
corruption_penalty=1,1793,[0],0,no_op:none:none,0,[0],false
corruption_penalty=1,1794,[0],0,no_op:none:none,1,[0],false
corruption_penalty=1,1795,[0],0,no_op:none:none,0,[0],false
corruption_penalty=1,1796,[0],0,no_op:none:none,0,[0],false
corruption_penalty=1,1798,[0],0,no_op:none:none,0,[0],false
corruption_penalty=1,1799,"[1,10,19]",1,intervention:L16_CWE-120_B:Low,-0.05,"[1,10,19]",false
corruption_penalty=1,1800,[0],0,no_op:none:none,0,[0],false
corruption_penalty=1,1801,[0],0,no_op:none:none,0,[0],false
corruption_penalty=1,1802,[0],0,no_op:none:none,0,[0],false
corruption_penalty=1,1803,[0],0,no_op:none:none,0,[0],false
corruption_penalty=1,1804,[0],0,no_op:none:none,0,[0],false
corruption_penalty=1,1805,[0],0,no_op:none:none,0,[0],false
corruption_penalty=1,1807,[0],0,no_op:none:none,0,[0],false
corruption_penalty=1,1808,[0],0,no_op:none:none,0,[0],false
corruption_penalty=1,1809,[0],0,no_op:none:none,1,[0],false
corruption_penalty=1,1811,[0],0,no_op:none:none,0,[0],false
corruption_penalty=1,1812,"[1,19]",1,intervention:L16_CWE-120_B:Low,-0.05,"[1,19]",false
corruption_penalty=1,1814,[0],0,no_op:none:none,0,[0],false
corruption_penalty=1,1816,[0],0,no_op:none:none,0,[0],false
corruption_penalty=1,1817,[0],0,no_op:none:none,0,[0],false
corruption_penalty=1,1818,[0],0,no_op:none:none,0,[0],false
corruption_penalty=1,1819,[0],0,no_op:none:none,0,[0],false
corruption_penalty=1,1820,[0],0,no_op:none:none,0,[0],false
corruption_penalty=1,1821,[0],0,no_op:none:none,0,[0],false
corruption_penalty=1,1822,[0],0,no_op:none:none,0,[0],false
corruption_penalty=1,1823,[0],0,no_op:none:none,0,[0],false
corruption_penalty=1,1824,[0],0,no_op:none:none,0,[0],false
corruption_penalty=1,1825,[0],0,no_op:none:none,0,[0],false
corruption_penalty=1,1826,"[1,10,19]",1,intervention:L16_CWE-120_B:Low,-0.05,"[1,10,19]",false
corruption_penalty=1,1828,[0],0,no_op:none:none,0,[0],false
corruption_penalty=1,1829,[0],0,no_op:none:none,0,[0],false
corruption_penalty=1,1830,[0],0,no_op:none:none,0,[0],false
corruption_penalty=1,1831,[0],0,no_op:none:none,0,[0],false
corruption_penalty=1,1832,[0],0,no_op:none:none,1,[0],false
corruption_penalty=1,1835,[0],0,no_op:none:none,0,[0],false
corruption_penalty=1,1836,"[1,10,19]",1,intervention:L16_CWE-120_B:Low,-0.05,"[1,10,19]",false
corruption_penalty=1,1838,[0],0,no_op:none:none,0,[0],false
corruption_penalty=1,1839,[19],19,intervention:L23_CWE-89_A:Low,-0.05,[19],false
corruption_penalty=1,1840,[0],0,no_op:none:none,0,[0],false
corruption_penalty=1,1841,[0],0,no_op:none:none,0,[0],false
corruption_penalty=1,1842,"[10,19]",10,intervention:L23_CWE-327_A:Low,-0.05,"[10,19]",false
corruption_penalty=1,1843,[0],0,no_op:none:none,0,[0],false
corruption_penalty=1,1844,"[1,10,19]",1,intervention:L16_CWE-120_B:Low,-0.05,"[1,10,19]",false
corruption_penalty=1,1845,[0],0,no_op:none:none,0,[0],false
corruption_penalty=1,1846,[0],0,no_op:none:none,1,[0],false
corruption_penalty=1,1847,[0],0,no_op:none:none,0,[0],false
corruption_penalty=1,1848,"[1,10,19]",1,intervention:L16_CWE-120_B:Low,-0.05,"[1,10,19]",false
corruption_penalty=1,1850,[0],0,no_op:none:none,1,[0],false
corruption_penalty=1,1851,[0],0,no_op:none:none,0,[0],false
corruption_penalty=1,1853,[0],0,no_op:none:none,0,[0],false
corruption_penalty=1,1855,[0],0,no_op:none:none,0,[0],false
corruption_penalty=1,1858,[0],0,no_op:none:none,0,[0],false
corruption_penalty=1,1859,[0],0,no_op:none:none,0,[0],false
corruption_penalty=1,1860,[0],0,no_op:none:none,1,[0],false
corruption_penalty=1,1861,[0],0,no_op:none:none,0,[0],false
corruption_penalty=1,1865,"[1,10,19]",1,intervention:L16_CWE-120_B:Low,-0.05,"[1,10,19]",false
corruption_penalty=1,1866,"[1,19]",1,intervention:L16_CWE-120_B:Low,0.95,"[1,19]",false
corruption_penalty=1,1867,[0],0,no_op:none:none,0,[0],false
corruption_penalty=1,1868,"[1,19]",1,intervention:L16_CWE-120_B:Low,-0.05,"[1,19]",false
corruption_penalty=1,1872,[0],0,no_op:none:none,0,[0],false
corruption_penalty=1,1873,[0],0,no_op:none:none,0,[0],false
corruption_penalty=1,1875,[0],0,no_op:none:none,0,[0],false
corruption_penalty=1,1876,[0],0,no_op:none:none,1,[0],false
corruption_penalty=1,1877,[0],0,no_op:none:none,0,[0],false
corruption_penalty=1,1878,"[1,10,19]",1,intervention:L16_CWE-120_B:Low,-0.05,"[1,10,19]",false
corruption_penalty=1,1879,[0],0,no_op:none:none,1,[0],false
corruption_penalty=1,1881,[0],0,no_op:none:none,0,[0],false
corruption_penalty=1,1882,[0],0,no_op:none:none,0,[0],false
corruption_penalty=1,1884,[0],0,no_op:none:none,0,[0],false
corruption_penalty=1,1885,[0],0,no_op:none:none,0,[0],false
corruption_penalty=1,1886,[0],0,no_op:none:none,0,[0],false
corruption_penalty=1,1891,[0],0,no_op:none:none,0,[0],false
corruption_penalty=1,1892,[0],0,no_op:none:none,1,[0],false
corruption_penalty=1,1893,"[1,10,19]",1,intervention:L16_CWE-120_B:Low,-0.05,"[1,10,19]",false
corruption_penalty=1,1895,[0],0,no_op:none:none,0,[0],false
corruption_penalty=1,1897,[0],0,no_op:none:none,1,[0],false
corruption_penalty=1,1900,"[1,10,19]",1,intervention:L16_CWE-120_B:Low,0.95,"[1,10,19]",false
corruption_penalty=1,1901,"[1,10,19]",1,intervention:L16_CWE-120_B:Low,0.95,"[1,10,19]",false
corruption_penalty=1,1903,[0],0,no_op:none:none,1,[0],false
corruption_penalty=1,1904,[0],0,no_op:none:none,0,[0],false
corruption_penalty=1,1905,[0],0,no_op:none:none,0,[0],false
corruption_penalty=1,1909,"[1,10,19]",1,intervention:L16_CWE-120_B:Low,0.95,"[1,10,19]",false
corruption_penalty=1,1911,[0],0,no_op:none:none,0,[0],false
corruption_penalty=1,1912,[0],0,no_op:none:none,0,[0],false
corruption_penalty=1,1913,[0],0,no_op:none:none,1,[0],false
corruption_penalty=1,1915,[0],0,no_op:none:none,0,[0],false
corruption_penalty=1.5,0,[0],0,no_op:none:none,0,[0],false
corruption_penalty=1.5,2,[0],0,no_op:none:none,0,[0],false
corruption_penalty=1.5,5,"[7,10]",7,intervention:L19_CWE-120_B:Low,-0.05,"[7,10]",false
corruption_penalty=1.5,8,[0],0,no_op:none:none,0,[0],false
corruption_penalty=1.5,9,[0],0,no_op:none:none,0,[0],false
corruption_penalty=1.5,10,[0],0,no_op:none:none,0,[0],false
corruption_penalty=1.5,11,[0],0,no_op:none:none,1,[0],false
corruption_penalty=1.5,12,[7],7,intervention:L19_CWE-120_B:Low,0.95,[7],false
corruption_penalty=1.5,15,[0],0,no_op:none:none,0,[0],false
corruption_penalty=1.5,17,[0],0,no_op:none:none,1,[0],false
corruption_penalty=1.5,18,"[7,10]",7,intervention:L19_CWE-120_B:Low,0.95,"[7,10]",false
corruption_penalty=1.5,20,[0],0,no_op:none:none,0,[0],false
corruption_penalty=1.5,21,[0],0,no_op:none:none,0,[0],false
corruption_penalty=1.5,22,"[1,10,19]",1,intervention:L16_CWE-120_B:Low,0.95,"[1,10,19]",false
corruption_penalty=1.5,24,[0],0,no_op:none:none,0,[0],false
corruption_penalty=1.5,25,[0],0,no_op:none:none,0,[0],false
corruption_penalty=1.5,26,[0],0,no_op:none:none,0,[0],false
corruption_penalty=1.5,27,"[7,10]",7,intervention:L19_CWE-120_B:Low,0.95,"[7,10]",false
corruption_penalty=1.5,28,[0],0,no_op:none:none,0,[0],false
corruption_penalty=1.5,29,[0],0,no_op:none:none,0,[0],false
corruption_penalty=1.5,31,"[1,10,19]",1,intervention:L16_CWE-120_B:Low,0.95,"[1,10,19]",false
corruption_penalty=1.5,32,[0],0,no_op:none:none,0,[0],false
corruption_penalty=1.5,33,[0],0,no_op:none:none,0,[0],false
corruption_penalty=1.5,34,[0],0,no_op:none:none,0,[0],false
corruption_penalty=1.5,35,[0],0,no_op:none:none,0,[0],false
corruption_penalty=1.5,36,[0],0,no_op:none:none,0,[0],false
corruption_penalty=1.5,37,[7],7,intervention:L19_CWE-120_B:Low,-0.05,[7],false
corruption_penalty=1.5,38,"[1,19]",1,intervention:L16_CWE-120_B:Low,0.95,"[1,19]",false
corruption_penalty=1.5,40,[0],0,no_op:none:none,0,[0],false
corruption_penalty=1.5,41,"[7,10]",7,intervention:L19_CWE-120_B:Low,-0.05,"[7,10]",false
corruption_penalty=1.5,42,[0],0,no_op:none:none,0,[0],false
corruption_penalty=1.5,44,[7],7,intervention:L19_CWE-120_B:Low,0.95,[7],false
corruption_penalty=1.5,45,"[7,10]",7,intervention:L19_CWE-120_B:Low,0.95,"[7,10]",false
corruption_penalty=1.5,46,[0],0,no_op:none:none,0,[0],false
corruption_penalty=1.5,47,"[7,10]",7,intervention:L19_CWE-120_B:Low,-0.05,"[7,10]",false
corruption_penalty=1.5,49,[0],0,no_op:none:none,0,[0],false
corruption_penalty=1.5,52,[0],0,no_op:none:none,0,[0],false
corruption_penalty=1.5,53,"[1,10,19]",1,intervention:L16_CWE-120_B:Low,-0.05,"[1,10,19]",false
corruption_penalty=1.5,55,[0],0,no_op:none:none,0,[0],false
corruption_penalty=1.5,57,[0],0,no_op:none:none,0,[0],false
corruption_penalty=1.5,58,[0],0,no_op:none:none,0,[0],false
corruption_penalty=1.5,59,[0],0,no_op:none:none,0,[0],false
corruption_penalty=1.5,60,[0],0,no_op:none:none,0,[0],false
corruption_penalty=1.5,62,"[7,10]",7,intervention:L19_CWE-120_B:Low,-0.05,"[7,10]",false
corruption_penalty=1.5,63,[0],0,no_op:none:none,0,[0],false
corruption_penalty=1.5,66,[0],0,no_op:none:none,0,[0],false
corruption_penalty=1.5,67,[0],0,no_op:none:none,0,[0],false
corruption_penalty=1.5,68,[0],0,no_op:none:none,0,[0],false
corruption_penalty=1.5,69,[0],0,no_op:none:none,0,[0],false
corruption_penalty=1.5,70,[0],0,no_op:none:none,0,[0],false
corruption_penalty=1.5,71,"[7,10]",7,intervention:L19_CWE-120_B:Low,-0.05,"[7,10]",false
corruption_penalty=1.5,72,[0],0,no_op:none:none,0,[0],false
corruption_penalty=1.5,74,[0],0,no_op:none:none,0,[0],false
corruption_penalty=1.5,75,[0],0,no_op:none:none,0,[0],false
corruption_penalty=1.5,76,[0],0,no_op:none:none,0,[0],false
corruption_penalty=1.5,77,[0],0,no_op:none:none,0,[0],false
corruption_penalty=1.5,80,[0],0,no_op:none:none,0,[0],false
corruption_penalty=1.5,82,[0],0,no_op:none:none,0,[0],false
corruption_penalty=1.5,83,"[1,19]",1,intervention:L16_CWE-120_B:Low,-0.05,"[1,19]",false
corruption_penalty=1.5,84,"[7,10]",7,intervention:L19_CWE-120_B:Low,-0.05,"[7,10]",false
corruption_penalty=1.5,86,[0],0,no_op:none:none,0,[0],false
corruption_penalty=1.5,87,"[1,10,19]",1,intervention:L16_CWE-120_B:Low,0.95,"[1,10,19]",false
corruption_penalty=1.5,89,[0],0,no_op:none:none,0,[0],false
corruption_penalty=1.5,91,[0],0,no_op:none:none,0,[0],false
corruption_penalty=1.5,92,[0],0,no_op:none:none,0,[0],false
corruption_penalty=1.5,94,[0],0,no_op:none:none,0,[0],false
corruption_penalty=1.5,95,[0],0,no_op:none:none,1,[0],false
corruption_penalty=1.5,97,[0],0,no_op:none:none,0,[0],false
corruption_penalty=1.5,98,[0],0,no_op:none:none,0,[0],false
corruption_penalty=1.5,99,[0],0,no_op:none:none,0,[0],false
corruption_penalty=1.5,100,[0],0,no_op:none:none,0,[0],false
corruption_penalty=1.5,101,[0],0,no_op:none:none,0,[0],false
corruption_penalty=1.5,105,[7],7,intervention:L19_CWE-120_B:Low,0.95,[7],false
corruption_penalty=1.5,106,[0],0,no_op:none:none,0,[0],false
corruption_penalty=1.5,107,[0],0,no_op:none:none,0,[0],false
corruption_penalty=1.5,108,[0],0,no_op:none:none,0,[0],false
corruption_penalty=1.5,109,[0],0,no_op:none:none,0,[0],false
corruption_penalty=1.5,111,[0],0,no_op:none:none,0,[0],false
corruption_penalty=1.5,112,[0],0,no_op:none:none,0,[0],false
corruption_penalty=1.5,113,[0],0,no_op:none:none,0,[0],false
corruption_penalty=1.5,115,"[7,10]",7,intervention:L19_CWE-120_B:Low,0.95,"[7,10]",false
corruption_penalty=1.5,121,[0],0,no_op:none:none,0,[0],false
corruption_penalty=1.5,122,"[1,10,19]",1,intervention:L16_CWE-120_B:Low,-0.05,"[1,10,19]",false
corruption_penalty=1.5,123,[0],0,no_op:none:none,0,[0],false
corruption_penalty=1.5,125,[0],0,no_op:none:none,0,[0],false
corruption_penalty=1.5,126,[0],0,no_op:none:none,0,[0],false
corruption_penalty=1.5,127,[0],0,no_op:none:none,0,[0],false
corruption_penalty=1.5,128,[0],0,no_op:none:none,0,[0],false
corruption_penalty=1.5,129,[0],0,no_op:none:none,0,[0],false
corruption_penalty=1.5,132,[0],0,no_op:none:none,0,[0],false
corruption_penalty=1.5,133,[7],7,intervention:L19_CWE-120_B:Low,-0.05,[7],false
corruption_penalty=1.5,134,[0],0,no_op:none:none,0,[0],false
corruption_penalty=1.5,136,[0],0,no_op:none:none,0,[0],false
corruption_penalty=1.5,137,[0],0,no_op:none:none,0,[0],false
corruption_penalty=1.5,143,[0],0,no_op:none:none,0,[0],false
corruption_penalty=1.5,144,[0],0,no_op:none:none,0,[0],false
corruption_penalty=1.5,147,[0],0,no_op:none:none,0,[0],false
corruption_penalty=1.5,149,[0],0,no_op:none:none,0,[0],false
corruption_penalty=1.5,151,[0],0,no_op:none:none,0,[0],false
corruption_penalty=1.5,152,[0],0,no_op:none:none,0,[0],false
corruption_penalty=1.5,153,[0],0,no_op:none:none,0,[0],false
corruption_penalty=1.5,155,[0],0,no_op:none:none,1,[0],false
corruption_penalty=1.5,156,[0],0,no_op:none:none,0,[0],false
corruption_penalty=1.5,157,"[1,10,19]",1,intervention:L16_CWE-120_B:Low,0.95,"[1,10,19]",false
corruption_penalty=1.5,158,[0],0,no_op:none:none,0,[0],false
corruption_penalty=1.5,159,[0],0,no_op:none:none,0,[0],false
corruption_penalty=1.5,160,[0],0,no_op:none:none,0,[0],false
corruption_penalty=1.5,162,"[7,10]",7,intervention:L19_CWE-120_B:Low,-0.05,"[7,10]",false
corruption_penalty=1.5,165,"[7,10]",7,intervention:L19_CWE-120_B:Low,-0.05,"[7,10]",false
corruption_penalty=1.5,166,"[1,10,19]",1,intervention:L16_CWE-120_B:Low,-0.05,"[1,10,19]",false
corruption_penalty=1.5,168,[0],0,no_op:none:none,0,[0],false
corruption_penalty=1.5,169,[0],0,no_op:none:none,0,[0],false
corruption_penalty=1.5,170,"[1,10,19]",1,intervention:L16_CWE-120_B:Low,-0.05,"[1,10,19]",false
corruption_penalty=1.5,171,[0],0,no_op:none:none,0,[0],false
corruption_penalty=1.5,172,[0],0,no_op:none:none,0,[0],false
corruption_penalty=1.5,173,[0],0,no_op:none:none,0,[0],false
corruption_penalty=1.5,174,[0],0,no_op:none:none,0,[0],false
corruption_penalty=1.5,176,"[1,10,19]",1,intervention:L16_CWE-120_B:Low,-0.05,"[1,10,19]",false
corruption_penalty=1.5,177,[0],0,no_op:none:none,0,[0],false
corruption_penalty=1.5,179,[0],0,no_op:none:none,0,[0],false
corruption_penalty=1.5,180,[0],0,no_op:none:none,0,[0],false
corruption_penalty=1.5,181,[0],0,no_op:none:none,0,[0],false
corruption_penalty=1.5,182,[0],0,no_op:none:none,0,[0],false
corruption_penalty=1.5,183,[0],0,no_op:none:none,0,[0],false
corruption_penalty=1.5,184,[0],0,no_op:none:none,0,[0],false
corruption_penalty=1.5,185,"[1,10,19]",1,intervention:L16_CWE-120_B:Low,0.95,"[1,10,19]",false
corruption_penalty=1.5,187,[0],0,no_op:none:none,0,[0],false
corruption_penalty=1.5,188,[0],0,no_op:none:none,0,[0],false
corruption_penalty=1.5,190,[0],0,no_op:none:none,0,[0],false
corruption_penalty=1.5,192,[0],0,no_op:none:none,0,[0],false
corruption_penalty=1.5,194,[0],0,no_op:none:none,1.25,[0],false
corruption_penalty=1.5,195,"[1,10,19]",1,intervention:L16_CWE-120_B:Low,0.95,"[1,10,19]",false
corruption_penalty=1.5,196,[0],0,no_op:none:none,0,[0],false
corruption_penalty=1.5,197,[0],0,no_op:none:none,0,[0],false
corruption_penalty=1.5,199,[0],0,no_op:none:none,0,[0],false
corruption_penalty=1.5,202,[0],0,no_op:none:none,0,[0],false
corruption_penalty=1.5,203,[0],0,no_op:none:none,0,[0],false
corruption_penalty=1.5,205,[0],0,no_op:none:none,0,[0],false
corruption_penalty=1.5,207,[7],7,intervention:L19_CWE-120_B:Low,0.95,[7],false
corruption_penalty=1.5,208,[0],0,no_op:none:none,0,[0],false
corruption_penalty=1.5,211,[0],0,no_op:none:none,0,[0],false
corruption_penalty=1.5,213,[0],0,no_op:none:none,1.25,[0],false
corruption_penalty=1.5,214,[7],7,intervention:L19_CWE-120_B:Low,-0.05,[7],false
corruption_penalty=1.5,215,[0],0,no_op:none:none,0,[0],false
corruption_penalty=1.5,216,[0],0,no_op:none:none,0,[0],false
corruption_penalty=1.5,218,[0],0,no_op:none:none,0,[0],false
corruption_penalty=1.5,220,[7],7,intervention:L19_CWE-120_B:Low,-0.05,[7],false
corruption_penalty=1.5,225,[0],0,no_op:none:none,0,[0],false
corruption_penalty=1.5,226,[0],0,no_op:none:none,0,[0],false
corruption_penalty=1.5,227,[0],0,no_op:none:none,0,[0],false
corruption_penalty=1.5,230,[0],0,no_op:none:none,0,[0],false
corruption_penalty=1.5,231,[0],0,no_op:none:none,0,[0],false
corruption_penalty=1.5,232,[0],0,no_op:none:none,0,[0],false
corruption_penalty=1.5,233,[0],0,no_op:none:none,0,[0],false
corruption_penalty=1.5,235,[0],0,no_op:none:none,0,[0],false
corruption_penalty=1.5,237,[0],0,no_op:none:none,0,[0],false
corruption_penalty=1.5,238,[0],0,no_op:none:none,0,[0],false
corruption_penalty=1.5,239,[0],0,no_op:none:none,0,[0],false
corruption_penalty=1.5,240,[0],0,no_op:none:none,0,[0],false
corruption_penalty=1.5,241,[0],0,no_op:none:none,0,[0],false
corruption_penalty=1.5,242,[0],0,no_op:none:none,0,[0],false
corruption_penalty=1.5,243,[0],0,no_op:none:none,0,[0],false
corruption_penalty=1.5,244,[0],0,no_op:none:none,0,[0],false
corruption_penalty=1.5,246,[0],0,no_op:none:none,0,[0],false
corruption_penalty=1.5,248,[0],0,no_op:none:none,0,[0],false
corruption_penalty=1.5,249,[0],0,no_op:none:none,0,[0],false
corruption_penalty=1.5,250,[0],0,no_op:none:none,0,[0],false
corruption_penalty=1.5,251,[0],0,no_op:none:none,0,[0],false
corruption_penalty=1.5,252,[0],0,no_op:none:none,0,[0],false
corruption_penalty=1.5,253,[0],0,no_op:none:none,0,[0],false
corruption_penalty=1.5,254,[0],0,no_op:none:none,0,[0],false
corruption_penalty=1.5,256,[0],0,no_op:none:none,0,[0],false
corruption_penalty=1.5,258,[0],0,no_op:none:none,0,[0],false
corruption_penalty=1.5,259,[0],0,no_op:none:none,0,[0],false
corruption_penalty=1.5,260,[0],0,no_op:none:none,0,[0],false
corruption_penalty=1.5,263,[0],0,no_op:none:none,0,[0],false
corruption_penalty=1.5,264,[0],0,no_op:none:none,0,[0],false
corruption_penalty=1.5,265,[0],0,no_op:none:none,0,[0],false
corruption_penalty=1.5,266,[0],0,no_op:none:none,0,[0],false
corruption_penalty=1.5,269,[0],0,no_op:none:none,0,[0],false
corruption_penalty=1.5,272,[0],0,no_op:none:none,0,[0],false
corruption_penalty=1.5,273,[0],0,no_op:none:none,0,[0],false
corruption_penalty=1.5,274,[0],0,no_op:none:none,0,[0],false
corruption_penalty=1.5,276,[0],0,no_op:none:none,0,[0],false
corruption_penalty=1.5,277,[0],0,no_op:none:none,0,[0],false
corruption_penalty=1.5,278,[0],0,no_op:none:none,0,[0],false
corruption_penalty=1.5,279,[0],0,no_op:none:none,0,[0],false
corruption_penalty=1.5,280,[0],0,no_op:none:none,0,[0],false
corruption_penalty=1.5,281,[0],0,no_op:none:none,0,[0],false
corruption_penalty=1.5,282,[0],0,no_op:none:none,0,[0],false
corruption_penalty=1.5,284,[0],0,no_op:none:none,0,[0],false
corruption_penalty=1.5,286,[0],0,no_op:none:none,0,[0],false
corruption_penalty=1.5,288,[0],0,no_op:none:none,0,[0],false
corruption_penalty=1.5,289,[0],0,no_op:none:none,0,[0],false
corruption_penalty=1.5,290,[0],0,no_op:none:none,0,[0],false
corruption_penalty=1.5,291,[0],0,no_op:none:none,0,[0],false
corruption_penalty=1.5,293,[0],0,no_op:none:none,0,[0],false
corruption_penalty=1.5,294,[0],0,no_op:none:none,0,[0],false
corruption_penalty=1.5,295,[0],0,no_op:none:none,0,[0],false
corruption_penalty=1.5,296,[0],0,no_op:none:none,0,[0],false
corruption_penalty=1.5,297,[0],0,no_op:none:none,0,[0],false
corruption_penalty=1.5,298,[0],0,no_op:none:none,0,[0],false
corruption_penalty=1.5,299,[0],0,no_op:none:none,0,[0],false
corruption_penalty=1.5,300,[0],0,no_op:none:none,0,[0],false
corruption_penalty=1.5,301,[0],0,no_op:none:none,0,[0],false
corruption_penalty=1.5,302,[0],0,no_op:none:none,0,[0],false
corruption_penalty=1.5,304,[0],0,no_op:none:none,0,[0],false
corruption_penalty=1.5,306,[0],0,no_op:none:none,0,[0],false
corruption_penalty=1.5,307,[0],0,no_op:none:none,0,[0],false
corruption_penalty=1.5,308,[0],0,no_op:none:none,0,[0],false
corruption_penalty=1.5,309,[0],0,no_op:none:none,0,[0],false
corruption_penalty=1.5,310,[0],0,no_op:none:none,0,[0],false
corruption_penalty=1.5,311,[0],0,no_op:none:none,0,[0],false
corruption_penalty=1.5,312,[0],0,no_op:none:none,0,[0],false
corruption_penalty=1.5,314,[0],0,no_op:none:none,0,[0],false
corruption_penalty=1.5,315,[0],0,no_op:none:none,0,[0],false
corruption_penalty=1.5,319,[0],0,no_op:none:none,0,[0],false
corruption_penalty=1.5,320,[0],0,no_op:none:none,0,[0],false
corruption_penalty=1.5,321,[0],0,no_op:none:none,0,[0],false
corruption_penalty=1.5,324,[0],0,no_op:none:none,0,[0],false
corruption_penalty=1.5,325,[0],0,no_op:none:none,0,[0],false
corruption_penalty=1.5,328,[0],0,no_op:none:none,0,[0],false
corruption_penalty=1.5,329,[0],0,no_op:none:none,0,[0],false
corruption_penalty=1.5,331,[0],0,no_op:none:none,0,[0],false
corruption_penalty=1.5,335,[0],0,no_op:none:none,0,[0],false
corruption_penalty=1.5,336,[0],0,no_op:none:none,0,[0],false
corruption_penalty=1.5,339,[0],0,no_op:none:none,0,[0],false
corruption_penalty=1.5,341,[0],0,no_op:none:none,0,[0],false
corruption_penalty=1.5,342,[0],0,no_op:none:none,0,[0],false
corruption_penalty=1.5,343,[0],0,no_op:none:none,0,[0],false
corruption_penalty=1.5,344,[0],0,no_op:none:none,0,[0],false
corruption_penalty=1.5,345,[0],0,no_op:none:none,0,[0],false
corruption_penalty=1.5,346,[0],0,no_op:none:none,0,[0],false
corruption_penalty=1.5,347,[0],0,no_op:none:none,0,[0],false
corruption_penalty=1.5,348,[0],0,no_op:none:none,0,[0],false
corruption_penalty=1.5,349,[0],0,no_op:none:none,0,[0],false
corruption_penalty=1.5,351,[0],0,no_op:none:none,0,[0],false
corruption_penalty=1.5,352,[0],0,no_op:none:none,0,[0],false
corruption_penalty=1.5,353,[0],0,no_op:none:none,0,[0],false
corruption_penalty=1.5,354,[0],0,no_op:none:none,0,[0],false
corruption_penalty=1.5,355,[0],0,no_op:none:none,0,[0],false
corruption_penalty=1.5,356,[0],0,no_op:none:none,0,[0],false
corruption_penalty=1.5,357,[0],0,no_op:none:none,0,[0],false
corruption_penalty=1.5,358,[0],0,no_op:none:none,0,[0],false
corruption_penalty=1.5,359,[0],0,no_op:none:none,0,[0],false
corruption_penalty=1.5,360,[0],0,no_op:none:none,0,[0],false
corruption_penalty=1.5,361,[0],0,no_op:none:none,0,[0],false
corruption_penalty=1.5,363,[0],0,no_op:none:none,0,[0],false
corruption_penalty=1.5,364,[0],0,no_op:none:none,0,[0],false
corruption_penalty=1.5,366,[0],0,no_op:none:none,0,[0],false
corruption_penalty=1.5,368,[0],0,no_op:none:none,0,[0],false
corruption_penalty=1.5,369,[0],0,no_op:none:none,0,[0],false
corruption_penalty=1.5,370,[0],0,no_op:none:none,0,[0],false
corruption_penalty=1.5,371,[0],0,no_op:none:none,0,[0],false
corruption_penalty=1.5,372,[0],0,no_op:none:none,0,[0],false
corruption_penalty=1.5,373,[0],0,no_op:none:none,0,[0],false
corruption_penalty=1.5,374,[0],0,no_op:none:none,0,[0],false
corruption_penalty=1.5,376,[0],0,no_op:none:none,0,[0],false
corruption_penalty=1.5,377,[0],0,no_op:none:none,0,[0],false
corruption_penalty=1.5,378,[0],0,no_op:none:none,0,[0],false
corruption_penalty=1.5,379,[0],0,no_op:none:none,0,[0],false
corruption_penalty=1.5,381,[0],0,no_op:none:none,0,[0],false
corruption_penalty=1.5,382,[0],0,no_op:none:none,0,[0],false
corruption_penalty=1.5,383,[0],0,no_op:none:none,0,[0],false
corruption_penalty=1.5,384,[0],0,no_op:none:none,0,[0],false
corruption_penalty=1.5,385,[0],0,no_op:none:none,0,[0],false
corruption_penalty=1.5,386,[0],0,no_op:none:none,0,[0],false
corruption_penalty=1.5,387,[0],0,no_op:none:none,0,[0],false
corruption_penalty=1.5,390,[0],0,no_op:none:none,0,[0],false
corruption_penalty=1.5,391,[0],0,no_op:none:none,0,[0],false
corruption_penalty=1.5,394,[0],0,no_op:none:none,0,[0],false
corruption_penalty=1.5,396,[0],0,no_op:none:none,0,[0],false
corruption_penalty=1.5,397,[0],0,no_op:none:none,0,[0],false
corruption_penalty=1.5,398,[0],0,no_op:none:none,0,[0],false
corruption_penalty=1.5,399,[0],0,no_op:none:none,0,[0],false
corruption_penalty=1.5,400,[0],0,no_op:none:none,0,[0],false
corruption_penalty=1.5,401,[0],0,no_op:none:none,0,[0],false
corruption_penalty=1.5,402,[0],0,no_op:none:none,0,[0],false
corruption_penalty=1.5,403,[0],0,no_op:none:none,0,[0],false
corruption_penalty=1.5,404,[0],0,no_op:none:none,0,[0],false
corruption_penalty=1.5,405,[0],0,no_op:none:none,0,[0],false
corruption_penalty=1.5,406,[0],0,no_op:none:none,0,[0],false
corruption_penalty=1.5,409,[0],0,no_op:none:none,0,[0],false
corruption_penalty=1.5,410,[0],0,no_op:none:none,0,[0],false
corruption_penalty=1.5,412,[0],0,no_op:none:none,0,[0],false
corruption_penalty=1.5,413,[0],0,no_op:none:none,0,[0],false
corruption_penalty=1.5,414,[0],0,no_op:none:none,0,[0],false
corruption_penalty=1.5,415,[0],0,no_op:none:none,0,[0],false
corruption_penalty=1.5,417,[0],0,no_op:none:none,0,[0],false
corruption_penalty=1.5,419,[0],0,no_op:none:none,0,[0],false
corruption_penalty=1.5,420,[0],0,no_op:none:none,0,[0],false
corruption_penalty=1.5,421,[0],0,no_op:none:none,0,[0],false
corruption_penalty=1.5,422,[0],0,no_op:none:none,0,[0],false
corruption_penalty=1.5,423,[0],0,no_op:none:none,1,[0],false
corruption_penalty=1.5,424,[0],0,no_op:none:none,0,[0],false
corruption_penalty=1.5,425,[0],0,no_op:none:none,0,[0],false
corruption_penalty=1.5,426,[0],0,no_op:none:none,0,[0],false
corruption_penalty=1.5,427,[0],0,no_op:none:none,0,[0],false
corruption_penalty=1.5,428,[0],0,no_op:none:none,0,[0],false
corruption_penalty=1.5,434,[0],0,no_op:none:none,0,[0],false
corruption_penalty=1.5,439,[0],0,no_op:none:none,0,[0],false
corruption_penalty=1.5,441,[0],0,no_op:none:none,0,[0],false
corruption_penalty=1.5,442,[0],0,no_op:none:none,0,[0],false
corruption_penalty=1.5,443,[0],0,no_op:none:none,0,[0],false
corruption_penalty=1.5,444,[0],0,no_op:none:none,0,[0],false
corruption_penalty=1.5,446,[0],0,no_op:none:none,0,[0],false
corruption_penalty=1.5,448,[0],0,no_op:none:none,0,[0],false
corruption_penalty=1.5,450,[0],0,no_op:none:none,0,[0],false
corruption_penalty=1.5,452,[0],0,no_op:none:none,0,[0],false
corruption_penalty=1.5,453,[0],0,no_op:none:none,0,[0],false
corruption_penalty=1.5,454,[0],0,no_op:none:none,0,[0],false
corruption_penalty=1.5,458,[0],0,no_op:none:none,0,[0],false
corruption_penalty=1.5,459,[0],0,no_op:none:none,0,[0],false
corruption_penalty=1.5,461,[0],0,no_op:none:none,0,[0],false
corruption_penalty=1.5,462,[0],0,no_op:none:none,0,[0],false
corruption_penalty=1.5,463,[0],0,no_op:none:none,0,[0],false
corruption_penalty=1.5,464,[0],0,no_op:none:none,0,[0],false
corruption_penalty=1.5,465,[0],0,no_op:none:none,0,[0],false
corruption_penalty=1.5,467,[0],0,no_op:none:none,0,[0],false
corruption_penalty=1.5,470,[0],0,no_op:none:none,0,[0],false
corruption_penalty=1.5,472,[0],0,no_op:none:none,0,[0],false
corruption_penalty=1.5,473,[0],0,no_op:none:none,0,[0],false
corruption_penalty=1.5,474,[0],0,no_op:none:none,0,[0],false
corruption_penalty=1.5,475,[0],0,no_op:none:none,0,[0],false
corruption_penalty=1.5,477,[0],0,no_op:none:none,0,[0],false
corruption_penalty=1.5,478,[0],0,no_op:none:none,0,[0],false
corruption_penalty=1.5,479,[0],0,no_op:none:none,0,[0],false
corruption_penalty=1.5,480,[0],0,no_op:none:none,0,[0],false
corruption_penalty=1.5,482,[0],0,no_op:none:none,0,[0],false
corruption_penalty=1.5,483,[0],0,no_op:none:none,0,[0],false
corruption_penalty=1.5,485,[0],0,no_op:none:none,0,[0],false
corruption_penalty=1.5,486,[0],0,no_op:none:none,0,[0],false
corruption_penalty=1.5,489,[0],0,no_op:none:none,0,[0],false
corruption_penalty=1.5,491,[0],0,no_op:none:none,0,[0],false
corruption_penalty=1.5,492,[0],0,no_op:none:none,0,[0],false
corruption_penalty=1.5,494,[0],0,no_op:none:none,0,[0],false
corruption_penalty=1.5,495,[0],0,no_op:none:none,0,[0],false
corruption_penalty=1.5,496,[0],0,no_op:none:none,0,[0],false
corruption_penalty=1.5,498,[0],0,no_op:none:none,0,[0],false
corruption_penalty=1.5,499,[0],0,no_op:none:none,0,[0],false
corruption_penalty=1.5,502,[0],0,no_op:none:none,0,[0],false
corruption_penalty=1.5,503,[0],0,no_op:none:none,0,[0],false
corruption_penalty=1.5,506,[0],0,no_op:none:none,0,[0],false
corruption_penalty=1.5,510,[0],0,no_op:none:none,0,[0],false
corruption_penalty=1.5,512,[0],0,no_op:none:none,0,[0],false
corruption_penalty=1.5,513,[0],0,no_op:none:none,0,[0],false
corruption_penalty=1.5,515,[0],0,no_op:none:none,0,[0],false
corruption_penalty=1.5,516,[0],0,no_op:none:none,0,[0],false
corruption_penalty=1.5,517,[0],0,no_op:none:none,0,[0],false
corruption_penalty=1.5,518,[0],0,no_op:none:none,0,[0],false
corruption_penalty=1.5,519,[0],0,no_op:none:none,0,[0],false
corruption_penalty=1.5,520,[0],0,no_op:none:none,0,[0],false
corruption_penalty=1.5,522,[0],0,no_op:none:none,0,[0],false
corruption_penalty=1.5,523,[0],0,no_op:none:none,0,[0],false
corruption_penalty=1.5,524,[0],0,no_op:none:none,0,[0],false
corruption_penalty=1.5,525,[0],0,no_op:none:none,0,[0],false
corruption_penalty=1.5,526,[0],0,no_op:none:none,0,[0],false
corruption_penalty=1.5,527,[0],0,no_op:none:none,0,[0],false
corruption_penalty=1.5,528,[0],0,no_op:none:none,0,[0],false
corruption_penalty=1.5,529,[0],0,no_op:none:none,0,[0],false
corruption_penalty=1.5,530,[0],0,no_op:none:none,0,[0],false
corruption_penalty=1.5,531,[0],0,no_op:none:none,0,[0],false
corruption_penalty=1.5,532,[0],0,no_op:none:none,0,[0],false
corruption_penalty=1.5,533,[0],0,no_op:none:none,0,[0],false
corruption_penalty=1.5,535,[0],0,no_op:none:none,0,[0],false
corruption_penalty=1.5,537,[0],0,no_op:none:none,0,[0],false
corruption_penalty=1.5,544,[0],0,no_op:none:none,0,[0],false
corruption_penalty=1.5,545,[0],0,no_op:none:none,0,[0],false
corruption_penalty=1.5,547,[0],0,no_op:none:none,0,[0],false
corruption_penalty=1.5,549,[0],0,no_op:none:none,0,[0],false
corruption_penalty=1.5,550,[0],0,no_op:none:none,0,[0],false
corruption_penalty=1.5,551,[0],0,no_op:none:none,0,[0],false
corruption_penalty=1.5,553,[0],0,no_op:none:none,0,[0],false
corruption_penalty=1.5,554,[0],0,no_op:none:none,0,[0],false
corruption_penalty=1.5,555,[0],0,no_op:none:none,0,[0],false
corruption_penalty=1.5,556,[0],0,no_op:none:none,0,[0],false
corruption_penalty=1.5,558,[0],0,no_op:none:none,0,[0],false
corruption_penalty=1.5,559,[0],0,no_op:none:none,0,[0],false
corruption_penalty=1.5,560,[0],0,no_op:none:none,0,[0],false
corruption_penalty=1.5,561,[0],0,no_op:none:none,0,[0],false
corruption_penalty=1.5,562,[0],0,no_op:none:none,0,[0],false
corruption_penalty=1.5,564,[0],0,no_op:none:none,0,[0],false
corruption_penalty=1.5,565,[0],0,no_op:none:none,0,[0],false
corruption_penalty=1.5,567,[0],0,no_op:none:none,0,[0],false
corruption_penalty=1.5,568,[0],0,no_op:none:none,0,[0],false
corruption_penalty=1.5,572,[0],0,no_op:none:none,0,[0],false
corruption_penalty=1.5,573,[0],0,no_op:none:none,0,[0],false
corruption_penalty=1.5,574,[0],0,no_op:none:none,0,[0],false
corruption_penalty=1.5,575,[0],0,no_op:none:none,0,[0],false
corruption_penalty=1.5,576,[0],0,no_op:none:none,0,[0],false
corruption_penalty=1.5,578,[0],0,no_op:none:none,0,[0],false
corruption_penalty=1.5,579,[0],0,no_op:none:none,0,[0],false
corruption_penalty=1.5,580,[0],0,no_op:none:none,0,[0],false
corruption_penalty=1.5,581,[0],0,no_op:none:none,0,[0],false
corruption_penalty=1.5,582,[0],0,no_op:none:none,0,[0],false
corruption_penalty=1.5,585,[0],0,no_op:none:none,0,[0],false
corruption_penalty=1.5,586,[0],0,no_op:none:none,0,[0],false
corruption_penalty=1.5,587,[0],0,no_op:none:none,0,[0],false
corruption_penalty=1.5,588,[0],0,no_op:none:none,0,[0],false
corruption_penalty=1.5,589,[0],0,no_op:none:none,0,[0],false
corruption_penalty=1.5,590,[0],0,no_op:none:none,0,[0],false
corruption_penalty=1.5,591,[0],0,no_op:none:none,0,[0],false
corruption_penalty=1.5,593,[0],0,no_op:none:none,0,[0],false
corruption_penalty=1.5,594,[0],0,no_op:none:none,0,[0],false
corruption_penalty=1.5,595,[0],0,no_op:none:none,0,[0],false
corruption_penalty=1.5,596,[0],0,no_op:none:none,0,[0],false
corruption_penalty=1.5,597,[0],0,no_op:none:none,0,[0],false
corruption_penalty=1.5,598,[0],0,no_op:none:none,0,[0],false
corruption_penalty=1.5,599,[0],0,no_op:none:none,0,[0],false
corruption_penalty=1.5,602,[0],0,no_op:none:none,0,[0],false
corruption_penalty=1.5,603,[0],0,no_op:none:none,0,[0],false
corruption_penalty=1.5,604,[0],0,no_op:none:none,0,[0],false
corruption_penalty=1.5,605,[0],0,no_op:none:none,0,[0],false
corruption_penalty=1.5,606,[0],0,no_op:none:none,0,[0],false
corruption_penalty=1.5,608,[0],0,no_op:none:none,0,[0],false
corruption_penalty=1.5,609,[0],0,no_op:none:none,0,[0],false
corruption_penalty=1.5,610,[0],0,no_op:none:none,0,[0],false
corruption_penalty=1.5,612,[0],0,no_op:none:none,0,[0],false
corruption_penalty=1.5,615,[0],0,no_op:none:none,0,[0],false
corruption_penalty=1.5,616,[0],0,no_op:none:none,0,[0],false
corruption_penalty=1.5,617,[0],0,no_op:none:none,0,[0],false
corruption_penalty=1.5,618,[0],0,no_op:none:none,0,[0],false
corruption_penalty=1.5,620,[0],0,no_op:none:none,0,[0],false
corruption_penalty=1.5,621,[0],0,no_op:none:none,0,[0],false
corruption_penalty=1.5,622,[0],0,no_op:none:none,0,[0],false
corruption_penalty=1.5,623,[0],0,no_op:none:none,0,[0],false
corruption_penalty=1.5,624,[0],0,no_op:none:none,0,[0],false
corruption_penalty=1.5,626,[0],0,no_op:none:none,0,[0],false
corruption_penalty=1.5,627,[0],0,no_op:none:none,0,[0],false
corruption_penalty=1.5,628,[0],0,no_op:none:none,0,[0],false
corruption_penalty=1.5,630,[0],0,no_op:none:none,0,[0],false
corruption_penalty=1.5,632,[0],0,no_op:none:none,0,[0],false
corruption_penalty=1.5,633,[0],0,no_op:none:none,0,[0],false
corruption_penalty=1.5,634,[0],0,no_op:none:none,0,[0],false
corruption_penalty=1.5,635,[0],0,no_op:none:none,0,[0],false
corruption_penalty=1.5,636,[0],0,no_op:none:none,0,[0],false
corruption_penalty=1.5,637,[0],0,no_op:none:none,0,[0],false
corruption_penalty=1.5,639,[0],0,no_op:none:none,0,[0],false
corruption_penalty=1.5,640,[0],0,no_op:none:none,0,[0],false
corruption_penalty=1.5,641,[0],0,no_op:none:none,0,[0],false
corruption_penalty=1.5,645,[0],0,no_op:none:none,0,[0],false
corruption_penalty=1.5,648,[0],0,no_op:none:none,0,[0],false
corruption_penalty=1.5,649,[0],0,no_op:none:none,0,[0],false
corruption_penalty=1.5,650,[0],0,no_op:none:none,0,[0],false
corruption_penalty=1.5,651,[0],0,no_op:none:none,0,[0],false
corruption_penalty=1.5,652,[0],0,no_op:none:none,0,[0],false
corruption_penalty=1.5,653,[0],0,no_op:none:none,0,[0],false
corruption_penalty=1.5,654,[0],0,no_op:none:none,0,[0],false
corruption_penalty=1.5,655,[0],0,no_op:none:none,0,[0],false
corruption_penalty=1.5,656,[0],0,no_op:none:none,0,[0],false
corruption_penalty=1.5,657,[0],0,no_op:none:none,0,[0],false
corruption_penalty=1.5,658,[0],0,no_op:none:none,0,[0],false
corruption_penalty=1.5,659,[0],0,no_op:none:none,0,[0],false
corruption_penalty=1.5,660,[0],0,no_op:none:none,0,[0],false
corruption_penalty=1.5,661,[0],0,no_op:none:none,0,[0],false
corruption_penalty=1.5,662,[0],0,no_op:none:none,0,[0],false
corruption_penalty=1.5,665,[0],0,no_op:none:none,0,[0],false
corruption_penalty=1.5,666,[0],0,no_op:none:none,0,[0],false
corruption_penalty=1.5,667,[0],0,no_op:none:none,0,[0],false
corruption_penalty=1.5,668,[0],0,no_op:none:none,0,[0],false
corruption_penalty=1.5,669,[0],0,no_op:none:none,0,[0],false
corruption_penalty=1.5,670,[0],0,no_op:none:none,0,[0],false
corruption_penalty=1.5,671,[0],0,no_op:none:none,0,[0],false
corruption_penalty=1.5,673,[0],0,no_op:none:none,0,[0],false
corruption_penalty=1.5,674,[0],0,no_op:none:none,0,[0],false
corruption_penalty=1.5,675,[0],0,no_op:none:none,0,[0],false
corruption_penalty=1.5,677,[0],0,no_op:none:none,0,[0],false
corruption_penalty=1.5,679,[0],0,no_op:none:none,0,[0],false
corruption_penalty=1.5,681,[0],0,no_op:none:none,0,[0],false
corruption_penalty=1.5,682,[0],0,no_op:none:none,0,[0],false
corruption_penalty=1.5,684,[0],0,no_op:none:none,0,[0],false
corruption_penalty=1.5,685,[0],0,no_op:none:none,0,[0],false
corruption_penalty=1.5,686,[0],0,no_op:none:none,0,[0],false
corruption_penalty=1.5,687,[0],0,no_op:none:none,0,[0],false
corruption_penalty=1.5,688,[0],0,no_op:none:none,0,[0],false
corruption_penalty=1.5,690,[0],0,no_op:none:none,0,[0],false
corruption_penalty=1.5,691,[0],0,no_op:none:none,0,[0],false
corruption_penalty=1.5,693,[0],0,no_op:none:none,0,[0],false
corruption_penalty=1.5,695,[0],0,no_op:none:none,0,[0],false
corruption_penalty=1.5,697,[0],0,no_op:none:none,0,[0],false
corruption_penalty=1.5,698,[0],0,no_op:none:none,0,[0],false
corruption_penalty=1.5,699,[0],0,no_op:none:none,0,[0],false
corruption_penalty=1.5,700,[0],0,no_op:none:none,0,[0],false
corruption_penalty=1.5,701,[0],0,no_op:none:none,0,[0],false
corruption_penalty=1.5,703,[0],0,no_op:none:none,0,[0],false
corruption_penalty=1.5,705,[0],0,no_op:none:none,0,[0],false
corruption_penalty=1.5,706,[0],0,no_op:none:none,0,[0],false
corruption_penalty=1.5,708,[0],0,no_op:none:none,0,[0],false
corruption_penalty=1.5,709,[0],0,no_op:none:none,0,[0],false
corruption_penalty=1.5,710,[0],0,no_op:none:none,0,[0],false
corruption_penalty=1.5,711,[0],0,no_op:none:none,0,[0],false
corruption_penalty=1.5,712,[0],0,no_op:none:none,0,[0],false
corruption_penalty=1.5,713,[0],0,no_op:none:none,0,[0],false
corruption_penalty=1.5,715,[0],0,no_op:none:none,0,[0],false
corruption_penalty=1.5,717,[0],0,no_op:none:none,0,[0],false
corruption_penalty=1.5,718,[0],0,no_op:none:none,0,[0],false
corruption_penalty=1.5,720,[0],0,no_op:none:none,0,[0],false
corruption_penalty=1.5,721,[0],0,no_op:none:none,0,[0],false
corruption_penalty=1.5,722,[0],0,no_op:none:none,0,[0],false
corruption_penalty=1.5,723,[0],0,no_op:none:none,0,[0],false
corruption_penalty=1.5,726,[0],0,no_op:none:none,0,[0],false
corruption_penalty=1.5,728,[0],0,no_op:none:none,0,[0],false
corruption_penalty=1.5,729,[0],0,no_op:none:none,0,[0],false
corruption_penalty=1.5,730,[0],0,no_op:none:none,0,[0],false
corruption_penalty=1.5,731,[0],0,no_op:none:none,0,[0],false
corruption_penalty=1.5,733,[0],0,no_op:none:none,0,[0],false
corruption_penalty=1.5,734,[0],0,no_op:none:none,0,[0],false
corruption_penalty=1.5,736,[0],0,no_op:none:none,0,[0],false
corruption_penalty=1.5,737,[0],0,no_op:none:none,0,[0],false
corruption_penalty=1.5,738,[0],0,no_op:none:none,0,[0],false
corruption_penalty=1.5,739,[0],0,no_op:none:none,0,[0],false
corruption_penalty=1.5,742,[0],0,no_op:none:none,0,[0],false
corruption_penalty=1.5,744,[0],0,no_op:none:none,0,[0],false
corruption_penalty=1.5,745,[0],0,no_op:none:none,0,[0],false
corruption_penalty=1.5,748,[0],0,no_op:none:none,0,[0],false
corruption_penalty=1.5,749,[0],0,no_op:none:none,0,[0],false
corruption_penalty=1.5,750,[0],0,no_op:none:none,0,[0],false
corruption_penalty=1.5,751,[0],0,no_op:none:none,0,[0],false
corruption_penalty=1.5,752,[0],0,no_op:none:none,0,[0],false
corruption_penalty=1.5,753,[0],0,no_op:none:none,0,[0],false
corruption_penalty=1.5,754,[0],0,no_op:none:none,0,[0],false
corruption_penalty=1.5,755,[0],0,no_op:none:none,0,[0],false
corruption_penalty=1.5,757,[0],0,no_op:none:none,0,[0],false
corruption_penalty=1.5,759,[0],0,no_op:none:none,0,[0],false
corruption_penalty=1.5,760,[0],0,no_op:none:none,0,[0],false
corruption_penalty=1.5,761,[0],0,no_op:none:none,0,[0],false
corruption_penalty=1.5,762,[0],0,no_op:none:none,0,[0],false
corruption_penalty=1.5,763,[0],0,no_op:none:none,0,[0],false
corruption_penalty=1.5,766,[0],0,no_op:none:none,0,[0],false
corruption_penalty=1.5,767,[0],0,no_op:none:none,0,[0],false
corruption_penalty=1.5,768,[0],0,no_op:none:none,0,[0],false
corruption_penalty=1.5,769,[0],0,no_op:none:none,0,[0],false
corruption_penalty=1.5,770,[0],0,no_op:none:none,0,[0],false
corruption_penalty=1.5,771,[0],0,no_op:none:none,0,[0],false
corruption_penalty=1.5,772,[0],0,no_op:none:none,0,[0],false
corruption_penalty=1.5,773,[0],0,no_op:none:none,0,[0],false
corruption_penalty=1.5,774,[0],0,no_op:none:none,0,[0],false
corruption_penalty=1.5,779,[0],0,no_op:none:none,0,[0],false
corruption_penalty=1.5,780,[0],0,no_op:none:none,0,[0],false
corruption_penalty=1.5,782,[0],0,no_op:none:none,0,[0],false
corruption_penalty=1.5,784,[0],0,no_op:none:none,0,[0],false
corruption_penalty=1.5,785,[0],0,no_op:none:none,0,[0],false
corruption_penalty=1.5,786,[0],0,no_op:none:none,0,[0],false
corruption_penalty=1.5,787,[0],0,no_op:none:none,0,[0],false
corruption_penalty=1.5,789,[0],0,no_op:none:none,0,[0],false
corruption_penalty=1.5,790,[0],0,no_op:none:none,0,[0],false
corruption_penalty=1.5,791,[0],0,no_op:none:none,0,[0],false
corruption_penalty=1.5,792,[0],0,no_op:none:none,0,[0],false
corruption_penalty=1.5,793,[0],0,no_op:none:none,0,[0],false
corruption_penalty=1.5,794,[0],0,no_op:none:none,0,[0],false
corruption_penalty=1.5,795,[0],0,no_op:none:none,0,[0],false
corruption_penalty=1.5,796,[0],0,no_op:none:none,0,[0],false
corruption_penalty=1.5,797,[0],0,no_op:none:none,0,[0],false
corruption_penalty=1.5,798,[0],0,no_op:none:none,0,[0],false
corruption_penalty=1.5,800,[0],0,no_op:none:none,0,[0],false
corruption_penalty=1.5,801,[0],0,no_op:none:none,0,[0],false
corruption_penalty=1.5,802,[0],0,no_op:none:none,0,[0],false
corruption_penalty=1.5,803,[0],0,no_op:none:none,0,[0],false
corruption_penalty=1.5,804,[0],0,no_op:none:none,0,[0],false
corruption_penalty=1.5,805,[0],0,no_op:none:none,0,[0],false
corruption_penalty=1.5,806,[0],0,no_op:none:none,0,[0],false
corruption_penalty=1.5,807,[0],0,no_op:none:none,0,[0],false
corruption_penalty=1.5,808,[0],0,no_op:none:none,0,[0],false
corruption_penalty=1.5,809,[0],0,no_op:none:none,0,[0],false
corruption_penalty=1.5,811,[0],0,no_op:none:none,0,[0],false
corruption_penalty=1.5,812,[0],0,no_op:none:none,0,[0],false
corruption_penalty=1.5,813,[0],0,no_op:none:none,0,[0],false
corruption_penalty=1.5,814,[0],0,no_op:none:none,0,[0],false
corruption_penalty=1.5,815,[0],0,no_op:none:none,0,[0],false
corruption_penalty=1.5,819,[0],0,no_op:none:none,0,[0],false
corruption_penalty=1.5,820,[0],0,no_op:none:none,0,[0],false
corruption_penalty=1.5,822,[0],0,no_op:none:none,0,[0],false
corruption_penalty=1.5,823,[0],0,no_op:none:none,0,[0],false
corruption_penalty=1.5,825,[0],0,no_op:none:none,0,[0],false
corruption_penalty=1.5,827,[0],0,no_op:none:none,0,[0],false
corruption_penalty=1.5,828,[0],0,no_op:none:none,0,[0],false
corruption_penalty=1.5,829,[0],0,no_op:none:none,0,[0],false
corruption_penalty=1.5,830,[0],0,no_op:none:none,0,[0],false
corruption_penalty=1.5,831,[0],0,no_op:none:none,0,[0],false
corruption_penalty=1.5,834,[0],0,no_op:none:none,0,[0],false
corruption_penalty=1.5,835,[0],0,no_op:none:none,0,[0],false
corruption_penalty=1.5,836,[0],0,no_op:none:none,0,[0],false
corruption_penalty=1.5,837,[0],0,no_op:none:none,0,[0],false
corruption_penalty=1.5,838,[0],0,no_op:none:none,0,[0],false
corruption_penalty=1.5,839,[0],0,no_op:none:none,0,[0],false
corruption_penalty=1.5,840,[0],0,no_op:none:none,0,[0],false
corruption_penalty=1.5,842,[0],0,no_op:none:none,0,[0],false
corruption_penalty=1.5,845,[0],0,no_op:none:none,0,[0],false
corruption_penalty=1.5,846,[0],0,no_op:none:none,0,[0],false
corruption_penalty=1.5,847,[0],0,no_op:none:none,0,[0],false
corruption_penalty=1.5,848,[0],0,no_op:none:none,0,[0],false
corruption_penalty=1.5,849,[0],0,no_op:none:none,0,[0],false
corruption_penalty=1.5,850,[0],0,no_op:none:none,0,[0],false
corruption_penalty=1.5,851,[0],0,no_op:none:none,0,[0],false
corruption_penalty=1.5,852,[0],0,no_op:none:none,0,[0],false
corruption_penalty=1.5,853,[0],0,no_op:none:none,0,[0],false
corruption_penalty=1.5,854,[0],0,no_op:none:none,0,[0],false
corruption_penalty=1.5,855,[0],0,no_op:none:none,0,[0],false
corruption_penalty=1.5,856,[0],0,no_op:none:none,0,[0],false
corruption_penalty=1.5,857,[0],0,no_op:none:none,0,[0],false
corruption_penalty=1.5,860,[0],0,no_op:none:none,0,[0],false
corruption_penalty=1.5,861,[0],0,no_op:none:none,0,[0],false
corruption_penalty=1.5,862,[0],0,no_op:none:none,0,[0],false
corruption_penalty=1.5,863,[0],0,no_op:none:none,0,[0],false
corruption_penalty=1.5,868,[0],0,no_op:none:none,0,[0],false
corruption_penalty=1.5,869,[0],0,no_op:none:none,0,[0],false
corruption_penalty=1.5,870,[0],0,no_op:none:none,0,[0],false
corruption_penalty=1.5,871,[0],0,no_op:none:none,0,[0],false
corruption_penalty=1.5,872,[0],0,no_op:none:none,0,[0],false
corruption_penalty=1.5,873,[0],0,no_op:none:none,0,[0],false
corruption_penalty=1.5,874,[0],0,no_op:none:none,0,[0],false
corruption_penalty=1.5,876,[0],0,no_op:none:none,0,[0],false
corruption_penalty=1.5,878,[0],0,no_op:none:none,0,[0],false
corruption_penalty=1.5,879,[0],0,no_op:none:none,0,[0],false
corruption_penalty=1.5,881,[0],0,no_op:none:none,0,[0],false
corruption_penalty=1.5,883,[0],0,no_op:none:none,0,[0],false
corruption_penalty=1.5,884,[0],0,no_op:none:none,0,[0],false
corruption_penalty=1.5,885,[0],0,no_op:none:none,0,[0],false
corruption_penalty=1.5,886,[0],0,no_op:none:none,0,[0],false
corruption_penalty=1.5,887,[0],0,no_op:none:none,0,[0],false
corruption_penalty=1.5,888,[0],0,no_op:none:none,0,[0],false
corruption_penalty=1.5,891,[0],0,no_op:none:none,0,[0],false
corruption_penalty=1.5,892,[0],0,no_op:none:none,0,[0],false
corruption_penalty=1.5,894,[0],0,no_op:none:none,0,[0],false
corruption_penalty=1.5,895,[0],0,no_op:none:none,0,[0],false
corruption_penalty=1.5,896,[0],0,no_op:none:none,0,[0],false
corruption_penalty=1.5,898,[0],0,no_op:none:none,0,[0],false
corruption_penalty=1.5,899,[0],0,no_op:none:none,0,[0],false
corruption_penalty=1.5,900,[0],0,no_op:none:none,0,[0],false
corruption_penalty=1.5,901,[0],0,no_op:none:none,0,[0],false
corruption_penalty=1.5,902,[0],0,no_op:none:none,0,[0],false
corruption_penalty=1.5,903,[0],0,no_op:none:none,0,[0],false
corruption_penalty=1.5,905,[0],0,no_op:none:none,0,[0],false
corruption_penalty=1.5,906,[0],0,no_op:none:none,0,[0],false
corruption_penalty=1.5,908,[0],0,no_op:none:none,0,[0],false
corruption_penalty=1.5,909,[0],0,no_op:none:none,0,[0],false
corruption_penalty=1.5,910,[0],0,no_op:none:none,0,[0],false
corruption_penalty=1.5,911,[0],0,no_op:none:none,0,[0],false
corruption_penalty=1.5,912,[0],0,no_op:none:none,0,[0],false
corruption_penalty=1.5,913,[0],0,no_op:none:none,0,[0],false
corruption_penalty=1.5,914,[0],0,no_op:none:none,0,[0],false
corruption_penalty=1.5,915,[0],0,no_op:none:none,0,[0],false
corruption_penalty=1.5,916,[0],0,no_op:none:none,0,[0],false
corruption_penalty=1.5,917,[0],0,no_op:none:none,0,[0],false
corruption_penalty=1.5,920,[0],0,no_op:none:none,0,[0],false
corruption_penalty=1.5,921,[0],0,no_op:none:none,0,[0],false
corruption_penalty=1.5,922,[0],0,no_op:none:none,0,[0],false
corruption_penalty=1.5,923,[0],0,no_op:none:none,0,[0],false
corruption_penalty=1.5,925,[0],0,no_op:none:none,0,[0],false
corruption_penalty=1.5,926,[0],0,no_op:none:none,0,[0],false
corruption_penalty=1.5,927,[0],0,no_op:none:none,0,[0],false
corruption_penalty=1.5,930,[0],0,no_op:none:none,0,[0],false
corruption_penalty=1.5,932,[0],0,no_op:none:none,0,[0],false
corruption_penalty=1.5,933,[0],0,no_op:none:none,0,[0],false
corruption_penalty=1.5,934,[0],0,no_op:none:none,0,[0],false
corruption_penalty=1.5,935,[0],0,no_op:none:none,0,[0],false
corruption_penalty=1.5,937,[0],0,no_op:none:none,0,[0],false
corruption_penalty=1.5,941,[0],0,no_op:none:none,0,[0],false
corruption_penalty=1.5,943,[0],0,no_op:none:none,0,[0],false
corruption_penalty=1.5,944,[0],0,no_op:none:none,0,[0],false
corruption_penalty=1.5,945,[0],0,no_op:none:none,0,[0],false
corruption_penalty=1.5,948,[0],0,no_op:none:none,0,[0],false
corruption_penalty=1.5,949,[0],0,no_op:none:none,0,[0],false
corruption_penalty=1.5,950,[0],0,no_op:none:none,0,[0],false
corruption_penalty=1.5,951,[0],0,no_op:none:none,0,[0],false
corruption_penalty=1.5,952,[0],0,no_op:none:none,0,[0],false
corruption_penalty=1.5,953,[0],0,no_op:none:none,0,[0],false
corruption_penalty=1.5,954,[0],0,no_op:none:none,0,[0],false
corruption_penalty=1.5,955,[0],0,no_op:none:none,0,[0],false
corruption_penalty=1.5,957,[0],0,no_op:none:none,0,[0],false
corruption_penalty=1.5,959,[0],0,no_op:none:none,0,[0],false
corruption_penalty=1.5,960,[0],0,no_op:none:none,0,[0],false
corruption_penalty=1.5,961,[0],0,no_op:none:none,0,[0],false
corruption_penalty=1.5,962,[0],0,no_op:none:none,0,[0],false
corruption_penalty=1.5,964,[0],0,no_op:none:none,0,[0],false
corruption_penalty=1.5,965,[0],0,no_op:none:none,0,[0],false
corruption_penalty=1.5,966,[0],0,no_op:none:none,0,[0],false
corruption_penalty=1.5,967,[0],0,no_op:none:none,0,[0],false
corruption_penalty=1.5,969,[0],0,no_op:none:none,0,[0],false
corruption_penalty=1.5,970,[0],0,no_op:none:none,0,[0],false
corruption_penalty=1.5,971,[0],0,no_op:none:none,0,[0],false
corruption_penalty=1.5,972,[0],0,no_op:none:none,0,[0],false
corruption_penalty=1.5,974,[0],0,no_op:none:none,0,[0],false
corruption_penalty=1.5,975,[0],0,no_op:none:none,0,[0],false
corruption_penalty=1.5,977,[0],0,no_op:none:none,0,[0],false
corruption_penalty=1.5,978,[0],0,no_op:none:none,0,[0],false
corruption_penalty=1.5,979,[0],0,no_op:none:none,0,[0],false
corruption_penalty=1.5,980,[0],0,no_op:none:none,0,[0],false
corruption_penalty=1.5,981,[0],0,no_op:none:none,0,[0],false
corruption_penalty=1.5,982,[0],0,no_op:none:none,0,[0],false
corruption_penalty=1.5,983,[0],0,no_op:none:none,0,[0],false
corruption_penalty=1.5,984,[0],0,no_op:none:none,0,[0],false
corruption_penalty=1.5,986,"[1,10,19]",1,intervention:L16_CWE-120_B:Low,-0.05,"[1,10,19]",false
corruption_penalty=1.5,987,[0],0,no_op:none:none,0,[0],false
corruption_penalty=1.5,988,[0],0,no_op:none:none,0,[0],false
corruption_penalty=1.5,989,[0],0,no_op:none:none,0,[0],false
corruption_penalty=1.5,990,[0],0,no_op:none:none,0,[0],false
corruption_penalty=1.5,991,[0],0,no_op:none:none,0,[0],false
corruption_penalty=1.5,992,[0],0,no_op:none:none,0,[0],false
corruption_penalty=1.5,993,[0],0,no_op:none:none,0,[0],false
corruption_penalty=1.5,997,[0],0,no_op:none:none,0,[0],false
corruption_penalty=1.5,998,[0],0,no_op:none:none,0,[0],false
corruption_penalty=1.5,999,[0],0,no_op:none:none,0,[0],false
corruption_penalty=1.5,1001,[0],0,no_op:none:none,0,[0],false
corruption_penalty=1.5,1002,[0],0,no_op:none:none,0,[0],false
corruption_penalty=1.5,1003,[0],0,no_op:none:none,0,[0],false
corruption_penalty=1.5,1004,[0],0,no_op:none:none,0,[0],false
corruption_penalty=1.5,1005,[0],0,no_op:none:none,0,[0],false
corruption_penalty=1.5,1006,[0],0,no_op:none:none,0,[0],false
corruption_penalty=1.5,1007,"[1,10]",1,intervention:L16_CWE-120_B:Low,-0.05,"[1,10]",false
corruption_penalty=1.5,1008,[0],0,no_op:none:none,0,[0],false
corruption_penalty=1.5,1009,"[1,10]",1,intervention:L16_CWE-120_B:Low,-0.05,"[1,10]",false
corruption_penalty=1.5,1011,[0],0,no_op:none:none,0,[0],false
corruption_penalty=1.5,1012,[0],0,no_op:none:none,0,[0],false
corruption_penalty=1.5,1013,[0],0,no_op:none:none,0,[0],false
corruption_penalty=1.5,1014,[0],0,no_op:none:none,0,[0],false
corruption_penalty=1.5,1015,[0],0,no_op:none:none,0,[0],false
corruption_penalty=1.5,1016,[0],0,no_op:none:none,0,[0],false
corruption_penalty=1.5,1017,[0],0,no_op:none:none,0,[0],false
corruption_penalty=1.5,1018,[0],0,no_op:none:none,0,[0],false
corruption_penalty=1.5,1019,[0],0,no_op:none:none,0,[0],false
corruption_penalty=1.5,1020,[0],0,no_op:none:none,0,[0],false
corruption_penalty=1.5,1021,[0],0,no_op:none:none,0,[0],false
corruption_penalty=1.5,1023,[0],0,no_op:none:none,0,[0],false
corruption_penalty=1.5,1024,[0],0,no_op:none:none,0,[0],false
corruption_penalty=1.5,1026,[0],0,no_op:none:none,0,[0],false
corruption_penalty=1.5,1027,[0],0,no_op:none:none,0,[0],false
corruption_penalty=1.5,1028,[0],0,no_op:none:none,0,[0],false
corruption_penalty=1.5,1030,"[1,10,19]",1,intervention:L16_CWE-120_B:Low,-0.05,"[1,10,19]",false
corruption_penalty=1.5,1031,"[1,10,19]",1,intervention:L16_CWE-120_B:Low,-0.05,"[1,10,19]",false
corruption_penalty=1.5,1032,[0],0,no_op:none:none,0,[0],false
corruption_penalty=1.5,1033,[0],0,no_op:none:none,0,[0],false
corruption_penalty=1.5,1037,"[1,10,19]",1,intervention:L16_CWE-120_B:Low,-0.05,"[1,10,19]",false
corruption_penalty=1.5,1038,[0],0,no_op:none:none,0,[0],false
corruption_penalty=1.5,1041,"[1,19]",1,intervention:L16_CWE-120_B:Low,-0.05,"[1,19]",false
corruption_penalty=1.5,1042,[0],0,no_op:none:none,0,[0],false
corruption_penalty=1.5,1044,[0],0,no_op:none:none,0,[0],false
corruption_penalty=1.5,1045,[0],0,no_op:none:none,1.25,[0],false
corruption_penalty=1.5,1046,"[1,10,19]",1,intervention:L16_CWE-120_B:Low,-0.05,"[1,10,19]",false
corruption_penalty=1.5,1048,"[1,10,19]",1,intervention:L16_CWE-120_B:Low,-0.05,"[1,10,19]",false
corruption_penalty=1.5,1049,"[1,10,19]",1,intervention:L16_CWE-120_B:Low,-0.05,"[1,10,19]",false
corruption_penalty=1.5,1050,[0],0,no_op:none:none,0,[0],false
corruption_penalty=1.5,1051,"[1,10,19]",1,intervention:L16_CWE-120_B:Low,-0.05,"[1,10,19]",false
corruption_penalty=1.5,1053,"[1,10,19]",1,intervention:L16_CWE-120_B:Low,-0.05,"[1,10,19]",false
corruption_penalty=1.5,1054,[0],0,no_op:none:none,0,[0],false
corruption_penalty=1.5,1055,"[1,10]",1,intervention:L16_CWE-120_B:Low,-0.05,"[1,10]",false
corruption_penalty=1.5,1056,[0],0,no_op:none:none,0,[0],false
corruption_penalty=1.5,1057,"[1,10,19]",1,intervention:L16_CWE-120_B:Low,-0.05,"[1,10,19]",false
corruption_penalty=1.5,1058,[0],0,no_op:none:none,0,[0],false
corruption_penalty=1.5,1060,[0],0,no_op:none:none,0,[0],false
corruption_penalty=1.5,1061,"[1,10]",1,intervention:L16_CWE-120_B:Low,-0.05,"[1,10]",false
corruption_penalty=1.5,1062,[0],0,no_op:none:none,0,[0],false
corruption_penalty=1.5,1063,[0],0,no_op:none:none,0,[0],false
corruption_penalty=1.5,1065,[0],0,no_op:none:none,0,[0],false
corruption_penalty=1.5,1066,[0],0,no_op:none:none,0,[0],false
corruption_penalty=1.5,1067,[0],0,no_op:none:none,0,[0],false
corruption_penalty=1.5,1068,[0],0,no_op:none:none,0,[0],false
corruption_penalty=1.5,1069,"[1,10,19]",1,intervention:L16_CWE-120_B:Low,-0.05,"[1,10,19]",false
corruption_penalty=1.5,1071,[0],0,no_op:none:none,0,[0],false
corruption_penalty=1.5,1072,"[1,10,19]",1,intervention:L16_CWE-120_B:Low,-0.05,"[1,10,19]",false
corruption_penalty=1.5,1073,[0],0,no_op:none:none,0,[0],false
corruption_penalty=1.5,1074,[0],0,no_op:none:none,0,[0],false
corruption_penalty=1.5,1075,[0],0,no_op:none:none,0,[0],false
corruption_penalty=1.5,1076,"[1,10,19]",1,intervention:L16_CWE-120_B:Low,-0.05,"[1,10,19]",false
corruption_penalty=1.5,1077,[0],0,no_op:none:none,0,[0],false
corruption_penalty=1.5,1078,[0],0,no_op:none:none,0,[0],false
corruption_penalty=1.5,1079,"[1,10]",1,intervention:L16_CWE-120_B:Low,-0.05,"[1,10]",false
corruption_penalty=1.5,1081,[0],0,no_op:none:none,0,[0],false
corruption_penalty=1.5,1082,"[10,19]",10,intervention:L23_CWE-327_A:Low,-0.05,"[10,19]",false
corruption_penalty=1.5,1084,"[1,10,19]",1,intervention:L16_CWE-120_B:Low,-0.05,"[1,10,19]",false
corruption_penalty=1.5,1085,[0],0,no_op:none:none,0,[0],false
corruption_penalty=1.5,1088,"[1,10,19]",1,intervention:L16_CWE-120_B:Low,-0.05,"[1,10,19]",false
corruption_penalty=1.5,1089,[0],0,no_op:none:none,0,[0],false
corruption_penalty=1.5,1091,"[1,10,19]",1,intervention:L16_CWE-120_B:Low,-0.05,"[1,10,19]",false
corruption_penalty=1.5,1092,"[1,10]",1,intervention:L16_CWE-120_B:Low,-0.05,"[1,10]",false
corruption_penalty=1.5,1094,[0],0,no_op:none:none,0,[0],false
corruption_penalty=1.5,1095,"[1,10,19]",1,intervention:L16_CWE-120_B:Low,-0.05,"[1,10,19]",false
corruption_penalty=1.5,1096,"[1,10,19]",1,intervention:L16_CWE-120_B:Low,-0.05,"[1,10,19]",false
corruption_penalty=1.5,1097,[0],0,no_op:none:none,0,[0],false
corruption_penalty=1.5,1100,"[1,10,19]",1,intervention:L16_CWE-120_B:Low,-0.05,"[1,10,19]",false
corruption_penalty=1.5,1102,"[10,19]",10,intervention:L23_CWE-327_A:Low,-0.05,"[10,19]",false
corruption_penalty=1.5,1105,"[1,10]",1,intervention:L16_CWE-120_B:Low,-0.05,"[1,10]",false
corruption_penalty=1.5,1106,"[1,10]",1,intervention:L16_CWE-120_B:Low,1.2,"[1,10]",false
corruption_penalty=1.5,1108,[0],0,no_op:none:none,0,[0],false
corruption_penalty=1.5,1109,[0],0,no_op:none:none,0,[0],false
corruption_penalty=1.5,1111,[0],0,no_op:none:none,0,[0],false
corruption_penalty=1.5,1113,[0],0,no_op:none:none,0,[0],false
corruption_penalty=1.5,1114,"[1,10,19]",1,intervention:L16_CWE-120_B:Low,-0.05,"[1,10,19]",false
corruption_penalty=1.5,1115,"[1,10,19]",1,intervention:L16_CWE-120_B:Low,-0.05,"[1,10,19]",false
corruption_penalty=1.5,1118,[0],0,no_op:none:none,0,[0],false
corruption_penalty=1.5,1119,[0],0,no_op:none:none,0,[0],false
corruption_penalty=1.5,1120,"[1,10,19]",1,intervention:L16_CWE-120_B:Low,-0.05,"[1,10,19]",false
corruption_penalty=1.5,1121,[0],0,no_op:none:none,0,[0],false
corruption_penalty=1.5,1122,"[1,10]",1,intervention:L16_CWE-120_B:Low,1.2,"[1,10]",false
corruption_penalty=1.5,1123,"[1,10]",1,intervention:L16_CWE-120_B:Low,1.2,"[1,10]",false
corruption_penalty=1.5,1124,"[1,10]",1,intervention:L16_CWE-120_B:Low,1.2,"[1,10]",false
corruption_penalty=1.5,1126,"[1,10,19]",1,intervention:L16_CWE-120_B:Low,-0.05,"[1,10,19]",false
corruption_penalty=1.5,1128,[0],0,no_op:none:none,0,[0],false
corruption_penalty=1.5,1132,"[1,10]",1,intervention:L16_CWE-120_B:Low,-0.05,"[1,10]",false
corruption_penalty=1.5,1136,[0],0,no_op:none:none,0,[0],false
corruption_penalty=1.5,1137,[0],0,no_op:none:none,0,[0],false
corruption_penalty=1.5,1139,[0],0,no_op:none:none,0,[0],false
corruption_penalty=1.5,1141,[0],0,no_op:none:none,0,[0],false
corruption_penalty=1.5,1142,[0],0,no_op:none:none,0,[0],false
corruption_penalty=1.5,1143,[0],0,no_op:none:none,0,[0],false
corruption_penalty=1.5,1144,[0],0,no_op:none:none,0,[0],false
corruption_penalty=1.5,1145,[0],0,no_op:none:none,0,[0],false
corruption_penalty=1.5,1147,"[1,10,19]",1,intervention:L16_CWE-120_B:Low,-0.05,"[1,10,19]",false
corruption_penalty=1.5,1150,[0],0,no_op:none:none,0,[0],false
corruption_penalty=1.5,1151,[0],0,no_op:none:none,0,[0],false
corruption_penalty=1.5,1152,[0],0,no_op:none:none,0,[0],false
corruption_penalty=1.5,1154,[0],0,no_op:none:none,0,[0],false
corruption_penalty=1.5,1155,[10],10,intervention:L23_CWE-327_A:Low,1.2,[10],false
corruption_penalty=1.5,1156,[0],0,no_op:none:none,0,[0],false
corruption_penalty=1.5,1158,[0],0,no_op:none:none,0,[0],false
corruption_penalty=1.5,1159,[0],0,no_op:none:none,0,[0],false
corruption_penalty=1.5,1160,[0],0,no_op:none:none,0,[0],false
corruption_penalty=1.5,1162,"[1,10]",1,intervention:L16_CWE-120_B:Low,1.2,"[1,10]",false
corruption_penalty=1.5,1163,"[1,10]",1,intervention:L16_CWE-120_B:Low,1.2,"[1,10]",false
corruption_penalty=1.5,1164,[0],0,no_op:none:none,0,[0],false
corruption_penalty=1.5,1165,[0],0,no_op:none:none,0,[0],false
corruption_penalty=1.5,1167,[0],0,no_op:none:none,0,[0],false
corruption_penalty=1.5,1168,[0],0,no_op:none:none,0,[0],false
corruption_penalty=1.5,1170,[0],0,no_op:none:none,0,[0],false
corruption_penalty=1.5,1171,[0],0,no_op:none:none,0,[0],false
corruption_penalty=1.5,1172,[0],0,no_op:none:none,0,[0],false
corruption_penalty=1.5,1173,[0],0,no_op:none:none,0,[0],false
corruption_penalty=1.5,1174,"[1,10]",1,intervention:L16_CWE-120_B:Low,-0.05,"[1,10]",false
corruption_penalty=1.5,1175,"[1,10]",1,intervention:L16_CWE-120_B:Low,-0.05,"[1,10]",false
corruption_penalty=1.5,1176,[0],0,no_op:none:none,0,[0],false
corruption_penalty=1.5,1177,[0],0,no_op:none:none,0,[0],false
corruption_penalty=1.5,1178,"[1,10]",1,intervention:L16_CWE-120_B:Low,-0.05,"[1,10]",false
corruption_penalty=1.5,1179,"[1,10]",1,intervention:L16_CWE-120_B:Low,-0.05,"[1,10]",false
corruption_penalty=1.5,1181,[0],0,no_op:none:none,0,[0],false
corruption_penalty=1.5,1183,[0],0,no_op:none:none,0,[0],false
corruption_penalty=1.5,1184,[0],0,no_op:none:none,0,[0],false
corruption_penalty=1.5,1187,[0],0,no_op:none:none,0,[0],false
corruption_penalty=1.5,1188,"[1,10]",1,intervention:L16_CWE-120_B:Low,-0.05,"[1,10]",false
corruption_penalty=1.5,1190,[0],0,no_op:none:none,0,[0],false
corruption_penalty=1.5,1191,"[1,10]",1,intervention:L16_CWE-120_B:Low,1.2,"[1,10]",false
corruption_penalty=1.5,1193,[0],0,no_op:none:none,0,[0],false
corruption_penalty=1.5,1194,"[1,10]",1,intervention:L16_CWE-120_B:Low,-0.05,"[1,10]",false
corruption_penalty=1.5,1198,[0],0,no_op:none:none,0,[0],false
corruption_penalty=1.5,1199,[0],0,no_op:none:none,0,[0],false
corruption_penalty=1.5,1200,[0],0,no_op:none:none,0,[0],false
corruption_penalty=1.5,1201,[0],0,no_op:none:none,0,[0],false
corruption_penalty=1.5,1202,[0],0,no_op:none:none,0,[0],false
corruption_penalty=1.5,1203,[0],0,no_op:none:none,0,[0],false
corruption_penalty=1.5,1207,[0],0,no_op:none:none,0,[0],false
corruption_penalty=1.5,1208,[0],0,no_op:none:none,0,[0],false
corruption_penalty=1.5,1210,[0],0,no_op:none:none,0,[0],false
corruption_penalty=1.5,1211,[0],0,no_op:none:none,0,[0],false
corruption_penalty=1.5,1212,[0],0,no_op:none:none,0,[0],false
corruption_penalty=1.5,1213,[0],0,no_op:none:none,0,[0],false
corruption_penalty=1.5,1214,[0],0,no_op:none:none,0,[0],false
corruption_penalty=1.5,1215,[0],0,no_op:none:none,0,[0],false
corruption_penalty=1.5,1216,[0],0,no_op:none:none,0,[0],false
corruption_penalty=1.5,1219,[0],0,no_op:none:none,0,[0],false
corruption_penalty=1.5,1222,[0],0,no_op:none:none,0,[0],false
corruption_penalty=1.5,1223,[0],0,no_op:none:none,0,[0],false
corruption_penalty=1.5,1224,[0],0,no_op:none:none,0,[0],false
corruption_penalty=1.5,1225,[0],0,no_op:none:none,0,[0],false
corruption_penalty=1.5,1227,[0],0,no_op:none:none,0,[0],false
corruption_penalty=1.5,1228,[0],0,no_op:none:none,0,[0],false
corruption_penalty=1.5,1229,[0],0,no_op:none:none,0,[0],false
corruption_penalty=1.5,1230,[0],0,no_op:none:none,0,[0],false
corruption_penalty=1.5,1231,[0],0,no_op:none:none,0,[0],false
corruption_penalty=1.5,1233,[0],0,no_op:none:none,0,[0],false
corruption_penalty=1.5,1234,[0],0,no_op:none:none,0,[0],false
corruption_penalty=1.5,1235,[0],0,no_op:none:none,0,[0],false
corruption_penalty=1.5,1237,[0],0,no_op:none:none,0,[0],false
corruption_penalty=1.5,1239,[0],0,no_op:none:none,0,[0],false
corruption_penalty=1.5,1240,[0],0,no_op:none:none,0,[0],false
corruption_penalty=1.5,1243,[0],0,no_op:none:none,0,[0],false
corruption_penalty=1.5,1244,[0],0,no_op:none:none,0,[0],false
corruption_penalty=1.5,1245,[0],0,no_op:none:none,0,[0],false
corruption_penalty=1.5,1246,[0],0,no_op:none:none,0,[0],false
corruption_penalty=1.5,1248,[0],0,no_op:none:none,0,[0],false
corruption_penalty=1.5,1249,[0],0,no_op:none:none,0,[0],false
corruption_penalty=1.5,1250,[0],0,no_op:none:none,0,[0],false
corruption_penalty=1.5,1251,[0],0,no_op:none:none,0,[0],false
corruption_penalty=1.5,1253,[0],0,no_op:none:none,0,[0],false
corruption_penalty=1.5,1254,[0],0,no_op:none:none,0,[0],false
corruption_penalty=1.5,1255,[0],0,no_op:none:none,0,[0],false
corruption_penalty=1.5,1256,[0],0,no_op:none:none,0,[0],false
corruption_penalty=1.5,1257,[0],0,no_op:none:none,0,[0],false
corruption_penalty=1.5,1258,[0],0,no_op:none:none,0,[0],false
corruption_penalty=1.5,1259,[0],0,no_op:none:none,0,[0],false
corruption_penalty=1.5,1260,[0],0,no_op:none:none,0,[0],false
corruption_penalty=1.5,1261,[0],0,no_op:none:none,0,[0],false
corruption_penalty=1.5,1262,[0],0,no_op:none:none,0,[0],false
corruption_penalty=1.5,1263,[0],0,no_op:none:none,0,[0],false
corruption_penalty=1.5,1264,[0],0,no_op:none:none,0,[0],false
corruption_penalty=1.5,1265,[0],0,no_op:none:none,0,[0],false
corruption_penalty=1.5,1267,[0],0,no_op:none:none,0,[0],false
corruption_penalty=1.5,1269,[0],0,no_op:none:none,0,[0],false
corruption_penalty=1.5,1270,[0],0,no_op:none:none,0,[0],false
corruption_penalty=1.5,1273,[0],0,no_op:none:none,0,[0],false
corruption_penalty=1.5,1274,[0],0,no_op:none:none,0,[0],false
corruption_penalty=1.5,1275,[0],0,no_op:none:none,0,[0],false
corruption_penalty=1.5,1276,[0],0,no_op:none:none,0,[0],false
corruption_penalty=1.5,1277,[0],0,no_op:none:none,0,[0],false
corruption_penalty=1.5,1278,[0],0,no_op:none:none,0,[0],false
corruption_penalty=1.5,1279,[0],0,no_op:none:none,0,[0],false
corruption_penalty=1.5,1281,[0],0,no_op:none:none,0,[0],false
corruption_penalty=1.5,1282,[0],0,no_op:none:none,0,[0],false
corruption_penalty=1.5,1283,[0],0,no_op:none:none,0,[0],false
corruption_penalty=1.5,1284,[0],0,no_op:none:none,0,[0],false
corruption_penalty=1.5,1286,[0],0,no_op:none:none,0,[0],false
corruption_penalty=1.5,1288,[0],0,no_op:none:none,0,[0],false
corruption_penalty=1.5,1289,[0],0,no_op:none:none,0,[0],false
corruption_penalty=1.5,1290,[0],0,no_op:none:none,0,[0],false
corruption_penalty=1.5,1291,[0],0,no_op:none:none,0,[0],false
corruption_penalty=1.5,1293,[0],0,no_op:none:none,0,[0],false
corruption_penalty=1.5,1294,[0],0,no_op:none:none,0,[0],false
corruption_penalty=1.5,1295,[0],0,no_op:none:none,0,[0],false
corruption_penalty=1.5,1296,[0],0,no_op:none:none,0,[0],false
corruption_penalty=1.5,1297,[0],0,no_op:none:none,0,[0],false
corruption_penalty=1.5,1302,[0],0,no_op:none:none,0,[0],false
corruption_penalty=1.5,1303,[0],0,no_op:none:none,0,[0],false
corruption_penalty=1.5,1305,[0],0,no_op:none:none,0,[0],false
corruption_penalty=1.5,1306,[0],0,no_op:none:none,0,[0],false
corruption_penalty=1.5,1307,[0],0,no_op:none:none,0,[0],false
corruption_penalty=1.5,1311,[0],0,no_op:none:none,0,[0],false
corruption_penalty=1.5,1314,[0],0,no_op:none:none,0,[0],false
corruption_penalty=1.5,1315,[0],0,no_op:none:none,0,[0],false
corruption_penalty=1.5,1317,[0],0,no_op:none:none,0,[0],false
corruption_penalty=1.5,1318,[0],0,no_op:none:none,0,[0],false
corruption_penalty=1.5,1319,[0],0,no_op:none:none,0,[0],false
corruption_penalty=1.5,1320,[0],0,no_op:none:none,0,[0],false
corruption_penalty=1.5,1322,[0],0,no_op:none:none,0,[0],false
corruption_penalty=1.5,1324,[0],0,no_op:none:none,0,[0],false
corruption_penalty=1.5,1325,[0],0,no_op:none:none,0,[0],false
corruption_penalty=1.5,1326,[0],0,no_op:none:none,0,[0],false
corruption_penalty=1.5,1328,[0],0,no_op:none:none,0,[0],false
corruption_penalty=1.5,1329,[0],0,no_op:none:none,0,[0],false
corruption_penalty=1.5,1331,[0],0,no_op:none:none,0,[0],false
corruption_penalty=1.5,1332,[0],0,no_op:none:none,0,[0],false
corruption_penalty=1.5,1333,[0],0,no_op:none:none,0,[0],false
corruption_penalty=1.5,1334,[0],0,no_op:none:none,0,[0],false
corruption_penalty=1.5,1336,[0],0,no_op:none:none,0,[0],false
corruption_penalty=1.5,1337,[0],0,no_op:none:none,0,[0],false
corruption_penalty=1.5,1340,[0],0,no_op:none:none,0,[0],false
corruption_penalty=1.5,1341,[0],0,no_op:none:none,0,[0],false
corruption_penalty=1.5,1343,[0],0,no_op:none:none,0,[0],false
corruption_penalty=1.5,1344,[0],0,no_op:none:none,0,[0],false
corruption_penalty=1.5,1345,[0],0,no_op:none:none,0,[0],false
corruption_penalty=1.5,1347,[0],0,no_op:none:none,0,[0],false
corruption_penalty=1.5,1348,[0],0,no_op:none:none,0,[0],false
corruption_penalty=1.5,1350,[0],0,no_op:none:none,0,[0],false
corruption_penalty=1.5,1353,[0],0,no_op:none:none,0,[0],false
corruption_penalty=1.5,1356,[0],0,no_op:none:none,0,[0],false
corruption_penalty=1.5,1357,[0],0,no_op:none:none,0,[0],false
corruption_penalty=1.5,1359,[0],0,no_op:none:none,0,[0],false
corruption_penalty=1.5,1360,[0],0,no_op:none:none,0,[0],false
corruption_penalty=1.5,1361,[0],0,no_op:none:none,0,[0],false
corruption_penalty=1.5,1362,[0],0,no_op:none:none,0,[0],false
corruption_penalty=1.5,1364,[0],0,no_op:none:none,0,[0],false
corruption_penalty=1.5,1366,[0],0,no_op:none:none,0,[0],false
corruption_penalty=1.5,1368,[0],0,no_op:none:none,0,[0],false
corruption_penalty=1.5,1369,[0],0,no_op:none:none,0,[0],false
corruption_penalty=1.5,1373,[0],0,no_op:none:none,0,[0],false
corruption_penalty=1.5,1374,[0],0,no_op:none:none,0,[0],false
corruption_penalty=1.5,1376,[0],0,no_op:none:none,0,[0],false
corruption_penalty=1.5,1377,[0],0,no_op:none:none,0,[0],false
corruption_penalty=1.5,1378,[0],0,no_op:none:none,0,[0],false
corruption_penalty=1.5,1380,[0],0,no_op:none:none,0,[0],false
corruption_penalty=1.5,1381,[0],0,no_op:none:none,0,[0],false
corruption_penalty=1.5,1383,[0],0,no_op:none:none,0,[0],false
corruption_penalty=1.5,1384,[0],0,no_op:none:none,0,[0],false
corruption_penalty=1.5,1386,[0],0,no_op:none:none,0,[0],false
corruption_penalty=1.5,1387,[0],0,no_op:none:none,0,[0],false
corruption_penalty=1.5,1388,[0],0,no_op:none:none,0,[0],false
corruption_penalty=1.5,1389,[0],0,no_op:none:none,0,[0],false
corruption_penalty=1.5,1390,[0],0,no_op:none:none,0,[0],false
corruption_penalty=1.5,1391,[0],0,no_op:none:none,0,[0],false
corruption_penalty=1.5,1392,[0],0,no_op:none:none,0,[0],false
corruption_penalty=1.5,1394,[0],0,no_op:none:none,0,[0],false
corruption_penalty=1.5,1395,[0],0,no_op:none:none,0,[0],false
corruption_penalty=1.5,1397,[0],0,no_op:none:none,0,[0],false
corruption_penalty=1.5,1398,[0],0,no_op:none:none,0,[0],false
corruption_penalty=1.5,1400,[0],0,no_op:none:none,0,[0],false
corruption_penalty=1.5,1401,[0],0,no_op:none:none,0,[0],false
corruption_penalty=1.5,1403,[0],0,no_op:none:none,0,[0],false
corruption_penalty=1.5,1404,[0],0,no_op:none:none,0,[0],false
corruption_penalty=1.5,1405,[0],0,no_op:none:none,0,[0],false
corruption_penalty=1.5,1406,[0],0,no_op:none:none,0,[0],false
corruption_penalty=1.5,1408,[0],0,no_op:none:none,0,[0],false
corruption_penalty=1.5,1410,[0],0,no_op:none:none,0,[0],false
corruption_penalty=1.5,1411,[0],0,no_op:none:none,0,[0],false
corruption_penalty=1.5,1413,[0],0,no_op:none:none,0,[0],false
corruption_penalty=1.5,1414,[0],0,no_op:none:none,0,[0],false
corruption_penalty=1.5,1416,[0],0,no_op:none:none,0,[0],false
corruption_penalty=1.5,1417,[0],0,no_op:none:none,0,[0],false
corruption_penalty=1.5,1418,[0],0,no_op:none:none,0,[0],false
corruption_penalty=1.5,1419,[0],0,no_op:none:none,0,[0],false
corruption_penalty=1.5,1420,[0],0,no_op:none:none,0,[0],false
corruption_penalty=1.5,1421,[0],0,no_op:none:none,0,[0],false
corruption_penalty=1.5,1422,[0],0,no_op:none:none,0,[0],false
corruption_penalty=1.5,1423,[0],0,no_op:none:none,0,[0],false
corruption_penalty=1.5,1424,[0],0,no_op:none:none,0,[0],false
corruption_penalty=1.5,1425,[0],0,no_op:none:none,0,[0],false
corruption_penalty=1.5,1427,[0],0,no_op:none:none,0,[0],false
corruption_penalty=1.5,1428,[1],1,intervention:L16_CWE-120_B:Low,-0.05,[1],false
corruption_penalty=1.5,1430,[0],0,no_op:none:none,0,[0],false
corruption_penalty=1.5,1431,[0],0,no_op:none:none,0,[0],false
corruption_penalty=1.5,1432,[0],0,no_op:none:none,0,[0],false
corruption_penalty=1.5,1433,[0],0,no_op:none:none,0,[0],false
corruption_penalty=1.5,1434,[0],0,no_op:none:none,0,[0],false
corruption_penalty=1.5,1435,[0],0,no_op:none:none,0,[0],false
corruption_penalty=1.5,1438,[0],0,no_op:none:none,0,[0],false
corruption_penalty=1.5,1439,[0],0,no_op:none:none,0,[0],false
corruption_penalty=1.5,1441,[0],0,no_op:none:none,0,[0],false
corruption_penalty=1.5,1443,[0],0,no_op:none:none,0,[0],false
corruption_penalty=1.5,1444,[0],0,no_op:none:none,0,[0],false
corruption_penalty=1.5,1445,[0],0,no_op:none:none,0,[0],false
corruption_penalty=1.5,1446,[0],0,no_op:none:none,0,[0],false
corruption_penalty=1.5,1447,[0],0,no_op:none:none,0,[0],false
corruption_penalty=1.5,1448,[0],0,no_op:none:none,0,[0],false
corruption_penalty=1.5,1450,[0],0,no_op:none:none,0,[0],false
corruption_penalty=1.5,1451,[0],0,no_op:none:none,0,[0],false
corruption_penalty=1.5,1452,[0],0,no_op:none:none,0,[0],false
corruption_penalty=1.5,1453,[0],0,no_op:none:none,0,[0],false
corruption_penalty=1.5,1454,[0],0,no_op:none:none,0,[0],false
corruption_penalty=1.5,1455,[0],0,no_op:none:none,0,[0],false
corruption_penalty=1.5,1456,[0],0,no_op:none:none,0,[0],false
corruption_penalty=1.5,1457,[0],0,no_op:none:none,0,[0],false
corruption_penalty=1.5,1458,[0],0,no_op:none:none,0,[0],false
corruption_penalty=1.5,1459,[0],0,no_op:none:none,0,[0],false
corruption_penalty=1.5,1462,[0],0,no_op:none:none,0,[0],false
corruption_penalty=1.5,1463,[0],0,no_op:none:none,0,[0],false
corruption_penalty=1.5,1464,[0],0,no_op:none:none,0,[0],false
corruption_penalty=1.5,1465,[0],0,no_op:none:none,0,[0],false
corruption_penalty=1.5,1467,[0],0,no_op:none:none,0,[0],false
corruption_penalty=1.5,1468,[0],0,no_op:none:none,0,[0],false
corruption_penalty=1.5,1469,[0],0,no_op:none:none,0,[0],false
corruption_penalty=1.5,1472,[0],0,no_op:none:none,0,[0],false
corruption_penalty=1.5,1475,[0],0,no_op:none:none,0,[0],false
corruption_penalty=1.5,1477,[0],0,no_op:none:none,0,[0],false
corruption_penalty=1.5,1480,[0],0,no_op:none:none,0,[0],false
corruption_penalty=1.5,1482,[0],0,no_op:none:none,0,[0],false
corruption_penalty=1.5,1483,[0],0,no_op:none:none,0,[0],false
corruption_penalty=1.5,1485,[0],0,no_op:none:none,0,[0],false
corruption_penalty=1.5,1486,[0],0,no_op:none:none,0,[0],false
corruption_penalty=1.5,1487,[0],0,no_op:none:none,0,[0],false
corruption_penalty=1.5,1488,[0],0,no_op:none:none,0,[0],false
corruption_penalty=1.5,1489,[0],0,no_op:none:none,0,[0],false
corruption_penalty=1.5,1490,[0],0,no_op:none:none,0,[0],false
corruption_penalty=1.5,1492,[0],0,no_op:none:none,0,[0],false
corruption_penalty=1.5,1495,[0],0,no_op:none:none,0,[0],false
corruption_penalty=1.5,1497,"[1,10,19]",1,intervention:L16_CWE-120_B:Low,-0.05,"[1,10,19]",false
corruption_penalty=1.5,1499,[0],0,no_op:none:none,0,[0],false
corruption_penalty=1.5,1500,[0],0,no_op:none:none,0,[0],false
corruption_penalty=1.5,1501,[0],0,no_op:none:none,0,[0],false
corruption_penalty=1.5,1503,[0],0,no_op:none:none,0,[0],false
corruption_penalty=1.5,1504,[0],0,no_op:none:none,0,[0],false
corruption_penalty=1.5,1505,[0],0,no_op:none:none,0,[0],false
corruption_penalty=1.5,1507,[0],0,no_op:none:none,0,[0],false
corruption_penalty=1.5,1510,[0],0,no_op:none:none,0,[0],false
corruption_penalty=1.5,1511,[0],0,no_op:none:none,0,[0],false
corruption_penalty=1.5,1512,[0],0,no_op:none:none,0,[0],false
corruption_penalty=1.5,1513,[0],0,no_op:none:none,0,[0],false
corruption_penalty=1.5,1514,[0],0,no_op:none:none,0,[0],false
corruption_penalty=1.5,1515,[0],0,no_op:none:none,0,[0],false
corruption_penalty=1.5,1519,[0],0,no_op:none:none,0,[0],false
corruption_penalty=1.5,1520,[0],0,no_op:none:none,0,[0],false
corruption_penalty=1.5,1521,[0],0,no_op:none:none,0,[0],false
corruption_penalty=1.5,1522,[0],0,no_op:none:none,0,[0],false
corruption_penalty=1.5,1523,[0],0,no_op:none:none,0,[0],false
corruption_penalty=1.5,1524,[0],0,no_op:none:none,0,[0],false
corruption_penalty=1.5,1526,[0],0,no_op:none:none,0,[0],false
corruption_penalty=1.5,1527,[0],0,no_op:none:none,0,[0],false
corruption_penalty=1.5,1530,[0],0,no_op:none:none,0,[0],false
corruption_penalty=1.5,1532,[0],0,no_op:none:none,0,[0],false
corruption_penalty=1.5,1533,[0],0,no_op:none:none,0,[0],false
corruption_penalty=1.5,1534,[0],0,no_op:none:none,0,[0],false
corruption_penalty=1.5,1535,[0],0,no_op:none:none,0,[0],false
corruption_penalty=1.5,1536,[0],0,no_op:none:none,0,[0],false
corruption_penalty=1.5,1538,[0],0,no_op:none:none,0,[0],false
corruption_penalty=1.5,1539,[0],0,no_op:none:none,0,[0],false
corruption_penalty=1.5,1541,[0],0,no_op:none:none,0,[0],false
corruption_penalty=1.5,1542,[0],0,no_op:none:none,0,[0],false
corruption_penalty=1.5,1545,[0],0,no_op:none:none,0,[0],false
corruption_penalty=1.5,1548,[0],0,no_op:none:none,0,[0],false
corruption_penalty=1.5,1549,[0],0,no_op:none:none,0,[0],false
corruption_penalty=1.5,1550,[0],0,no_op:none:none,0,[0],false
corruption_penalty=1.5,1551,[0],0,no_op:none:none,0,[0],false
corruption_penalty=1.5,1552,[0],0,no_op:none:none,0,[0],false
corruption_penalty=1.5,1553,[0],0,no_op:none:none,0,[0],false
corruption_penalty=1.5,1555,[0],0,no_op:none:none,0,[0],false
corruption_penalty=1.5,1556,[0],0,no_op:none:none,0,[0],false
corruption_penalty=1.5,1558,[0],0,no_op:none:none,0,[0],false
corruption_penalty=1.5,1559,[0],0,no_op:none:none,0,[0],false
corruption_penalty=1.5,1562,[0],0,no_op:none:none,0,[0],false
corruption_penalty=1.5,1564,[0],0,no_op:none:none,0,[0],false
corruption_penalty=1.5,1565,[0],0,no_op:none:none,0,[0],false
corruption_penalty=1.5,1566,[0],0,no_op:none:none,1,[0],false
corruption_penalty=1.5,1567,[0],0,no_op:none:none,0,[0],false
corruption_penalty=1.5,1569,[0],0,no_op:none:none,0,[0],false
corruption_penalty=1.5,1571,[0],0,no_op:none:none,0,[0],false
corruption_penalty=1.5,1575,[0],0,no_op:none:none,0,[0],false
corruption_penalty=1.5,1576,[0],0,no_op:none:none,0,[0],false
corruption_penalty=1.5,1577,[0],0,no_op:none:none,0,[0],false
corruption_penalty=1.5,1578,"[1,10,19]",1,intervention:L16_CWE-120_B:Low,-0.05,"[1,10,19]",false
corruption_penalty=1.5,1579,[0],0,no_op:none:none,0,[0],false
corruption_penalty=1.5,1580,[0],0,no_op:none:none,0,[0],false
corruption_penalty=1.5,1581,[0],0,no_op:none:none,0,[0],false
corruption_penalty=1.5,1584,[0],0,no_op:none:none,0,[0],false
corruption_penalty=1.5,1586,[0],0,no_op:none:none,0,[0],false
corruption_penalty=1.5,1587,[0],0,no_op:none:none,0,[0],false
corruption_penalty=1.5,1588,[0],0,no_op:none:none,0,[0],false
corruption_penalty=1.5,1592,[19],19,intervention:L23_CWE-89_A:Low,-0.05,[19],false
corruption_penalty=1.5,1593,[0],0,no_op:none:none,0,[0],false
corruption_penalty=1.5,1595,[0],0,no_op:none:none,0,[0],false
corruption_penalty=1.5,1596,"[1,10,19]",1,intervention:L16_CWE-120_B:Low,-0.05,"[1,10,19]",false
corruption_penalty=1.5,1597,[19],19,intervention:L23_CWE-89_A:Low,0.95,[19],false
corruption_penalty=1.5,1599,[0],0,no_op:none:none,0,[0],false
corruption_penalty=1.5,1600,[0],0,no_op:none:none,0,[0],false
corruption_penalty=1.5,1601,[0],0,no_op:none:none,0,[0],false
corruption_penalty=1.5,1602,[0],0,no_op:none:none,0,[0],false
corruption_penalty=1.5,1603,[0],0,no_op:none:none,1,[0],false
corruption_penalty=1.5,1605,[0],0,no_op:none:none,0,[0],false
corruption_penalty=1.5,1608,"[1,19]",1,intervention:L16_CWE-120_B:Low,-0.05,"[1,19]",false
corruption_penalty=1.5,1609,[0],0,no_op:none:none,0,[0],false
corruption_penalty=1.5,1610,[0],0,no_op:none:none,0,[0],false
corruption_penalty=1.5,1611,[0],0,no_op:none:none,0,[0],false
corruption_penalty=1.5,1612,[0],0,no_op:none:none,0,[0],false
corruption_penalty=1.5,1614,[0],0,no_op:none:none,0,[0],false
corruption_penalty=1.5,1615,[0],0,no_op:none:none,1,[0],false
corruption_penalty=1.5,1616,"[1,10,19]",1,intervention:L16_CWE-120_B:Low,-0.05,"[1,10,19]",false
corruption_penalty=1.5,1617,[0],0,no_op:none:none,0,[0],false
corruption_penalty=1.5,1620,[0],0,no_op:none:none,0,[0],false
corruption_penalty=1.5,1621,[0],0,no_op:none:none,0,[0],false
corruption_penalty=1.5,1623,[0],0,no_op:none:none,0,[0],false
corruption_penalty=1.5,1624,[0],0,no_op:none:none,0,[0],false
corruption_penalty=1.5,1626,[0],0,no_op:none:none,0,[0],false
corruption_penalty=1.5,1628,"[1,10,19]",1,intervention:L16_CWE-120_B:Low,-0.05,"[1,10,19]",false
corruption_penalty=1.5,1629,"[1,10,19]",1,intervention:L16_CWE-120_B:Low,-0.05,"[1,10,19]",false
corruption_penalty=1.5,1630,[0],0,no_op:none:none,0,[0],false
corruption_penalty=1.5,1631,[0],0,no_op:none:none,0,[0],false
corruption_penalty=1.5,1632,[0],0,no_op:none:none,0,[0],false
corruption_penalty=1.5,1633,[0],0,no_op:none:none,0,[0],false
corruption_penalty=1.5,1634,[0],0,no_op:none:none,0,[0],false
corruption_penalty=1.5,1636,[0],0,no_op:none:none,0,[0],false
corruption_penalty=1.5,1637,"[1,10,19]",1,intervention:L16_CWE-120_B:Low,-0.05,"[1,10,19]",false
corruption_penalty=1.5,1639,[0],0,no_op:none:none,0,[0],false
corruption_penalty=1.5,1640,[0],0,no_op:none:none,0,[0],false
corruption_penalty=1.5,1641,[0],0,no_op:none:none,0,[0],false
corruption_penalty=1.5,1642,[0],0,no_op:none:none,0,[0],false
corruption_penalty=1.5,1643,[0],0,no_op:none:none,1,[0],false
corruption_penalty=1.5,1644,[0],0,no_op:none:none,0,[0],false
corruption_penalty=1.5,1645,"[1,10,19]",1,intervention:L16_CWE-120_B:Low,-0.05,"[1,10,19]",false
corruption_penalty=1.5,1646,[0],0,no_op:none:none,0,[0],false
corruption_penalty=1.5,1647,[0],0,no_op:none:none,0,[0],false
corruption_penalty=1.5,1649,"[1,10,19]",1,intervention:L16_CWE-120_B:Low,-0.05,"[1,10,19]",false
corruption_penalty=1.5,1651,[0],0,no_op:none:none,0,[0],false
corruption_penalty=1.5,1654,[0],0,no_op:none:none,0,[0],false
corruption_penalty=1.5,1655,[0],0,no_op:none:none,1,[0],false
corruption_penalty=1.5,1658,"[1,10,19]",1,intervention:L16_CWE-120_B:Low,-0.05,"[1,10,19]",false
corruption_penalty=1.5,1659,[0],0,no_op:none:none,0,[0],false
corruption_penalty=1.5,1660,[0],0,no_op:none:none,0,[0],false
corruption_penalty=1.5,1661,"[1,10,19]",1,intervention:L16_CWE-120_B:Low,-0.05,"[1,10,19]",false
corruption_penalty=1.5,1662,[0],0,no_op:none:none,0,[0],false
corruption_penalty=1.5,1663,[0],0,no_op:none:none,0,[0],false
corruption_penalty=1.5,1665,"[1,10,19]",1,intervention:L16_CWE-120_B:Low,-0.05,"[1,10,19]",false
corruption_penalty=1.5,1667,[0],0,no_op:none:none,0,[0],false
corruption_penalty=1.5,1668,[0],0,no_op:none:none,0,[0],false
corruption_penalty=1.5,1669,[0],0,no_op:none:none,0,[0],false
corruption_penalty=1.5,1670,[0],0,no_op:none:none,1,[0],false
corruption_penalty=1.5,1672,[0],0,no_op:none:none,0,[0],false
corruption_penalty=1.5,1674,[0],0,no_op:none:none,0,[0],false
corruption_penalty=1.5,1675,[0],0,no_op:none:none,0,[0],false
corruption_penalty=1.5,1676,[0],0,no_op:none:none,0,[0],false
corruption_penalty=1.5,1677,"[1,10,19]",1,intervention:L16_CWE-120_B:Low,-0.05,"[1,10,19]",false
corruption_penalty=1.5,1678,[0],0,no_op:none:none,0,[0],false
corruption_penalty=1.5,1679,[0],0,no_op:none:none,0,[0],false
corruption_penalty=1.5,1680,[0],0,no_op:none:none,0,[0],false
corruption_penalty=1.5,1681,[0],0,no_op:none:none,0,[0],false
corruption_penalty=1.5,1682,[0],0,no_op:none:none,0,[0],false
corruption_penalty=1.5,1684,[0],0,no_op:none:none,0,[0],false
corruption_penalty=1.5,1685,"[1,19]",1,intervention:L16_CWE-120_B:Low,-0.05,"[1,19]",false
corruption_penalty=1.5,1686,[0],0,no_op:none:none,0,[0],false
corruption_penalty=1.5,1687,[0],0,no_op:none:none,0,[0],false
corruption_penalty=1.5,1688,[0],0,no_op:none:none,1,[0],false
corruption_penalty=1.5,1689,[0],0,no_op:none:none,0,[0],false
corruption_penalty=1.5,1690,[0],0,no_op:none:none,0,[0],false
corruption_penalty=1.5,1691,[0],0,no_op:none:none,0,[0],false
corruption_penalty=1.5,1693,"[10,19]",10,intervention:L23_CWE-327_A:Low,-0.05,"[10,19]",false
corruption_penalty=1.5,1695,[0],0,no_op:none:none,1,[0],false
corruption_penalty=1.5,1696,[0],0,no_op:none:none,0,[0],false
corruption_penalty=1.5,1697,"[1,10,19]",1,intervention:L16_CWE-120_B:Low,-0.05,"[1,10,19]",false
corruption_penalty=1.5,1699,[0],0,no_op:none:none,0,[0],false
corruption_penalty=1.5,1702,[0],0,no_op:none:none,0,[0],false
corruption_penalty=1.5,1703,[0],0,no_op:none:none,0,[0],false
corruption_penalty=1.5,1704,[0],0,no_op:none:none,1,[0],false
corruption_penalty=1.5,1705,[0],0,no_op:none:none,0,[0],false
corruption_penalty=1.5,1706,[0],0,no_op:none:none,0,[0],false
corruption_penalty=1.5,1707,[0],0,no_op:none:none,0,[0],false
corruption_penalty=1.5,1709,[0],0,no_op:none:none,0,[0],false
corruption_penalty=1.5,1710,[0],0,no_op:none:none,0,[0],false
corruption_penalty=1.5,1711,"[10,19]",10,intervention:L23_CWE-327_A:Low,-0.05,"[10,19]",false
corruption_penalty=1.5,1715,[0],0,no_op:none:none,0,[0],false
corruption_penalty=1.5,1716,"[1,10,19]",1,intervention:L16_CWE-120_B:Low,-0.05,"[1,10,19]",false
corruption_penalty=1.5,1717,[0],0,no_op:none:none,0,[0],false
corruption_penalty=1.5,1718,[0],0,no_op:none:none,0,[0],false
corruption_penalty=1.5,1719,"[10,19]",10,intervention:L23_CWE-327_A:Low,-0.05,"[10,19]",false
corruption_penalty=1.5,1720,"[1,10,19]",1,intervention:L16_CWE-120_B:Low,-0.05,"[1,10,19]",false
corruption_penalty=1.5,1722,[0],0,no_op:none:none,0,[0],false
corruption_penalty=1.5,1723,[0],0,no_op:none:none,0,[0],false
corruption_penalty=1.5,1724,[0],0,no_op:none:none,0,[0],false
corruption_penalty=1.5,1725,[0],0,no_op:none:none,0,[0],false
corruption_penalty=1.5,1727,[0],0,no_op:none:none,0,[0],false
corruption_penalty=1.5,1729,"[1,19]",1,intervention:L16_CWE-120_B:Low,-0.05,"[1,19]",false
corruption_penalty=1.5,1730,[0],0,no_op:none:none,0,[0],false
corruption_penalty=1.5,1732,[0],0,no_op:none:none,0,[0],false
corruption_penalty=1.5,1733,[0],0,no_op:none:none,0,[0],false
corruption_penalty=1.5,1734,[0],0,no_op:none:none,0,[0],false
corruption_penalty=1.5,1739,[0],0,no_op:none:none,0,[0],false
corruption_penalty=1.5,1740,"[1,10,19]",1,intervention:L16_CWE-120_B:Low,-0.05,"[1,10,19]",false
corruption_penalty=1.5,1741,[0],0,no_op:none:none,0,[0],false
corruption_penalty=1.5,1743,"[1,10,19]",1,intervention:L16_CWE-120_B:Low,-0.05,"[1,10,19]",false
corruption_penalty=1.5,1747,[0],0,no_op:none:none,0,[0],false
corruption_penalty=1.5,1748,[0],0,no_op:none:none,1,[0],false
corruption_penalty=1.5,1749,[0],0,no_op:none:none,0,[0],false
corruption_penalty=1.5,1752,[0],0,no_op:none:none,1,[0],false
corruption_penalty=1.5,1753,"[1,10,19]",1,intervention:L16_CWE-120_B:Low,-0.05,"[1,10,19]",false
corruption_penalty=1.5,1754,[0],0,no_op:none:none,0,[0],false
corruption_penalty=1.5,1755,[0],0,no_op:none:none,0,[0],false
corruption_penalty=1.5,1757,[0],0,no_op:none:none,0,[0],false
corruption_penalty=1.5,1758,[0],0,no_op:none:none,0,[0],false
corruption_penalty=1.5,1759,[0],0,no_op:none:none,0,[0],false
corruption_penalty=1.5,1762,[0],0,no_op:none:none,0,[0],false
corruption_penalty=1.5,1763,"[1,19]",1,intervention:L16_CWE-120_B:Low,-0.05,"[1,19]",false
corruption_penalty=1.5,1765,[0],0,no_op:none:none,0,[0],false
corruption_penalty=1.5,1766,[0],0,no_op:none:none,0,[0],false
corruption_penalty=1.5,1767,[0],0,no_op:none:none,0,[0],false
corruption_penalty=1.5,1768,[0],0,no_op:none:none,0,[0],false
corruption_penalty=1.5,1769,[0],0,no_op:none:none,0,[0],false
corruption_penalty=1.5,1770,"[1,10,19]",1,intervention:L16_CWE-120_B:Low,-0.05,"[1,10,19]",false
corruption_penalty=1.5,1772,[0],0,no_op:none:none,0,[0],false
corruption_penalty=1.5,1773,[0],0,no_op:none:none,0,[0],false
corruption_penalty=1.5,1776,[0],0,no_op:none:none,0,[0],false
corruption_penalty=1.5,1777,[0],0,no_op:none:none,0,[0],false
corruption_penalty=1.5,1778,[0],0,no_op:none:none,0,[0],false
corruption_penalty=1.5,1779,[0],0,no_op:none:none,0,[0],false
corruption_penalty=1.5,1782,[0],0,no_op:none:none,0,[0],false
corruption_penalty=1.5,1783,"[1,10,19]",1,intervention:L16_CWE-120_B:Low,0.95,"[1,10,19]",false
corruption_penalty=1.5,1784,[0],0,no_op:none:none,0,[0],false
corruption_penalty=1.5,1786,[0],0,no_op:none:none,0,[0],false
corruption_penalty=1.5,1787,[0],0,no_op:none:none,0,[0],false
corruption_penalty=1.5,1788,[0],0,no_op:none:none,0,[0],false
corruption_penalty=1.5,1789,"[1,10,19]",1,intervention:L16_CWE-120_B:Low,-0.05,"[1,10,19]",false
corruption_penalty=1.5,1790,[0],0,no_op:none:none,0,[0],false
corruption_penalty=1.5,1791,[0],0,no_op:none:none,0,[0],false
corruption_penalty=1.5,1792,[0],0,no_op:none:none,0,[0],false
corruption_penalty=1.5,1793,[0],0,no_op:none:none,0,[0],false
corruption_penalty=1.5,1794,[0],0,no_op:none:none,1,[0],false
corruption_penalty=1.5,1795,[0],0,no_op:none:none,0,[0],false
corruption_penalty=1.5,1796,[0],0,no_op:none:none,0,[0],false
corruption_penalty=1.5,1798,[0],0,no_op:none:none,0,[0],false
corruption_penalty=1.5,1799,"[1,10,19]",1,intervention:L16_CWE-120_B:Low,-0.05,"[1,10,19]",false
corruption_penalty=1.5,1800,[0],0,no_op:none:none,0,[0],false
corruption_penalty=1.5,1801,[0],0,no_op:none:none,0,[0],false
corruption_penalty=1.5,1802,[0],0,no_op:none:none,0,[0],false
corruption_penalty=1.5,1803,[0],0,no_op:none:none,0,[0],false
corruption_penalty=1.5,1804,[0],0,no_op:none:none,0,[0],false
corruption_penalty=1.5,1805,[0],0,no_op:none:none,0,[0],false
corruption_penalty=1.5,1807,[0],0,no_op:none:none,0,[0],false
corruption_penalty=1.5,1808,[0],0,no_op:none:none,0,[0],false
corruption_penalty=1.5,1809,[0],0,no_op:none:none,1,[0],false
corruption_penalty=1.5,1811,[0],0,no_op:none:none,0,[0],false
corruption_penalty=1.5,1812,"[1,19]",1,intervention:L16_CWE-120_B:Low,-0.05,"[1,19]",false
corruption_penalty=1.5,1814,[0],0,no_op:none:none,0,[0],false
corruption_penalty=1.5,1816,[0],0,no_op:none:none,0,[0],false
corruption_penalty=1.5,1817,[0],0,no_op:none:none,0,[0],false
corruption_penalty=1.5,1818,[0],0,no_op:none:none,0,[0],false
corruption_penalty=1.5,1819,[0],0,no_op:none:none,0,[0],false
corruption_penalty=1.5,1820,[0],0,no_op:none:none,0,[0],false
corruption_penalty=1.5,1821,[0],0,no_op:none:none,0,[0],false
corruption_penalty=1.5,1822,[0],0,no_op:none:none,0,[0],false
corruption_penalty=1.5,1823,[0],0,no_op:none:none,0,[0],false
corruption_penalty=1.5,1824,[0],0,no_op:none:none,0,[0],false
corruption_penalty=1.5,1825,[0],0,no_op:none:none,0,[0],false
corruption_penalty=1.5,1826,"[1,10,19]",1,intervention:L16_CWE-120_B:Low,-0.05,"[1,10,19]",false
corruption_penalty=1.5,1828,[0],0,no_op:none:none,0,[0],false
corruption_penalty=1.5,1829,[0],0,no_op:none:none,0,[0],false
corruption_penalty=1.5,1830,[0],0,no_op:none:none,0,[0],false
corruption_penalty=1.5,1831,[0],0,no_op:none:none,0,[0],false
corruption_penalty=1.5,1832,[0],0,no_op:none:none,1,[0],false
corruption_penalty=1.5,1835,[0],0,no_op:none:none,0,[0],false
corruption_penalty=1.5,1836,"[1,10,19]",1,intervention:L16_CWE-120_B:Low,-0.05,"[1,10,19]",false
corruption_penalty=1.5,1838,[0],0,no_op:none:none,0,[0],false
corruption_penalty=1.5,1839,[19],19,intervention:L23_CWE-89_A:Low,-0.05,[19],false
corruption_penalty=1.5,1840,[0],0,no_op:none:none,0,[0],false
corruption_penalty=1.5,1841,[0],0,no_op:none:none,0,[0],false
corruption_penalty=1.5,1842,"[10,19]",10,intervention:L23_CWE-327_A:Low,-0.05,"[10,19]",false
corruption_penalty=1.5,1843,[0],0,no_op:none:none,0,[0],false
corruption_penalty=1.5,1844,"[1,10,19]",1,intervention:L16_CWE-120_B:Low,-0.05,"[1,10,19]",false
corruption_penalty=1.5,1845,[0],0,no_op:none:none,0,[0],false
corruption_penalty=1.5,1846,[0],0,no_op:none:none,1,[0],false
corruption_penalty=1.5,1847,[0],0,no_op:none:none,0,[0],false
corruption_penalty=1.5,1848,"[1,10,19]",1,intervention:L16_CWE-120_B:Low,-0.05,"[1,10,19]",false
corruption_penalty=1.5,1850,[0],0,no_op:none:none,1,[0],false
corruption_penalty=1.5,1851,[0],0,no_op:none:none,0,[0],false
corruption_penalty=1.5,1853,[0],0,no_op:none:none,0,[0],false
corruption_penalty=1.5,1855,[0],0,no_op:none:none,0,[0],false
corruption_penalty=1.5,1858,[0],0,no_op:none:none,0,[0],false
corruption_penalty=1.5,1859,[0],0,no_op:none:none,0,[0],false
corruption_penalty=1.5,1860,[0],0,no_op:none:none,1,[0],false
corruption_penalty=1.5,1861,[0],0,no_op:none:none,0,[0],false
corruption_penalty=1.5,1865,"[1,10,19]",1,intervention:L16_CWE-120_B:Low,-0.05,"[1,10,19]",false
corruption_penalty=1.5,1866,"[1,19]",1,intervention:L16_CWE-120_B:Low,0.95,"[1,19]",false
corruption_penalty=1.5,1867,[0],0,no_op:none:none,0,[0],false
corruption_penalty=1.5,1868,"[1,19]",1,intervention:L16_CWE-120_B:Low,-0.05,"[1,19]",false
corruption_penalty=1.5,1872,[0],0,no_op:none:none,0,[0],false
corruption_penalty=1.5,1873,[0],0,no_op:none:none,0,[0],false
corruption_penalty=1.5,1875,[0],0,no_op:none:none,0,[0],false
corruption_penalty=1.5,1876,[0],0,no_op:none:none,1,[0],false
corruption_penalty=1.5,1877,[0],0,no_op:none:none,0,[0],false
corruption_penalty=1.5,1878,"[1,10,19]",1,intervention:L16_CWE-120_B:Low,-0.05,"[1,10,19]",false
corruption_penalty=1.5,1879,[0],0,no_op:none:none,1,[0],false
corruption_penalty=1.5,1881,[0],0,no_op:none:none,0,[0],false
corruption_penalty=1.5,1882,[0],0,no_op:none:none,0,[0],false
corruption_penalty=1.5,1884,[0],0,no_op:none:none,0,[0],false
corruption_penalty=1.5,1885,[0],0,no_op:none:none,0,[0],false
corruption_penalty=1.5,1886,[0],0,no_op:none:none,0,[0],false
corruption_penalty=1.5,1891,[0],0,no_op:none:none,0,[0],false
corruption_penalty=1.5,1892,[0],0,no_op:none:none,1,[0],false
corruption_penalty=1.5,1893,"[1,10,19]",1,intervention:L16_CWE-120_B:Low,-0.05,"[1,10,19]",false
corruption_penalty=1.5,1895,[0],0,no_op:none:none,0,[0],false
corruption_penalty=1.5,1897,[0],0,no_op:none:none,1,[0],false
corruption_penalty=1.5,1900,"[1,10,19]",1,intervention:L16_CWE-120_B:Low,0.95,"[1,10,19]",false
corruption_penalty=1.5,1901,"[1,10,19]",1,intervention:L16_CWE-120_B:Low,0.95,"[1,10,19]",false
corruption_penalty=1.5,1903,[0],0,no_op:none:none,1,[0],false
corruption_penalty=1.5,1904,[0],0,no_op:none:none,0,[0],false
corruption_penalty=1.5,1905,[0],0,no_op:none:none,0,[0],false
corruption_penalty=1.5,1909,"[1,10,19]",1,intervention:L16_CWE-120_B:Low,0.95,"[1,10,19]",false
corruption_penalty=1.5,1911,[0],0,no_op:none:none,0,[0],false
corruption_penalty=1.5,1912,[0],0,no_op:none:none,0,[0],false
corruption_penalty=1.5,1913,[0],0,no_op:none:none,1,[0],false
corruption_penalty=1.5,1915,[0],0,no_op:none:none,0,[0],false
corruption_penalty=2,0,[0],0,no_op:none:none,0,[0],false
corruption_penalty=2,2,[0],0,no_op:none:none,0,[0],false
corruption_penalty=2,5,"[7,10]",7,intervention:L19_CWE-120_B:Low,-0.05,"[7,10]",false
corruption_penalty=2,8,[0],0,no_op:none:none,0,[0],false
corruption_penalty=2,9,[0],0,no_op:none:none,0,[0],false
corruption_penalty=2,10,[0],0,no_op:none:none,0,[0],false
corruption_penalty=2,11,[0],0,no_op:none:none,1,[0],false
corruption_penalty=2,12,[7],7,intervention:L19_CWE-120_B:Low,0.95,[7],false
corruption_penalty=2,15,[0],0,no_op:none:none,0,[0],false
corruption_penalty=2,17,[0],0,no_op:none:none,1,[0],false
corruption_penalty=2,18,"[7,10]",7,intervention:L19_CWE-120_B:Low,0.95,"[7,10]",false
corruption_penalty=2,20,[0],0,no_op:none:none,0,[0],false
corruption_penalty=2,21,[0],0,no_op:none:none,0,[0],false
corruption_penalty=2,22,"[1,10,19]",1,intervention:L16_CWE-120_B:Low,0.95,"[1,10,19]",false
corruption_penalty=2,24,[0],0,no_op:none:none,0,[0],false
corruption_penalty=2,25,[0],0,no_op:none:none,0,[0],false
corruption_penalty=2,26,[0],0,no_op:none:none,0,[0],false
corruption_penalty=2,27,"[7,10]",7,intervention:L19_CWE-120_B:Low,0.95,"[7,10]",false
corruption_penalty=2,28,[0],0,no_op:none:none,0,[0],false
corruption_penalty=2,29,[0],0,no_op:none:none,0,[0],false
corruption_penalty=2,31,"[1,10,19]",1,intervention:L16_CWE-120_B:Low,0.95,"[1,10,19]",false
corruption_penalty=2,32,[0],0,no_op:none:none,0,[0],false
corruption_penalty=2,33,[0],0,no_op:none:none,0,[0],false
corruption_penalty=2,34,[0],0,no_op:none:none,0,[0],false
corruption_penalty=2,35,[0],0,no_op:none:none,0,[0],false
corruption_penalty=2,36,[0],0,no_op:none:none,0,[0],false
corruption_penalty=2,37,[7],7,intervention:L19_CWE-120_B:Low,-0.05,[7],false
corruption_penalty=2,38,"[1,19]",1,intervention:L16_CWE-120_B:Low,0.95,"[1,19]",false
corruption_penalty=2,40,[0],0,no_op:none:none,0,[0],false
corruption_penalty=2,41,"[7,10]",7,intervention:L19_CWE-120_B:Low,-0.05,"[7,10]",false
corruption_penalty=2,42,[0],0,no_op:none:none,0,[0],false
corruption_penalty=2,44,[7],7,intervention:L19_CWE-120_B:Low,0.95,[7],false
corruption_penalty=2,45,"[7,10]",7,intervention:L19_CWE-120_B:Low,0.95,"[7,10]",false
corruption_penalty=2,46,[0],0,no_op:none:none,0,[0],false
corruption_penalty=2,47,"[7,10]",7,intervention:L19_CWE-120_B:Low,-0.05,"[7,10]",false
corruption_penalty=2,49,[0],0,no_op:none:none,0,[0],false
corruption_penalty=2,52,[0],0,no_op:none:none,0,[0],false
corruption_penalty=2,53,"[1,10,19]",1,intervention:L16_CWE-120_B:Low,-0.05,"[1,10,19]",false
corruption_penalty=2,55,[0],0,no_op:none:none,0,[0],false
corruption_penalty=2,57,[0],0,no_op:none:none,0,[0],false
corruption_penalty=2,58,[0],0,no_op:none:none,0,[0],false
corruption_penalty=2,59,[0],0,no_op:none:none,0,[0],false
corruption_penalty=2,60,[0],0,no_op:none:none,0,[0],false
corruption_penalty=2,62,"[7,10]",7,intervention:L19_CWE-120_B:Low,-0.05,"[7,10]",false
corruption_penalty=2,63,[0],0,no_op:none:none,0,[0],false
corruption_penalty=2,66,[0],0,no_op:none:none,0,[0],false
corruption_penalty=2,67,[0],0,no_op:none:none,0,[0],false
corruption_penalty=2,68,[0],0,no_op:none:none,0,[0],false
corruption_penalty=2,69,[0],0,no_op:none:none,0,[0],false
corruption_penalty=2,70,[0],0,no_op:none:none,0,[0],false
corruption_penalty=2,71,"[7,10]",7,intervention:L19_CWE-120_B:Low,-0.05,"[7,10]",false
corruption_penalty=2,72,[0],0,no_op:none:none,0,[0],false
corruption_penalty=2,74,[0],0,no_op:none:none,0,[0],false
corruption_penalty=2,75,[0],0,no_op:none:none,0,[0],false
corruption_penalty=2,76,[0],0,no_op:none:none,0,[0],false
corruption_penalty=2,77,[0],0,no_op:none:none,0,[0],false
corruption_penalty=2,80,[0],0,no_op:none:none,0,[0],false
corruption_penalty=2,82,[0],0,no_op:none:none,0,[0],false
corruption_penalty=2,83,"[1,19]",1,intervention:L16_CWE-120_B:Low,-0.05,"[1,19]",false
corruption_penalty=2,84,"[7,10]",7,intervention:L19_CWE-120_B:Low,-0.05,"[7,10]",false
corruption_penalty=2,86,[0],0,no_op:none:none,0,[0],false
corruption_penalty=2,87,"[1,10,19]",1,intervention:L16_CWE-120_B:Low,0.95,"[1,10,19]",false
corruption_penalty=2,89,[0],0,no_op:none:none,0,[0],false
corruption_penalty=2,91,[0],0,no_op:none:none,0,[0],false
corruption_penalty=2,92,[0],0,no_op:none:none,0,[0],false
corruption_penalty=2,94,[0],0,no_op:none:none,0,[0],false
corruption_penalty=2,95,[0],0,no_op:none:none,1,[0],false
corruption_penalty=2,97,[0],0,no_op:none:none,0,[0],false
corruption_penalty=2,98,[0],0,no_op:none:none,0,[0],false
corruption_penalty=2,99,[0],0,no_op:none:none,0,[0],false
corruption_penalty=2,100,[0],0,no_op:none:none,0,[0],false
corruption_penalty=2,101,[0],0,no_op:none:none,0,[0],false
corruption_penalty=2,105,[7],7,intervention:L19_CWE-120_B:Low,0.95,[7],false
corruption_penalty=2,106,[0],0,no_op:none:none,0,[0],false
corruption_penalty=2,107,[0],0,no_op:none:none,0,[0],false
corruption_penalty=2,108,[0],0,no_op:none:none,0,[0],false
corruption_penalty=2,109,[0],0,no_op:none:none,0,[0],false
corruption_penalty=2,111,[0],0,no_op:none:none,0,[0],false
corruption_penalty=2,112,[0],0,no_op:none:none,0,[0],false
corruption_penalty=2,113,[0],0,no_op:none:none,0,[0],false
corruption_penalty=2,115,"[7,10]",7,intervention:L19_CWE-120_B:Low,0.95,"[7,10]",false
corruption_penalty=2,121,[0],0,no_op:none:none,0,[0],false
corruption_penalty=2,122,"[1,10,19]",1,intervention:L16_CWE-120_B:Low,-0.05,"[1,10,19]",false
corruption_penalty=2,123,[0],0,no_op:none:none,0,[0],false
corruption_penalty=2,125,[0],0,no_op:none:none,0,[0],false
corruption_penalty=2,126,[0],0,no_op:none:none,0,[0],false
corruption_penalty=2,127,[0],0,no_op:none:none,0,[0],false
corruption_penalty=2,128,[0],0,no_op:none:none,0,[0],false
corruption_penalty=2,129,[0],0,no_op:none:none,0,[0],false
corruption_penalty=2,132,[0],0,no_op:none:none,0,[0],false
corruption_penalty=2,133,[7],7,intervention:L19_CWE-120_B:Low,-0.05,[7],false
corruption_penalty=2,134,[0],0,no_op:none:none,0,[0],false
corruption_penalty=2,136,[0],0,no_op:none:none,0,[0],false
corruption_penalty=2,137,[0],0,no_op:none:none,0,[0],false
corruption_penalty=2,143,[0],0,no_op:none:none,0,[0],false
corruption_penalty=2,144,[0],0,no_op:none:none,0,[0],false
corruption_penalty=2,147,[0],0,no_op:none:none,0,[0],false
corruption_penalty=2,149,[0],0,no_op:none:none,0,[0],false
corruption_penalty=2,151,[0],0,no_op:none:none,0,[0],false
corruption_penalty=2,152,[0],0,no_op:none:none,0,[0],false
corruption_penalty=2,153,[0],0,no_op:none:none,0,[0],false
corruption_penalty=2,155,[0],0,no_op:none:none,1,[0],false
corruption_penalty=2,156,[0],0,no_op:none:none,0,[0],false
corruption_penalty=2,157,"[1,10,19]",1,intervention:L16_CWE-120_B:Low,0.95,"[1,10,19]",false
corruption_penalty=2,158,[0],0,no_op:none:none,0,[0],false
corruption_penalty=2,159,[0],0,no_op:none:none,0,[0],false
corruption_penalty=2,160,[0],0,no_op:none:none,0,[0],false
corruption_penalty=2,162,"[7,10]",7,intervention:L19_CWE-120_B:Low,-0.05,"[7,10]",false
corruption_penalty=2,165,"[7,10]",7,intervention:L19_CWE-120_B:Low,-0.05,"[7,10]",false
corruption_penalty=2,166,"[1,10,19]",1,intervention:L16_CWE-120_B:Low,-0.05,"[1,10,19]",false
corruption_penalty=2,168,[0],0,no_op:none:none,0,[0],false
corruption_penalty=2,169,[0],0,no_op:none:none,0,[0],false
corruption_penalty=2,170,"[1,10,19]",1,intervention:L16_CWE-120_B:Low,-0.05,"[1,10,19]",false
corruption_penalty=2,171,[0],0,no_op:none:none,0,[0],false
corruption_penalty=2,172,[0],0,no_op:none:none,0,[0],false
corruption_penalty=2,173,[0],0,no_op:none:none,0,[0],false
corruption_penalty=2,174,[0],0,no_op:none:none,0,[0],false
corruption_penalty=2,176,"[1,10,19]",1,intervention:L16_CWE-120_B:Low,-0.05,"[1,10,19]",false
corruption_penalty=2,177,[0],0,no_op:none:none,0,[0],false
corruption_penalty=2,179,[0],0,no_op:none:none,0,[0],false
corruption_penalty=2,180,[0],0,no_op:none:none,0,[0],false
corruption_penalty=2,181,[0],0,no_op:none:none,0,[0],false
corruption_penalty=2,182,[0],0,no_op:none:none,0,[0],false
corruption_penalty=2,183,[0],0,no_op:none:none,0,[0],false
corruption_penalty=2,184,[0],0,no_op:none:none,0,[0],false
corruption_penalty=2,185,"[1,10,19]",1,intervention:L16_CWE-120_B:Low,0.95,"[1,10,19]",false
corruption_penalty=2,187,[0],0,no_op:none:none,0,[0],false
corruption_penalty=2,188,[0],0,no_op:none:none,0,[0],false
corruption_penalty=2,190,[0],0,no_op:none:none,0,[0],false
corruption_penalty=2,192,[0],0,no_op:none:none,0,[0],false
corruption_penalty=2,194,[0],0,no_op:none:none,1.25,[0],false
corruption_penalty=2,195,"[1,10,19]",1,intervention:L16_CWE-120_B:Low,0.95,"[1,10,19]",false
corruption_penalty=2,196,[0],0,no_op:none:none,0,[0],false
corruption_penalty=2,197,[0],0,no_op:none:none,0,[0],false
corruption_penalty=2,199,[0],0,no_op:none:none,0,[0],false
corruption_penalty=2,202,[0],0,no_op:none:none,0,[0],false
corruption_penalty=2,203,[0],0,no_op:none:none,0,[0],false
corruption_penalty=2,205,[0],0,no_op:none:none,0,[0],false
corruption_penalty=2,207,[7],7,intervention:L19_CWE-120_B:Low,0.95,[7],false
corruption_penalty=2,208,[0],0,no_op:none:none,0,[0],false
corruption_penalty=2,211,[0],0,no_op:none:none,0,[0],false
corruption_penalty=2,213,[0],0,no_op:none:none,1.25,[0],false
corruption_penalty=2,214,[7],7,intervention:L19_CWE-120_B:Low,-0.05,[7],false
corruption_penalty=2,215,[0],0,no_op:none:none,0,[0],false
corruption_penalty=2,216,[0],0,no_op:none:none,0,[0],false
corruption_penalty=2,218,[0],0,no_op:none:none,0,[0],false
corruption_penalty=2,220,[7],7,intervention:L19_CWE-120_B:Low,-0.05,[7],false
corruption_penalty=2,225,[0],0,no_op:none:none,0,[0],false
corruption_penalty=2,226,[0],0,no_op:none:none,0,[0],false
corruption_penalty=2,227,[0],0,no_op:none:none,0,[0],false
corruption_penalty=2,230,[0],0,no_op:none:none,0,[0],false
corruption_penalty=2,231,[0],0,no_op:none:none,0,[0],false
corruption_penalty=2,232,[0],0,no_op:none:none,0,[0],false
corruption_penalty=2,233,[0],0,no_op:none:none,0,[0],false
corruption_penalty=2,235,[0],0,no_op:none:none,0,[0],false
corruption_penalty=2,237,[0],0,no_op:none:none,0,[0],false
corruption_penalty=2,238,[0],0,no_op:none:none,0,[0],false
corruption_penalty=2,239,[0],0,no_op:none:none,0,[0],false
corruption_penalty=2,240,[0],0,no_op:none:none,0,[0],false
corruption_penalty=2,241,[0],0,no_op:none:none,0,[0],false
corruption_penalty=2,242,[0],0,no_op:none:none,0,[0],false
corruption_penalty=2,243,[0],0,no_op:none:none,0,[0],false
corruption_penalty=2,244,[0],0,no_op:none:none,0,[0],false
corruption_penalty=2,246,[0],0,no_op:none:none,0,[0],false
corruption_penalty=2,248,[0],0,no_op:none:none,0,[0],false
corruption_penalty=2,249,[0],0,no_op:none:none,0,[0],false
corruption_penalty=2,250,[0],0,no_op:none:none,0,[0],false
corruption_penalty=2,251,[0],0,no_op:none:none,0,[0],false
corruption_penalty=2,252,[0],0,no_op:none:none,0,[0],false
corruption_penalty=2,253,[0],0,no_op:none:none,0,[0],false
corruption_penalty=2,254,[0],0,no_op:none:none,0,[0],false
corruption_penalty=2,256,[0],0,no_op:none:none,0,[0],false
corruption_penalty=2,258,[0],0,no_op:none:none,0,[0],false
corruption_penalty=2,259,[0],0,no_op:none:none,0,[0],false
corruption_penalty=2,260,[0],0,no_op:none:none,0,[0],false
corruption_penalty=2,263,[0],0,no_op:none:none,0,[0],false
corruption_penalty=2,264,[0],0,no_op:none:none,0,[0],false
corruption_penalty=2,265,[0],0,no_op:none:none,0,[0],false
corruption_penalty=2,266,[0],0,no_op:none:none,0,[0],false
corruption_penalty=2,269,[0],0,no_op:none:none,0,[0],false
corruption_penalty=2,272,[0],0,no_op:none:none,0,[0],false
corruption_penalty=2,273,[0],0,no_op:none:none,0,[0],false
corruption_penalty=2,274,[0],0,no_op:none:none,0,[0],false
corruption_penalty=2,276,[0],0,no_op:none:none,0,[0],false
corruption_penalty=2,277,[0],0,no_op:none:none,0,[0],false
corruption_penalty=2,278,[0],0,no_op:none:none,0,[0],false
corruption_penalty=2,279,[0],0,no_op:none:none,0,[0],false
corruption_penalty=2,280,[0],0,no_op:none:none,0,[0],false
corruption_penalty=2,281,[0],0,no_op:none:none,0,[0],false
corruption_penalty=2,282,[0],0,no_op:none:none,0,[0],false
corruption_penalty=2,284,[0],0,no_op:none:none,0,[0],false
corruption_penalty=2,286,[0],0,no_op:none:none,0,[0],false
corruption_penalty=2,288,[0],0,no_op:none:none,0,[0],false
corruption_penalty=2,289,[0],0,no_op:none:none,0,[0],false
corruption_penalty=2,290,[0],0,no_op:none:none,0,[0],false
corruption_penalty=2,291,[0],0,no_op:none:none,0,[0],false
corruption_penalty=2,293,[0],0,no_op:none:none,0,[0],false
corruption_penalty=2,294,[0],0,no_op:none:none,0,[0],false
corruption_penalty=2,295,[0],0,no_op:none:none,0,[0],false
corruption_penalty=2,296,[0],0,no_op:none:none,0,[0],false
corruption_penalty=2,297,[0],0,no_op:none:none,0,[0],false
corruption_penalty=2,298,[0],0,no_op:none:none,0,[0],false
corruption_penalty=2,299,[0],0,no_op:none:none,0,[0],false
corruption_penalty=2,300,[0],0,no_op:none:none,0,[0],false
corruption_penalty=2,301,[0],0,no_op:none:none,0,[0],false
corruption_penalty=2,302,[0],0,no_op:none:none,0,[0],false
corruption_penalty=2,304,[0],0,no_op:none:none,0,[0],false
corruption_penalty=2,306,[0],0,no_op:none:none,0,[0],false
corruption_penalty=2,307,[0],0,no_op:none:none,0,[0],false
corruption_penalty=2,308,[0],0,no_op:none:none,0,[0],false
corruption_penalty=2,309,[0],0,no_op:none:none,0,[0],false
corruption_penalty=2,310,[0],0,no_op:none:none,0,[0],false
corruption_penalty=2,311,[0],0,no_op:none:none,0,[0],false
corruption_penalty=2,312,[0],0,no_op:none:none,0,[0],false
corruption_penalty=2,314,[0],0,no_op:none:none,0,[0],false
corruption_penalty=2,315,[0],0,no_op:none:none,0,[0],false
corruption_penalty=2,319,[0],0,no_op:none:none,0,[0],false
corruption_penalty=2,320,[0],0,no_op:none:none,0,[0],false
corruption_penalty=2,321,[0],0,no_op:none:none,0,[0],false
corruption_penalty=2,324,[0],0,no_op:none:none,0,[0],false
corruption_penalty=2,325,[0],0,no_op:none:none,0,[0],false
corruption_penalty=2,328,[0],0,no_op:none:none,0,[0],false
corruption_penalty=2,329,[0],0,no_op:none:none,0,[0],false
corruption_penalty=2,331,[0],0,no_op:none:none,0,[0],false
corruption_penalty=2,335,[0],0,no_op:none:none,0,[0],false
corruption_penalty=2,336,[0],0,no_op:none:none,0,[0],false
corruption_penalty=2,339,[0],0,no_op:none:none,0,[0],false
corruption_penalty=2,341,[0],0,no_op:none:none,0,[0],false
corruption_penalty=2,342,[0],0,no_op:none:none,0,[0],false
corruption_penalty=2,343,[0],0,no_op:none:none,0,[0],false
corruption_penalty=2,344,[0],0,no_op:none:none,0,[0],false
corruption_penalty=2,345,[0],0,no_op:none:none,0,[0],false
corruption_penalty=2,346,[0],0,no_op:none:none,0,[0],false
corruption_penalty=2,347,[0],0,no_op:none:none,0,[0],false
corruption_penalty=2,348,[0],0,no_op:none:none,0,[0],false
corruption_penalty=2,349,[0],0,no_op:none:none,0,[0],false
corruption_penalty=2,351,[0],0,no_op:none:none,0,[0],false
corruption_penalty=2,352,[0],0,no_op:none:none,0,[0],false
corruption_penalty=2,353,[0],0,no_op:none:none,0,[0],false
corruption_penalty=2,354,[0],0,no_op:none:none,0,[0],false
corruption_penalty=2,355,[0],0,no_op:none:none,0,[0],false
corruption_penalty=2,356,[0],0,no_op:none:none,0,[0],false
corruption_penalty=2,357,[0],0,no_op:none:none,0,[0],false
corruption_penalty=2,358,[0],0,no_op:none:none,0,[0],false
corruption_penalty=2,359,[0],0,no_op:none:none,0,[0],false
corruption_penalty=2,360,[0],0,no_op:none:none,0,[0],false
corruption_penalty=2,361,[0],0,no_op:none:none,0,[0],false
corruption_penalty=2,363,[0],0,no_op:none:none,0,[0],false
corruption_penalty=2,364,[0],0,no_op:none:none,0,[0],false
corruption_penalty=2,366,[0],0,no_op:none:none,0,[0],false
corruption_penalty=2,368,[0],0,no_op:none:none,0,[0],false
corruption_penalty=2,369,[0],0,no_op:none:none,0,[0],false
corruption_penalty=2,370,[0],0,no_op:none:none,0,[0],false
corruption_penalty=2,371,[0],0,no_op:none:none,0,[0],false
corruption_penalty=2,372,[0],0,no_op:none:none,0,[0],false
corruption_penalty=2,373,[0],0,no_op:none:none,0,[0],false
corruption_penalty=2,374,[0],0,no_op:none:none,0,[0],false
corruption_penalty=2,376,[0],0,no_op:none:none,0,[0],false
corruption_penalty=2,377,[0],0,no_op:none:none,0,[0],false
corruption_penalty=2,378,[0],0,no_op:none:none,0,[0],false
corruption_penalty=2,379,[0],0,no_op:none:none,0,[0],false
corruption_penalty=2,381,[0],0,no_op:none:none,0,[0],false
corruption_penalty=2,382,[0],0,no_op:none:none,0,[0],false
corruption_penalty=2,383,[0],0,no_op:none:none,0,[0],false
corruption_penalty=2,384,[0],0,no_op:none:none,0,[0],false
corruption_penalty=2,385,[0],0,no_op:none:none,0,[0],false
corruption_penalty=2,386,[0],0,no_op:none:none,0,[0],false
corruption_penalty=2,387,[0],0,no_op:none:none,0,[0],false
corruption_penalty=2,390,[0],0,no_op:none:none,0,[0],false
corruption_penalty=2,391,[0],0,no_op:none:none,0,[0],false
corruption_penalty=2,394,[0],0,no_op:none:none,0,[0],false
corruption_penalty=2,396,[0],0,no_op:none:none,0,[0],false
corruption_penalty=2,397,[0],0,no_op:none:none,0,[0],false
corruption_penalty=2,398,[0],0,no_op:none:none,0,[0],false
corruption_penalty=2,399,[0],0,no_op:none:none,0,[0],false
corruption_penalty=2,400,[0],0,no_op:none:none,0,[0],false
corruption_penalty=2,401,[0],0,no_op:none:none,0,[0],false
corruption_penalty=2,402,[0],0,no_op:none:none,0,[0],false
corruption_penalty=2,403,[0],0,no_op:none:none,0,[0],false
corruption_penalty=2,404,[0],0,no_op:none:none,0,[0],false
corruption_penalty=2,405,[0],0,no_op:none:none,0,[0],false
corruption_penalty=2,406,[0],0,no_op:none:none,0,[0],false
corruption_penalty=2,409,[0],0,no_op:none:none,0,[0],false
corruption_penalty=2,410,[0],0,no_op:none:none,0,[0],false
corruption_penalty=2,412,[0],0,no_op:none:none,0,[0],false
corruption_penalty=2,413,[0],0,no_op:none:none,0,[0],false
corruption_penalty=2,414,[0],0,no_op:none:none,0,[0],false
corruption_penalty=2,415,[0],0,no_op:none:none,0,[0],false
corruption_penalty=2,417,[0],0,no_op:none:none,0,[0],false
corruption_penalty=2,419,[0],0,no_op:none:none,0,[0],false
corruption_penalty=2,420,[0],0,no_op:none:none,0,[0],false
corruption_penalty=2,421,[0],0,no_op:none:none,0,[0],false
corruption_penalty=2,422,[0],0,no_op:none:none,0,[0],false
corruption_penalty=2,423,[0],0,no_op:none:none,1,[0],false
corruption_penalty=2,424,[0],0,no_op:none:none,0,[0],false
corruption_penalty=2,425,[0],0,no_op:none:none,0,[0],false
corruption_penalty=2,426,[0],0,no_op:none:none,0,[0],false
corruption_penalty=2,427,[0],0,no_op:none:none,0,[0],false
corruption_penalty=2,428,[0],0,no_op:none:none,0,[0],false
corruption_penalty=2,434,[0],0,no_op:none:none,0,[0],false
corruption_penalty=2,439,[0],0,no_op:none:none,0,[0],false
corruption_penalty=2,441,[0],0,no_op:none:none,0,[0],false
corruption_penalty=2,442,[0],0,no_op:none:none,0,[0],false
corruption_penalty=2,443,[0],0,no_op:none:none,0,[0],false
corruption_penalty=2,444,[0],0,no_op:none:none,0,[0],false
corruption_penalty=2,446,[0],0,no_op:none:none,0,[0],false
corruption_penalty=2,448,[0],0,no_op:none:none,0,[0],false
corruption_penalty=2,450,[0],0,no_op:none:none,0,[0],false
corruption_penalty=2,452,[0],0,no_op:none:none,0,[0],false
corruption_penalty=2,453,[0],0,no_op:none:none,0,[0],false
corruption_penalty=2,454,[0],0,no_op:none:none,0,[0],false
corruption_penalty=2,458,[0],0,no_op:none:none,0,[0],false
corruption_penalty=2,459,[0],0,no_op:none:none,0,[0],false
corruption_penalty=2,461,[0],0,no_op:none:none,0,[0],false
corruption_penalty=2,462,[0],0,no_op:none:none,0,[0],false
corruption_penalty=2,463,[0],0,no_op:none:none,0,[0],false
corruption_penalty=2,464,[0],0,no_op:none:none,0,[0],false
corruption_penalty=2,465,[0],0,no_op:none:none,0,[0],false
corruption_penalty=2,467,[0],0,no_op:none:none,0,[0],false
corruption_penalty=2,470,[0],0,no_op:none:none,0,[0],false
corruption_penalty=2,472,[0],0,no_op:none:none,0,[0],false
corruption_penalty=2,473,[0],0,no_op:none:none,0,[0],false
corruption_penalty=2,474,[0],0,no_op:none:none,0,[0],false
corruption_penalty=2,475,[0],0,no_op:none:none,0,[0],false
corruption_penalty=2,477,[0],0,no_op:none:none,0,[0],false
corruption_penalty=2,478,[0],0,no_op:none:none,0,[0],false
corruption_penalty=2,479,[0],0,no_op:none:none,0,[0],false
corruption_penalty=2,480,[0],0,no_op:none:none,0,[0],false
corruption_penalty=2,482,[0],0,no_op:none:none,0,[0],false
corruption_penalty=2,483,[0],0,no_op:none:none,0,[0],false
corruption_penalty=2,485,[0],0,no_op:none:none,0,[0],false
corruption_penalty=2,486,[0],0,no_op:none:none,0,[0],false
corruption_penalty=2,489,[0],0,no_op:none:none,0,[0],false
corruption_penalty=2,491,[0],0,no_op:none:none,0,[0],false
corruption_penalty=2,492,[0],0,no_op:none:none,0,[0],false
corruption_penalty=2,494,[0],0,no_op:none:none,0,[0],false
corruption_penalty=2,495,[0],0,no_op:none:none,0,[0],false
corruption_penalty=2,496,[0],0,no_op:none:none,0,[0],false
corruption_penalty=2,498,[0],0,no_op:none:none,0,[0],false
corruption_penalty=2,499,[0],0,no_op:none:none,0,[0],false
corruption_penalty=2,502,[0],0,no_op:none:none,0,[0],false
corruption_penalty=2,503,[0],0,no_op:none:none,0,[0],false
corruption_penalty=2,506,[0],0,no_op:none:none,0,[0],false
corruption_penalty=2,510,[0],0,no_op:none:none,0,[0],false
corruption_penalty=2,512,[0],0,no_op:none:none,0,[0],false
corruption_penalty=2,513,[0],0,no_op:none:none,0,[0],false
corruption_penalty=2,515,[0],0,no_op:none:none,0,[0],false
corruption_penalty=2,516,[0],0,no_op:none:none,0,[0],false
corruption_penalty=2,517,[0],0,no_op:none:none,0,[0],false
corruption_penalty=2,518,[0],0,no_op:none:none,0,[0],false
corruption_penalty=2,519,[0],0,no_op:none:none,0,[0],false
corruption_penalty=2,520,[0],0,no_op:none:none,0,[0],false
corruption_penalty=2,522,[0],0,no_op:none:none,0,[0],false
corruption_penalty=2,523,[0],0,no_op:none:none,0,[0],false
corruption_penalty=2,524,[0],0,no_op:none:none,0,[0],false
corruption_penalty=2,525,[0],0,no_op:none:none,0,[0],false
corruption_penalty=2,526,[0],0,no_op:none:none,0,[0],false
corruption_penalty=2,527,[0],0,no_op:none:none,0,[0],false
corruption_penalty=2,528,[0],0,no_op:none:none,0,[0],false
corruption_penalty=2,529,[0],0,no_op:none:none,0,[0],false
corruption_penalty=2,530,[0],0,no_op:none:none,0,[0],false
corruption_penalty=2,531,[0],0,no_op:none:none,0,[0],false
corruption_penalty=2,532,[0],0,no_op:none:none,0,[0],false
corruption_penalty=2,533,[0],0,no_op:none:none,0,[0],false
corruption_penalty=2,535,[0],0,no_op:none:none,0,[0],false
corruption_penalty=2,537,[0],0,no_op:none:none,0,[0],false
corruption_penalty=2,544,[0],0,no_op:none:none,0,[0],false
corruption_penalty=2,545,[0],0,no_op:none:none,0,[0],false
corruption_penalty=2,547,[0],0,no_op:none:none,0,[0],false
corruption_penalty=2,549,[0],0,no_op:none:none,0,[0],false
corruption_penalty=2,550,[0],0,no_op:none:none,0,[0],false
corruption_penalty=2,551,[0],0,no_op:none:none,0,[0],false
corruption_penalty=2,553,[0],0,no_op:none:none,0,[0],false
corruption_penalty=2,554,[0],0,no_op:none:none,0,[0],false
corruption_penalty=2,555,[0],0,no_op:none:none,0,[0],false
corruption_penalty=2,556,[0],0,no_op:none:none,0,[0],false
corruption_penalty=2,558,[0],0,no_op:none:none,0,[0],false
corruption_penalty=2,559,[0],0,no_op:none:none,0,[0],false
corruption_penalty=2,560,[0],0,no_op:none:none,0,[0],false
corruption_penalty=2,561,[0],0,no_op:none:none,0,[0],false
corruption_penalty=2,562,[0],0,no_op:none:none,0,[0],false
corruption_penalty=2,564,[0],0,no_op:none:none,0,[0],false
corruption_penalty=2,565,[0],0,no_op:none:none,0,[0],false
corruption_penalty=2,567,[0],0,no_op:none:none,0,[0],false
corruption_penalty=2,568,[0],0,no_op:none:none,0,[0],false
corruption_penalty=2,572,[0],0,no_op:none:none,0,[0],false
corruption_penalty=2,573,[0],0,no_op:none:none,0,[0],false
corruption_penalty=2,574,[0],0,no_op:none:none,0,[0],false
corruption_penalty=2,575,[0],0,no_op:none:none,0,[0],false
corruption_penalty=2,576,[0],0,no_op:none:none,0,[0],false
corruption_penalty=2,578,[0],0,no_op:none:none,0,[0],false
corruption_penalty=2,579,[0],0,no_op:none:none,0,[0],false
corruption_penalty=2,580,[0],0,no_op:none:none,0,[0],false
corruption_penalty=2,581,[0],0,no_op:none:none,0,[0],false
corruption_penalty=2,582,[0],0,no_op:none:none,0,[0],false
corruption_penalty=2,585,[0],0,no_op:none:none,0,[0],false
corruption_penalty=2,586,[0],0,no_op:none:none,0,[0],false
corruption_penalty=2,587,[0],0,no_op:none:none,0,[0],false
corruption_penalty=2,588,[0],0,no_op:none:none,0,[0],false
corruption_penalty=2,589,[0],0,no_op:none:none,0,[0],false
corruption_penalty=2,590,[0],0,no_op:none:none,0,[0],false
corruption_penalty=2,591,[0],0,no_op:none:none,0,[0],false
corruption_penalty=2,593,[0],0,no_op:none:none,0,[0],false
corruption_penalty=2,594,[0],0,no_op:none:none,0,[0],false
corruption_penalty=2,595,[0],0,no_op:none:none,0,[0],false
corruption_penalty=2,596,[0],0,no_op:none:none,0,[0],false
corruption_penalty=2,597,[0],0,no_op:none:none,0,[0],false
corruption_penalty=2,598,[0],0,no_op:none:none,0,[0],false
corruption_penalty=2,599,[0],0,no_op:none:none,0,[0],false
corruption_penalty=2,602,[0],0,no_op:none:none,0,[0],false
corruption_penalty=2,603,[0],0,no_op:none:none,0,[0],false
corruption_penalty=2,604,[0],0,no_op:none:none,0,[0],false
corruption_penalty=2,605,[0],0,no_op:none:none,0,[0],false
corruption_penalty=2,606,[0],0,no_op:none:none,0,[0],false
corruption_penalty=2,608,[0],0,no_op:none:none,0,[0],false
corruption_penalty=2,609,[0],0,no_op:none:none,0,[0],false
corruption_penalty=2,610,[0],0,no_op:none:none,0,[0],false
corruption_penalty=2,612,[0],0,no_op:none:none,0,[0],false
corruption_penalty=2,615,[0],0,no_op:none:none,0,[0],false
corruption_penalty=2,616,[0],0,no_op:none:none,0,[0],false
corruption_penalty=2,617,[0],0,no_op:none:none,0,[0],false
corruption_penalty=2,618,[0],0,no_op:none:none,0,[0],false
corruption_penalty=2,620,[0],0,no_op:none:none,0,[0],false
corruption_penalty=2,621,[0],0,no_op:none:none,0,[0],false
corruption_penalty=2,622,[0],0,no_op:none:none,0,[0],false
corruption_penalty=2,623,[0],0,no_op:none:none,0,[0],false
corruption_penalty=2,624,[0],0,no_op:none:none,0,[0],false
corruption_penalty=2,626,[0],0,no_op:none:none,0,[0],false
corruption_penalty=2,627,[0],0,no_op:none:none,0,[0],false
corruption_penalty=2,628,[0],0,no_op:none:none,0,[0],false
corruption_penalty=2,630,[0],0,no_op:none:none,0,[0],false
corruption_penalty=2,632,[0],0,no_op:none:none,0,[0],false
corruption_penalty=2,633,[0],0,no_op:none:none,0,[0],false
corruption_penalty=2,634,[0],0,no_op:none:none,0,[0],false
corruption_penalty=2,635,[0],0,no_op:none:none,0,[0],false
corruption_penalty=2,636,[0],0,no_op:none:none,0,[0],false
corruption_penalty=2,637,[0],0,no_op:none:none,0,[0],false
corruption_penalty=2,639,[0],0,no_op:none:none,0,[0],false
corruption_penalty=2,640,[0],0,no_op:none:none,0,[0],false
corruption_penalty=2,641,[0],0,no_op:none:none,0,[0],false
corruption_penalty=2,645,[0],0,no_op:none:none,0,[0],false
corruption_penalty=2,648,[0],0,no_op:none:none,0,[0],false
corruption_penalty=2,649,[0],0,no_op:none:none,0,[0],false
corruption_penalty=2,650,[0],0,no_op:none:none,0,[0],false
corruption_penalty=2,651,[0],0,no_op:none:none,0,[0],false
corruption_penalty=2,652,[0],0,no_op:none:none,0,[0],false
corruption_penalty=2,653,[0],0,no_op:none:none,0,[0],false
corruption_penalty=2,654,[0],0,no_op:none:none,0,[0],false
corruption_penalty=2,655,[0],0,no_op:none:none,0,[0],false
corruption_penalty=2,656,[0],0,no_op:none:none,0,[0],false
corruption_penalty=2,657,[0],0,no_op:none:none,0,[0],false
corruption_penalty=2,658,[0],0,no_op:none:none,0,[0],false
corruption_penalty=2,659,[0],0,no_op:none:none,0,[0],false
corruption_penalty=2,660,[0],0,no_op:none:none,0,[0],false
corruption_penalty=2,661,[0],0,no_op:none:none,0,[0],false
corruption_penalty=2,662,[0],0,no_op:none:none,0,[0],false
corruption_penalty=2,665,[0],0,no_op:none:none,0,[0],false
corruption_penalty=2,666,[0],0,no_op:none:none,0,[0],false
corruption_penalty=2,667,[0],0,no_op:none:none,0,[0],false
corruption_penalty=2,668,[0],0,no_op:none:none,0,[0],false
corruption_penalty=2,669,[0],0,no_op:none:none,0,[0],false
corruption_penalty=2,670,[0],0,no_op:none:none,0,[0],false
corruption_penalty=2,671,[0],0,no_op:none:none,0,[0],false
corruption_penalty=2,673,[0],0,no_op:none:none,0,[0],false
corruption_penalty=2,674,[0],0,no_op:none:none,0,[0],false
corruption_penalty=2,675,[0],0,no_op:none:none,0,[0],false
corruption_penalty=2,677,[0],0,no_op:none:none,0,[0],false
corruption_penalty=2,679,[0],0,no_op:none:none,0,[0],false
corruption_penalty=2,681,[0],0,no_op:none:none,0,[0],false
corruption_penalty=2,682,[0],0,no_op:none:none,0,[0],false
corruption_penalty=2,684,[0],0,no_op:none:none,0,[0],false
corruption_penalty=2,685,[0],0,no_op:none:none,0,[0],false
corruption_penalty=2,686,[0],0,no_op:none:none,0,[0],false
corruption_penalty=2,687,[0],0,no_op:none:none,0,[0],false
corruption_penalty=2,688,[0],0,no_op:none:none,0,[0],false
corruption_penalty=2,690,[0],0,no_op:none:none,0,[0],false
corruption_penalty=2,691,[0],0,no_op:none:none,0,[0],false
corruption_penalty=2,693,[0],0,no_op:none:none,0,[0],false
corruption_penalty=2,695,[0],0,no_op:none:none,0,[0],false
corruption_penalty=2,697,[0],0,no_op:none:none,0,[0],false
corruption_penalty=2,698,[0],0,no_op:none:none,0,[0],false
corruption_penalty=2,699,[0],0,no_op:none:none,0,[0],false
corruption_penalty=2,700,[0],0,no_op:none:none,0,[0],false
corruption_penalty=2,701,[0],0,no_op:none:none,0,[0],false
corruption_penalty=2,703,[0],0,no_op:none:none,0,[0],false
corruption_penalty=2,705,[0],0,no_op:none:none,0,[0],false
corruption_penalty=2,706,[0],0,no_op:none:none,0,[0],false
corruption_penalty=2,708,[0],0,no_op:none:none,0,[0],false
corruption_penalty=2,709,[0],0,no_op:none:none,0,[0],false
corruption_penalty=2,710,[0],0,no_op:none:none,0,[0],false
corruption_penalty=2,711,[0],0,no_op:none:none,0,[0],false
corruption_penalty=2,712,[0],0,no_op:none:none,0,[0],false
corruption_penalty=2,713,[0],0,no_op:none:none,0,[0],false
corruption_penalty=2,715,[0],0,no_op:none:none,0,[0],false
corruption_penalty=2,717,[0],0,no_op:none:none,0,[0],false
corruption_penalty=2,718,[0],0,no_op:none:none,0,[0],false
corruption_penalty=2,720,[0],0,no_op:none:none,0,[0],false
corruption_penalty=2,721,[0],0,no_op:none:none,0,[0],false
corruption_penalty=2,722,[0],0,no_op:none:none,0,[0],false
corruption_penalty=2,723,[0],0,no_op:none:none,0,[0],false
corruption_penalty=2,726,[0],0,no_op:none:none,0,[0],false
corruption_penalty=2,728,[0],0,no_op:none:none,0,[0],false
corruption_penalty=2,729,[0],0,no_op:none:none,0,[0],false
corruption_penalty=2,730,[0],0,no_op:none:none,0,[0],false
corruption_penalty=2,731,[0],0,no_op:none:none,0,[0],false
corruption_penalty=2,733,[0],0,no_op:none:none,0,[0],false
corruption_penalty=2,734,[0],0,no_op:none:none,0,[0],false
corruption_penalty=2,736,[0],0,no_op:none:none,0,[0],false
corruption_penalty=2,737,[0],0,no_op:none:none,0,[0],false
corruption_penalty=2,738,[0],0,no_op:none:none,0,[0],false
corruption_penalty=2,739,[0],0,no_op:none:none,0,[0],false
corruption_penalty=2,742,[0],0,no_op:none:none,0,[0],false
corruption_penalty=2,744,[0],0,no_op:none:none,0,[0],false
corruption_penalty=2,745,[0],0,no_op:none:none,0,[0],false
corruption_penalty=2,748,[0],0,no_op:none:none,0,[0],false
corruption_penalty=2,749,[0],0,no_op:none:none,0,[0],false
corruption_penalty=2,750,[0],0,no_op:none:none,0,[0],false
corruption_penalty=2,751,[0],0,no_op:none:none,0,[0],false
corruption_penalty=2,752,[0],0,no_op:none:none,0,[0],false
corruption_penalty=2,753,[0],0,no_op:none:none,0,[0],false
corruption_penalty=2,754,[0],0,no_op:none:none,0,[0],false
corruption_penalty=2,755,[0],0,no_op:none:none,0,[0],false
corruption_penalty=2,757,[0],0,no_op:none:none,0,[0],false
corruption_penalty=2,759,[0],0,no_op:none:none,0,[0],false
corruption_penalty=2,760,[0],0,no_op:none:none,0,[0],false
corruption_penalty=2,761,[0],0,no_op:none:none,0,[0],false
corruption_penalty=2,762,[0],0,no_op:none:none,0,[0],false
corruption_penalty=2,763,[0],0,no_op:none:none,0,[0],false
corruption_penalty=2,766,[0],0,no_op:none:none,0,[0],false
corruption_penalty=2,767,[0],0,no_op:none:none,0,[0],false
corruption_penalty=2,768,[0],0,no_op:none:none,0,[0],false
corruption_penalty=2,769,[0],0,no_op:none:none,0,[0],false
corruption_penalty=2,770,[0],0,no_op:none:none,0,[0],false
corruption_penalty=2,771,[0],0,no_op:none:none,0,[0],false
corruption_penalty=2,772,[0],0,no_op:none:none,0,[0],false
corruption_penalty=2,773,[0],0,no_op:none:none,0,[0],false
corruption_penalty=2,774,[0],0,no_op:none:none,0,[0],false
corruption_penalty=2,779,[0],0,no_op:none:none,0,[0],false
corruption_penalty=2,780,[0],0,no_op:none:none,0,[0],false
corruption_penalty=2,782,[0],0,no_op:none:none,0,[0],false
corruption_penalty=2,784,[0],0,no_op:none:none,0,[0],false
corruption_penalty=2,785,[0],0,no_op:none:none,0,[0],false
corruption_penalty=2,786,[0],0,no_op:none:none,0,[0],false
corruption_penalty=2,787,[0],0,no_op:none:none,0,[0],false
corruption_penalty=2,789,[0],0,no_op:none:none,0,[0],false
corruption_penalty=2,790,[0],0,no_op:none:none,0,[0],false
corruption_penalty=2,791,[0],0,no_op:none:none,0,[0],false
corruption_penalty=2,792,[0],0,no_op:none:none,0,[0],false
corruption_penalty=2,793,[0],0,no_op:none:none,0,[0],false
corruption_penalty=2,794,[0],0,no_op:none:none,0,[0],false
corruption_penalty=2,795,[0],0,no_op:none:none,0,[0],false
corruption_penalty=2,796,[0],0,no_op:none:none,0,[0],false
corruption_penalty=2,797,[0],0,no_op:none:none,0,[0],false
corruption_penalty=2,798,[0],0,no_op:none:none,0,[0],false
corruption_penalty=2,800,[0],0,no_op:none:none,0,[0],false
corruption_penalty=2,801,[0],0,no_op:none:none,0,[0],false
corruption_penalty=2,802,[0],0,no_op:none:none,0,[0],false
corruption_penalty=2,803,[0],0,no_op:none:none,0,[0],false
corruption_penalty=2,804,[0],0,no_op:none:none,0,[0],false
corruption_penalty=2,805,[0],0,no_op:none:none,0,[0],false
corruption_penalty=2,806,[0],0,no_op:none:none,0,[0],false
corruption_penalty=2,807,[0],0,no_op:none:none,0,[0],false
corruption_penalty=2,808,[0],0,no_op:none:none,0,[0],false
corruption_penalty=2,809,[0],0,no_op:none:none,0,[0],false
corruption_penalty=2,811,[0],0,no_op:none:none,0,[0],false
corruption_penalty=2,812,[0],0,no_op:none:none,0,[0],false
corruption_penalty=2,813,[0],0,no_op:none:none,0,[0],false
corruption_penalty=2,814,[0],0,no_op:none:none,0,[0],false
corruption_penalty=2,815,[0],0,no_op:none:none,0,[0],false
corruption_penalty=2,819,[0],0,no_op:none:none,0,[0],false
corruption_penalty=2,820,[0],0,no_op:none:none,0,[0],false
corruption_penalty=2,822,[0],0,no_op:none:none,0,[0],false
corruption_penalty=2,823,[0],0,no_op:none:none,0,[0],false
corruption_penalty=2,825,[0],0,no_op:none:none,0,[0],false
corruption_penalty=2,827,[0],0,no_op:none:none,0,[0],false
corruption_penalty=2,828,[0],0,no_op:none:none,0,[0],false
corruption_penalty=2,829,[0],0,no_op:none:none,0,[0],false
corruption_penalty=2,830,[0],0,no_op:none:none,0,[0],false
corruption_penalty=2,831,[0],0,no_op:none:none,0,[0],false
corruption_penalty=2,834,[0],0,no_op:none:none,0,[0],false
corruption_penalty=2,835,[0],0,no_op:none:none,0,[0],false
corruption_penalty=2,836,[0],0,no_op:none:none,0,[0],false
corruption_penalty=2,837,[0],0,no_op:none:none,0,[0],false
corruption_penalty=2,838,[0],0,no_op:none:none,0,[0],false
corruption_penalty=2,839,[0],0,no_op:none:none,0,[0],false
corruption_penalty=2,840,[0],0,no_op:none:none,0,[0],false
corruption_penalty=2,842,[0],0,no_op:none:none,0,[0],false
corruption_penalty=2,845,[0],0,no_op:none:none,0,[0],false
corruption_penalty=2,846,[0],0,no_op:none:none,0,[0],false
corruption_penalty=2,847,[0],0,no_op:none:none,0,[0],false
corruption_penalty=2,848,[0],0,no_op:none:none,0,[0],false
corruption_penalty=2,849,[0],0,no_op:none:none,0,[0],false
corruption_penalty=2,850,[0],0,no_op:none:none,0,[0],false
corruption_penalty=2,851,[0],0,no_op:none:none,0,[0],false
corruption_penalty=2,852,[0],0,no_op:none:none,0,[0],false
corruption_penalty=2,853,[0],0,no_op:none:none,0,[0],false
corruption_penalty=2,854,[0],0,no_op:none:none,0,[0],false
corruption_penalty=2,855,[0],0,no_op:none:none,0,[0],false
corruption_penalty=2,856,[0],0,no_op:none:none,0,[0],false
corruption_penalty=2,857,[0],0,no_op:none:none,0,[0],false
corruption_penalty=2,860,[0],0,no_op:none:none,0,[0],false
corruption_penalty=2,861,[0],0,no_op:none:none,0,[0],false
corruption_penalty=2,862,[0],0,no_op:none:none,0,[0],false
corruption_penalty=2,863,[0],0,no_op:none:none,0,[0],false
corruption_penalty=2,868,[0],0,no_op:none:none,0,[0],false
corruption_penalty=2,869,[0],0,no_op:none:none,0,[0],false
corruption_penalty=2,870,[0],0,no_op:none:none,0,[0],false
corruption_penalty=2,871,[0],0,no_op:none:none,0,[0],false
corruption_penalty=2,872,[0],0,no_op:none:none,0,[0],false
corruption_penalty=2,873,[0],0,no_op:none:none,0,[0],false
corruption_penalty=2,874,[0],0,no_op:none:none,0,[0],false
corruption_penalty=2,876,[0],0,no_op:none:none,0,[0],false
corruption_penalty=2,878,[0],0,no_op:none:none,0,[0],false
corruption_penalty=2,879,[0],0,no_op:none:none,0,[0],false
corruption_penalty=2,881,[0],0,no_op:none:none,0,[0],false
corruption_penalty=2,883,[0],0,no_op:none:none,0,[0],false
corruption_penalty=2,884,[0],0,no_op:none:none,0,[0],false
corruption_penalty=2,885,[0],0,no_op:none:none,0,[0],false
corruption_penalty=2,886,[0],0,no_op:none:none,0,[0],false
corruption_penalty=2,887,[0],0,no_op:none:none,0,[0],false
corruption_penalty=2,888,[0],0,no_op:none:none,0,[0],false
corruption_penalty=2,891,[0],0,no_op:none:none,0,[0],false
corruption_penalty=2,892,[0],0,no_op:none:none,0,[0],false
corruption_penalty=2,894,[0],0,no_op:none:none,0,[0],false
corruption_penalty=2,895,[0],0,no_op:none:none,0,[0],false
corruption_penalty=2,896,[0],0,no_op:none:none,0,[0],false
corruption_penalty=2,898,[0],0,no_op:none:none,0,[0],false
corruption_penalty=2,899,[0],0,no_op:none:none,0,[0],false
corruption_penalty=2,900,[0],0,no_op:none:none,0,[0],false
corruption_penalty=2,901,[0],0,no_op:none:none,0,[0],false
corruption_penalty=2,902,[0],0,no_op:none:none,0,[0],false
corruption_penalty=2,903,[0],0,no_op:none:none,0,[0],false
corruption_penalty=2,905,[0],0,no_op:none:none,0,[0],false
corruption_penalty=2,906,[0],0,no_op:none:none,0,[0],false
corruption_penalty=2,908,[0],0,no_op:none:none,0,[0],false
corruption_penalty=2,909,[0],0,no_op:none:none,0,[0],false
corruption_penalty=2,910,[0],0,no_op:none:none,0,[0],false
corruption_penalty=2,911,[0],0,no_op:none:none,0,[0],false
corruption_penalty=2,912,[0],0,no_op:none:none,0,[0],false
corruption_penalty=2,913,[0],0,no_op:none:none,0,[0],false
corruption_penalty=2,914,[0],0,no_op:none:none,0,[0],false
corruption_penalty=2,915,[0],0,no_op:none:none,0,[0],false
corruption_penalty=2,916,[0],0,no_op:none:none,0,[0],false
corruption_penalty=2,917,[0],0,no_op:none:none,0,[0],false
corruption_penalty=2,920,[0],0,no_op:none:none,0,[0],false
corruption_penalty=2,921,[0],0,no_op:none:none,0,[0],false
corruption_penalty=2,922,[0],0,no_op:none:none,0,[0],false
corruption_penalty=2,923,[0],0,no_op:none:none,0,[0],false
corruption_penalty=2,925,[0],0,no_op:none:none,0,[0],false
corruption_penalty=2,926,[0],0,no_op:none:none,0,[0],false
corruption_penalty=2,927,[0],0,no_op:none:none,0,[0],false
corruption_penalty=2,930,[0],0,no_op:none:none,0,[0],false
corruption_penalty=2,932,[0],0,no_op:none:none,0,[0],false
corruption_penalty=2,933,[0],0,no_op:none:none,0,[0],false
corruption_penalty=2,934,[0],0,no_op:none:none,0,[0],false
corruption_penalty=2,935,[0],0,no_op:none:none,0,[0],false
corruption_penalty=2,937,[0],0,no_op:none:none,0,[0],false
corruption_penalty=2,941,[0],0,no_op:none:none,0,[0],false
corruption_penalty=2,943,[0],0,no_op:none:none,0,[0],false
corruption_penalty=2,944,[0],0,no_op:none:none,0,[0],false
corruption_penalty=2,945,[0],0,no_op:none:none,0,[0],false
corruption_penalty=2,948,[0],0,no_op:none:none,0,[0],false
corruption_penalty=2,949,[0],0,no_op:none:none,0,[0],false
corruption_penalty=2,950,[0],0,no_op:none:none,0,[0],false
corruption_penalty=2,951,[0],0,no_op:none:none,0,[0],false
corruption_penalty=2,952,[0],0,no_op:none:none,0,[0],false
corruption_penalty=2,953,[0],0,no_op:none:none,0,[0],false
corruption_penalty=2,954,[0],0,no_op:none:none,0,[0],false
corruption_penalty=2,955,[0],0,no_op:none:none,0,[0],false
corruption_penalty=2,957,[0],0,no_op:none:none,0,[0],false
corruption_penalty=2,959,[0],0,no_op:none:none,0,[0],false
corruption_penalty=2,960,[0],0,no_op:none:none,0,[0],false
corruption_penalty=2,961,[0],0,no_op:none:none,0,[0],false
corruption_penalty=2,962,[0],0,no_op:none:none,0,[0],false
corruption_penalty=2,964,[0],0,no_op:none:none,0,[0],false
corruption_penalty=2,965,[0],0,no_op:none:none,0,[0],false
corruption_penalty=2,966,[0],0,no_op:none:none,0,[0],false
corruption_penalty=2,967,[0],0,no_op:none:none,0,[0],false
corruption_penalty=2,969,[0],0,no_op:none:none,0,[0],false
corruption_penalty=2,970,[0],0,no_op:none:none,0,[0],false
corruption_penalty=2,971,[0],0,no_op:none:none,0,[0],false
corruption_penalty=2,972,[0],0,no_op:none:none,0,[0],false
corruption_penalty=2,974,[0],0,no_op:none:none,0,[0],false
corruption_penalty=2,975,[0],0,no_op:none:none,0,[0],false
corruption_penalty=2,977,[0],0,no_op:none:none,0,[0],false
corruption_penalty=2,978,[0],0,no_op:none:none,0,[0],false
corruption_penalty=2,979,[0],0,no_op:none:none,0,[0],false
corruption_penalty=2,980,[0],0,no_op:none:none,0,[0],false
corruption_penalty=2,981,[0],0,no_op:none:none,0,[0],false
corruption_penalty=2,982,[0],0,no_op:none:none,0,[0],false
corruption_penalty=2,983,[0],0,no_op:none:none,0,[0],false
corruption_penalty=2,984,[0],0,no_op:none:none,0,[0],false
corruption_penalty=2,986,"[1,10,19]",1,intervention:L16_CWE-120_B:Low,-0.05,"[1,10,19]",false
corruption_penalty=2,987,[0],0,no_op:none:none,0,[0],false
corruption_penalty=2,988,[0],0,no_op:none:none,0,[0],false
corruption_penalty=2,989,[0],0,no_op:none:none,0,[0],false
corruption_penalty=2,990,[0],0,no_op:none:none,0,[0],false
corruption_penalty=2,991,[0],0,no_op:none:none,0,[0],false
corruption_penalty=2,992,[0],0,no_op:none:none,0,[0],false
corruption_penalty=2,993,[0],0,no_op:none:none,0,[0],false
corruption_penalty=2,997,[0],0,no_op:none:none,0,[0],false
corruption_penalty=2,998,[0],0,no_op:none:none,0,[0],false
corruption_penalty=2,999,[0],0,no_op:none:none,0,[0],false
corruption_penalty=2,1001,[0],0,no_op:none:none,0,[0],false
corruption_penalty=2,1002,[0],0,no_op:none:none,0,[0],false
corruption_penalty=2,1003,[0],0,no_op:none:none,0,[0],false
corruption_penalty=2,1004,[0],0,no_op:none:none,0,[0],false
corruption_penalty=2,1005,[0],0,no_op:none:none,0,[0],false
corruption_penalty=2,1006,[0],0,no_op:none:none,0,[0],false
corruption_penalty=2,1007,"[1,10]",1,intervention:L16_CWE-120_B:Low,-0.05,"[1,10]",false
corruption_penalty=2,1008,[0],0,no_op:none:none,0,[0],false
corruption_penalty=2,1009,"[1,10]",1,intervention:L16_CWE-120_B:Low,-0.05,"[1,10]",false
corruption_penalty=2,1011,[0],0,no_op:none:none,0,[0],false
corruption_penalty=2,1012,[0],0,no_op:none:none,0,[0],false
corruption_penalty=2,1013,[0],0,no_op:none:none,0,[0],false
corruption_penalty=2,1014,[0],0,no_op:none:none,0,[0],false
corruption_penalty=2,1015,[0],0,no_op:none:none,0,[0],false
corruption_penalty=2,1016,[0],0,no_op:none:none,0,[0],false
corruption_penalty=2,1017,[0],0,no_op:none:none,0,[0],false
corruption_penalty=2,1018,[0],0,no_op:none:none,0,[0],false
corruption_penalty=2,1019,[0],0,no_op:none:none,0,[0],false
corruption_penalty=2,1020,[0],0,no_op:none:none,0,[0],false
corruption_penalty=2,1021,[0],0,no_op:none:none,0,[0],false
corruption_penalty=2,1023,[0],0,no_op:none:none,0,[0],false
corruption_penalty=2,1024,[0],0,no_op:none:none,0,[0],false
corruption_penalty=2,1026,[0],0,no_op:none:none,0,[0],false
corruption_penalty=2,1027,[0],0,no_op:none:none,0,[0],false
corruption_penalty=2,1028,[0],0,no_op:none:none,0,[0],false
corruption_penalty=2,1030,"[1,10,19]",1,intervention:L16_CWE-120_B:Low,-0.05,"[1,10,19]",false
corruption_penalty=2,1031,"[1,10,19]",1,intervention:L16_CWE-120_B:Low,-0.05,"[1,10,19]",false
corruption_penalty=2,1032,[0],0,no_op:none:none,0,[0],false
corruption_penalty=2,1033,[0],0,no_op:none:none,0,[0],false
corruption_penalty=2,1037,"[1,10,19]",1,intervention:L16_CWE-120_B:Low,-0.05,"[1,10,19]",false
corruption_penalty=2,1038,[0],0,no_op:none:none,0,[0],false
corruption_penalty=2,1041,"[1,19]",1,intervention:L16_CWE-120_B:Low,-0.05,"[1,19]",false
corruption_penalty=2,1042,[0],0,no_op:none:none,0,[0],false
corruption_penalty=2,1044,[0],0,no_op:none:none,0,[0],false
corruption_penalty=2,1045,[0],0,no_op:none:none,1.25,[0],false
corruption_penalty=2,1046,"[1,10,19]",1,intervention:L16_CWE-120_B:Low,-0.05,"[1,10,19]",false
corruption_penalty=2,1048,"[1,10,19]",1,intervention:L16_CWE-120_B:Low,-0.05,"[1,10,19]",false
corruption_penalty=2,1049,"[1,10,19]",1,intervention:L16_CWE-120_B:Low,-0.05,"[1,10,19]",false
corruption_penalty=2,1050,[0],0,no_op:none:none,0,[0],false
corruption_penalty=2,1051,"[1,10,19]",1,intervention:L16_CWE-120_B:Low,-0.05,"[1,10,19]",false
corruption_penalty=2,1053,"[1,10,19]",1,intervention:L16_CWE-120_B:Low,-0.05,"[1,10,19]",false
corruption_penalty=2,1054,[0],0,no_op:none:none,0,[0],false
corruption_penalty=2,1055,"[1,10]",1,intervention:L16_CWE-120_B:Low,-0.05,"[1,10]",false
corruption_penalty=2,1056,[0],0,no_op:none:none,0,[0],false
corruption_penalty=2,1057,"[1,10,19]",1,intervention:L16_CWE-120_B:Low,-0.05,"[1,10,19]",false
corruption_penalty=2,1058,[0],0,no_op:none:none,0,[0],false
corruption_penalty=2,1060,[0],0,no_op:none:none,0,[0],false
corruption_penalty=2,1061,"[1,10]",1,intervention:L16_CWE-120_B:Low,-0.05,"[1,10]",false
corruption_penalty=2,1062,[0],0,no_op:none:none,0,[0],false
corruption_penalty=2,1063,[0],0,no_op:none:none,0,[0],false
corruption_penalty=2,1065,[0],0,no_op:none:none,0,[0],false
corruption_penalty=2,1066,[0],0,no_op:none:none,0,[0],false
corruption_penalty=2,1067,[0],0,no_op:none:none,0,[0],false
corruption_penalty=2,1068,[0],0,no_op:none:none,0,[0],false
corruption_penalty=2,1069,"[1,10,19]",1,intervention:L16_CWE-120_B:Low,-0.05,"[1,10,19]",false
corruption_penalty=2,1071,[0],0,no_op:none:none,0,[0],false
corruption_penalty=2,1072,"[1,10,19]",1,intervention:L16_CWE-120_B:Low,-0.05,"[1,10,19]",false
corruption_penalty=2,1073,[0],0,no_op:none:none,0,[0],false
corruption_penalty=2,1074,[0],0,no_op:none:none,0,[0],false
corruption_penalty=2,1075,[0],0,no_op:none:none,0,[0],false
corruption_penalty=2,1076,"[1,10,19]",1,intervention:L16_CWE-120_B:Low,-0.05,"[1,10,19]",false
corruption_penalty=2,1077,[0],0,no_op:none:none,0,[0],false
corruption_penalty=2,1078,[0],0,no_op:none:none,0,[0],false
corruption_penalty=2,1079,"[1,10]",1,intervention:L16_CWE-120_B:Low,-0.05,"[1,10]",false
corruption_penalty=2,1081,[0],0,no_op:none:none,0,[0],false
corruption_penalty=2,1082,"[10,19]",10,intervention:L23_CWE-327_A:Low,-0.05,"[10,19]",false
corruption_penalty=2,1084,"[1,10,19]",1,intervention:L16_CWE-120_B:Low,-0.05,"[1,10,19]",false
corruption_penalty=2,1085,[0],0,no_op:none:none,0,[0],false
corruption_penalty=2,1088,"[1,10,19]",1,intervention:L16_CWE-120_B:Low,-0.05,"[1,10,19]",false
corruption_penalty=2,1089,[0],0,no_op:none:none,0,[0],false
corruption_penalty=2,1091,"[1,10,19]",1,intervention:L16_CWE-120_B:Low,-0.05,"[1,10,19]",false
corruption_penalty=2,1092,"[1,10]",1,intervention:L16_CWE-120_B:Low,-0.05,"[1,10]",false
corruption_penalty=2,1094,[0],0,no_op:none:none,0,[0],false
corruption_penalty=2,1095,"[1,10,19]",1,intervention:L16_CWE-120_B:Low,-0.05,"[1,10,19]",false
corruption_penalty=2,1096,"[1,10,19]",1,intervention:L16_CWE-120_B:Low,-0.05,"[1,10,19]",false
corruption_penalty=2,1097,[0],0,no_op:none:none,0,[0],false
corruption_penalty=2,1100,"[1,10,19]",1,intervention:L16_CWE-120_B:Low,-0.05,"[1,10,19]",false
corruption_penalty=2,1102,"[10,19]",10,intervention:L23_CWE-327_A:Low,-0.05,"[10,19]",false
corruption_penalty=2,1105,"[1,10]",1,intervention:L16_CWE-120_B:Low,-0.05,"[1,10]",false
corruption_penalty=2,1106,"[1,10]",1,intervention:L16_CWE-120_B:Low,1.2,"[1,10]",false
corruption_penalty=2,1108,[0],0,no_op:none:none,0,[0],false
corruption_penalty=2,1109,[0],0,no_op:none:none,0,[0],false
corruption_penalty=2,1111,[0],0,no_op:none:none,0,[0],false
corruption_penalty=2,1113,[0],0,no_op:none:none,0,[0],false
corruption_penalty=2,1114,"[1,10,19]",1,intervention:L16_CWE-120_B:Low,-0.05,"[1,10,19]",false
corruption_penalty=2,1115,"[1,10,19]",1,intervention:L16_CWE-120_B:Low,-0.05,"[1,10,19]",false
corruption_penalty=2,1118,[0],0,no_op:none:none,0,[0],false
corruption_penalty=2,1119,[0],0,no_op:none:none,0,[0],false
corruption_penalty=2,1120,"[1,10,19]",1,intervention:L16_CWE-120_B:Low,-0.05,"[1,10,19]",false
corruption_penalty=2,1121,[0],0,no_op:none:none,0,[0],false
corruption_penalty=2,1122,"[1,10]",1,intervention:L16_CWE-120_B:Low,1.2,"[1,10]",false
corruption_penalty=2,1123,"[1,10]",1,intervention:L16_CWE-120_B:Low,1.2,"[1,10]",false
corruption_penalty=2,1124,"[1,10]",1,intervention:L16_CWE-120_B:Low,1.2,"[1,10]",false
corruption_penalty=2,1126,"[1,10,19]",1,intervention:L16_CWE-120_B:Low,-0.05,"[1,10,19]",false
corruption_penalty=2,1128,[0],0,no_op:none:none,0,[0],false
corruption_penalty=2,1132,"[1,10]",1,intervention:L16_CWE-120_B:Low,-0.05,"[1,10]",false
corruption_penalty=2,1136,[0],0,no_op:none:none,0,[0],false
corruption_penalty=2,1137,[0],0,no_op:none:none,0,[0],false
corruption_penalty=2,1139,[0],0,no_op:none:none,0,[0],false
corruption_penalty=2,1141,[0],0,no_op:none:none,0,[0],false
corruption_penalty=2,1142,[0],0,no_op:none:none,0,[0],false
corruption_penalty=2,1143,[0],0,no_op:none:none,0,[0],false
corruption_penalty=2,1144,[0],0,no_op:none:none,0,[0],false
corruption_penalty=2,1145,[0],0,no_op:none:none,0,[0],false
corruption_penalty=2,1147,"[1,10,19]",1,intervention:L16_CWE-120_B:Low,-0.05,"[1,10,19]",false
corruption_penalty=2,1150,[0],0,no_op:none:none,0,[0],false
corruption_penalty=2,1151,[0],0,no_op:none:none,0,[0],false
corruption_penalty=2,1152,[0],0,no_op:none:none,0,[0],false
corruption_penalty=2,1154,[0],0,no_op:none:none,0,[0],false
corruption_penalty=2,1155,[10],10,intervention:L23_CWE-327_A:Low,1.2,[10],false
corruption_penalty=2,1156,[0],0,no_op:none:none,0,[0],false
corruption_penalty=2,1158,[0],0,no_op:none:none,0,[0],false
corruption_penalty=2,1159,[0],0,no_op:none:none,0,[0],false
corruption_penalty=2,1160,[0],0,no_op:none:none,0,[0],false
corruption_penalty=2,1162,"[1,10]",1,intervention:L16_CWE-120_B:Low,1.2,"[1,10]",false
corruption_penalty=2,1163,"[1,10]",1,intervention:L16_CWE-120_B:Low,1.2,"[1,10]",false
corruption_penalty=2,1164,[0],0,no_op:none:none,0,[0],false
corruption_penalty=2,1165,[0],0,no_op:none:none,0,[0],false
corruption_penalty=2,1167,[0],0,no_op:none:none,0,[0],false
corruption_penalty=2,1168,[0],0,no_op:none:none,0,[0],false
corruption_penalty=2,1170,[0],0,no_op:none:none,0,[0],false
corruption_penalty=2,1171,[0],0,no_op:none:none,0,[0],false
corruption_penalty=2,1172,[0],0,no_op:none:none,0,[0],false
corruption_penalty=2,1173,[0],0,no_op:none:none,0,[0],false
corruption_penalty=2,1174,"[1,10]",1,intervention:L16_CWE-120_B:Low,-0.05,"[1,10]",false
corruption_penalty=2,1175,"[1,10]",1,intervention:L16_CWE-120_B:Low,-0.05,"[1,10]",false
corruption_penalty=2,1176,[0],0,no_op:none:none,0,[0],false
corruption_penalty=2,1177,[0],0,no_op:none:none,0,[0],false
corruption_penalty=2,1178,"[1,10]",1,intervention:L16_CWE-120_B:Low,-0.05,"[1,10]",false
corruption_penalty=2,1179,"[1,10]",1,intervention:L16_CWE-120_B:Low,-0.05,"[1,10]",false
corruption_penalty=2,1181,[0],0,no_op:none:none,0,[0],false
corruption_penalty=2,1183,[0],0,no_op:none:none,0,[0],false
corruption_penalty=2,1184,[0],0,no_op:none:none,0,[0],false
corruption_penalty=2,1187,[0],0,no_op:none:none,0,[0],false
corruption_penalty=2,1188,"[1,10]",1,intervention:L16_CWE-120_B:Low,-0.05,"[1,10]",false
corruption_penalty=2,1190,[0],0,no_op:none:none,0,[0],false
corruption_penalty=2,1191,"[1,10]",1,intervention:L16_CWE-120_B:Low,1.2,"[1,10]",false
corruption_penalty=2,1193,[0],0,no_op:none:none,0,[0],false
corruption_penalty=2,1194,"[1,10]",1,intervention:L16_CWE-120_B:Low,-0.05,"[1,10]",false
corruption_penalty=2,1198,[0],0,no_op:none:none,0,[0],false
corruption_penalty=2,1199,[0],0,no_op:none:none,0,[0],false
corruption_penalty=2,1200,[0],0,no_op:none:none,0,[0],false
corruption_penalty=2,1201,[0],0,no_op:none:none,0,[0],false
corruption_penalty=2,1202,[0],0,no_op:none:none,0,[0],false
corruption_penalty=2,1203,[0],0,no_op:none:none,0,[0],false
corruption_penalty=2,1207,[0],0,no_op:none:none,0,[0],false
corruption_penalty=2,1208,[0],0,no_op:none:none,0,[0],false
corruption_penalty=2,1210,[0],0,no_op:none:none,0,[0],false
corruption_penalty=2,1211,[0],0,no_op:none:none,0,[0],false
corruption_penalty=2,1212,[0],0,no_op:none:none,0,[0],false
corruption_penalty=2,1213,[0],0,no_op:none:none,0,[0],false
corruption_penalty=2,1214,[0],0,no_op:none:none,0,[0],false
corruption_penalty=2,1215,[0],0,no_op:none:none,0,[0],false
corruption_penalty=2,1216,[0],0,no_op:none:none,0,[0],false
corruption_penalty=2,1219,[0],0,no_op:none:none,0,[0],false
corruption_penalty=2,1222,[0],0,no_op:none:none,0,[0],false
corruption_penalty=2,1223,[0],0,no_op:none:none,0,[0],false
corruption_penalty=2,1224,[0],0,no_op:none:none,0,[0],false
corruption_penalty=2,1225,[0],0,no_op:none:none,0,[0],false
corruption_penalty=2,1227,[0],0,no_op:none:none,0,[0],false
corruption_penalty=2,1228,[0],0,no_op:none:none,0,[0],false
corruption_penalty=2,1229,[0],0,no_op:none:none,0,[0],false
corruption_penalty=2,1230,[0],0,no_op:none:none,0,[0],false
corruption_penalty=2,1231,[0],0,no_op:none:none,0,[0],false
corruption_penalty=2,1233,[0],0,no_op:none:none,0,[0],false
corruption_penalty=2,1234,[0],0,no_op:none:none,0,[0],false
corruption_penalty=2,1235,[0],0,no_op:none:none,0,[0],false
corruption_penalty=2,1237,[0],0,no_op:none:none,0,[0],false
corruption_penalty=2,1239,[0],0,no_op:none:none,0,[0],false
corruption_penalty=2,1240,[0],0,no_op:none:none,0,[0],false
corruption_penalty=2,1243,[0],0,no_op:none:none,0,[0],false
corruption_penalty=2,1244,[0],0,no_op:none:none,0,[0],false
corruption_penalty=2,1245,[0],0,no_op:none:none,0,[0],false
corruption_penalty=2,1246,[0],0,no_op:none:none,0,[0],false
corruption_penalty=2,1248,[0],0,no_op:none:none,0,[0],false
corruption_penalty=2,1249,[0],0,no_op:none:none,0,[0],false
corruption_penalty=2,1250,[0],0,no_op:none:none,0,[0],false
corruption_penalty=2,1251,[0],0,no_op:none:none,0,[0],false
corruption_penalty=2,1253,[0],0,no_op:none:none,0,[0],false
corruption_penalty=2,1254,[0],0,no_op:none:none,0,[0],false
corruption_penalty=2,1255,[0],0,no_op:none:none,0,[0],false
corruption_penalty=2,1256,[0],0,no_op:none:none,0,[0],false
corruption_penalty=2,1257,[0],0,no_op:none:none,0,[0],false
corruption_penalty=2,1258,[0],0,no_op:none:none,0,[0],false
corruption_penalty=2,1259,[0],0,no_op:none:none,0,[0],false
corruption_penalty=2,1260,[0],0,no_op:none:none,0,[0],false
corruption_penalty=2,1261,[0],0,no_op:none:none,0,[0],false
corruption_penalty=2,1262,[0],0,no_op:none:none,0,[0],false
corruption_penalty=2,1263,[0],0,no_op:none:none,0,[0],false
corruption_penalty=2,1264,[0],0,no_op:none:none,0,[0],false
corruption_penalty=2,1265,[0],0,no_op:none:none,0,[0],false
corruption_penalty=2,1267,[0],0,no_op:none:none,0,[0],false
corruption_penalty=2,1269,[0],0,no_op:none:none,0,[0],false
corruption_penalty=2,1270,[0],0,no_op:none:none,0,[0],false
corruption_penalty=2,1273,[0],0,no_op:none:none,0,[0],false
corruption_penalty=2,1274,[0],0,no_op:none:none,0,[0],false
corruption_penalty=2,1275,[0],0,no_op:none:none,0,[0],false
corruption_penalty=2,1276,[0],0,no_op:none:none,0,[0],false
corruption_penalty=2,1277,[0],0,no_op:none:none,0,[0],false
corruption_penalty=2,1278,[0],0,no_op:none:none,0,[0],false
corruption_penalty=2,1279,[0],0,no_op:none:none,0,[0],false
corruption_penalty=2,1281,[0],0,no_op:none:none,0,[0],false
corruption_penalty=2,1282,[0],0,no_op:none:none,0,[0],false
corruption_penalty=2,1283,[0],0,no_op:none:none,0,[0],false
corruption_penalty=2,1284,[0],0,no_op:none:none,0,[0],false
corruption_penalty=2,1286,[0],0,no_op:none:none,0,[0],false
corruption_penalty=2,1288,[0],0,no_op:none:none,0,[0],false
corruption_penalty=2,1289,[0],0,no_op:none:none,0,[0],false
corruption_penalty=2,1290,[0],0,no_op:none:none,0,[0],false
corruption_penalty=2,1291,[0],0,no_op:none:none,0,[0],false
corruption_penalty=2,1293,[0],0,no_op:none:none,0,[0],false
corruption_penalty=2,1294,[0],0,no_op:none:none,0,[0],false
corruption_penalty=2,1295,[0],0,no_op:none:none,0,[0],false
corruption_penalty=2,1296,[0],0,no_op:none:none,0,[0],false
corruption_penalty=2,1297,[0],0,no_op:none:none,0,[0],false
corruption_penalty=2,1302,[0],0,no_op:none:none,0,[0],false
corruption_penalty=2,1303,[0],0,no_op:none:none,0,[0],false
corruption_penalty=2,1305,[0],0,no_op:none:none,0,[0],false
corruption_penalty=2,1306,[0],0,no_op:none:none,0,[0],false
corruption_penalty=2,1307,[0],0,no_op:none:none,0,[0],false
corruption_penalty=2,1311,[0],0,no_op:none:none,0,[0],false
corruption_penalty=2,1314,[0],0,no_op:none:none,0,[0],false
corruption_penalty=2,1315,[0],0,no_op:none:none,0,[0],false
corruption_penalty=2,1317,[0],0,no_op:none:none,0,[0],false
corruption_penalty=2,1318,[0],0,no_op:none:none,0,[0],false
corruption_penalty=2,1319,[0],0,no_op:none:none,0,[0],false
corruption_penalty=2,1320,[0],0,no_op:none:none,0,[0],false
corruption_penalty=2,1322,[0],0,no_op:none:none,0,[0],false
corruption_penalty=2,1324,[0],0,no_op:none:none,0,[0],false
corruption_penalty=2,1325,[0],0,no_op:none:none,0,[0],false
corruption_penalty=2,1326,[0],0,no_op:none:none,0,[0],false
corruption_penalty=2,1328,[0],0,no_op:none:none,0,[0],false
corruption_penalty=2,1329,[0],0,no_op:none:none,0,[0],false
corruption_penalty=2,1331,[0],0,no_op:none:none,0,[0],false
corruption_penalty=2,1332,[0],0,no_op:none:none,0,[0],false
corruption_penalty=2,1333,[0],0,no_op:none:none,0,[0],false
corruption_penalty=2,1334,[0],0,no_op:none:none,0,[0],false
corruption_penalty=2,1336,[0],0,no_op:none:none,0,[0],false
corruption_penalty=2,1337,[0],0,no_op:none:none,0,[0],false
corruption_penalty=2,1340,[0],0,no_op:none:none,0,[0],false
corruption_penalty=2,1341,[0],0,no_op:none:none,0,[0],false
corruption_penalty=2,1343,[0],0,no_op:none:none,0,[0],false
corruption_penalty=2,1344,[0],0,no_op:none:none,0,[0],false
corruption_penalty=2,1345,[0],0,no_op:none:none,0,[0],false
corruption_penalty=2,1347,[0],0,no_op:none:none,0,[0],false
corruption_penalty=2,1348,[0],0,no_op:none:none,0,[0],false
corruption_penalty=2,1350,[0],0,no_op:none:none,0,[0],false
corruption_penalty=2,1353,[0],0,no_op:none:none,0,[0],false
corruption_penalty=2,1356,[0],0,no_op:none:none,0,[0],false
corruption_penalty=2,1357,[0],0,no_op:none:none,0,[0],false
corruption_penalty=2,1359,[0],0,no_op:none:none,0,[0],false
corruption_penalty=2,1360,[0],0,no_op:none:none,0,[0],false
corruption_penalty=2,1361,[0],0,no_op:none:none,0,[0],false
corruption_penalty=2,1362,[0],0,no_op:none:none,0,[0],false
corruption_penalty=2,1364,[0],0,no_op:none:none,0,[0],false
corruption_penalty=2,1366,[0],0,no_op:none:none,0,[0],false
corruption_penalty=2,1368,[0],0,no_op:none:none,0,[0],false
corruption_penalty=2,1369,[0],0,no_op:none:none,0,[0],false
corruption_penalty=2,1373,[0],0,no_op:none:none,0,[0],false
corruption_penalty=2,1374,[0],0,no_op:none:none,0,[0],false
corruption_penalty=2,1376,[0],0,no_op:none:none,0,[0],false
corruption_penalty=2,1377,[0],0,no_op:none:none,0,[0],false
corruption_penalty=2,1378,[0],0,no_op:none:none,0,[0],false
corruption_penalty=2,1380,[0],0,no_op:none:none,0,[0],false
corruption_penalty=2,1381,[0],0,no_op:none:none,0,[0],false
corruption_penalty=2,1383,[0],0,no_op:none:none,0,[0],false
corruption_penalty=2,1384,[0],0,no_op:none:none,0,[0],false
corruption_penalty=2,1386,[0],0,no_op:none:none,0,[0],false
corruption_penalty=2,1387,[0],0,no_op:none:none,0,[0],false
corruption_penalty=2,1388,[0],0,no_op:none:none,0,[0],false
corruption_penalty=2,1389,[0],0,no_op:none:none,0,[0],false
corruption_penalty=2,1390,[0],0,no_op:none:none,0,[0],false
corruption_penalty=2,1391,[0],0,no_op:none:none,0,[0],false
corruption_penalty=2,1392,[0],0,no_op:none:none,0,[0],false
corruption_penalty=2,1394,[0],0,no_op:none:none,0,[0],false
corruption_penalty=2,1395,[0],0,no_op:none:none,0,[0],false
corruption_penalty=2,1397,[0],0,no_op:none:none,0,[0],false
corruption_penalty=2,1398,[0],0,no_op:none:none,0,[0],false
corruption_penalty=2,1400,[0],0,no_op:none:none,0,[0],false
corruption_penalty=2,1401,[0],0,no_op:none:none,0,[0],false
corruption_penalty=2,1403,[0],0,no_op:none:none,0,[0],false
corruption_penalty=2,1404,[0],0,no_op:none:none,0,[0],false
corruption_penalty=2,1405,[0],0,no_op:none:none,0,[0],false
corruption_penalty=2,1406,[0],0,no_op:none:none,0,[0],false
corruption_penalty=2,1408,[0],0,no_op:none:none,0,[0],false
corruption_penalty=2,1410,[0],0,no_op:none:none,0,[0],false
corruption_penalty=2,1411,[0],0,no_op:none:none,0,[0],false
corruption_penalty=2,1413,[0],0,no_op:none:none,0,[0],false
corruption_penalty=2,1414,[0],0,no_op:none:none,0,[0],false
corruption_penalty=2,1416,[0],0,no_op:none:none,0,[0],false
corruption_penalty=2,1417,[0],0,no_op:none:none,0,[0],false
corruption_penalty=2,1418,[0],0,no_op:none:none,0,[0],false
corruption_penalty=2,1419,[0],0,no_op:none:none,0,[0],false
corruption_penalty=2,1420,[0],0,no_op:none:none,0,[0],false
corruption_penalty=2,1421,[0],0,no_op:none:none,0,[0],false
corruption_penalty=2,1422,[0],0,no_op:none:none,0,[0],false
corruption_penalty=2,1423,[0],0,no_op:none:none,0,[0],false
corruption_penalty=2,1424,[0],0,no_op:none:none,0,[0],false
corruption_penalty=2,1425,[0],0,no_op:none:none,0,[0],false
corruption_penalty=2,1427,[0],0,no_op:none:none,0,[0],false
corruption_penalty=2,1428,[1],1,intervention:L16_CWE-120_B:Low,-0.05,[1],false
corruption_penalty=2,1430,[0],0,no_op:none:none,0,[0],false
corruption_penalty=2,1431,[0],0,no_op:none:none,0,[0],false
corruption_penalty=2,1432,[0],0,no_op:none:none,0,[0],false
corruption_penalty=2,1433,[0],0,no_op:none:none,0,[0],false
corruption_penalty=2,1434,[0],0,no_op:none:none,0,[0],false
corruption_penalty=2,1435,[0],0,no_op:none:none,0,[0],false
corruption_penalty=2,1438,[0],0,no_op:none:none,0,[0],false
corruption_penalty=2,1439,[0],0,no_op:none:none,0,[0],false
corruption_penalty=2,1441,[0],0,no_op:none:none,0,[0],false
corruption_penalty=2,1443,[0],0,no_op:none:none,0,[0],false
corruption_penalty=2,1444,[0],0,no_op:none:none,0,[0],false
corruption_penalty=2,1445,[0],0,no_op:none:none,0,[0],false
corruption_penalty=2,1446,[0],0,no_op:none:none,0,[0],false
corruption_penalty=2,1447,[0],0,no_op:none:none,0,[0],false
corruption_penalty=2,1448,[0],0,no_op:none:none,0,[0],false
corruption_penalty=2,1450,[0],0,no_op:none:none,0,[0],false
corruption_penalty=2,1451,[0],0,no_op:none:none,0,[0],false
corruption_penalty=2,1452,[0],0,no_op:none:none,0,[0],false
corruption_penalty=2,1453,[0],0,no_op:none:none,0,[0],false
corruption_penalty=2,1454,[0],0,no_op:none:none,0,[0],false
corruption_penalty=2,1455,[0],0,no_op:none:none,0,[0],false
corruption_penalty=2,1456,[0],0,no_op:none:none,0,[0],false
corruption_penalty=2,1457,[0],0,no_op:none:none,0,[0],false
corruption_penalty=2,1458,[0],0,no_op:none:none,0,[0],false
corruption_penalty=2,1459,[0],0,no_op:none:none,0,[0],false
corruption_penalty=2,1462,[0],0,no_op:none:none,0,[0],false
corruption_penalty=2,1463,[0],0,no_op:none:none,0,[0],false
corruption_penalty=2,1464,[0],0,no_op:none:none,0,[0],false
corruption_penalty=2,1465,[0],0,no_op:none:none,0,[0],false
corruption_penalty=2,1467,[0],0,no_op:none:none,0,[0],false
corruption_penalty=2,1468,[0],0,no_op:none:none,0,[0],false
corruption_penalty=2,1469,[0],0,no_op:none:none,0,[0],false
corruption_penalty=2,1472,[0],0,no_op:none:none,0,[0],false
corruption_penalty=2,1475,[0],0,no_op:none:none,0,[0],false
corruption_penalty=2,1477,[0],0,no_op:none:none,0,[0],false
corruption_penalty=2,1480,[0],0,no_op:none:none,0,[0],false
corruption_penalty=2,1482,[0],0,no_op:none:none,0,[0],false
corruption_penalty=2,1483,[0],0,no_op:none:none,0,[0],false
corruption_penalty=2,1485,[0],0,no_op:none:none,0,[0],false
corruption_penalty=2,1486,[0],0,no_op:none:none,0,[0],false
corruption_penalty=2,1487,[0],0,no_op:none:none,0,[0],false
corruption_penalty=2,1488,[0],0,no_op:none:none,0,[0],false
corruption_penalty=2,1489,[0],0,no_op:none:none,0,[0],false
corruption_penalty=2,1490,[0],0,no_op:none:none,0,[0],false
corruption_penalty=2,1492,[0],0,no_op:none:none,0,[0],false
corruption_penalty=2,1495,[0],0,no_op:none:none,0,[0],false
corruption_penalty=2,1497,"[1,10,19]",1,intervention:L16_CWE-120_B:Low,-0.05,"[1,10,19]",false
corruption_penalty=2,1499,[0],0,no_op:none:none,0,[0],false
corruption_penalty=2,1500,[0],0,no_op:none:none,0,[0],false
corruption_penalty=2,1501,[0],0,no_op:none:none,0,[0],false
corruption_penalty=2,1503,[0],0,no_op:none:none,0,[0],false
corruption_penalty=2,1504,[0],0,no_op:none:none,0,[0],false
corruption_penalty=2,1505,[0],0,no_op:none:none,0,[0],false
corruption_penalty=2,1507,[0],0,no_op:none:none,0,[0],false
corruption_penalty=2,1510,[0],0,no_op:none:none,0,[0],false
corruption_penalty=2,1511,[0],0,no_op:none:none,0,[0],false
corruption_penalty=2,1512,[0],0,no_op:none:none,0,[0],false
corruption_penalty=2,1513,[0],0,no_op:none:none,0,[0],false
corruption_penalty=2,1514,[0],0,no_op:none:none,0,[0],false
corruption_penalty=2,1515,[0],0,no_op:none:none,0,[0],false
corruption_penalty=2,1519,[0],0,no_op:none:none,0,[0],false
corruption_penalty=2,1520,[0],0,no_op:none:none,0,[0],false
corruption_penalty=2,1521,[0],0,no_op:none:none,0,[0],false
corruption_penalty=2,1522,[0],0,no_op:none:none,0,[0],false
corruption_penalty=2,1523,[0],0,no_op:none:none,0,[0],false
corruption_penalty=2,1524,[0],0,no_op:none:none,0,[0],false
corruption_penalty=2,1526,[0],0,no_op:none:none,0,[0],false
corruption_penalty=2,1527,[0],0,no_op:none:none,0,[0],false
corruption_penalty=2,1530,[0],0,no_op:none:none,0,[0],false
corruption_penalty=2,1532,[0],0,no_op:none:none,0,[0],false
corruption_penalty=2,1533,[0],0,no_op:none:none,0,[0],false
corruption_penalty=2,1534,[0],0,no_op:none:none,0,[0],false
corruption_penalty=2,1535,[0],0,no_op:none:none,0,[0],false
corruption_penalty=2,1536,[0],0,no_op:none:none,0,[0],false
corruption_penalty=2,1538,[0],0,no_op:none:none,0,[0],false
corruption_penalty=2,1539,[0],0,no_op:none:none,0,[0],false
corruption_penalty=2,1541,[0],0,no_op:none:none,0,[0],false
corruption_penalty=2,1542,[0],0,no_op:none:none,0,[0],false
corruption_penalty=2,1545,[0],0,no_op:none:none,0,[0],false
corruption_penalty=2,1548,[0],0,no_op:none:none,0,[0],false
corruption_penalty=2,1549,[0],0,no_op:none:none,0,[0],false
corruption_penalty=2,1550,[0],0,no_op:none:none,0,[0],false
corruption_penalty=2,1551,[0],0,no_op:none:none,0,[0],false
corruption_penalty=2,1552,[0],0,no_op:none:none,0,[0],false
corruption_penalty=2,1553,[0],0,no_op:none:none,0,[0],false
corruption_penalty=2,1555,[0],0,no_op:none:none,0,[0],false
corruption_penalty=2,1556,[0],0,no_op:none:none,0,[0],false
corruption_penalty=2,1558,[0],0,no_op:none:none,0,[0],false
corruption_penalty=2,1559,[0],0,no_op:none:none,0,[0],false
corruption_penalty=2,1562,[0],0,no_op:none:none,0,[0],false
corruption_penalty=2,1564,[0],0,no_op:none:none,0,[0],false
corruption_penalty=2,1565,[0],0,no_op:none:none,0,[0],false
corruption_penalty=2,1566,[0],0,no_op:none:none,1,[0],false
corruption_penalty=2,1567,[0],0,no_op:none:none,0,[0],false
corruption_penalty=2,1569,[0],0,no_op:none:none,0,[0],false
corruption_penalty=2,1571,[0],0,no_op:none:none,0,[0],false
corruption_penalty=2,1575,[0],0,no_op:none:none,0,[0],false
corruption_penalty=2,1576,[0],0,no_op:none:none,0,[0],false
corruption_penalty=2,1577,[0],0,no_op:none:none,0,[0],false
corruption_penalty=2,1578,"[1,10,19]",1,intervention:L16_CWE-120_B:Low,-0.05,"[1,10,19]",false
corruption_penalty=2,1579,[0],0,no_op:none:none,0,[0],false
corruption_penalty=2,1580,[0],0,no_op:none:none,0,[0],false
corruption_penalty=2,1581,[0],0,no_op:none:none,0,[0],false
corruption_penalty=2,1584,[0],0,no_op:none:none,0,[0],false
corruption_penalty=2,1586,[0],0,no_op:none:none,0,[0],false
corruption_penalty=2,1587,[0],0,no_op:none:none,0,[0],false
corruption_penalty=2,1588,[0],0,no_op:none:none,0,[0],false
corruption_penalty=2,1592,[19],19,intervention:L23_CWE-89_A:Low,-0.05,[19],false
corruption_penalty=2,1593,[0],0,no_op:none:none,0,[0],false
corruption_penalty=2,1595,[0],0,no_op:none:none,0,[0],false
corruption_penalty=2,1596,"[1,10,19]",1,intervention:L16_CWE-120_B:Low,-0.05,"[1,10,19]",false
corruption_penalty=2,1597,[19],19,intervention:L23_CWE-89_A:Low,0.95,[19],false
corruption_penalty=2,1599,[0],0,no_op:none:none,0,[0],false
corruption_penalty=2,1600,[0],0,no_op:none:none,0,[0],false
corruption_penalty=2,1601,[0],0,no_op:none:none,0,[0],false
corruption_penalty=2,1602,[0],0,no_op:none:none,0,[0],false
corruption_penalty=2,1603,[0],0,no_op:none:none,1,[0],false
corruption_penalty=2,1605,[0],0,no_op:none:none,0,[0],false
corruption_penalty=2,1608,"[1,19]",1,intervention:L16_CWE-120_B:Low,-0.05,"[1,19]",false
corruption_penalty=2,1609,[0],0,no_op:none:none,0,[0],false
corruption_penalty=2,1610,[0],0,no_op:none:none,0,[0],false
corruption_penalty=2,1611,[0],0,no_op:none:none,0,[0],false
corruption_penalty=2,1612,[0],0,no_op:none:none,0,[0],false
corruption_penalty=2,1614,[0],0,no_op:none:none,0,[0],false
corruption_penalty=2,1615,[0],0,no_op:none:none,1,[0],false
corruption_penalty=2,1616,"[1,10,19]",1,intervention:L16_CWE-120_B:Low,-0.05,"[1,10,19]",false
corruption_penalty=2,1617,[0],0,no_op:none:none,0,[0],false
corruption_penalty=2,1620,[0],0,no_op:none:none,0,[0],false
corruption_penalty=2,1621,[0],0,no_op:none:none,0,[0],false
corruption_penalty=2,1623,[0],0,no_op:none:none,0,[0],false
corruption_penalty=2,1624,[0],0,no_op:none:none,0,[0],false
corruption_penalty=2,1626,[0],0,no_op:none:none,0,[0],false
corruption_penalty=2,1628,"[1,10,19]",1,intervention:L16_CWE-120_B:Low,-0.05,"[1,10,19]",false
corruption_penalty=2,1629,"[1,10,19]",1,intervention:L16_CWE-120_B:Low,-0.05,"[1,10,19]",false
corruption_penalty=2,1630,[0],0,no_op:none:none,0,[0],false
corruption_penalty=2,1631,[0],0,no_op:none:none,0,[0],false
corruption_penalty=2,1632,[0],0,no_op:none:none,0,[0],false
corruption_penalty=2,1633,[0],0,no_op:none:none,0,[0],false
corruption_penalty=2,1634,[0],0,no_op:none:none,0,[0],false
corruption_penalty=2,1636,[0],0,no_op:none:none,0,[0],false
corruption_penalty=2,1637,"[1,10,19]",1,intervention:L16_CWE-120_B:Low,-0.05,"[1,10,19]",false
corruption_penalty=2,1639,[0],0,no_op:none:none,0,[0],false
corruption_penalty=2,1640,[0],0,no_op:none:none,0,[0],false
corruption_penalty=2,1641,[0],0,no_op:none:none,0,[0],false
corruption_penalty=2,1642,[0],0,no_op:none:none,0,[0],false
corruption_penalty=2,1643,[0],0,no_op:none:none,1,[0],false
corruption_penalty=2,1644,[0],0,no_op:none:none,0,[0],false
corruption_penalty=2,1645,"[1,10,19]",1,intervention:L16_CWE-120_B:Low,-0.05,"[1,10,19]",false
corruption_penalty=2,1646,[0],0,no_op:none:none,0,[0],false
corruption_penalty=2,1647,[0],0,no_op:none:none,0,[0],false
corruption_penalty=2,1649,"[1,10,19]",1,intervention:L16_CWE-120_B:Low,-0.05,"[1,10,19]",false
corruption_penalty=2,1651,[0],0,no_op:none:none,0,[0],false
corruption_penalty=2,1654,[0],0,no_op:none:none,0,[0],false
corruption_penalty=2,1655,[0],0,no_op:none:none,1,[0],false
corruption_penalty=2,1658,"[1,10,19]",1,intervention:L16_CWE-120_B:Low,-0.05,"[1,10,19]",false
corruption_penalty=2,1659,[0],0,no_op:none:none,0,[0],false
corruption_penalty=2,1660,[0],0,no_op:none:none,0,[0],false
corruption_penalty=2,1661,"[1,10,19]",1,intervention:L16_CWE-120_B:Low,-0.05,"[1,10,19]",false
corruption_penalty=2,1662,[0],0,no_op:none:none,0,[0],false
corruption_penalty=2,1663,[0],0,no_op:none:none,0,[0],false
corruption_penalty=2,1665,"[1,10,19]",1,intervention:L16_CWE-120_B:Low,-0.05,"[1,10,19]",false
corruption_penalty=2,1667,[0],0,no_op:none:none,0,[0],false
corruption_penalty=2,1668,[0],0,no_op:none:none,0,[0],false
corruption_penalty=2,1669,[0],0,no_op:none:none,0,[0],false
corruption_penalty=2,1670,[0],0,no_op:none:none,1,[0],false
corruption_penalty=2,1672,[0],0,no_op:none:none,0,[0],false
corruption_penalty=2,1674,[0],0,no_op:none:none,0,[0],false
corruption_penalty=2,1675,[0],0,no_op:none:none,0,[0],false
corruption_penalty=2,1676,[0],0,no_op:none:none,0,[0],false
corruption_penalty=2,1677,"[1,10,19]",1,intervention:L16_CWE-120_B:Low,-0.05,"[1,10,19]",false
corruption_penalty=2,1678,[0],0,no_op:none:none,0,[0],false
corruption_penalty=2,1679,[0],0,no_op:none:none,0,[0],false
corruption_penalty=2,1680,[0],0,no_op:none:none,0,[0],false
corruption_penalty=2,1681,[0],0,no_op:none:none,0,[0],false
corruption_penalty=2,1682,[0],0,no_op:none:none,0,[0],false
corruption_penalty=2,1684,[0],0,no_op:none:none,0,[0],false
corruption_penalty=2,1685,"[1,19]",1,intervention:L16_CWE-120_B:Low,-0.05,"[1,19]",false
corruption_penalty=2,1686,[0],0,no_op:none:none,0,[0],false
corruption_penalty=2,1687,[0],0,no_op:none:none,0,[0],false
corruption_penalty=2,1688,[0],0,no_op:none:none,1,[0],false
corruption_penalty=2,1689,[0],0,no_op:none:none,0,[0],false
corruption_penalty=2,1690,[0],0,no_op:none:none,0,[0],false
corruption_penalty=2,1691,[0],0,no_op:none:none,0,[0],false
corruption_penalty=2,1693,"[10,19]",10,intervention:L23_CWE-327_A:Low,-0.05,"[10,19]",false
corruption_penalty=2,1695,[0],0,no_op:none:none,1,[0],false
corruption_penalty=2,1696,[0],0,no_op:none:none,0,[0],false
corruption_penalty=2,1697,"[1,10,19]",1,intervention:L16_CWE-120_B:Low,-0.05,"[1,10,19]",false
corruption_penalty=2,1699,[0],0,no_op:none:none,0,[0],false
corruption_penalty=2,1702,[0],0,no_op:none:none,0,[0],false
corruption_penalty=2,1703,[0],0,no_op:none:none,0,[0],false
corruption_penalty=2,1704,[0],0,no_op:none:none,1,[0],false
corruption_penalty=2,1705,[0],0,no_op:none:none,0,[0],false
corruption_penalty=2,1706,[0],0,no_op:none:none,0,[0],false
corruption_penalty=2,1707,[0],0,no_op:none:none,0,[0],false
corruption_penalty=2,1709,[0],0,no_op:none:none,0,[0],false
corruption_penalty=2,1710,[0],0,no_op:none:none,0,[0],false
corruption_penalty=2,1711,"[10,19]",10,intervention:L23_CWE-327_A:Low,-0.05,"[10,19]",false
corruption_penalty=2,1715,[0],0,no_op:none:none,0,[0],false
corruption_penalty=2,1716,"[1,10,19]",1,intervention:L16_CWE-120_B:Low,-0.05,"[1,10,19]",false
corruption_penalty=2,1717,[0],0,no_op:none:none,0,[0],false
corruption_penalty=2,1718,[0],0,no_op:none:none,0,[0],false
corruption_penalty=2,1719,"[10,19]",10,intervention:L23_CWE-327_A:Low,-0.05,"[10,19]",false
corruption_penalty=2,1720,"[1,10,19]",1,intervention:L16_CWE-120_B:Low,-0.05,"[1,10,19]",false
corruption_penalty=2,1722,[0],0,no_op:none:none,0,[0],false
corruption_penalty=2,1723,[0],0,no_op:none:none,0,[0],false
corruption_penalty=2,1724,[0],0,no_op:none:none,0,[0],false
corruption_penalty=2,1725,[0],0,no_op:none:none,0,[0],false
corruption_penalty=2,1727,[0],0,no_op:none:none,0,[0],false
corruption_penalty=2,1729,"[1,19]",1,intervention:L16_CWE-120_B:Low,-0.05,"[1,19]",false
corruption_penalty=2,1730,[0],0,no_op:none:none,0,[0],false
corruption_penalty=2,1732,[0],0,no_op:none:none,0,[0],false
corruption_penalty=2,1733,[0],0,no_op:none:none,0,[0],false
corruption_penalty=2,1734,[0],0,no_op:none:none,0,[0],false
corruption_penalty=2,1739,[0],0,no_op:none:none,0,[0],false
corruption_penalty=2,1740,"[1,10,19]",1,intervention:L16_CWE-120_B:Low,-0.05,"[1,10,19]",false
corruption_penalty=2,1741,[0],0,no_op:none:none,0,[0],false
corruption_penalty=2,1743,"[1,10,19]",1,intervention:L16_CWE-120_B:Low,-0.05,"[1,10,19]",false
corruption_penalty=2,1747,[0],0,no_op:none:none,0,[0],false
corruption_penalty=2,1748,[0],0,no_op:none:none,1,[0],false
corruption_penalty=2,1749,[0],0,no_op:none:none,0,[0],false
corruption_penalty=2,1752,[0],0,no_op:none:none,1,[0],false
corruption_penalty=2,1753,"[1,10,19]",1,intervention:L16_CWE-120_B:Low,-0.05,"[1,10,19]",false
corruption_penalty=2,1754,[0],0,no_op:none:none,0,[0],false
corruption_penalty=2,1755,[0],0,no_op:none:none,0,[0],false
corruption_penalty=2,1757,[0],0,no_op:none:none,0,[0],false
corruption_penalty=2,1758,[0],0,no_op:none:none,0,[0],false
corruption_penalty=2,1759,[0],0,no_op:none:none,0,[0],false
corruption_penalty=2,1762,[0],0,no_op:none:none,0,[0],false
corruption_penalty=2,1763,"[1,19]",1,intervention:L16_CWE-120_B:Low,-0.05,"[1,19]",false
corruption_penalty=2,1765,[0],0,no_op:none:none,0,[0],false
corruption_penalty=2,1766,[0],0,no_op:none:none,0,[0],false
corruption_penalty=2,1767,[0],0,no_op:none:none,0,[0],false
corruption_penalty=2,1768,[0],0,no_op:none:none,0,[0],false
corruption_penalty=2,1769,[0],0,no_op:none:none,0,[0],false
corruption_penalty=2,1770,"[1,10,19]",1,intervention:L16_CWE-120_B:Low,-0.05,"[1,10,19]",false
corruption_penalty=2,1772,[0],0,no_op:none:none,0,[0],false
corruption_penalty=2,1773,[0],0,no_op:none:none,0,[0],false
corruption_penalty=2,1776,[0],0,no_op:none:none,0,[0],false
corruption_penalty=2,1777,[0],0,no_op:none:none,0,[0],false
corruption_penalty=2,1778,[0],0,no_op:none:none,0,[0],false
corruption_penalty=2,1779,[0],0,no_op:none:none,0,[0],false
corruption_penalty=2,1782,[0],0,no_op:none:none,0,[0],false
corruption_penalty=2,1783,"[1,10,19]",1,intervention:L16_CWE-120_B:Low,0.95,"[1,10,19]",false
corruption_penalty=2,1784,[0],0,no_op:none:none,0,[0],false
corruption_penalty=2,1786,[0],0,no_op:none:none,0,[0],false
corruption_penalty=2,1787,[0],0,no_op:none:none,0,[0],false
corruption_penalty=2,1788,[0],0,no_op:none:none,0,[0],false
corruption_penalty=2,1789,"[1,10,19]",1,intervention:L16_CWE-120_B:Low,-0.05,"[1,10,19]",false
corruption_penalty=2,1790,[0],0,no_op:none:none,0,[0],false
corruption_penalty=2,1791,[0],0,no_op:none:none,0,[0],false
corruption_penalty=2,1792,[0],0,no_op:none:none,0,[0],false
corruption_penalty=2,1793,[0],0,no_op:none:none,0,[0],false
corruption_penalty=2,1794,[0],0,no_op:none:none,1,[0],false
corruption_penalty=2,1795,[0],0,no_op:none:none,0,[0],false
corruption_penalty=2,1796,[0],0,no_op:none:none,0,[0],false
corruption_penalty=2,1798,[0],0,no_op:none:none,0,[0],false
corruption_penalty=2,1799,"[1,10,19]",1,intervention:L16_CWE-120_B:Low,-0.05,"[1,10,19]",false
corruption_penalty=2,1800,[0],0,no_op:none:none,0,[0],false
corruption_penalty=2,1801,[0],0,no_op:none:none,0,[0],false
corruption_penalty=2,1802,[0],0,no_op:none:none,0,[0],false
corruption_penalty=2,1803,[0],0,no_op:none:none,0,[0],false
corruption_penalty=2,1804,[0],0,no_op:none:none,0,[0],false
corruption_penalty=2,1805,[0],0,no_op:none:none,0,[0],false
corruption_penalty=2,1807,[0],0,no_op:none:none,0,[0],false
corruption_penalty=2,1808,[0],0,no_op:none:none,0,[0],false
corruption_penalty=2,1809,[0],0,no_op:none:none,1,[0],false
corruption_penalty=2,1811,[0],0,no_op:none:none,0,[0],false
corruption_penalty=2,1812,"[1,19]",1,intervention:L16_CWE-120_B:Low,-0.05,"[1,19]",false
corruption_penalty=2,1814,[0],0,no_op:none:none,0,[0],false
corruption_penalty=2,1816,[0],0,no_op:none:none,0,[0],false
corruption_penalty=2,1817,[0],0,no_op:none:none,0,[0],false
corruption_penalty=2,1818,[0],0,no_op:none:none,0,[0],false
corruption_penalty=2,1819,[0],0,no_op:none:none,0,[0],false
corruption_penalty=2,1820,[0],0,no_op:none:none,0,[0],false
corruption_penalty=2,1821,[0],0,no_op:none:none,0,[0],false
corruption_penalty=2,1822,[0],0,no_op:none:none,0,[0],false
corruption_penalty=2,1823,[0],0,no_op:none:none,0,[0],false
corruption_penalty=2,1824,[0],0,no_op:none:none,0,[0],false
corruption_penalty=2,1825,[0],0,no_op:none:none,0,[0],false
corruption_penalty=2,1826,"[1,10,19]",1,intervention:L16_CWE-120_B:Low,-0.05,"[1,10,19]",false
corruption_penalty=2,1828,[0],0,no_op:none:none,0,[0],false
corruption_penalty=2,1829,[0],0,no_op:none:none,0,[0],false
corruption_penalty=2,1830,[0],0,no_op:none:none,0,[0],false
corruption_penalty=2,1831,[0],0,no_op:none:none,0,[0],false
corruption_penalty=2,1832,[0],0,no_op:none:none,1,[0],false
corruption_penalty=2,1835,[0],0,no_op:none:none,0,[0],false
corruption_penalty=2,1836,"[1,10,19]",1,intervention:L16_CWE-120_B:Low,-0.05,"[1,10,19]",false
corruption_penalty=2,1838,[0],0,no_op:none:none,0,[0],false
corruption_penalty=2,1839,[19],19,intervention:L23_CWE-89_A:Low,-0.05,[19],false
corruption_penalty=2,1840,[0],0,no_op:none:none,0,[0],false
corruption_penalty=2,1841,[0],0,no_op:none:none,0,[0],false
corruption_penalty=2,1842,"[10,19]",10,intervention:L23_CWE-327_A:Low,-0.05,"[10,19]",false
corruption_penalty=2,1843,[0],0,no_op:none:none,0,[0],false
corruption_penalty=2,1844,"[1,10,19]",1,intervention:L16_CWE-120_B:Low,-0.05,"[1,10,19]",false
corruption_penalty=2,1845,[0],0,no_op:none:none,0,[0],false
corruption_penalty=2,1846,[0],0,no_op:none:none,1,[0],false
corruption_penalty=2,1847,[0],0,no_op:none:none,0,[0],false
corruption_penalty=2,1848,"[1,10,19]",1,intervention:L16_CWE-120_B:Low,-0.05,"[1,10,19]",false
corruption_penalty=2,1850,[0],0,no_op:none:none,1,[0],false
corruption_penalty=2,1851,[0],0,no_op:none:none,0,[0],false
corruption_penalty=2,1853,[0],0,no_op:none:none,0,[0],false
corruption_penalty=2,1855,[0],0,no_op:none:none,0,[0],false
corruption_penalty=2,1858,[0],0,no_op:none:none,0,[0],false
corruption_penalty=2,1859,[0],0,no_op:none:none,0,[0],false
corruption_penalty=2,1860,[0],0,no_op:none:none,1,[0],false
corruption_penalty=2,1861,[0],0,no_op:none:none,0,[0],false
corruption_penalty=2,1865,"[1,10,19]",1,intervention:L16_CWE-120_B:Low,-0.05,"[1,10,19]",false
corruption_penalty=2,1866,"[1,19]",1,intervention:L16_CWE-120_B:Low,0.95,"[1,19]",false
corruption_penalty=2,1867,[0],0,no_op:none:none,0,[0],false
corruption_penalty=2,1868,"[1,19]",1,intervention:L16_CWE-120_B:Low,-0.05,"[1,19]",false
corruption_penalty=2,1872,[0],0,no_op:none:none,0,[0],false
corruption_penalty=2,1873,[0],0,no_op:none:none,0,[0],false
corruption_penalty=2,1875,[0],0,no_op:none:none,0,[0],false
corruption_penalty=2,1876,[0],0,no_op:none:none,1,[0],false
corruption_penalty=2,1877,[0],0,no_op:none:none,0,[0],false
corruption_penalty=2,1878,"[1,10,19]",1,intervention:L16_CWE-120_B:Low,-0.05,"[1,10,19]",false
corruption_penalty=2,1879,[0],0,no_op:none:none,1,[0],false
corruption_penalty=2,1881,[0],0,no_op:none:none,0,[0],false
corruption_penalty=2,1882,[0],0,no_op:none:none,0,[0],false
corruption_penalty=2,1884,[0],0,no_op:none:none,0,[0],false
corruption_penalty=2,1885,[0],0,no_op:none:none,0,[0],false
corruption_penalty=2,1886,[0],0,no_op:none:none,0,[0],false
corruption_penalty=2,1891,[0],0,no_op:none:none,0,[0],false
corruption_penalty=2,1892,[0],0,no_op:none:none,1,[0],false
corruption_penalty=2,1893,"[1,10,19]",1,intervention:L16_CWE-120_B:Low,-0.05,"[1,10,19]",false
corruption_penalty=2,1895,[0],0,no_op:none:none,0,[0],false
corruption_penalty=2,1897,[0],0,no_op:none:none,1,[0],false
corruption_penalty=2,1900,"[1,10,19]",1,intervention:L16_CWE-120_B:Low,0.95,"[1,10,19]",false
corruption_penalty=2,1901,"[1,10,19]",1,intervention:L16_CWE-120_B:Low,0.95,"[1,10,19]",false
corruption_penalty=2,1903,[0],0,no_op:none:none,1,[0],false
corruption_penalty=2,1904,[0],0,no_op:none:none,0,[0],false
corruption_penalty=2,1905,[0],0,no_op:none:none,0,[0],false
corruption_penalty=2,1909,"[1,10,19]",1,intervention:L16_CWE-120_B:Low,0.95,"[1,10,19]",false
corruption_penalty=2,1911,[0],0,no_op:none:none,0,[0],false
corruption_penalty=2,1912,[0],0,no_op:none:none,0,[0],false
corruption_penalty=2,1913,[0],0,no_op:none:none,1,[0],false
corruption_penalty=2,1915,[0],0,no_op:none:none,0,[0],false
intervention_cost=0,0,"[0,1,10,19]",0,no_op:none:none,0,[0],true
intervention_cost=0,2,"[0,1,10,19]",0,no_op:none:none,0,[0],true
intervention_cost=0,5,"[7,8,10]",7,intervention:L19_CWE-120_B:Low,0,"[7,10]",true
intervention_cost=0,8,"[0,1,10,19]",0,no_op:none:none,0,[0],true
intervention_cost=0,9,"[0,7,8,10]",0,no_op:none:none,0,[0],true
intervention_cost=0,10,"[0,1,10,19]",0,no_op:none:none,0,[0],true
intervention_cost=0,11,"[0,7,8]",0,no_op:none:none,1,[0],true
intervention_cost=0,12,"[7,8]",7,intervention:L19_CWE-120_B:Low,1,[7],true
intervention_cost=0,15,"[0,1,10,19]",0,no_op:none:none,0,[0],true
intervention_cost=0,17,"[0,1,10,19]",0,no_op:none:none,1,[0],true
intervention_cost=0,18,"[7,8,10]",7,intervention:L19_CWE-120_B:Low,1,"[7,10]",true
intervention_cost=0,20,"[0,1,10,19]",0,no_op:none:none,0,[0],true
intervention_cost=0,21,"[0,1,10,19]",0,no_op:none:none,0,[0],true
intervention_cost=0,22,"[1,10,19]",1,intervention:L16_CWE-120_B:Low,1,"[1,10,19]",false
intervention_cost=0,24,"[0,1,10,19]",0,no_op:none:none,0,[0],true
intervention_cost=0,25,"[0,7,8,10]",0,no_op:none:none,0,[0],true
intervention_cost=0,26,"[0,7,8,10]",0,no_op:none:none,0,[0],true
intervention_cost=0,27,"[7,8,10]",7,intervention:L19_CWE-120_B:Low,1,"[7,10]",true
intervention_cost=0,28,"[0,1,10,19]",0,no_op:none:none,0,[0],true
intervention_cost=0,29,"[0,1,10,19]",0,no_op:none:none,0,[0],true
intervention_cost=0,31,"[1,10,19]",1,intervention:L16_CWE-120_B:Low,1,"[1,10,19]",false
intervention_cost=0,32,"[0,1,10,19]",0,no_op:none:none,0,[0],true
intervention_cost=0,33,"[0,1,10,19]",0,no_op:none:none,0,[0],true
intervention_cost=0,34,"[0,1,10,19]",0,no_op:none:none,0,[0],true
intervention_cost=0,35,"[0,7,8,10]",0,no_op:none:none,0,[0],true
intervention_cost=0,36,"[0,1,10,19]",0,no_op:none:none,0,[0],true
intervention_cost=0,37,"[7,8]",7,intervention:L19_CWE-120_B:Low,0,[7],true
intervention_cost=0,38,"[1,19]",1,intervention:L16_CWE-120_B:Low,1,"[1,19]",false
intervention_cost=0,40,"[0,7,8,10]",0,no_op:none:none,0,[0],true
intervention_cost=0,41,"[7,8,10]",7,intervention:L19_CWE-120_B:Low,0,"[7,10]",true
intervention_cost=0,42,"[0,7,8,10]",0,no_op:none:none,0,[0],true
intervention_cost=0,44,"[7,8]",7,intervention:L19_CWE-120_B:Low,1,[7],true
intervention_cost=0,45,"[7,8,10]",7,intervention:L19_CWE-120_B:Low,1,"[7,10]",true
intervention_cost=0,46,"[0,1,10,19]",0,no_op:none:none,0,[0],true
intervention_cost=0,47,"[7,8,10]",7,intervention:L19_CWE-120_B:Low,0,"[7,10]",true
intervention_cost=0,49,"[0,1,10,19]",0,no_op:none:none,0,[0],true
intervention_cost=0,52,"[0,1,10,19]",0,no_op:none:none,0,[0],true
intervention_cost=0,53,"[1,10,19]",1,intervention:L16_CWE-120_B:Low,0,"[1,10,19]",false
intervention_cost=0,55,"[0,1,10,19]",0,no_op:none:none,0,[0],true
intervention_cost=0,57,"[0,1,10,19]",0,no_op:none:none,0,[0],true
intervention_cost=0,58,"[0,7,8,10]",0,no_op:none:none,0,[0],true
intervention_cost=0,59,"[0,1,10,19]",0,no_op:none:none,0,[0],true
intervention_cost=0,60,"[0,7,8,10]",0,no_op:none:none,0,[0],true
intervention_cost=0,62,"[7,8,10]",7,intervention:L19_CWE-120_B:Low,0,"[7,10]",true
intervention_cost=0,63,"[0,7,8,10]",0,no_op:none:none,0,[0],true
intervention_cost=0,66,"[0,7,8,10]",0,no_op:none:none,0,[0],true
intervention_cost=0,67,"[0,1,10,19]",0,no_op:none:none,0,[0],true
intervention_cost=0,68,"[0,1,10,19]",0,no_op:none:none,0,[0],true
intervention_cost=0,69,"[0,1,10,19]",0,no_op:none:none,0,[0],true
intervention_cost=0,70,"[0,7,8,10]",0,no_op:none:none,0,[0],true
intervention_cost=0,71,"[7,8,10]",7,intervention:L19_CWE-120_B:Low,0,"[7,10]",true
intervention_cost=0,72,"[0,1,10,19]",0,no_op:none:none,0,[0],true
intervention_cost=0,74,"[0,1,10,19]",0,no_op:none:none,0,[0],true
intervention_cost=0,75,"[0,1,10,19]",0,no_op:none:none,0,[0],true
intervention_cost=0,76,"[0,7,8,10]",0,no_op:none:none,0,[0],true
intervention_cost=0,77,"[0,1,10,19]",0,no_op:none:none,0,[0],true
intervention_cost=0,80,"[0,1,10,19]",0,no_op:none:none,0,[0],true
intervention_cost=0,82,"[0,1,10,19]",0,no_op:none:none,0,[0],true
intervention_cost=0,83,"[1,19]",1,intervention:L16_CWE-120_B:Low,0,"[1,19]",false
intervention_cost=0,84,"[7,8,10]",7,intervention:L19_CWE-120_B:Low,0,"[7,10]",true
intervention_cost=0,86,"[0,7,8,10]",0,no_op:none:none,0,[0],true
intervention_cost=0,87,"[1,10,19]",1,intervention:L16_CWE-120_B:Low,1,"[1,10,19]",false
intervention_cost=0,89,"[0,7,8,10]",0,no_op:none:none,0,[0],true
intervention_cost=0,91,"[0,1,10,19]",0,no_op:none:none,0,[0],true
intervention_cost=0,92,"[0,1,10,19]",0,no_op:none:none,0,[0],true
intervention_cost=0,94,"[0,1,10,19]",0,no_op:none:none,0,[0],true
intervention_cost=0,95,"[0,1,10,19]",0,no_op:none:none,1,[0],true
intervention_cost=0,97,"[0,1,10,19]",0,no_op:none:none,0,[0],true
intervention_cost=0,98,"[0,1,10,19]",0,no_op:none:none,0,[0],true
intervention_cost=0,99,"[0,7,8,10]",0,no_op:none:none,0,[0],true
intervention_cost=0,100,"[0,1,10,19]",0,no_op:none:none,0,[0],true
intervention_cost=0,101,"[0,1,10,19]",0,no_op:none:none,0,[0],true
intervention_cost=0,105,"[7,8]",7,intervention:L19_CWE-120_B:Low,1,[7],true
intervention_cost=0,106,"[0,1,10,19]",0,no_op:none:none,0,[0],true
intervention_cost=0,107,"[0,1,10,19]",0,no_op:none:none,0,[0],true
intervention_cost=0,108,"[0,1,10,19]",0,no_op:none:none,0,[0],true
intervention_cost=0,109,"[0,1,10,19]",0,no_op:none:none,0,[0],true
intervention_cost=0,111,"[0,1,10,19]",0,no_op:none:none,0,[0],true
intervention_cost=0,112,"[0,7,8,10]",0,no_op:none:none,0,[0],true
intervention_cost=0,113,"[0,7,8,10]",0,no_op:none:none,0,[0],true
intervention_cost=0,115,"[7,8,10]",7,intervention:L19_CWE-120_B:Low,1,"[7,10]",true
intervention_cost=0,121,"[0,7,8,10]",0,no_op:none:none,0,[0],true
intervention_cost=0,122,"[1,10,19]",1,intervention:L16_CWE-120_B:Low,0,"[1,10,19]",false
intervention_cost=0,123,"[0,7,8,10]",0,no_op:none:none,0,[0],true
intervention_cost=0,125,"[0,7,8,10]",0,no_op:none:none,0,[0],true
intervention_cost=0,126,"[0,1,10,19]",0,no_op:none:none,0,[0],true
intervention_cost=0,127,"[0,1,10,19]",0,no_op:none:none,0,[0],true
intervention_cost=0,128,"[0,1,10,19]",0,no_op:none:none,0,[0],true
intervention_cost=0,129,"[0,1,10,19]",0,no_op:none:none,0,[0],true
intervention_cost=0,132,"[0,7,8,10]",0,no_op:none:none,0,[0],true
intervention_cost=0,133,"[7,8]",7,intervention:L19_CWE-120_B:Low,0,[7],true
intervention_cost=0,134,"[0,7,8,10]",0,no_op:none:none,0,[0],true
intervention_cost=0,136,"[0,1,10,19]",0,no_op:none:none,0,[0],true
intervention_cost=0,137,"[0,7,8,10]",0,no_op:none:none,0,[0],true
intervention_cost=0,143,"[0,1,10,19]",0,no_op:none:none,0,[0],true
intervention_cost=0,144,"[0,1,10,19]",0,no_op:none:none,0,[0],true
intervention_cost=0,147,"[0,7,8,10]",0,no_op:none:none,0,[0],true
intervention_cost=0,149,"[0,1,10,19]",0,no_op:none:none,0,[0],true
intervention_cost=0,151,"[0,7,8,10]",0,no_op:none:none,0,[0],true
intervention_cost=0,152,"[0,1,10,19]",0,no_op:none:none,0,[0],true
intervention_cost=0,153,"[0,7,8,10]",0,no_op:none:none,0,[0],true
intervention_cost=0,155,"[0,7,8,10]",0,no_op:none:none,1,[0],true
intervention_cost=0,156,"[0,1,10,19]",0,no_op:none:none,0,[0],true
intervention_cost=0,157,"[1,10,19]",1,intervention:L16_CWE-120_B:Low,1,"[1,10,19]",false
intervention_cost=0,158,"[0,1,10,19]",0,no_op:none:none,0,[0],true
intervention_cost=0,159,"[0,1,10,19]",0,no_op:none:none,0,[0],true
intervention_cost=0,160,"[0,1,10,19]",0,no_op:none:none,0,[0],true
intervention_cost=0,162,"[7,8,10]",7,intervention:L19_CWE-120_B:Low,0,"[7,10]",true
intervention_cost=0,165,"[7,8,10]",7,intervention:L19_CWE-120_B:Low,0,"[7,10]",true
intervention_cost=0,166,"[1,10,19]",1,intervention:L16_CWE-120_B:Low,0,"[1,10,19]",false
intervention_cost=0,168,"[0,1,10,19]",0,no_op:none:none,0,[0],true
intervention_cost=0,169,"[0,1,10,19]",0,no_op:none:none,0,[0],true
intervention_cost=0,170,"[1,10,19]",1,intervention:L16_CWE-120_B:Low,0,"[1,10,19]",false
intervention_cost=0,171,"[0,1,10,19]",0,no_op:none:none,0,[0],true
intervention_cost=0,172,"[0,1,10,19]",0,no_op:none:none,0,[0],true
intervention_cost=0,173,"[0,1,10,19]",0,no_op:none:none,0,[0],true
intervention_cost=0,174,"[0,1,10,19]",0,no_op:none:none,0,[0],true
intervention_cost=0,176,"[1,10,19]",1,intervention:L16_CWE-120_B:Low,0,"[1,10,19]",false
intervention_cost=0,177,"[0,1,10,19]",0,no_op:none:none,0,[0],true
intervention_cost=0,179,"[0,1,10,19]",0,no_op:none:none,0,[0],true
intervention_cost=0,180,"[0,1,10,19]",0,no_op:none:none,0,[0],true
intervention_cost=0,181,"[0,1,10,19]",0,no_op:none:none,0,[0],true
intervention_cost=0,182,"[0,1,10,19]",0,no_op:none:none,0,[0],true
intervention_cost=0,183,"[0,1,10,19]",0,no_op:none:none,0,[0],true
intervention_cost=0,184,"[0,7,8,10]",0,no_op:none:none,0,[0],true
intervention_cost=0,185,"[1,10,19]",1,intervention:L16_CWE-120_B:Low,1,"[1,10,19]",false
intervention_cost=0,187,"[0,1,10,19]",0,no_op:none:none,0,[0],true
intervention_cost=0,188,"[0,1,10,19]",0,no_op:none:none,0,[0],true
intervention_cost=0,190,"[0,1,10,19]",0,no_op:none:none,0,[0],true
intervention_cost=0,192,"[0,1,10,19]",0,no_op:none:none,0,[0],true
intervention_cost=0,194,"[0,1,10,19]",0,no_op:none:none,1.25,[0],true
intervention_cost=0,195,"[1,10,19]",1,intervention:L16_CWE-120_B:Low,1,"[1,10,19]",false
intervention_cost=0,196,"[0,1,10,19]",0,no_op:none:none,0,[0],true
intervention_cost=0,197,"[0,1,10,19]",0,no_op:none:none,0,[0],true
intervention_cost=0,199,"[0,1,10,19]",0,no_op:none:none,0,[0],true
intervention_cost=0,202,"[0,1,10,19]",0,no_op:none:none,0,[0],true
intervention_cost=0,203,"[0,1,19]",0,no_op:none:none,0,[0],true
intervention_cost=0,205,"[0,1,10,19]",0,no_op:none:none,0,[0],true
intervention_cost=0,207,"[7,8]",7,intervention:L19_CWE-120_B:Low,1,[7],true
intervention_cost=0,208,"[0,1,10,19]",0,no_op:none:none,0,[0],true
intervention_cost=0,211,"[0,1,10,19]",0,no_op:none:none,0,[0],true
intervention_cost=0,213,"[0,1,10,19]",0,no_op:none:none,1.25,[0],true
intervention_cost=0,214,"[7,8]",7,intervention:L19_CWE-120_B:Low,0,[7],true
intervention_cost=0,215,"[0,1,10,19]",0,no_op:none:none,0,[0],true
intervention_cost=0,216,"[0,1,10,19]",0,no_op:none:none,0,[0],true
intervention_cost=0,218,"[0,1,10,19]",0,no_op:none:none,0,[0],true
intervention_cost=0,220,"[7,8]",7,intervention:L19_CWE-120_B:Low,0,[7],true
intervention_cost=0,225,"[0,1,10,19]",0,no_op:none:none,0,[0],true
intervention_cost=0,226,"[0,1,10,19]",0,no_op:none:none,0,[0],true
intervention_cost=0,227,"[0,7,8,10]",0,no_op:none:none,0,[0],true
intervention_cost=0,230,"[0,1,10,19]",0,no_op:none:none,0,[0],true
intervention_cost=0,231,"[0,1,10,19]",0,no_op:none:none,0,[0],true
intervention_cost=0,232,"[0,7,8,10]",0,no_op:none:none,0,[0],true
intervention_cost=0,233,"[0,7,8,10]",0,no_op:none:none,0,[0],true
intervention_cost=0,235,"[0,1,10,19]",0,no_op:none:none,0,[0],true
intervention_cost=0,237,"[0,7,8,10]",0,no_op:none:none,0,[0],true
intervention_cost=0,238,"[0,7,8,10]",0,no_op:none:none,0,[0],true
intervention_cost=0,239,"[0,7,8,10]",0,no_op:none:none,0,[0],true
intervention_cost=0,240,"[0,7,8,10]",0,no_op:none:none,0,[0],true
intervention_cost=0,241,"[0,7,8,10]",0,no_op:none:none,0,[0],true
intervention_cost=0,242,"[0,7,8,10]",0,no_op:none:none,0,[0],true
intervention_cost=0,243,"[0,1,10,19]",0,no_op:none:none,0,[0],true
intervention_cost=0,244,"[0,1,10,19]",0,no_op:none:none,0,[0],true
intervention_cost=0,246,"[0,1,10,19]",0,no_op:none:none,0,[0],true
intervention_cost=0,248,"[0,7,8,10]",0,no_op:none:none,0,[0],true
intervention_cost=0,249,"[0,1,10,19]",0,no_op:none:none,0,[0],true
intervention_cost=0,250,"[0,1,10,19]",0,no_op:none:none,0,[0],true
intervention_cost=0,251,"[0,1,10,19]",0,no_op:none:none,0,[0],true
intervention_cost=0,252,"[0,1,10,19]",0,no_op:none:none,0,[0],true
intervention_cost=0,253,"[0,7,8,10]",0,no_op:none:none,0,[0],true
intervention_cost=0,254,"[0,7,8,10]",0,no_op:none:none,0,[0],true
intervention_cost=0,256,"[0,7,8,10]",0,no_op:none:none,0,[0],true
intervention_cost=0,258,"[0,7,8,10]",0,no_op:none:none,0,[0],true
intervention_cost=0,259,"[0,7,8,10]",0,no_op:none:none,0,[0],true
intervention_cost=0,260,"[0,1,10,19]",0,no_op:none:none,0,[0],true
intervention_cost=0,263,"[0,1,10,19]",0,no_op:none:none,0,[0],true
intervention_cost=0,264,"[0,7,8,10]",0,no_op:none:none,0,[0],true
intervention_cost=0,265,"[0,7,8,10]",0,no_op:none:none,0,[0],true
intervention_cost=0,266,"[0,7,8,10]",0,no_op:none:none,0,[0],true
intervention_cost=0,269,"[0,1,10,19]",0,no_op:none:none,0,[0],true
intervention_cost=0,272,"[0,1,10,19]",0,no_op:none:none,0,[0],true
intervention_cost=0,273,"[0,1,10,19]",0,no_op:none:none,0,[0],true
intervention_cost=0,274,"[0,1,10,19]",0,no_op:none:none,0,[0],true
intervention_cost=0,276,"[0,7,8,10]",0,no_op:none:none,0,[0],true
intervention_cost=0,277,"[0,7,8,10]",0,no_op:none:none,0,[0],true
intervention_cost=0,278,"[0,7,8,10]",0,no_op:none:none,0,[0],true
intervention_cost=0,279,"[0,7,8,10]",0,no_op:none:none,0,[0],true
intervention_cost=0,280,"[0,1,10,19]",0,no_op:none:none,0,[0],true
intervention_cost=0,281,"[0,7,8,10]",0,no_op:none:none,0,[0],true
intervention_cost=0,282,"[0,1,10,19]",0,no_op:none:none,0,[0],true
intervention_cost=0,284,"[0,1,10,19]",0,no_op:none:none,0,[0],true
intervention_cost=0,286,"[0,1,10,19]",0,no_op:none:none,0,[0],true
intervention_cost=0,288,"[0,1,10,19]",0,no_op:none:none,0,[0],true
intervention_cost=0,289,"[0,1,10,19]",0,no_op:none:none,0,[0],true
intervention_cost=0,290,"[0,7,8,10]",0,no_op:none:none,0,[0],true
intervention_cost=0,291,"[0,1,10,19]",0,no_op:none:none,0,[0],true
intervention_cost=0,293,"[0,1,10,19]",0,no_op:none:none,0,[0],true
intervention_cost=0,294,"[0,1,10,19]",0,no_op:none:none,0,[0],true
intervention_cost=0,295,"[0,1,10,19]",0,no_op:none:none,0,[0],true
intervention_cost=0,296,"[0,7,8,10]",0,no_op:none:none,0,[0],true
intervention_cost=0,297,"[0,7,8,10]",0,no_op:none:none,0,[0],true
intervention_cost=0,298,"[0,1,10,19]",0,no_op:none:none,0,[0],true
intervention_cost=0,299,"[0,7,8,10]",0,no_op:none:none,0,[0],true
intervention_cost=0,300,"[0,1,10,19]",0,no_op:none:none,0,[0],true
intervention_cost=0,301,"[0,7,8,10]",0,no_op:none:none,0,[0],true
intervention_cost=0,302,"[0,7,8,10]",0,no_op:none:none,0,[0],true
intervention_cost=0,304,"[0,7,8,10]",0,no_op:none:none,0,[0],true
intervention_cost=0,306,"[0,7,8,10]",0,no_op:none:none,0,[0],true
intervention_cost=0,307,"[0,1,10,19]",0,no_op:none:none,0,[0],true
intervention_cost=0,308,"[0,1,10,19]",0,no_op:none:none,0,[0],true
intervention_cost=0,309,"[0,7,8,10]",0,no_op:none:none,0,[0],true
intervention_cost=0,310,"[0,7,8,10]",0,no_op:none:none,0,[0],true
intervention_cost=0,311,"[0,7,8,10]",0,no_op:none:none,0,[0],true
intervention_cost=0,312,"[0,1,10,19]",0,no_op:none:none,0,[0],true
intervention_cost=0,314,"[0,7,8,10]",0,no_op:none:none,0,[0],true
intervention_cost=0,315,"[0,1,10,19]",0,no_op:none:none,0,[0],true
intervention_cost=0,319,"[0,1,10,19]",0,no_op:none:none,0,[0],true
intervention_cost=0,320,"[0,1,10,19]",0,no_op:none:none,0,[0],true
intervention_cost=0,321,"[0,1,10,19]",0,no_op:none:none,0,[0],true
intervention_cost=0,324,"[0,7,8,10]",0,no_op:none:none,0,[0],true
intervention_cost=0,325,"[0,1,10,19]",0,no_op:none:none,0,[0],true
intervention_cost=0,328,"[0,1,10,19]",0,no_op:none:none,0,[0],true
intervention_cost=0,329,"[0,7,8,10]",0,no_op:none:none,0,[0],true
intervention_cost=0,331,"[0,7,8,10]",0,no_op:none:none,0,[0],true
intervention_cost=0,335,"[0,1,10,19]",0,no_op:none:none,0,[0],true
intervention_cost=0,336,"[0,1,10,19]",0,no_op:none:none,0,[0],true
intervention_cost=0,339,"[0,1,10,19]",0,no_op:none:none,0,[0],true
intervention_cost=0,341,"[0,1,10,19]",0,no_op:none:none,0,[0],true
intervention_cost=0,342,"[0,7,8,10]",0,no_op:none:none,0,[0],true
intervention_cost=0,343,"[0,7,8,10]",0,no_op:none:none,0,[0],true
intervention_cost=0,344,"[0,1,10,19]",0,no_op:none:none,0,[0],true
intervention_cost=0,345,"[0,1,10,19]",0,no_op:none:none,0,[0],true
intervention_cost=0,346,"[0,7,8,10]",0,no_op:none:none,0,[0],true
intervention_cost=0,347,"[0,7,8,10]",0,no_op:none:none,0,[0],true
intervention_cost=0,348,"[0,7,8,10]",0,no_op:none:none,0,[0],true
intervention_cost=0,349,"[0,1,10,19]",0,no_op:none:none,0,[0],true
intervention_cost=0,351,"[0,1,10,19]",0,no_op:none:none,0,[0],true
intervention_cost=0,352,"[0,1,10,19]",0,no_op:none:none,0,[0],true
intervention_cost=0,353,"[0,1,10,19]",0,no_op:none:none,0,[0],true
intervention_cost=0,354,"[0,7,8,10]",0,no_op:none:none,0,[0],true
intervention_cost=0,355,"[0,1,10,19]",0,no_op:none:none,0,[0],true
intervention_cost=0,356,"[0,1,10,19]",0,no_op:none:none,0,[0],true
intervention_cost=0,357,"[0,1,10,19]",0,no_op:none:none,0,[0],true
intervention_cost=0,358,"[0,1,10,19]",0,no_op:none:none,0,[0],true
intervention_cost=0,359,"[0,7,8,10]",0,no_op:none:none,0,[0],true
intervention_cost=0,360,"[0,1,10,19]",0,no_op:none:none,0,[0],true
intervention_cost=0,361,"[0,1,10,19]",0,no_op:none:none,0,[0],true
intervention_cost=0,363,"[0,1,10,19]",0,no_op:none:none,0,[0],true
intervention_cost=0,364,"[0,1,10,19]",0,no_op:none:none,0,[0],true
intervention_cost=0,366,"[0,1,10,19]",0,no_op:none:none,0,[0],true
intervention_cost=0,368,"[0,1,10,19]",0,no_op:none:none,0,[0],true
intervention_cost=0,369,"[0,1,10,19]",0,no_op:none:none,0,[0],true
intervention_cost=0,370,"[0,1,10,19]",0,no_op:none:none,0,[0],true
intervention_cost=0,371,"[0,1,10,19]",0,no_op:none:none,0,[0],true
intervention_cost=0,372,"[0,1,10,19]",0,no_op:none:none,0,[0],true
intervention_cost=0,373,"[0,7,8,10]",0,no_op:none:none,0,[0],true
intervention_cost=0,374,"[0,1,10,19]",0,no_op:none:none,0,[0],true
intervention_cost=0,376,"[0,1,10,19]",0,no_op:none:none,0,[0],true
intervention_cost=0,377,"[0,1,10,19]",0,no_op:none:none,0,[0],true
intervention_cost=0,378,"[0,1,10,19]",0,no_op:none:none,0,[0],true
intervention_cost=0,379,"[0,1,10,19]",0,no_op:none:none,0,[0],true
intervention_cost=0,381,"[0,1,10,19]",0,no_op:none:none,0,[0],true
intervention_cost=0,382,"[0,7,8,10]",0,no_op:none:none,0,[0],true
intervention_cost=0,383,"[0,1,10,19]",0,no_op:none:none,0,[0],true
intervention_cost=0,384,"[0,7,8,10]",0,no_op:none:none,0,[0],true
intervention_cost=0,385,"[0,1,10,19]",0,no_op:none:none,0,[0],true
intervention_cost=0,386,"[0,1,10,19]",0,no_op:none:none,0,[0],true
intervention_cost=0,387,"[0,7,8,10]",0,no_op:none:none,0,[0],true
intervention_cost=0,390,"[0,1,10,19]",0,no_op:none:none,0,[0],true
intervention_cost=0,391,"[0,7,8,10]",0,no_op:none:none,0,[0],true
intervention_cost=0,394,"[0,7,8,10]",0,no_op:none:none,0,[0],true
intervention_cost=0,396,"[0,7,8,10]",0,no_op:none:none,0,[0],true
intervention_cost=0,397,"[0,1,10,19]",0,no_op:none:none,0,[0],true
intervention_cost=0,398,"[0,1,10,19]",0,no_op:none:none,0,[0],true
intervention_cost=0,399,"[0,1,10,19]",0,no_op:none:none,0,[0],true
intervention_cost=0,400,"[0,1,10,19]",0,no_op:none:none,0,[0],true
intervention_cost=0,401,"[0,1,10,19]",0,no_op:none:none,0,[0],true
intervention_cost=0,402,"[0,7,8,10]",0,no_op:none:none,0,[0],true
intervention_cost=0,403,"[0,1,10,19]",0,no_op:none:none,0,[0],true
intervention_cost=0,404,"[0,7,8,10]",0,no_op:none:none,0,[0],true
intervention_cost=0,405,"[0,1,10,19]",0,no_op:none:none,0,[0],true
intervention_cost=0,406,"[0,7,8,10]",0,no_op:none:none,0,[0],true
intervention_cost=0,409,"[0,1,10,19]",0,no_op:none:none,0,[0],true
intervention_cost=0,410,"[0,1,10,19]",0,no_op:none:none,0,[0],true
intervention_cost=0,412,"[0,7,8,10]",0,no_op:none:none,0,[0],true
intervention_cost=0,413,"[0,1,10,19]",0,no_op:none:none,0,[0],true
intervention_cost=0,414,"[0,1,10,19]",0,no_op:none:none,0,[0],true
intervention_cost=0,415,"[0,1,10,19]",0,no_op:none:none,0,[0],true
intervention_cost=0,417,"[0,1,10,19]",0,no_op:none:none,0,[0],true
intervention_cost=0,419,"[0,1,10,19]",0,no_op:none:none,0,[0],true
intervention_cost=0,420,"[0,1,10,19]",0,no_op:none:none,0,[0],true
intervention_cost=0,421,"[0,1,10,19]",0,no_op:none:none,0,[0],true
intervention_cost=0,422,"[0,7,8,10]",0,no_op:none:none,0,[0],true
intervention_cost=0,423,"[0,1,10,19]",0,no_op:none:none,1,[0],true
intervention_cost=0,424,"[0,1,10,19]",0,no_op:none:none,0,[0],true
intervention_cost=0,425,"[0,1,10,19]",0,no_op:none:none,0,[0],true
intervention_cost=0,426,"[0,1,10,19]",0,no_op:none:none,0,[0],true
intervention_cost=0,427,"[0,1,10,19]",0,no_op:none:none,0,[0],true
intervention_cost=0,428,"[0,1,10,19]",0,no_op:none:none,0,[0],true
intervention_cost=0,434,"[0,7,8,10]",0,no_op:none:none,0,[0],true
intervention_cost=0,439,"[0,1,10,19]",0,no_op:none:none,0,[0],true
intervention_cost=0,441,"[0,1,10,19]",0,no_op:none:none,0,[0],true
intervention_cost=0,442,"[0,1,10,19]",0,no_op:none:none,0,[0],true
intervention_cost=0,443,"[0,1,10,19]",0,no_op:none:none,0,[0],true
intervention_cost=0,444,"[0,1,10,19]",0,no_op:none:none,0,[0],true
intervention_cost=0,446,"[0,1,10,19]",0,no_op:none:none,0,[0],true
intervention_cost=0,448,"[0,1,10,19]",0,no_op:none:none,0,[0],true
intervention_cost=0,450,"[0,1,10,19]",0,no_op:none:none,0,[0],true
intervention_cost=0,452,"[0,1,10,19]",0,no_op:none:none,0,[0],true
intervention_cost=0,453,"[0,1,10,19]",0,no_op:none:none,0,[0],true
intervention_cost=0,454,"[0,1,10,19]",0,no_op:none:none,0,[0],true
intervention_cost=0,458,"[0,1,10,19]",0,no_op:none:none,0,[0],true
intervention_cost=0,459,"[0,1,10,19]",0,no_op:none:none,0,[0],true
intervention_cost=0,461,"[0,1,10,19]",0,no_op:none:none,0,[0],true
intervention_cost=0,462,"[0,1,10,19]",0,no_op:none:none,0,[0],true
intervention_cost=0,463,"[0,1,10,19]",0,no_op:none:none,0,[0],true
intervention_cost=0,464,"[0,1,10,19]",0,no_op:none:none,0,[0],true
intervention_cost=0,465,"[0,1,10,19]",0,no_op:none:none,0,[0],true
intervention_cost=0,467,"[0,1,10,19]",0,no_op:none:none,0,[0],true
intervention_cost=0,470,"[0,1,10,19]",0,no_op:none:none,0,[0],true
intervention_cost=0,472,"[0,7,8,10]",0,no_op:none:none,0,[0],true
intervention_cost=0,473,"[0,7,8,10]",0,no_op:none:none,0,[0],true
intervention_cost=0,474,"[0,1,10,19]",0,no_op:none:none,0,[0],true
intervention_cost=0,475,"[0,1,10,19]",0,no_op:none:none,0,[0],true
intervention_cost=0,477,"[0,1,10,19]",0,no_op:none:none,0,[0],true
intervention_cost=0,478,"[0,1,10,19]",0,no_op:none:none,0,[0],true
intervention_cost=0,479,"[0,7,8,10]",0,no_op:none:none,0,[0],true
intervention_cost=0,480,"[0,1,10,19]",0,no_op:none:none,0,[0],true
intervention_cost=0,482,"[0,1,10,19]",0,no_op:none:none,0,[0],true
intervention_cost=0,483,"[0,1,10,19]",0,no_op:none:none,0,[0],true
intervention_cost=0,485,"[0,1,10,19]",0,no_op:none:none,0,[0],true
intervention_cost=0,486,"[0,1,19,20]",0,no_op:none:none,0,[0],true
intervention_cost=0,489,"[0,1,10,19]",0,no_op:none:none,0,[0],true
intervention_cost=0,491,"[0,1,10,19]",0,no_op:none:none,0,[0],true
intervention_cost=0,492,"[0,1,10,19]",0,no_op:none:none,0,[0],true
intervention_cost=0,494,"[0,1,10,19]",0,no_op:none:none,0,[0],true
intervention_cost=0,495,"[0,1,10,19]",0,no_op:none:none,0,[0],true
intervention_cost=0,496,"[0,1,10,19]",0,no_op:none:none,0,[0],true
intervention_cost=0,498,"[0,1,10,19]",0,no_op:none:none,0,[0],true
intervention_cost=0,499,"[0,1,10,19]",0,no_op:none:none,0,[0],true
intervention_cost=0,502,"[0,1,10,19]",0,no_op:none:none,0,[0],true
intervention_cost=0,503,"[0,1,10,19]",0,no_op:none:none,0,[0],true
intervention_cost=0,506,"[0,1,10,19]",0,no_op:none:none,0,[0],true
intervention_cost=0,510,"[0,1,10,19]",0,no_op:none:none,0,[0],true
intervention_cost=0,512,"[0,1,10,19]",0,no_op:none:none,0,[0],true
intervention_cost=0,513,"[0,1,10,19]",0,no_op:none:none,0,[0],true
intervention_cost=0,515,"[0,1,10,19]",0,no_op:none:none,0,[0],true
intervention_cost=0,516,"[0,1,19]",0,no_op:none:none,0,[0],true
intervention_cost=0,517,"[0,1,10,19]",0,no_op:none:none,0,[0],true
intervention_cost=0,518,"[0,1,19]",0,no_op:none:none,0,[0],true
intervention_cost=0,519,"[0,1,10,19]",0,no_op:none:none,0,[0],true
intervention_cost=0,520,"[0,1,10,19]",0,no_op:none:none,0,[0],true
intervention_cost=0,522,"[0,1,10,19]",0,no_op:none:none,0,[0],true
intervention_cost=0,523,"[0,1,10,19]",0,no_op:none:none,0,[0],true
intervention_cost=0,524,"[0,1,10,19]",0,no_op:none:none,0,[0],true
intervention_cost=0,525,"[0,1,10,19]",0,no_op:none:none,0,[0],true
intervention_cost=0,526,"[0,1,10,19]",0,no_op:none:none,0,[0],true
intervention_cost=0,527,"[0,1,10,19]",0,no_op:none:none,0,[0],true
intervention_cost=0,528,"[0,1,19]",0,no_op:none:none,0,[0],true
intervention_cost=0,529,"[0,1,10,19]",0,no_op:none:none,0,[0],true
intervention_cost=0,530,"[0,1,10,19]",0,no_op:none:none,0,[0],true
intervention_cost=0,531,"[0,1,19,20]",0,no_op:none:none,0,[0],true
intervention_cost=0,532,"[0,1,10,19]",0,no_op:none:none,0,[0],true
intervention_cost=0,533,"[0,1,10,19]",0,no_op:none:none,0,[0],true
intervention_cost=0,535,"[0,1,19,20]",0,no_op:none:none,0,[0],true
intervention_cost=0,537,"[0,1,10,19]",0,no_op:none:none,0,[0],true
intervention_cost=0,544,"[0,1,10,19]",0,no_op:none:none,0,[0],true
intervention_cost=0,545,"[0,1,10,19]",0,no_op:none:none,0,[0],true
intervention_cost=0,547,"[0,1,10,19]",0,no_op:none:none,0,[0],true
intervention_cost=0,549,"[0,1,10,19]",0,no_op:none:none,0,[0],true
intervention_cost=0,550,"[0,1,10,19]",0,no_op:none:none,0,[0],true
intervention_cost=0,551,"[0,1,10,19]",0,no_op:none:none,0,[0],true
intervention_cost=0,553,"[0,1,19]",0,no_op:none:none,0,[0],true
intervention_cost=0,554,"[0,1,10,19]",0,no_op:none:none,0,[0],true
intervention_cost=0,555,"[0,1,10,19]",0,no_op:none:none,0,[0],true
intervention_cost=0,556,"[0,1,19]",0,no_op:none:none,0,[0],true
intervention_cost=0,558,"[0,1,10,19]",0,no_op:none:none,0,[0],true
intervention_cost=0,559,"[0,1,10,19]",0,no_op:none:none,0,[0],true
intervention_cost=0,560,"[0,1,10,11]",0,no_op:none:none,0,[0],true
intervention_cost=0,561,"[0,1,10,19]",0,no_op:none:none,0,[0],true
intervention_cost=0,562,"[0,1,19,20]",0,no_op:none:none,0,[0],true
intervention_cost=0,564,"[0,1,10,19]",0,no_op:none:none,0,[0],true
intervention_cost=0,565,"[0,1,10,19]",0,no_op:none:none,0,[0],true
intervention_cost=0,567,"[0,1,10,19]",0,no_op:none:none,0,[0],true
intervention_cost=0,568,"[0,1,10,19]",0,no_op:none:none,0,[0],true
intervention_cost=0,572,"[0,1,10,19]",0,no_op:none:none,0,[0],true
intervention_cost=0,573,"[0,1,10,19]",0,no_op:none:none,0,[0],true
intervention_cost=0,574,"[0,1,10,11]",0,no_op:none:none,0,[0],true
intervention_cost=0,575,"[0,1,19,20]",0,no_op:none:none,0,[0],true
intervention_cost=0,576,"[0,1,10,11]",0,no_op:none:none,0,[0],true
intervention_cost=0,578,"[0,1,19,20]",0,no_op:none:none,0,[0],true
intervention_cost=0,579,"[0,1,10,19]",0,no_op:none:none,0,[0],true
intervention_cost=0,580,"[0,1,10,19]",0,no_op:none:none,0,[0],true
intervention_cost=0,581,"[0,1,19]",0,no_op:none:none,0,[0],true
intervention_cost=0,582,"[0,1,19]",0,no_op:none:none,0,[0],true
intervention_cost=0,585,"[0,1,10,19]",0,no_op:none:none,0,[0],true
intervention_cost=0,586,"[0,1,10,19]",0,no_op:none:none,0,[0],true
intervention_cost=0,587,"[0,1,10,19]",0,no_op:none:none,0,[0],true
intervention_cost=0,588,"[0,1,10,19]",0,no_op:none:none,0,[0],true
intervention_cost=0,589,"[0,1,19]",0,no_op:none:none,0,[0],true
intervention_cost=0,590,"[0,1,19]",0,no_op:none:none,0,[0],true
intervention_cost=0,591,"[0,1,10,19]",0,no_op:none:none,0,[0],true
intervention_cost=0,593,"[0,1,10,19]",0,no_op:none:none,0,[0],true
intervention_cost=0,594,"[0,1,10,19]",0,no_op:none:none,0,[0],true
intervention_cost=0,595,"[0,1,10,11]",0,no_op:none:none,0,[0],true
intervention_cost=0,596,"[0,1,10,19]",0,no_op:none:none,0,[0],true
intervention_cost=0,597,"[0,1,10,19]",0,no_op:none:none,0,[0],true
intervention_cost=0,598,"[0,1,10,19]",0,no_op:none:none,0,[0],true
intervention_cost=0,599,"[0,1,10,19]",0,no_op:none:none,0,[0],true
intervention_cost=0,602,"[0,1,10,19]",0,no_op:none:none,0,[0],true
intervention_cost=0,603,"[0,1,10,19]",0,no_op:none:none,0,[0],true
intervention_cost=0,604,"[0,1,19]",0,no_op:none:none,0,[0],true
intervention_cost=0,605,"[0,1,10,19]",0,no_op:none:none,0,[0],true
intervention_cost=0,606,"[0,1,10,19]",0,no_op:none:none,0,[0],true
intervention_cost=0,608,"[0,1,19]",0,no_op:none:none,0,[0],true
intervention_cost=0,609,"[0,1,10,19]",0,no_op:none:none,0,[0],true
intervention_cost=0,610,"[0,1,10,11]",0,no_op:none:none,0,[0],true
intervention_cost=0,612,"[0,1,10,19]",0,no_op:none:none,0,[0],true
intervention_cost=0,615,"[0,1,10,19]",0,no_op:none:none,0,[0],true
intervention_cost=0,616,"[0,1,10,19]",0,no_op:none:none,0,[0],true
intervention_cost=0,617,"[0,1,10,19]",0,no_op:none:none,0,[0],true
intervention_cost=0,618,"[0,1,19]",0,no_op:none:none,0,[0],true
intervention_cost=0,620,"[0,1,19,20]",0,no_op:none:none,0,[0],true
intervention_cost=0,621,"[0,1,19,20]",0,no_op:none:none,0,[0],true
intervention_cost=0,622,"[0,1,19,20]",0,no_op:none:none,0,[0],true
intervention_cost=0,623,"[0,1,10,19]",0,no_op:none:none,0,[0],true
intervention_cost=0,624,"[0,1,10,19]",0,no_op:none:none,0,[0],true
intervention_cost=0,626,"[0,1,10,19]",0,no_op:none:none,0,[0],true
intervention_cost=0,627,"[0,1,10,19]",0,no_op:none:none,0,[0],true
intervention_cost=0,628,"[0,1,10,19]",0,no_op:none:none,0,[0],true
intervention_cost=0,630,"[0,1,10,19]",0,no_op:none:none,0,[0],true
intervention_cost=0,632,"[0,1,10,19]",0,no_op:none:none,0,[0],true
intervention_cost=0,633,"[0,1,10,11]",0,no_op:none:none,0,[0],true
intervention_cost=0,634,"[0,1,10,11]",0,no_op:none:none,0,[0],true
intervention_cost=0,635,"[0,1,19]",0,no_op:none:none,0,[0],true
intervention_cost=0,636,"[0,1,19]",0,no_op:none:none,0,[0],true
intervention_cost=0,637,"[0,1,10,19]",0,no_op:none:none,0,[0],true
intervention_cost=0,639,"[0,1,19,20]",0,no_op:none:none,0,[0],true
intervention_cost=0,640,"[0,1,10,19]",0,no_op:none:none,0,[0],true
intervention_cost=0,641,"[0,1,20]",0,no_op:none:none,0,[0],true
intervention_cost=0,645,"[0,1,10,19]",0,no_op:none:none,0,[0],true
intervention_cost=0,648,"[0,1,10,11]",0,no_op:none:none,0,[0],true
intervention_cost=0,649,"[0,1,19]",0,no_op:none:none,0,[0],true
intervention_cost=0,650,"[0,1,10,19]",0,no_op:none:none,0,[0],true
intervention_cost=0,651,"[0,1,10,19]",0,no_op:none:none,0,[0],true
intervention_cost=0,652,"[0,1,10,11]",0,no_op:none:none,0,[0],true
intervention_cost=0,653,"[0,1,10,19]",0,no_op:none:none,0,[0],true
intervention_cost=0,654,"[0,1,19,20]",0,no_op:none:none,0,[0],true
intervention_cost=0,655,"[0,1,10,19]",0,no_op:none:none,0,[0],true
intervention_cost=0,656,"[0,1,19,20]",0,no_op:none:none,0,[0],true
intervention_cost=0,657,"[0,1,10,11]",0,no_op:none:none,0,[0],true
intervention_cost=0,658,"[0,1,19]",0,no_op:none:none,0,[0],true
intervention_cost=0,659,"[0,1,10,19]",0,no_op:none:none,0,[0],true
intervention_cost=0,660,"[0,1,10,19]",0,no_op:none:none,0,[0],true
intervention_cost=0,661,"[0,1,10,11]",0,no_op:none:none,0,[0],true
intervention_cost=0,662,"[0,1,10,19]",0,no_op:none:none,0,[0],true
intervention_cost=0,665,"[0,1,10,19]",0,no_op:none:none,0,[0],true
intervention_cost=0,666,"[0,1,10,19]",0,no_op:none:none,0,[0],true
intervention_cost=0,667,"[0,1,10,11]",0,no_op:none:none,0,[0],true
intervention_cost=0,668,"[0,1,10,19]",0,no_op:none:none,0,[0],true
intervention_cost=0,669,"[0,1,10,11]",0,no_op:none:none,0,[0],true
intervention_cost=0,670,"[0,1,10,19]",0,no_op:none:none,0,[0],true
intervention_cost=0,671,"[0,1,10,19]",0,no_op:none:none,0,[0],true
intervention_cost=0,673,"[0,1,10,19]",0,no_op:none:none,0,[0],true
intervention_cost=0,674,"[0,1,10,11]",0,no_op:none:none,0,[0],true
intervention_cost=0,675,"[0,1,10,19]",0,no_op:none:none,0,[0],true
intervention_cost=0,677,"[0,1,10,19]",0,no_op:none:none,0,[0],true
intervention_cost=0,679,"[0,1,10,19]",0,no_op:none:none,0,[0],true
intervention_cost=0,681,"[0,1,10,19]",0,no_op:none:none,0,[0],true
intervention_cost=0,682,"[0,1,10,19]",0,no_op:none:none,0,[0],true
intervention_cost=0,684,"[0,1,10,19]",0,no_op:none:none,0,[0],true
intervention_cost=0,685,"[0,1,10,11]",0,no_op:none:none,0,[0],true
intervention_cost=0,686,"[0,1,10,11]",0,no_op:none:none,0,[0],true
intervention_cost=0,687,"[0,1,10,19]",0,no_op:none:none,0,[0],true
intervention_cost=0,688,"[0,1,10,11]",0,no_op:none:none,0,[0],true
intervention_cost=0,690,"[0,1,10,19]",0,no_op:none:none,0,[0],true
intervention_cost=0,691,"[0,1,10,19]",0,no_op:none:none,0,[0],true
intervention_cost=0,693,"[0,1,10,19]",0,no_op:none:none,0,[0],true
intervention_cost=0,695,"[0,1,10,11]",0,no_op:none:none,0,[0],true
intervention_cost=0,697,"[0,1,10,19]",0,no_op:none:none,0,[0],true
intervention_cost=0,698,"[0,1,10,19]",0,no_op:none:none,0,[0],true
intervention_cost=0,699,"[0,1,10,19]",0,no_op:none:none,0,[0],true
intervention_cost=0,700,"[0,1,10,19]",0,no_op:none:none,0,[0],true
intervention_cost=0,701,"[0,1,10,19]",0,no_op:none:none,0,[0],true
intervention_cost=0,703,"[0,1,10,11]",0,no_op:none:none,0,[0],true
intervention_cost=0,705,"[0,1,10,19]",0,no_op:none:none,0,[0],true
intervention_cost=0,706,"[0,1,10,11]",0,no_op:none:none,0,[0],true
intervention_cost=0,708,"[0,1,10,19]",0,no_op:none:none,0,[0],true
intervention_cost=0,709,"[0,1,10,19]",0,no_op:none:none,0,[0],true
intervention_cost=0,710,"[0,1,10,11]",0,no_op:none:none,0,[0],true
intervention_cost=0,711,"[0,1,10,19]",0,no_op:none:none,0,[0],true
intervention_cost=0,712,"[0,1,10,11]",0,no_op:none:none,0,[0],true
intervention_cost=0,713,"[0,1,10,19]",0,no_op:none:none,0,[0],true
intervention_cost=0,715,"[0,1,10,19]",0,no_op:none:none,0,[0],true
intervention_cost=0,717,"[0,1,10,19]",0,no_op:none:none,0,[0],true
intervention_cost=0,718,"[0,1,10,11]",0,no_op:none:none,0,[0],true
intervention_cost=0,720,"[0,1,10,19]",0,no_op:none:none,0,[0],true
intervention_cost=0,721,"[0,1,10,19]",0,no_op:none:none,0,[0],true
intervention_cost=0,722,"[0,1,10,19]",0,no_op:none:none,0,[0],true
intervention_cost=0,723,"[0,1,10,19]",0,no_op:none:none,0,[0],true
intervention_cost=0,726,"[0,10,19]",0,no_op:none:none,0,[0],true
intervention_cost=0,728,"[0,1,10,19]",0,no_op:none:none,0,[0],true
intervention_cost=0,729,"[0,1,10,19]",0,no_op:none:none,0,[0],true
intervention_cost=0,730,"[0,1,10,19]",0,no_op:none:none,0,[0],true
intervention_cost=0,731,"[0,1,10,19]",0,no_op:none:none,0,[0],true
intervention_cost=0,733,"[0,1,10,19]",0,no_op:none:none,0,[0],true
intervention_cost=0,734,"[0,1,10,19]",0,no_op:none:none,0,[0],true
intervention_cost=0,736,"[0,1,10,19]",0,no_op:none:none,0,[0],true
intervention_cost=0,737,"[0,1,10,19]",0,no_op:none:none,0,[0],true
intervention_cost=0,738,"[0,1,10,19]",0,no_op:none:none,0,[0],true
intervention_cost=0,739,"[0,1,10,19]",0,no_op:none:none,0,[0],true
intervention_cost=0,742,"[0,1,10,19]",0,no_op:none:none,0,[0],true
intervention_cost=0,744,"[0,1,10,19]",0,no_op:none:none,0,[0],true
intervention_cost=0,745,"[0,1,10,19]",0,no_op:none:none,0,[0],true
intervention_cost=0,748,"[0,1,10,19]",0,no_op:none:none,0,[0],true
intervention_cost=0,749,"[0,1,10,19]",0,no_op:none:none,0,[0],true
intervention_cost=0,750,"[0,1,10,19]",0,no_op:none:none,0,[0],true
intervention_cost=0,751,"[0,1,10,19]",0,no_op:none:none,0,[0],true
intervention_cost=0,752,"[0,1,10,19]",0,no_op:none:none,0,[0],true
intervention_cost=0,753,"[0,1,10,19]",0,no_op:none:none,0,[0],true
intervention_cost=0,754,"[0,1,10,19]",0,no_op:none:none,0,[0],true
intervention_cost=0,755,"[0,1,10,19]",0,no_op:none:none,0,[0],true
intervention_cost=0,757,"[0,1,10,19]",0,no_op:none:none,0,[0],true
intervention_cost=0,759,"[0,1,10,19]",0,no_op:none:none,0,[0],true
intervention_cost=0,760,"[0,1,10,19]",0,no_op:none:none,0,[0],true
intervention_cost=0,761,"[0,1,10,19]",0,no_op:none:none,0,[0],true
intervention_cost=0,762,"[0,1,10,19]",0,no_op:none:none,0,[0],true
intervention_cost=0,763,"[0,1,10,19]",0,no_op:none:none,0,[0],true
intervention_cost=0,766,"[0,1,10,19]",0,no_op:none:none,0,[0],true
intervention_cost=0,767,"[0,1,10,19]",0,no_op:none:none,0,[0],true
intervention_cost=0,768,"[0,1,10,19]",0,no_op:none:none,0,[0],true
intervention_cost=0,769,"[0,1,10,19]",0,no_op:none:none,0,[0],true
intervention_cost=0,770,"[0,1,10,19]",0,no_op:none:none,0,[0],true
intervention_cost=0,771,"[0,1,10,19]",0,no_op:none:none,0,[0],true
intervention_cost=0,772,"[0,1,10,19]",0,no_op:none:none,0,[0],true
intervention_cost=0,773,"[0,1,10,19]",0,no_op:none:none,0,[0],true
intervention_cost=0,774,"[0,1,10,19]",0,no_op:none:none,0,[0],true
intervention_cost=0,779,"[0,1,10,19]",0,no_op:none:none,0,[0],true
intervention_cost=0,780,"[0,1,10,19]",0,no_op:none:none,0,[0],true
intervention_cost=0,782,"[0,1,10,19]",0,no_op:none:none,0,[0],true
intervention_cost=0,784,"[0,1,10,19]",0,no_op:none:none,0,[0],true
intervention_cost=0,785,"[0,1,10,19]",0,no_op:none:none,0,[0],true
intervention_cost=0,786,"[0,1,10,19]",0,no_op:none:none,0,[0],true
intervention_cost=0,787,"[0,1,10,19]",0,no_op:none:none,0,[0],true
intervention_cost=0,789,"[0,1,10,19]",0,no_op:none:none,0,[0],true
intervention_cost=0,790,"[0,1,10,19]",0,no_op:none:none,0,[0],true
intervention_cost=0,791,"[0,1,10,19]",0,no_op:none:none,0,[0],true
intervention_cost=0,792,"[0,1,10,19]",0,no_op:none:none,0,[0],true
intervention_cost=0,793,"[0,1,10,19]",0,no_op:none:none,0,[0],true
intervention_cost=0,794,"[0,1,10,19]",0,no_op:none:none,0,[0],true
intervention_cost=0,795,"[0,1,10]",0,no_op:none:none,0,[0],true
intervention_cost=0,796,"[0,1,10,19]",0,no_op:none:none,0,[0],true
intervention_cost=0,797,"[0,1,10,19]",0,no_op:none:none,0,[0],true
intervention_cost=0,798,"[0,1,10,19]",0,no_op:none:none,0,[0],true
intervention_cost=0,800,"[0,1,10,19]",0,no_op:none:none,0,[0],true
intervention_cost=0,801,"[0,1,10,19]",0,no_op:none:none,0,[0],true
intervention_cost=0,802,"[0,1,10,19]",0,no_op:none:none,0,[0],true
intervention_cost=0,803,"[0,1,10,19]",0,no_op:none:none,0,[0],true
intervention_cost=0,804,"[0,1,10,19]",0,no_op:none:none,0,[0],true
intervention_cost=0,805,"[0,1,10,19]",0,no_op:none:none,0,[0],true
intervention_cost=0,806,"[0,1,10,19]",0,no_op:none:none,0,[0],true
intervention_cost=0,807,"[0,1,10,19]",0,no_op:none:none,0,[0],true
intervention_cost=0,808,"[0,1,10,19]",0,no_op:none:none,0,[0],true
intervention_cost=0,809,"[0,1,10,19]",0,no_op:none:none,0,[0],true
intervention_cost=0,811,"[0,1,10,19]",0,no_op:none:none,0,[0],true
intervention_cost=0,812,"[0,1,10,19]",0,no_op:none:none,0,[0],true
intervention_cost=0,813,"[0,1,10,19]",0,no_op:none:none,0,[0],true
intervention_cost=0,814,"[0,1,10,19]",0,no_op:none:none,0,[0],true
intervention_cost=0,815,"[0,1,10,19]",0,no_op:none:none,0,[0],true
intervention_cost=0,819,"[0,1,10,19]",0,no_op:none:none,0,[0],true
intervention_cost=0,820,"[0,1,10,19]",0,no_op:none:none,0,[0],true
intervention_cost=0,822,"[0,1,10,19]",0,no_op:none:none,0,[0],true
intervention_cost=0,823,"[0,1,10,19]",0,no_op:none:none,0,[0],true
intervention_cost=0,825,"[0,1,10,19]",0,no_op:none:none,0,[0],true
intervention_cost=0,827,"[0,1,10,19]",0,no_op:none:none,0,[0],true
intervention_cost=0,828,"[0,1,10,19]",0,no_op:none:none,0,[0],true
intervention_cost=0,829,"[0,1,10,19]",0,no_op:none:none,0,[0],true
intervention_cost=0,830,"[0,1,10,19]",0,no_op:none:none,0,[0],true
intervention_cost=0,831,"[0,1,10,19]",0,no_op:none:none,0,[0],true
intervention_cost=0,834,"[0,1,10,19]",0,no_op:none:none,0,[0],true
intervention_cost=0,835,"[0,1,10,19]",0,no_op:none:none,0,[0],true
intervention_cost=0,836,"[0,1,10,19]",0,no_op:none:none,0,[0],true
intervention_cost=0,837,"[0,1,10,19]",0,no_op:none:none,0,[0],true
intervention_cost=0,838,"[0,1,10,19]",0,no_op:none:none,0,[0],true
intervention_cost=0,839,"[0,1,10,19]",0,no_op:none:none,0,[0],true
intervention_cost=0,840,"[0,1,10,19]",0,no_op:none:none,0,[0],true
intervention_cost=0,842,"[0,1,10,19]",0,no_op:none:none,0,[0],true
intervention_cost=0,845,"[0,1,10,19]",0,no_op:none:none,0,[0],true
intervention_cost=0,846,"[0,1,10,19]",0,no_op:none:none,0,[0],true
intervention_cost=0,847,"[0,1,10,19]",0,no_op:none:none,0,[0],true
intervention_cost=0,848,"[0,1,10,19]",0,no_op:none:none,0,[0],true
intervention_cost=0,849,"[0,1,10,19]",0,no_op:none:none,0,[0],true
intervention_cost=0,850,"[0,1,10,19]",0,no_op:none:none,0,[0],true
intervention_cost=0,851,"[0,1,10,19]",0,no_op:none:none,0,[0],true
intervention_cost=0,852,"[0,1,10,19]",0,no_op:none:none,0,[0],true
intervention_cost=0,853,"[0,1,10,19]",0,no_op:none:none,0,[0],true
intervention_cost=0,854,"[0,1,10,19]",0,no_op:none:none,0,[0],true
intervention_cost=0,855,"[0,1,10,19]",0,no_op:none:none,0,[0],true
intervention_cost=0,856,"[0,1,10,19]",0,no_op:none:none,0,[0],true
intervention_cost=0,857,"[0,1,10,19]",0,no_op:none:none,0,[0],true
intervention_cost=0,860,"[0,1,10,19]",0,no_op:none:none,0,[0],true
intervention_cost=0,861,"[0,1,10,19]",0,no_op:none:none,0,[0],true
intervention_cost=0,862,"[0,1,10,19]",0,no_op:none:none,0,[0],true
intervention_cost=0,863,"[0,1,10,19]",0,no_op:none:none,0,[0],true
intervention_cost=0,868,"[0,1,10,19]",0,no_op:none:none,0,[0],true
intervention_cost=0,869,"[0,1,10,19]",0,no_op:none:none,0,[0],true
intervention_cost=0,870,"[0,1,10,19]",0,no_op:none:none,0,[0],true
intervention_cost=0,871,"[0,1,10,19]",0,no_op:none:none,0,[0],true
intervention_cost=0,872,"[0,1,10,19]",0,no_op:none:none,0,[0],true
intervention_cost=0,873,"[0,1,10,19]",0,no_op:none:none,0,[0],true
intervention_cost=0,874,"[0,1,10,19]",0,no_op:none:none,0,[0],true
intervention_cost=0,876,"[0,1,10]",0,no_op:none:none,0,[0],true
intervention_cost=0,878,"[0,1,10,19]",0,no_op:none:none,0,[0],true
intervention_cost=0,879,"[0,1,10,19]",0,no_op:none:none,0,[0],true
intervention_cost=0,881,"[0,1,10]",0,no_op:none:none,0,[0],true
intervention_cost=0,883,"[0,1,10,19]",0,no_op:none:none,0,[0],true
intervention_cost=0,884,"[0,1,10,19]",0,no_op:none:none,0,[0],true
intervention_cost=0,885,"[0,1,10,19]",0,no_op:none:none,0,[0],true
intervention_cost=0,886,"[0,1,10,19]",0,no_op:none:none,0,[0],true
intervention_cost=0,887,"[0,1,10,19]",0,no_op:none:none,0,[0],true
intervention_cost=0,888,"[0,1,10,19]",0,no_op:none:none,0,[0],true
intervention_cost=0,891,"[0,1,10,19]",0,no_op:none:none,0,[0],true
intervention_cost=0,892,"[0,1,10,19]",0,no_op:none:none,0,[0],true
intervention_cost=0,894,"[0,1,10,19]",0,no_op:none:none,0,[0],true
intervention_cost=0,895,"[0,1,10,19]",0,no_op:none:none,0,[0],true
intervention_cost=0,896,"[0,1,10,19]",0,no_op:none:none,0,[0],true
intervention_cost=0,898,"[0,1,10,19]",0,no_op:none:none,0,[0],true
intervention_cost=0,899,"[0,1,10,19]",0,no_op:none:none,0,[0],true
intervention_cost=0,900,"[0,1,10,19]",0,no_op:none:none,0,[0],true
intervention_cost=0,901,"[0,1,10,19]",0,no_op:none:none,0,[0],true
intervention_cost=0,902,"[0,1,10,19]",0,no_op:none:none,0,[0],true
intervention_cost=0,903,"[0,1,10,19]",0,no_op:none:none,0,[0],true
intervention_cost=0,905,"[0,1,10,19]",0,no_op:none:none,0,[0],true
intervention_cost=0,906,"[0,1,10,19]",0,no_op:none:none,0,[0],true
intervention_cost=0,908,"[0,1,10,19]",0,no_op:none:none,0,[0],true
intervention_cost=0,909,"[0,1,10,19]",0,no_op:none:none,0,[0],true
intervention_cost=0,910,"[0,1,10,19]",0,no_op:none:none,0,[0],true
intervention_cost=0,911,"[0,1,10,19]",0,no_op:none:none,0,[0],true
intervention_cost=0,912,"[0,1,10,19]",0,no_op:none:none,0,[0],true
intervention_cost=0,913,"[0,1,10,19]",0,no_op:none:none,0,[0],true
intervention_cost=0,914,"[0,1,10,19]",0,no_op:none:none,0,[0],true
intervention_cost=0,915,"[0,1,10,19]",0,no_op:none:none,0,[0],true
intervention_cost=0,916,"[0,1,10,19]",0,no_op:none:none,0,[0],true
intervention_cost=0,917,"[0,1,10,19]",0,no_op:none:none,0,[0],true
intervention_cost=0,920,"[0,1,10,19]",0,no_op:none:none,0,[0],true
intervention_cost=0,921,"[0,1,10,19]",0,no_op:none:none,0,[0],true
intervention_cost=0,922,"[0,1,10,19]",0,no_op:none:none,0,[0],true
intervention_cost=0,923,"[0,1,10,19]",0,no_op:none:none,0,[0],true
intervention_cost=0,925,"[0,1,10,19]",0,no_op:none:none,0,[0],true
intervention_cost=0,926,"[0,1,10,19]",0,no_op:none:none,0,[0],true
intervention_cost=0,927,"[0,1,10,19]",0,no_op:none:none,0,[0],true
intervention_cost=0,930,"[0,1,10,19]",0,no_op:none:none,0,[0],true
intervention_cost=0,932,"[0,1,10,19]",0,no_op:none:none,0,[0],true
intervention_cost=0,933,"[0,1,10,19]",0,no_op:none:none,0,[0],true
intervention_cost=0,934,"[0,1,10,19]",0,no_op:none:none,0,[0],true
intervention_cost=0,935,"[0,1,10,19]",0,no_op:none:none,0,[0],true
intervention_cost=0,937,"[0,1,10,19]",0,no_op:none:none,0,[0],true
intervention_cost=0,941,"[0,1,10,19]",0,no_op:none:none,0,[0],true
intervention_cost=0,943,"[0,1,10,19]",0,no_op:none:none,0,[0],true
intervention_cost=0,944,"[0,1,10,19]",0,no_op:none:none,0,[0],true
intervention_cost=0,945,"[0,1,10,19]",0,no_op:none:none,0,[0],true
intervention_cost=0,948,"[0,1,10,19]",0,no_op:none:none,0,[0],true
intervention_cost=0,949,"[0,1,10,19]",0,no_op:none:none,0,[0],true
intervention_cost=0,950,"[0,1,10,19]",0,no_op:none:none,0,[0],true
intervention_cost=0,951,"[0,1,10,19]",0,no_op:none:none,0,[0],true
intervention_cost=0,952,"[0,1,10,19]",0,no_op:none:none,0,[0],true
intervention_cost=0,953,"[0,1,10,19]",0,no_op:none:none,0,[0],true
intervention_cost=0,954,"[0,1,10,19]",0,no_op:none:none,0,[0],true
intervention_cost=0,955,"[0,1,10,19]",0,no_op:none:none,0,[0],true
intervention_cost=0,957,"[0,1,10,19]",0,no_op:none:none,0,[0],true
intervention_cost=0,959,"[0,1,10,19]",0,no_op:none:none,0,[0],true
intervention_cost=0,960,"[0,1,10,19]",0,no_op:none:none,0,[0],true
intervention_cost=0,961,"[0,1,10,19]",0,no_op:none:none,0,[0],true
intervention_cost=0,962,"[0,1,10,19]",0,no_op:none:none,0,[0],true
intervention_cost=0,964,"[0,1,10,19]",0,no_op:none:none,0,[0],true
intervention_cost=0,965,"[0,1,10,19]",0,no_op:none:none,0,[0],true
intervention_cost=0,966,"[0,1,10,19]",0,no_op:none:none,0,[0],true
intervention_cost=0,967,"[0,1,10,19]",0,no_op:none:none,0,[0],true
intervention_cost=0,969,"[0,1,10,19]",0,no_op:none:none,0,[0],true
intervention_cost=0,970,"[0,1,10,19]",0,no_op:none:none,0,[0],true
intervention_cost=0,971,"[0,1,10,19]",0,no_op:none:none,0,[0],true
intervention_cost=0,972,"[0,1,10,19]",0,no_op:none:none,0,[0],true
intervention_cost=0,974,"[0,1,10,19]",0,no_op:none:none,0,[0],true
intervention_cost=0,975,"[0,1,10,19]",0,no_op:none:none,0,[0],true
intervention_cost=0,977,"[0,1,10,19]",0,no_op:none:none,0,[0],true
intervention_cost=0,978,"[0,1,10,19]",0,no_op:none:none,0,[0],true
intervention_cost=0,979,"[0,1,10,19]",0,no_op:none:none,0,[0],true
intervention_cost=0,980,"[0,1,10,19]",0,no_op:none:none,0,[0],true
intervention_cost=0,981,"[0,1,10,19]",0,no_op:none:none,0,[0],true
intervention_cost=0,982,"[0,1,10,19]",0,no_op:none:none,0,[0],true
intervention_cost=0,983,"[0,1,10,19]",0,no_op:none:none,0,[0],true
intervention_cost=0,984,"[0,1,10,19]",0,no_op:none:none,0,[0],true
intervention_cost=0,986,"[1,10,19]",1,intervention:L16_CWE-120_B:Low,0,"[1,10,19]",false
intervention_cost=0,987,"[0,1,10,19]",0,no_op:none:none,0,[0],true
intervention_cost=0,988,"[0,1,10,19]",0,no_op:none:none,0,[0],true
intervention_cost=0,989,"[0,1,10,19]",0,no_op:none:none,0,[0],true
intervention_cost=0,990,"[0,1,10,19]",0,no_op:none:none,0,[0],true
intervention_cost=0,991,"[0,1,10,19]",0,no_op:none:none,0,[0],true
intervention_cost=0,992,"[0,1,10,11]",0,no_op:none:none,0,[0],true
intervention_cost=0,993,"[0,1,10,19]",0,no_op:none:none,0,[0],true
intervention_cost=0,997,"[0,1,10,19]",0,no_op:none:none,0,[0],true
intervention_cost=0,998,"[0,1,10,19]",0,no_op:none:none,0,[0],true
intervention_cost=0,999,"[0,1,10,19]",0,no_op:none:none,0,[0],true
intervention_cost=0,1001,"[0,1,10,19]",0,no_op:none:none,0,[0],true
intervention_cost=0,1002,"[0,1,10,19]",0,no_op:none:none,0,[0],true
intervention_cost=0,1003,"[0,1,10,19]",0,no_op:none:none,0,[0],true
intervention_cost=0,1004,"[0,1,10,19]",0,no_op:none:none,0,[0],true
intervention_cost=0,1005,"[0,1,10,19]",0,no_op:none:none,0,[0],true
intervention_cost=0,1006,"[0,1,10,19]",0,no_op:none:none,0,[0],true
intervention_cost=0,1007,"[1,10,11]",1,intervention:L16_CWE-120_B:Low,0,"[1,10]",true
intervention_cost=0,1008,"[0,1,10,19]",0,no_op:none:none,0,[0],true
intervention_cost=0,1009,"[1,10,11]",1,intervention:L16_CWE-120_B:Low,0,"[1,10]",true
intervention_cost=0,1011,"[0,1,10,19]",0,no_op:none:none,0,[0],true
intervention_cost=0,1012,"[0,1,10,19]",0,no_op:none:none,0,[0],true
intervention_cost=0,1013,"[0,1,10,11]",0,no_op:none:none,0,[0],true
intervention_cost=0,1014,"[0,1,10,19]",0,no_op:none:none,0,[0],true
intervention_cost=0,1015,"[0,1,10,19]",0,no_op:none:none,0,[0],true
intervention_cost=0,1016,"[0,1,10,19]",0,no_op:none:none,0,[0],true
intervention_cost=0,1017,"[0,1,10,19]",0,no_op:none:none,0,[0],true
intervention_cost=0,1018,"[0,1,10,19]",0,no_op:none:none,0,[0],true
intervention_cost=0,1019,"[0,1,10,19]",0,no_op:none:none,0,[0],true
intervention_cost=0,1020,"[0,1,10,19]",0,no_op:none:none,0,[0],true
intervention_cost=0,1021,"[0,1,10,19]",0,no_op:none:none,0,[0],true
intervention_cost=0,1023,"[0,1,10,19]",0,no_op:none:none,0,[0],true
intervention_cost=0,1024,"[0,1,10,19]",0,no_op:none:none,0,[0],true
intervention_cost=0,1026,"[0,1,10,19]",0,no_op:none:none,0,[0],true
intervention_cost=0,1027,"[0,1,10,19]",0,no_op:none:none,0,[0],true
intervention_cost=0,1028,"[0,1,10,19]",0,no_op:none:none,0,[0],true
intervention_cost=0,1030,"[1,10,19]",1,intervention:L16_CWE-120_B:Low,0,"[1,10,19]",false
intervention_cost=0,1031,"[1,10,19]",1,intervention:L16_CWE-120_B:Low,0,"[1,10,19]",false
intervention_cost=0,1032,"[0,1,10,19]",0,no_op:none:none,0,[0],true
intervention_cost=0,1033,"[0,1,10,11]",0,no_op:none:none,0,[0],true
intervention_cost=0,1037,"[1,10,19]",1,intervention:L16_CWE-120_B:Low,0,"[1,10,19]",false
intervention_cost=0,1038,"[0,1,10,19]",0,no_op:none:none,0,[0],true
intervention_cost=0,1041,"[1,19]",1,intervention:L16_CWE-120_B:Low,0,"[1,19]",false
intervention_cost=0,1042,"[0,1,10,19]",0,no_op:none:none,0,[0],true
intervention_cost=0,1044,"[0,1,10,19]",0,no_op:none:none,0,[0],true
intervention_cost=0,1045,"[0,1,10,11]",0,no_op:none:none,1.25,[0],true
intervention_cost=0,1046,"[1,10,19]",1,intervention:L16_CWE-120_B:Low,0,"[1,10,19]",false
intervention_cost=0,1048,"[1,10,19]",1,intervention:L16_CWE-120_B:Low,0,"[1,10,19]",false
intervention_cost=0,1049,"[1,10,19]",1,intervention:L16_CWE-120_B:Low,0,"[1,10,19]",false
intervention_cost=0,1050,"[0,1,10,19]",0,no_op:none:none,0,[0],true
intervention_cost=0,1051,"[1,10,19]",1,intervention:L16_CWE-120_B:Low,0,"[1,10,19]",false
intervention_cost=0,1053,"[1,10,19]",1,intervention:L16_CWE-120_B:Low,0,"[1,10,19]",false
intervention_cost=0,1054,"[0,1,10,19]",0,no_op:none:none,0,[0],true
intervention_cost=0,1055,"[1,10,11]",1,intervention:L16_CWE-120_B:Low,0,"[1,10]",true
intervention_cost=0,1056,"[0,1,10,19]",0,no_op:none:none,0,[0],true
intervention_cost=0,1057,"[1,10,19]",1,intervention:L16_CWE-120_B:Low,0,"[1,10,19]",false
intervention_cost=0,1058,"[0,10,19]",0,no_op:none:none,0,[0],true
intervention_cost=0,1060,"[0,1,10,11]",0,no_op:none:none,0,[0],true
intervention_cost=0,1061,"[1,10,11]",1,intervention:L16_CWE-120_B:Low,0,"[1,10]",true
intervention_cost=0,1062,"[0,1,10,19]",0,no_op:none:none,0,[0],true
intervention_cost=0,1063,"[0,1,10,19]",0,no_op:none:none,0,[0],true
intervention_cost=0,1065,"[0,1,10,19]",0,no_op:none:none,0,[0],true
intervention_cost=0,1066,"[0,1,10,19]",0,no_op:none:none,0,[0],true
intervention_cost=0,1067,"[0,1,10,19]",0,no_op:none:none,0,[0],true
intervention_cost=0,1068,"[0,1,10,19]",0,no_op:none:none,0,[0],true
intervention_cost=0,1069,"[1,10,19]",1,intervention:L16_CWE-120_B:Low,0,"[1,10,19]",false
intervention_cost=0,1071,"[0,1,10,19]",0,no_op:none:none,0,[0],true
intervention_cost=0,1072,"[1,10,19]",1,intervention:L16_CWE-120_B:Low,0,"[1,10,19]",false
intervention_cost=0,1073,"[0,1,10,19]",0,no_op:none:none,0,[0],true
intervention_cost=0,1074,"[0,1,10,19]",0,no_op:none:none,0,[0],true
intervention_cost=0,1075,"[0,1,10,19]",0,no_op:none:none,0,[0],true
intervention_cost=0,1076,"[1,10,19]",1,intervention:L16_CWE-120_B:Low,0,"[1,10,19]",false
intervention_cost=0,1077,"[0,1,10,11]",0,no_op:none:none,0,[0],true
intervention_cost=0,1078,"[0,1,10,19]",0,no_op:none:none,0,[0],true
intervention_cost=0,1079,"[1,10,11]",1,intervention:L16_CWE-120_B:Low,0,"[1,10]",true
intervention_cost=0,1081,"[0,1,10,19]",0,no_op:none:none,0,[0],true
intervention_cost=0,1082,"[10,19]",10,intervention:L23_CWE-327_A:Low,0,"[10,19]",false
intervention_cost=0,1084,"[1,10,19]",1,intervention:L16_CWE-120_B:Low,0,"[1,10,19]",false
intervention_cost=0,1085,"[0,1,10,19]",0,no_op:none:none,0,[0],true
intervention_cost=0,1088,"[1,10,19]",1,intervention:L16_CWE-120_B:Low,0,"[1,10,19]",false
intervention_cost=0,1089,"[0,1,10,19]",0,no_op:none:none,0,[0],true
intervention_cost=0,1091,"[1,10,19]",1,intervention:L16_CWE-120_B:Low,0,"[1,10,19]",false
intervention_cost=0,1092,"[1,10,11]",1,intervention:L16_CWE-120_B:Low,0,"[1,10]",true
intervention_cost=0,1094,"[0,1,10,19]",0,no_op:none:none,0,[0],true
intervention_cost=0,1095,"[1,10,19]",1,intervention:L16_CWE-120_B:Low,0,"[1,10,19]",false
intervention_cost=0,1096,"[1,10,19]",1,intervention:L16_CWE-120_B:Low,0,"[1,10,19]",false
intervention_cost=0,1097,"[0,1,10,11]",0,no_op:none:none,0,[0],true
intervention_cost=0,1100,"[1,10,19]",1,intervention:L16_CWE-120_B:Low,0,"[1,10,19]",false
intervention_cost=0,1102,"[10,19]",10,intervention:L23_CWE-327_A:Low,0,"[10,19]",false
intervention_cost=0,1105,"[1,10,11]",1,intervention:L16_CWE-120_B:Low,0,"[1,10]",true
intervention_cost=0,1106,"[1,10,11]",1,intervention:L16_CWE-120_B:Low,1.25,"[1,10]",true
intervention_cost=0,1108,"[0,1,10,19]",0,no_op:none:none,0,[0],true
intervention_cost=0,1109,"[0,1,10,19]",0,no_op:none:none,0,[0],true
intervention_cost=0,1111,"[0,1,10,11]",0,no_op:none:none,0,[0],true
intervention_cost=0,1113,"[0,1,10,11]",0,no_op:none:none,0,[0],true
intervention_cost=0,1114,"[1,10,19]",1,intervention:L16_CWE-120_B:Low,0,"[1,10,19]",false
intervention_cost=0,1115,"[1,10,19]",1,intervention:L16_CWE-120_B:Low,0,"[1,10,19]",false
intervention_cost=0,1118,"[0,1,10,19]",0,no_op:none:none,0,[0],true
intervention_cost=0,1119,"[0,1,10,19]",0,no_op:none:none,0,[0],true
intervention_cost=0,1120,"[1,10,19]",1,intervention:L16_CWE-120_B:Low,0,"[1,10,19]",false
intervention_cost=0,1121,"[0,1,10,19]",0,no_op:none:none,0,[0],true
intervention_cost=0,1122,"[1,10,11]",1,intervention:L16_CWE-120_B:Low,1.25,"[1,10]",true
intervention_cost=0,1123,"[1,10,11]",1,intervention:L16_CWE-120_B:Low,1.25,"[1,10]",true
intervention_cost=0,1124,"[1,10,11]",1,intervention:L16_CWE-120_B:Low,1.25,"[1,10]",true
intervention_cost=0,1126,"[1,10,19]",1,intervention:L16_CWE-120_B:Low,0,"[1,10,19]",false
intervention_cost=0,1128,"[0,1,10,11]",0,no_op:none:none,0,[0],true
intervention_cost=0,1132,"[1,10,11]",1,intervention:L16_CWE-120_B:Low,0,"[1,10]",true
intervention_cost=0,1136,"[0,1,10,11]",0,no_op:none:none,0,[0],true
intervention_cost=0,1137,"[0,1,10,19]",0,no_op:none:none,0,[0],true
intervention_cost=0,1139,"[0,1,10,19]",0,no_op:none:none,0,[0],true
intervention_cost=0,1141,"[0,1,10,19]",0,no_op:none:none,0,[0],true
intervention_cost=0,1142,"[0,1,10,19]",0,no_op:none:none,0,[0],true
intervention_cost=0,1143,"[0,1,10,19]",0,no_op:none:none,0,[0],true
intervention_cost=0,1144,"[0,1,10,19]",0,no_op:none:none,0,[0],true
intervention_cost=0,1145,"[0,1,10,11]",0,no_op:none:none,0,[0],true
intervention_cost=0,1147,"[1,10,19]",1,intervention:L16_CWE-120_B:Low,0,"[1,10,19]",false
intervention_cost=0,1150,"[0,1,10,19]",0,no_op:none:none,0,[0],true
intervention_cost=0,1151,"[0,1,10,11]",0,no_op:none:none,0,[0],true
intervention_cost=0,1152,"[0,1,10,19]",0,no_op:none:none,0,[0],true
intervention_cost=0,1154,"[0,1,10,11]",0,no_op:none:none,0,[0],true
intervention_cost=0,1155,"[10,11]",10,intervention:L23_CWE-327_A:Low,1.25,[10],true
intervention_cost=0,1156,"[0,1,10,19]",0,no_op:none:none,0,[0],true
intervention_cost=0,1158,"[0,1,10,19]",0,no_op:none:none,0,[0],true
intervention_cost=0,1159,"[0,1,10,11]",0,no_op:none:none,0,[0],true
intervention_cost=0,1160,"[0,1,10,19]",0,no_op:none:none,0,[0],true
intervention_cost=0,1162,"[1,10,11]",1,intervention:L16_CWE-120_B:Low,1.25,"[1,10]",true
intervention_cost=0,1163,"[1,10,11]",1,intervention:L16_CWE-120_B:Low,1.25,"[1,10]",true
intervention_cost=0,1164,"[0,1,10,19]",0,no_op:none:none,0,[0],true
intervention_cost=0,1165,"[0,1,10,11]",0,no_op:none:none,0,[0],true
intervention_cost=0,1167,"[0,1,10,19]",0,no_op:none:none,0,[0],true
intervention_cost=0,1168,"[0,1,10,19]",0,no_op:none:none,0,[0],true
intervention_cost=0,1170,"[0,1,10,11]",0,no_op:none:none,0,[0],true
intervention_cost=0,1171,"[0,1,10,19]",0,no_op:none:none,0,[0],true
intervention_cost=0,1172,"[0,1,10,11]",0,no_op:none:none,0,[0],true
intervention_cost=0,1173,"[0,1,10,19]",0,no_op:none:none,0,[0],true
intervention_cost=0,1174,"[1,10,11]",1,intervention:L16_CWE-120_B:Low,0,"[1,10]",true
intervention_cost=0,1175,"[1,10,11]",1,intervention:L16_CWE-120_B:Low,0,"[1,10]",true
intervention_cost=0,1176,"[0,1,10,11]",0,no_op:none:none,0,[0],true
intervention_cost=0,1177,"[0,1,10,19]",0,no_op:none:none,0,[0],true
intervention_cost=0,1178,"[1,10,11]",1,intervention:L16_CWE-120_B:Low,0,"[1,10]",true
intervention_cost=0,1179,"[1,10,11]",1,intervention:L16_CWE-120_B:Low,0,"[1,10]",true
intervention_cost=0,1181,"[0,1,10,11]",0,no_op:none:none,0,[0],true
intervention_cost=0,1183,"[0,1,10,11]",0,no_op:none:none,0,[0],true
intervention_cost=0,1184,"[0,1,10,11]",0,no_op:none:none,0,[0],true
intervention_cost=0,1187,"[0,1,10,11]",0,no_op:none:none,0,[0],true
intervention_cost=0,1188,"[1,10,11]",1,intervention:L16_CWE-120_B:Low,0,"[1,10]",true
intervention_cost=0,1190,"[0,1,10,11]",0,no_op:none:none,0,[0],true
intervention_cost=0,1191,"[1,10,11]",1,intervention:L16_CWE-120_B:Low,1.25,"[1,10]",true
intervention_cost=0,1193,"[0,1,10,19]",0,no_op:none:none,0,[0],true
intervention_cost=0,1194,"[1,10,11]",1,intervention:L16_CWE-120_B:Low,0,"[1,10]",true
intervention_cost=0,1198,"[0,1,10,19]",0,no_op:none:none,0,[0],true
intervention_cost=0,1199,"[0,1,10,19]",0,no_op:none:none,0,[0],true
intervention_cost=0,1200,"[0,1,10,19]",0,no_op:none:none,0,[0],true
intervention_cost=0,1201,"[0,1,10,19]",0,no_op:none:none,0,[0],true
intervention_cost=0,1202,"[0,1,10,19]",0,no_op:none:none,0,[0],true
intervention_cost=0,1203,"[0,1,10,19]",0,no_op:none:none,0,[0],true
intervention_cost=0,1207,"[0,1,10,19]",0,no_op:none:none,0,[0],true
intervention_cost=0,1208,"[0,1,10,19]",0,no_op:none:none,0,[0],true
intervention_cost=0,1210,"[0,1,10,19]",0,no_op:none:none,0,[0],true
intervention_cost=0,1211,"[0,1,10,19]",0,no_op:none:none,0,[0],true
intervention_cost=0,1212,"[0,1,10,19]",0,no_op:none:none,0,[0],true
intervention_cost=0,1213,"[0,1,10,19]",0,no_op:none:none,0,[0],true
intervention_cost=0,1214,"[0,1,10,19]",0,no_op:none:none,0,[0],true
intervention_cost=0,1215,"[0,1,10,19]",0,no_op:none:none,0,[0],true
intervention_cost=0,1216,"[0,1,10,19]",0,no_op:none:none,0,[0],true
intervention_cost=0,1219,"[0,1,10,19]",0,no_op:none:none,0,[0],true
intervention_cost=0,1222,"[0,1,10,19]",0,no_op:none:none,0,[0],true
intervention_cost=0,1223,"[0,1,10,19]",0,no_op:none:none,0,[0],true
intervention_cost=0,1224,"[0,1,10,19]",0,no_op:none:none,0,[0],true
intervention_cost=0,1225,"[0,1,10,19]",0,no_op:none:none,0,[0],true
intervention_cost=0,1227,"[0,1,10,19]",0,no_op:none:none,0,[0],true
intervention_cost=0,1228,"[0,1,10,19]",0,no_op:none:none,0,[0],true
intervention_cost=0,1229,"[0,1,10,19]",0,no_op:none:none,0,[0],true
intervention_cost=0,1230,"[0,1,10,19]",0,no_op:none:none,0,[0],true
intervention_cost=0,1231,"[0,1,10,19]",0,no_op:none:none,0,[0],true
intervention_cost=0,1233,"[0,1,10,19]",0,no_op:none:none,0,[0],true
intervention_cost=0,1234,"[0,1,10,19]",0,no_op:none:none,0,[0],true
intervention_cost=0,1235,"[0,1,10,19]",0,no_op:none:none,0,[0],true
intervention_cost=0,1237,"[0,1,10,19]",0,no_op:none:none,0,[0],true
intervention_cost=0,1239,"[0,1,10,19]",0,no_op:none:none,0,[0],true
intervention_cost=0,1240,"[0,1,10,19]",0,no_op:none:none,0,[0],true
intervention_cost=0,1243,"[0,10,19]",0,no_op:none:none,0,[0],true
intervention_cost=0,1244,"[0,1,10,19]",0,no_op:none:none,0,[0],true
intervention_cost=0,1245,"[0,1,10,19]",0,no_op:none:none,0,[0],true
intervention_cost=0,1246,"[0,1,10,19]",0,no_op:none:none,0,[0],true
intervention_cost=0,1248,"[0,1,10,19]",0,no_op:none:none,0,[0],true
intervention_cost=0,1249,"[0,1,10,19]",0,no_op:none:none,0,[0],true
intervention_cost=0,1250,"[0,1,10,19]",0,no_op:none:none,0,[0],true
intervention_cost=0,1251,"[0,1,10,19]",0,no_op:none:none,0,[0],true
intervention_cost=0,1253,"[0,1,10,19]",0,no_op:none:none,0,[0],true
intervention_cost=0,1254,"[0,1,10,19]",0,no_op:none:none,0,[0],true
intervention_cost=0,1255,"[0,1,10,19]",0,no_op:none:none,0,[0],true
intervention_cost=0,1256,"[0,1,10,19]",0,no_op:none:none,0,[0],true
intervention_cost=0,1257,"[0,1,10,19]",0,no_op:none:none,0,[0],true
intervention_cost=0,1258,"[0,1,10,19]",0,no_op:none:none,0,[0],true
intervention_cost=0,1259,"[0,1,10,19]",0,no_op:none:none,0,[0],true
intervention_cost=0,1260,"[0,1,10,19]",0,no_op:none:none,0,[0],true
intervention_cost=0,1261,"[0,1,10,19]",0,no_op:none:none,0,[0],true
intervention_cost=0,1262,"[0,1,10,19]",0,no_op:none:none,0,[0],true
intervention_cost=0,1263,"[0,1,10,19]",0,no_op:none:none,0,[0],true
intervention_cost=0,1264,"[0,1,10,19]",0,no_op:none:none,0,[0],true
intervention_cost=0,1265,"[0,1,10,19]",0,no_op:none:none,0,[0],true
intervention_cost=0,1267,"[0,1,10,19]",0,no_op:none:none,0,[0],true
intervention_cost=0,1269,"[0,1,10,19]",0,no_op:none:none,0,[0],true
intervention_cost=0,1270,"[0,1,10,19]",0,no_op:none:none,0,[0],true
intervention_cost=0,1273,"[0,1,10,19]",0,no_op:none:none,0,[0],true
intervention_cost=0,1274,"[0,10,19]",0,no_op:none:none,0,[0],true
intervention_cost=0,1275,"[0,1,10,19]",0,no_op:none:none,0,[0],true
intervention_cost=0,1276,"[0,1,10,19]",0,no_op:none:none,0,[0],true
intervention_cost=0,1277,"[0,1,10,19]",0,no_op:none:none,0,[0],true
intervention_cost=0,1278,"[0,1,10,19]",0,no_op:none:none,0,[0],true
intervention_cost=0,1279,"[0,1,10,19]",0,no_op:none:none,0,[0],true
intervention_cost=0,1281,"[0,1,10,19]",0,no_op:none:none,0,[0],true
intervention_cost=0,1282,"[0,1,10,19]",0,no_op:none:none,0,[0],true
intervention_cost=0,1283,"[0,1,10,19]",0,no_op:none:none,0,[0],true
intervention_cost=0,1284,"[0,1,10,19]",0,no_op:none:none,0,[0],true
intervention_cost=0,1286,"[0,1,10,19]",0,no_op:none:none,0,[0],true
intervention_cost=0,1288,"[0,1,10,19]",0,no_op:none:none,0,[0],true
intervention_cost=0,1289,"[0,1,10,19]",0,no_op:none:none,0,[0],true
intervention_cost=0,1290,"[0,1,10,19]",0,no_op:none:none,0,[0],true
intervention_cost=0,1291,"[0,1,10,19]",0,no_op:none:none,0,[0],true
intervention_cost=0,1293,"[0,1,10,19]",0,no_op:none:none,0,[0],true
intervention_cost=0,1294,"[0,1,10,19]",0,no_op:none:none,0,[0],true
intervention_cost=0,1295,"[0,1,10,19]",0,no_op:none:none,0,[0],true
intervention_cost=0,1296,"[0,1,10,19]",0,no_op:none:none,0,[0],true
intervention_cost=0,1297,"[0,1,10,19]",0,no_op:none:none,0,[0],true
intervention_cost=0,1302,"[0,1,10,19]",0,no_op:none:none,0,[0],true
intervention_cost=0,1303,"[0,1,10,19]",0,no_op:none:none,0,[0],true
intervention_cost=0,1305,"[0,1,10,19]",0,no_op:none:none,0,[0],true
intervention_cost=0,1306,"[0,1,10,19]",0,no_op:none:none,0,[0],true
intervention_cost=0,1307,"[0,1,10,19]",0,no_op:none:none,0,[0],true
intervention_cost=0,1311,"[0,1,10,19]",0,no_op:none:none,0,[0],true
intervention_cost=0,1314,"[0,1,10,19]",0,no_op:none:none,0,[0],true
intervention_cost=0,1315,"[0,1,10,19]",0,no_op:none:none,0,[0],true
intervention_cost=0,1317,"[0,1,10,19]",0,no_op:none:none,0,[0],true
intervention_cost=0,1318,"[0,1,10,19]",0,no_op:none:none,0,[0],true
intervention_cost=0,1319,"[0,1,10,19]",0,no_op:none:none,0,[0],true
intervention_cost=0,1320,"[0,1,10,19]",0,no_op:none:none,0,[0],true
intervention_cost=0,1322,"[0,1,10,19]",0,no_op:none:none,0,[0],true
intervention_cost=0,1324,"[0,1,10,19]",0,no_op:none:none,0,[0],true
intervention_cost=0,1325,"[0,1,10,19]",0,no_op:none:none,0,[0],true
intervention_cost=0,1326,"[0,1,10,19]",0,no_op:none:none,0,[0],true
intervention_cost=0,1328,"[0,1,10,19]",0,no_op:none:none,0,[0],true
intervention_cost=0,1329,"[0,1,10,19]",0,no_op:none:none,0,[0],true
intervention_cost=0,1331,"[0,1,10,19]",0,no_op:none:none,0,[0],true
intervention_cost=0,1332,"[0,1,10,19]",0,no_op:none:none,0,[0],true
intervention_cost=0,1333,"[0,1,10,19]",0,no_op:none:none,0,[0],true
intervention_cost=0,1334,"[0,1,10,19]",0,no_op:none:none,0,[0],true
intervention_cost=0,1336,"[0,1,10,19]",0,no_op:none:none,0,[0],true
intervention_cost=0,1337,"[0,1,10,19]",0,no_op:none:none,0,[0],true
intervention_cost=0,1340,"[0,1,10,19]",0,no_op:none:none,0,[0],true
intervention_cost=0,1341,"[0,1,10,19]",0,no_op:none:none,0,[0],true
intervention_cost=0,1343,"[0,1,10,19]",0,no_op:none:none,0,[0],true
intervention_cost=0,1344,"[0,1,10,19]",0,no_op:none:none,0,[0],true
intervention_cost=0,1345,"[0,1,10,19]",0,no_op:none:none,0,[0],true
intervention_cost=0,1347,"[0,1,10,19]",0,no_op:none:none,0,[0],true
intervention_cost=0,1348,"[0,1,10,19]",0,no_op:none:none,0,[0],true
intervention_cost=0,1350,"[0,1,10,19]",0,no_op:none:none,0,[0],true
intervention_cost=0,1353,"[0,1,10,19]",0,no_op:none:none,0,[0],true
intervention_cost=0,1356,"[0,1,10,19]",0,no_op:none:none,0,[0],true
intervention_cost=0,1357,"[0,1,10,19]",0,no_op:none:none,0,[0],true
intervention_cost=0,1359,"[0,1,10,19]",0,no_op:none:none,0,[0],true
intervention_cost=0,1360,"[0,1,10,19]",0,no_op:none:none,0,[0],true
intervention_cost=0,1361,"[0,1,10,19]",0,no_op:none:none,0,[0],true
intervention_cost=0,1362,"[0,1,10,19]",0,no_op:none:none,0,[0],true
intervention_cost=0,1364,"[0,1,10,19]",0,no_op:none:none,0,[0],true
intervention_cost=0,1366,"[0,1,10,19]",0,no_op:none:none,0,[0],true
intervention_cost=0,1368,"[0,1,10,19]",0,no_op:none:none,0,[0],true
intervention_cost=0,1369,"[0,1,10,19]",0,no_op:none:none,0,[0],true
intervention_cost=0,1373,"[0,1,10,19]",0,no_op:none:none,0,[0],true
intervention_cost=0,1374,"[0,1,10,19]",0,no_op:none:none,0,[0],true
intervention_cost=0,1376,"[0,1,10,19]",0,no_op:none:none,0,[0],true
intervention_cost=0,1377,"[0,1,10,19]",0,no_op:none:none,0,[0],true
intervention_cost=0,1378,"[0,1,10,19]",0,no_op:none:none,0,[0],true
intervention_cost=0,1380,"[0,1,10,19]",0,no_op:none:none,0,[0],true
intervention_cost=0,1381,"[0,1,10,19]",0,no_op:none:none,0,[0],true
intervention_cost=0,1383,"[0,1,10,19]",0,no_op:none:none,0,[0],true
intervention_cost=0,1384,"[0,1,10,19]",0,no_op:none:none,0,[0],true
intervention_cost=0,1386,"[0,1,10,19]",0,no_op:none:none,0,[0],true
intervention_cost=0,1387,"[0,1,10,19]",0,no_op:none:none,0,[0],true
intervention_cost=0,1388,"[0,1,10,19]",0,no_op:none:none,0,[0],true
intervention_cost=0,1389,"[0,1,10,19]",0,no_op:none:none,0,[0],true
intervention_cost=0,1390,"[0,1,10,19]",0,no_op:none:none,0,[0],true
intervention_cost=0,1391,"[0,1,10,19]",0,no_op:none:none,0,[0],true
intervention_cost=0,1392,"[0,1,10,19]",0,no_op:none:none,0,[0],true
intervention_cost=0,1394,"[0,1,10,19]",0,no_op:none:none,0,[0],true
intervention_cost=0,1395,"[0,1,10,19]",0,no_op:none:none,0,[0],true
intervention_cost=0,1397,"[0,1,10,19]",0,no_op:none:none,0,[0],true
intervention_cost=0,1398,"[0,1,19,20]",0,no_op:none:none,0,[0],true
intervention_cost=0,1400,"[0,1,10,19]",0,no_op:none:none,0,[0],true
intervention_cost=0,1401,"[0,1,10,19]",0,no_op:none:none,0,[0],true
intervention_cost=0,1403,"[0,1,10,19]",0,no_op:none:none,0,[0],true
intervention_cost=0,1404,"[0,1,10,19]",0,no_op:none:none,0,[0],true
intervention_cost=0,1405,"[0,1,10,19]",0,no_op:none:none,0,[0],true
intervention_cost=0,1406,"[0,1,10,11]",0,no_op:none:none,0,[0],true
intervention_cost=0,1408,"[0,1,10,11]",0,no_op:none:none,0,[0],true
intervention_cost=0,1410,"[0,1,10,19]",0,no_op:none:none,0,[0],true
intervention_cost=0,1411,"[0,1,10,11]",0,no_op:none:none,0,[0],true
intervention_cost=0,1413,"[0,1,10,11]",0,no_op:none:none,0,[0],true
intervention_cost=0,1414,"[0,1,10,19]",0,no_op:none:none,0,[0],true
intervention_cost=0,1416,"[0,1,10,19]",0,no_op:none:none,0,[0],true
intervention_cost=0,1417,"[0,1,10,11]",0,no_op:none:none,0,[0],true
intervention_cost=0,1418,"[0,1,10,11]",0,no_op:none:none,0,[0],true
intervention_cost=0,1419,"[0,1,10,11]",0,no_op:none:none,0,[0],true
intervention_cost=0,1420,"[0,1,10,11]",0,no_op:none:none,0,[0],true
intervention_cost=0,1421,"[0,1,10,11]",0,no_op:none:none,0,[0],true
intervention_cost=0,1422,"[0,1,10,19]",0,no_op:none:none,0,[0],true
intervention_cost=0,1423,"[0,1,10,19]",0,no_op:none:none,0,[0],true
intervention_cost=0,1424,"[0,1,10,11]",0,no_op:none:none,0,[0],true
intervention_cost=0,1425,"[0,1,10,11]",0,no_op:none:none,0,[0],true
intervention_cost=0,1427,"[0,1,10,11]",0,no_op:none:none,0,[0],true
intervention_cost=0,1428,"[1,11]",1,intervention:L16_CWE-120_B:Low,0,[1],true
intervention_cost=0,1430,"[0,1,10,11]",0,no_op:none:none,0,[0],true
intervention_cost=0,1431,"[0,1,10,11]",0,no_op:none:none,0,[0],true
intervention_cost=0,1432,"[0,1,10,11]",0,no_op:none:none,0,[0],true
intervention_cost=0,1433,"[0,1,10,11]",0,no_op:none:none,0,[0],true
intervention_cost=0,1434,"[0,1,10,11]",0,no_op:none:none,0,[0],true
intervention_cost=0,1435,"[0,1,10,19]",0,no_op:none:none,0,[0],true
intervention_cost=0,1438,"[0,1,10,11]",0,no_op:none:none,0,[0],true
intervention_cost=0,1439,"[0,1,10,19]",0,no_op:none:none,0,[0],true
intervention_cost=0,1441,"[0,1,10,11]",0,no_op:none:none,0,[0],true
intervention_cost=0,1443,"[0,1,10,19]",0,no_op:none:none,0,[0],true
intervention_cost=0,1444,"[0,1,10,11]",0,no_op:none:none,0,[0],true
intervention_cost=0,1445,"[0,1,10,11]",0,no_op:none:none,0,[0],true
intervention_cost=0,1446,"[0,1,10,11]",0,no_op:none:none,0,[0],true
intervention_cost=0,1447,"[0,1,10,19]",0,no_op:none:none,0,[0],true
intervention_cost=0,1448,"[0,1,10,19]",0,no_op:none:none,0,[0],true
intervention_cost=0,1450,"[0,1,10,11]",0,no_op:none:none,0,[0],true
intervention_cost=0,1451,"[0,1,10,11]",0,no_op:none:none,0,[0],true
intervention_cost=0,1452,"[0,1,10,19]",0,no_op:none:none,0,[0],true
intervention_cost=0,1453,"[0,1,10,11]",0,no_op:none:none,0,[0],true
intervention_cost=0,1454,"[0,1,10,11]",0,no_op:none:none,0,[0],true
intervention_cost=0,1455,"[0,1,10,11]",0,no_op:none:none,0,[0],true
intervention_cost=0,1456,"[0,1,10,19]",0,no_op:none:none,0,[0],true
intervention_cost=0,1457,"[0,1,10,19]",0,no_op:none:none,0,[0],true
intervention_cost=0,1458,"[0,1,10,19]",0,no_op:none:none,0,[0],true
intervention_cost=0,1459,"[0,1,10,19]",0,no_op:none:none,0,[0],true
intervention_cost=0,1462,"[0,1,10,19]",0,no_op:none:none,0,[0],true
intervention_cost=0,1463,"[0,1,10,19]",0,no_op:none:none,0,[0],true
intervention_cost=0,1464,"[0,1,10,19]",0,no_op:none:none,0,[0],true
intervention_cost=0,1465,"[0,1,10,19]",0,no_op:none:none,0,[0],true
intervention_cost=0,1467,"[0,1,10,19]",0,no_op:none:none,0,[0],true
intervention_cost=0,1468,"[0,1,10,19]",0,no_op:none:none,0,[0],true
intervention_cost=0,1469,"[0,1,10,19]",0,no_op:none:none,0,[0],true
intervention_cost=0,1472,"[0,1,10,19]",0,no_op:none:none,0,[0],true
intervention_cost=0,1475,"[0,1,10,19]",0,no_op:none:none,0,[0],true
intervention_cost=0,1477,"[0,1,10,19]",0,no_op:none:none,0,[0],true
intervention_cost=0,1480,"[0,1,10,19]",0,no_op:none:none,0,[0],true
intervention_cost=0,1482,"[0,1,10,19]",0,no_op:none:none,0,[0],true
intervention_cost=0,1483,"[0,1,10,19]",0,no_op:none:none,0,[0],true
intervention_cost=0,1485,"[0,1,10,19]",0,no_op:none:none,0,[0],true
intervention_cost=0,1486,"[0,1,10,19]",0,no_op:none:none,0,[0],true
intervention_cost=0,1487,"[0,1,10,19]",0,no_op:none:none,0,[0],true
intervention_cost=0,1488,"[0,1,10,19]",0,no_op:none:none,0,[0],true
intervention_cost=0,1489,"[0,1,10,19]",0,no_op:none:none,0,[0],true
intervention_cost=0,1490,"[0,1,10,19]",0,no_op:none:none,0,[0],true
intervention_cost=0,1492,"[0,10,19]",0,no_op:none:none,0,[0],true
intervention_cost=0,1495,"[0,1,10,19]",0,no_op:none:none,0,[0],true
intervention_cost=0,1497,"[1,10,19]",1,intervention:L16_CWE-120_B:Low,0,"[1,10,19]",false
intervention_cost=0,1499,"[0,1,10,19]",0,no_op:none:none,0,[0],true
intervention_cost=0,1500,"[0,1,10,19]",0,no_op:none:none,0,[0],true
intervention_cost=0,1501,"[0,1,10,19]",0,no_op:none:none,0,[0],true
intervention_cost=0,1503,"[0,1,10,19]",0,no_op:none:none,0,[0],true
intervention_cost=0,1504,"[0,1,10,19]",0,no_op:none:none,0,[0],true
intervention_cost=0,1505,"[0,1,10,19]",0,no_op:none:none,0,[0],true
intervention_cost=0,1507,"[0,1,10,19]",0,no_op:none:none,0,[0],true
intervention_cost=0,1510,"[0,1,10,19]",0,no_op:none:none,0,[0],true
intervention_cost=0,1511,"[0,1,10,19]",0,no_op:none:none,0,[0],true
intervention_cost=0,1512,"[0,1,10,19]",0,no_op:none:none,0,[0],true
intervention_cost=0,1513,"[0,1,10,19]",0,no_op:none:none,0,[0],true
intervention_cost=0,1514,"[0,1,10,19]",0,no_op:none:none,0,[0],true
intervention_cost=0,1515,"[0,1,10,19]",0,no_op:none:none,0,[0],true
intervention_cost=0,1519,"[0,1,10,19]",0,no_op:none:none,0,[0],true
intervention_cost=0,1520,"[0,1,10,19]",0,no_op:none:none,0,[0],true
intervention_cost=0,1521,"[0,1,10,19]",0,no_op:none:none,0,[0],true
intervention_cost=0,1522,"[0,1,10,19]",0,no_op:none:none,0,[0],true
intervention_cost=0,1523,"[0,1,10,19]",0,no_op:none:none,0,[0],true
intervention_cost=0,1524,"[0,1,10,19]",0,no_op:none:none,0,[0],true
intervention_cost=0,1526,"[0,1,10,19]",0,no_op:none:none,0,[0],true
intervention_cost=0,1527,"[0,1,10,19]",0,no_op:none:none,0,[0],true
intervention_cost=0,1530,"[0,1,10,19]",0,no_op:none:none,0,[0],true
intervention_cost=0,1532,"[0,1,10,19]",0,no_op:none:none,0,[0],true
intervention_cost=0,1533,"[0,1,10,19]",0,no_op:none:none,0,[0],true
intervention_cost=0,1534,"[0,1,10,19]",0,no_op:none:none,0,[0],true
intervention_cost=0,1535,"[0,1,10,19]",0,no_op:none:none,0,[0],true
intervention_cost=0,1536,"[0,1,10,19]",0,no_op:none:none,0,[0],true
intervention_cost=0,1538,"[0,10,19]",0,no_op:none:none,0,[0],true
intervention_cost=0,1539,"[0,1,10,19]",0,no_op:none:none,0,[0],true
intervention_cost=0,1541,"[0,1,10,19]",0,no_op:none:none,0,[0],true
intervention_cost=0,1542,"[0,1,10,19]",0,no_op:none:none,0,[0],true
intervention_cost=0,1545,"[0,1,10,19]",0,no_op:none:none,0,[0],true
intervention_cost=0,1548,"[0,1,10,19]",0,no_op:none:none,0,[0],true
intervention_cost=0,1549,"[0,1,10,19]",0,no_op:none:none,0,[0],true
intervention_cost=0,1550,"[0,1,10,19]",0,no_op:none:none,0,[0],true
intervention_cost=0,1551,"[0,1,10,19]",0,no_op:none:none,0,[0],true
intervention_cost=0,1552,"[0,1,10,19]",0,no_op:none:none,0,[0],true
intervention_cost=0,1553,"[0,1,10,19]",0,no_op:none:none,0,[0],true
intervention_cost=0,1555,"[0,1,10,19]",0,no_op:none:none,0,[0],true
intervention_cost=0,1556,"[0,1,10,19]",0,no_op:none:none,0,[0],true
intervention_cost=0,1558,"[0,1,10,19]",0,no_op:none:none,0,[0],true
intervention_cost=0,1559,"[0,1,10,19]",0,no_op:none:none,0,[0],true
intervention_cost=0,1562,"[0,1,10,19]",0,no_op:none:none,0,[0],true
intervention_cost=0,1564,"[0,1,10,19]",0,no_op:none:none,0,[0],true
intervention_cost=0,1565,"[0,1,10,19]",0,no_op:none:none,0,[0],true
intervention_cost=0,1566,"[0,1,10,19]",0,no_op:none:none,1,[0],true
intervention_cost=0,1567,"[0,1,10,19]",0,no_op:none:none,0,[0],true
intervention_cost=0,1569,"[0,1,10,19]",0,no_op:none:none,0,[0],true
intervention_cost=0,1571,"[0,1,10,19]",0,no_op:none:none,0,[0],true
intervention_cost=0,1575,"[0,1,10,19]",0,no_op:none:none,0,[0],true
intervention_cost=0,1576,"[0,1,10,19]",0,no_op:none:none,0,[0],true
intervention_cost=0,1577,"[0,1,10,19]",0,no_op:none:none,0,[0],true
intervention_cost=0,1578,"[1,10,19]",1,intervention:L16_CWE-120_B:Low,0,"[1,10,19]",false
intervention_cost=0,1579,"[0,1,10,19]",0,no_op:none:none,0,[0],true
intervention_cost=0,1580,"[0,1,10,19]",0,no_op:none:none,0,[0],true
intervention_cost=0,1581,"[0,1,10,19]",0,no_op:none:none,0,[0],true
intervention_cost=0,1584,"[0,1,10,19]",0,no_op:none:none,0,[0],true
intervention_cost=0,1586,"[0,1,10,19]",0,no_op:none:none,0,[0],true
intervention_cost=0,1587,"[0,1,10,19]",0,no_op:none:none,0,[0],true
intervention_cost=0,1588,"[0,1,10,19]",0,no_op:none:none,0,[0],true
intervention_cost=0,1592,[19],19,intervention:L23_CWE-89_A:Low,0,[19],false
intervention_cost=0,1593,"[0,1,10,19]",0,no_op:none:none,0,[0],true
intervention_cost=0,1595,"[0,1,10,19]",0,no_op:none:none,0,[0],true
intervention_cost=0,1596,"[1,10,19]",1,intervention:L16_CWE-120_B:Low,0,"[1,10,19]",false
intervention_cost=0,1597,[19],19,intervention:L23_CWE-89_A:Low,1,[19],false
intervention_cost=0,1599,"[0,1,10,19]",0,no_op:none:none,0,[0],true
intervention_cost=0,1600,"[0,1,10,19]",0,no_op:none:none,0,[0],true
intervention_cost=0,1601,"[0,1,10,19]",0,no_op:none:none,0,[0],true
intervention_cost=0,1602,"[0,1,10,19]",0,no_op:none:none,0,[0],true
intervention_cost=0,1603,"[0,1,19]",0,no_op:none:none,1,[0],true
intervention_cost=0,1605,"[0,1,10,19]",0,no_op:none:none,0,[0],true
intervention_cost=0,1608,"[1,19]",1,intervention:L16_CWE-120_B:Low,0,"[1,19]",false
intervention_cost=0,1609,"[0,1,10,19]",0,no_op:none:none,0,[0],true
intervention_cost=0,1610,"[0,1,10,19]",0,no_op:none:none,0,[0],true
intervention_cost=0,1611,"[0,1,10,19]",0,no_op:none:none,0,[0],true
intervention_cost=0,1612,"[0,1,10,19]",0,no_op:none:none,0,[0],true
intervention_cost=0,1614,"[0,1,10,19]",0,no_op:none:none,0,[0],true
intervention_cost=0,1615,"[0,1,19]",0,no_op:none:none,1,[0],true
intervention_cost=0,1616,"[1,10,19]",1,intervention:L16_CWE-120_B:Low,0,"[1,10,19]",false
intervention_cost=0,1617,"[0,1,10,19]",0,no_op:none:none,0,[0],true
intervention_cost=0,1620,"[0,1,10,19]",0,no_op:none:none,0,[0],true
intervention_cost=0,1621,"[0,1,10,19]",0,no_op:none:none,0,[0],true
intervention_cost=0,1623,"[0,1,10,19]",0,no_op:none:none,0,[0],true
intervention_cost=0,1624,"[0,1,10,19]",0,no_op:none:none,0,[0],true
intervention_cost=0,1626,"[0,1,10,19]",0,no_op:none:none,0,[0],true
intervention_cost=0,1628,"[1,10,19]",1,intervention:L16_CWE-120_B:Low,0,"[1,10,19]",false
intervention_cost=0,1629,"[1,10,19]",1,intervention:L16_CWE-120_B:Low,0,"[1,10,19]",false
intervention_cost=0,1630,"[0,1,10,19]",0,no_op:none:none,0,[0],true
intervention_cost=0,1631,"[0,1,10,19]",0,no_op:none:none,0,[0],true
intervention_cost=0,1632,"[0,1,10,19]",0,no_op:none:none,0,[0],true
intervention_cost=0,1633,"[0,1,10,19]",0,no_op:none:none,0,[0],true
intervention_cost=0,1634,"[0,1,10,19]",0,no_op:none:none,0,[0],true
intervention_cost=0,1636,"[0,1,10,19]",0,no_op:none:none,0,[0],true
intervention_cost=0,1637,"[1,10,19]",1,intervention:L16_CWE-120_B:Low,0,"[1,10,19]",false
intervention_cost=0,1639,"[0,1,10,19]",0,no_op:none:none,0,[0],true
intervention_cost=0,1640,"[0,1,10,19]",0,no_op:none:none,0,[0],true
intervention_cost=0,1641,"[0,1,10,19]",0,no_op:none:none,0,[0],true
intervention_cost=0,1642,"[0,1,10,19]",0,no_op:none:none,0,[0],true
intervention_cost=0,1643,"[0,1,19]",0,no_op:none:none,1,[0],true
intervention_cost=0,1644,"[0,1,10,19]",0,no_op:none:none,0,[0],true
intervention_cost=0,1645,"[1,10,19]",1,intervention:L16_CWE-120_B:Low,0,"[1,10,19]",false
intervention_cost=0,1646,"[0,1,10,19]",0,no_op:none:none,0,[0],true
intervention_cost=0,1647,"[0,1,10,19]",0,no_op:none:none,0,[0],true
intervention_cost=0,1649,"[1,10,19]",1,intervention:L16_CWE-120_B:Low,0,"[1,10,19]",false
intervention_cost=0,1651,"[0,1,10,19]",0,no_op:none:none,0,[0],true
intervention_cost=0,1654,"[0,1,10,19]",0,no_op:none:none,0,[0],true
intervention_cost=0,1655,"[0,1,10,19]",0,no_op:none:none,1,[0],true
intervention_cost=0,1658,"[1,10,19]",1,intervention:L16_CWE-120_B:Low,0,"[1,10,19]",false
intervention_cost=0,1659,"[0,1,10,19]",0,no_op:none:none,0,[0],true
intervention_cost=0,1660,"[0,1,10,19]",0,no_op:none:none,0,[0],true
intervention_cost=0,1661,"[1,10,19]",1,intervention:L16_CWE-120_B:Low,0,"[1,10,19]",false
intervention_cost=0,1662,"[0,1,19]",0,no_op:none:none,0,[0],true
intervention_cost=0,1663,"[0,1,10,19]",0,no_op:none:none,0,[0],true
intervention_cost=0,1665,"[1,10,19]",1,intervention:L16_CWE-120_B:Low,0,"[1,10,19]",false
intervention_cost=0,1667,"[0,1,10,19]",0,no_op:none:none,0,[0],true
intervention_cost=0,1668,"[0,1,10,19]",0,no_op:none:none,0,[0],true
intervention_cost=0,1669,"[0,1,10,19]",0,no_op:none:none,0,[0],true
intervention_cost=0,1670,"[0,1,10,19]",0,no_op:none:none,1,[0],true
intervention_cost=0,1672,"[0,1,10,19]",0,no_op:none:none,0,[0],true
intervention_cost=0,1674,"[0,1,10,19]",0,no_op:none:none,0,[0],true
intervention_cost=0,1675,"[0,1,19,20]",0,no_op:none:none,0,[0],true
intervention_cost=0,1676,"[0,10,19]",0,no_op:none:none,0,[0],true
intervention_cost=0,1677,"[1,10,19]",1,intervention:L16_CWE-120_B:Low,0,"[1,10,19]",false
intervention_cost=0,1678,"[0,1,19]",0,no_op:none:none,0,[0],true
intervention_cost=0,1679,"[0,1,10,19]",0,no_op:none:none,0,[0],true
intervention_cost=0,1680,"[0,1,10,19]",0,no_op:none:none,0,[0],true
intervention_cost=0,1681,"[0,1,10,19]",0,no_op:none:none,0,[0],true
intervention_cost=0,1682,"[0,1,10,19]",0,no_op:none:none,0,[0],true
intervention_cost=0,1684,"[0,1,19,20]",0,no_op:none:none,0,[0],true
intervention_cost=0,1685,"[1,19]",1,intervention:L16_CWE-120_B:Low,0,"[1,19]",false
intervention_cost=0,1686,"[0,1,10,19]",0,no_op:none:none,0,[0],true
intervention_cost=0,1687,"[0,1,10,19]",0,no_op:none:none,0,[0],true
intervention_cost=0,1688,"[0,1,19]",0,no_op:none:none,1,[0],true
intervention_cost=0,1689,"[0,1,10,19]",0,no_op:none:none,0,[0],true
intervention_cost=0,1690,"[0,1,10,19]",0,no_op:none:none,0,[0],true
intervention_cost=0,1691,"[0,1,10,19]",0,no_op:none:none,0,[0],true
intervention_cost=0,1693,"[10,19]",10,intervention:L23_CWE-327_A:Low,0,"[10,19]",false
intervention_cost=0,1695,"[0,1,19,20]",0,no_op:none:none,1,[0],true
intervention_cost=0,1696,"[0,1,10,19]",0,no_op:none:none,0,[0],true
intervention_cost=0,1697,"[1,10,19]",1,intervention:L16_CWE-120_B:Low,0,"[1,10,19]",false
intervention_cost=0,1699,"[0,10]",0,no_op:none:none,0,[0],true
intervention_cost=0,1702,"[0,1,10,19]",0,no_op:none:none,0,[0],true
intervention_cost=0,1703,"[0,1,10,19]",0,no_op:none:none,0,[0],true
intervention_cost=0,1704,"[0,1,19]",0,no_op:none:none,1,[0],true
intervention_cost=0,1705,"[0,1,10,19]",0,no_op:none:none,0,[0],true
intervention_cost=0,1706,"[0,1,10,19]",0,no_op:none:none,0,[0],true
intervention_cost=0,1707,"[0,1,10,19]",0,no_op:none:none,0,[0],true
intervention_cost=0,1709,"[0,1,10,19]",0,no_op:none:none,0,[0],true
intervention_cost=0,1710,"[0,1,10,19]",0,no_op:none:none,0,[0],true
intervention_cost=0,1711,"[10,19]",10,intervention:L23_CWE-327_A:Low,0,"[10,19]",false
intervention_cost=0,1715,"[0,1,10,19]",0,no_op:none:none,0,[0],true
intervention_cost=0,1716,"[1,10,19]",1,intervention:L16_CWE-120_B:Low,0,"[1,10,19]",false
intervention_cost=0,1717,"[0,1,10,19]",0,no_op:none:none,0,[0],true
intervention_cost=0,1718,"[0,1,10,19]",0,no_op:none:none,0,[0],true
intervention_cost=0,1719,"[10,19]",10,intervention:L23_CWE-327_A:Low,0,"[10,19]",false
intervention_cost=0,1720,"[1,10,19]",1,intervention:L16_CWE-120_B:Low,0,"[1,10,19]",false
intervention_cost=0,1722,"[0,1,19]",0,no_op:none:none,0,[0],true
intervention_cost=0,1723,"[0,1,10,19]",0,no_op:none:none,0,[0],true
intervention_cost=0,1724,"[0,1,10,19]",0,no_op:none:none,0,[0],true
intervention_cost=0,1725,"[0,1,10,19]",0,no_op:none:none,0,[0],true
intervention_cost=0,1727,"[0,1,10,19]",0,no_op:none:none,0,[0],true
intervention_cost=0,1729,"[1,19]",1,intervention:L16_CWE-120_B:Low,0,"[1,19]",false
intervention_cost=0,1730,"[0,1,10,19]",0,no_op:none:none,0,[0],true
intervention_cost=0,1732,"[0,1,10,19]",0,no_op:none:none,0,[0],true
intervention_cost=0,1733,"[0,10,19]",0,no_op:none:none,0,[0],true
intervention_cost=0,1734,"[0,1,10,19]",0,no_op:none:none,0,[0],true
intervention_cost=0,1739,"[0,1,10,19]",0,no_op:none:none,0,[0],true
intervention_cost=0,1740,"[1,10,19]",1,intervention:L16_CWE-120_B:Low,0,"[1,10,19]",false
intervention_cost=0,1741,"[0,1,10,19]",0,no_op:none:none,0,[0],true
intervention_cost=0,1743,"[1,10,19]",1,intervention:L16_CWE-120_B:Low,0,"[1,10,19]",false
intervention_cost=0,1747,"[0,1,10,19]",0,no_op:none:none,0,[0],true
intervention_cost=0,1748,"[0,1,19]",0,no_op:none:none,1,[0],true
intervention_cost=0,1749,"[0,10,19]",0,no_op:none:none,0,[0],true
intervention_cost=0,1752,"[0,1,10,19]",0,no_op:none:none,1,[0],true
intervention_cost=0,1753,"[1,10,19]",1,intervention:L16_CWE-120_B:Low,0,"[1,10,19]",false
intervention_cost=0,1754,"[0,1,10,19]",0,no_op:none:none,0,[0],true
intervention_cost=0,1755,"[0,1,10,19]",0,no_op:none:none,0,[0],true
intervention_cost=0,1757,"[0,1,10,19]",0,no_op:none:none,0,[0],true
intervention_cost=0,1758,"[0,1,10,19]",0,no_op:none:none,0,[0],true
intervention_cost=0,1759,"[0,1,10,19]",0,no_op:none:none,0,[0],true
intervention_cost=0,1762,"[0,1,10,19]",0,no_op:none:none,0,[0],true
intervention_cost=0,1763,"[1,19]",1,intervention:L16_CWE-120_B:Low,0,"[1,19]",false
intervention_cost=0,1765,"[0,1,10,19]",0,no_op:none:none,0,[0],true
intervention_cost=0,1766,"[0,1,10,19]",0,no_op:none:none,0,[0],true
intervention_cost=0,1767,"[0,1,10,19]",0,no_op:none:none,0,[0],true
intervention_cost=0,1768,"[0,1,10,19]",0,no_op:none:none,0,[0],true
intervention_cost=0,1769,"[0,1,10,19]",0,no_op:none:none,0,[0],true
intervention_cost=0,1770,"[1,10,19]",1,intervention:L16_CWE-120_B:Low,0,"[1,10,19]",false
intervention_cost=0,1772,"[0,1,10,19]",0,no_op:none:none,0,[0],true
intervention_cost=0,1773,"[0,1,10,19]",0,no_op:none:none,0,[0],true
intervention_cost=0,1776,"[0,1,10,19]",0,no_op:none:none,0,[0],true
intervention_cost=0,1777,"[0,10,19]",0,no_op:none:none,0,[0],true
intervention_cost=0,1778,"[0,1,10,19]",0,no_op:none:none,0,[0],true
intervention_cost=0,1779,"[0,1,19]",0,no_op:none:none,0,[0],true
intervention_cost=0,1782,"[0,1,10,19]",0,no_op:none:none,0,[0],true
intervention_cost=0,1783,"[1,10,19]",1,intervention:L16_CWE-120_B:Low,1,"[1,10,19]",false
intervention_cost=0,1784,"[0,1,10,19]",0,no_op:none:none,0,[0],true
intervention_cost=0,1786,"[0,1,19]",0,no_op:none:none,0,[0],true
intervention_cost=0,1787,"[0,1,10,19]",0,no_op:none:none,0,[0],true
intervention_cost=0,1788,"[0,1,10,19]",0,no_op:none:none,0,[0],true
intervention_cost=0,1789,"[1,10,19]",1,intervention:L16_CWE-120_B:Low,0,"[1,10,19]",false
intervention_cost=0,1790,"[0,1,10,19]",0,no_op:none:none,0,[0],true
intervention_cost=0,1791,"[0,1,10,19]",0,no_op:none:none,0,[0],true
intervention_cost=0,1792,"[0,1,19]",0,no_op:none:none,0,[0],true
intervention_cost=0,1793,"[0,1,10,19]",0,no_op:none:none,0,[0],true
intervention_cost=0,1794,"[0,1,19]",0,no_op:none:none,1,[0],true
intervention_cost=0,1795,"[0,1,10,19]",0,no_op:none:none,0,[0],true
intervention_cost=0,1796,"[0,1,10,19]",0,no_op:none:none,0,[0],true
intervention_cost=0,1798,"[0,1,10,19]",0,no_op:none:none,0,[0],true
intervention_cost=0,1799,"[1,10,19]",1,intervention:L16_CWE-120_B:Low,0,"[1,10,19]",false
intervention_cost=0,1800,"[0,1,19,20]",0,no_op:none:none,0,[0],true
intervention_cost=0,1801,"[0,1,10,19]",0,no_op:none:none,0,[0],true
intervention_cost=0,1802,"[0,1,10,19]",0,no_op:none:none,0,[0],true
intervention_cost=0,1803,"[0,1,10,19]",0,no_op:none:none,0,[0],true
intervention_cost=0,1804,"[0,1,10,19]",0,no_op:none:none,0,[0],true
intervention_cost=0,1805,"[0,1,10,19]",0,no_op:none:none,0,[0],true
intervention_cost=0,1807,"[0,1,10,19]",0,no_op:none:none,0,[0],true
intervention_cost=0,1808,"[0,1,10,19]",0,no_op:none:none,0,[0],true
intervention_cost=0,1809,"[0,1,10,19]",0,no_op:none:none,1,[0],true
intervention_cost=0,1811,"[0,1,10,19]",0,no_op:none:none,0,[0],true
intervention_cost=0,1812,"[1,19]",1,intervention:L16_CWE-120_B:Low,0,"[1,19]",false
intervention_cost=0,1814,"[0,1,19]",0,no_op:none:none,0,[0],true
intervention_cost=0,1816,"[0,1,10,19]",0,no_op:none:none,0,[0],true
intervention_cost=0,1817,"[0,10,19]",0,no_op:none:none,0,[0],true
intervention_cost=0,1818,"[0,1,10,19]",0,no_op:none:none,0,[0],true
intervention_cost=0,1819,"[0,1,10,19]",0,no_op:none:none,0,[0],true
intervention_cost=0,1820,"[0,1,10,19]",0,no_op:none:none,0,[0],true
intervention_cost=0,1821,"[0,10,19]",0,no_op:none:none,0,[0],true
intervention_cost=0,1822,"[0,1,10,19]",0,no_op:none:none,0,[0],true
intervention_cost=0,1823,"[0,1,19]",0,no_op:none:none,0,[0],true
intervention_cost=0,1824,"[0,1,10,19]",0,no_op:none:none,0,[0],true
intervention_cost=0,1825,"[0,10,19]",0,no_op:none:none,0,[0],true
intervention_cost=0,1826,"[1,10,19]",1,intervention:L16_CWE-120_B:Low,0,"[1,10,19]",false
intervention_cost=0,1828,"[0,10,19]",0,no_op:none:none,0,[0],true
intervention_cost=0,1829,"[0,1,19]",0,no_op:none:none,0,[0],true
intervention_cost=0,1830,"[0,1,10,19]",0,no_op:none:none,0,[0],true
intervention_cost=0,1831,"[0,1,10,19]",0,no_op:none:none,0,[0],true
intervention_cost=0,1832,"[0,1,10,19]",0,no_op:none:none,1,[0],true
intervention_cost=0,1835,"[0,1,19]",0,no_op:none:none,0,[0],true
intervention_cost=0,1836,"[1,10,19]",1,intervention:L16_CWE-120_B:Low,0,"[1,10,19]",false
intervention_cost=0,1838,"[0,1,10,19]",0,no_op:none:none,0,[0],true
intervention_cost=0,1839,[19],19,intervention:L23_CWE-89_A:Low,0,[19],false
intervention_cost=0,1840,"[0,1,10,19]",0,no_op:none:none,0,[0],true
intervention_cost=0,1841,"[0,1,19,20]",0,no_op:none:none,0,[0],true
intervention_cost=0,1842,"[10,19]",10,intervention:L23_CWE-327_A:Low,0,"[10,19]",false
intervention_cost=0,1843,"[0,1,10,19]",0,no_op:none:none,0,[0],true
intervention_cost=0,1844,"[1,10,19]",1,intervention:L16_CWE-120_B:Low,0,"[1,10,19]",false
intervention_cost=0,1845,"[0,1,10,19]",0,no_op:none:none,0,[0],true
intervention_cost=0,1846,"[0,1,10,19]",0,no_op:none:none,1,[0],true
intervention_cost=0,1847,"[0,1,19]",0,no_op:none:none,0,[0],true
intervention_cost=0,1848,"[1,10,19]",1,intervention:L16_CWE-120_B:Low,0,"[1,10,19]",false
intervention_cost=0,1850,"[0,1,19,20]",0,no_op:none:none,1,[0],true
intervention_cost=0,1851,"[0,1,19]",0,no_op:none:none,0,[0],true
intervention_cost=0,1853,"[0,1,10,19]",0,no_op:none:none,0,[0],true
intervention_cost=0,1855,"[0,1,10,19]",0,no_op:none:none,0,[0],true
intervention_cost=0,1858,"[0,1,19]",0,no_op:none:none,0,[0],true
intervention_cost=0,1859,"[0,1,10,19]",0,no_op:none:none,0,[0],true
intervention_cost=0,1860,"[0,1,10,19]",0,no_op:none:none,1,[0],true
intervention_cost=0,1861,"[0,1,10,19]",0,no_op:none:none,0,[0],true
intervention_cost=0,1865,"[1,10,19]",1,intervention:L16_CWE-120_B:Low,0,"[1,10,19]",false
intervention_cost=0,1866,"[1,19]",1,intervention:L16_CWE-120_B:Low,1,"[1,19]",false
intervention_cost=0,1867,"[0,1,10,19]",0,no_op:none:none,0,[0],true
intervention_cost=0,1868,"[1,19]",1,intervention:L16_CWE-120_B:Low,0,"[1,19]",false
intervention_cost=0,1872,"[0,1,10,19]",0,no_op:none:none,0,[0],true
intervention_cost=0,1873,"[0,1,10,19]",0,no_op:none:none,0,[0],true
intervention_cost=0,1875,"[0,1,10,19]",0,no_op:none:none,0,[0],true
intervention_cost=0,1876,"[0,1,10,19]",0,no_op:none:none,1,[0],true
intervention_cost=0,1877,"[0,1,10,19]",0,no_op:none:none,0,[0],true
intervention_cost=0,1878,"[1,10,19]",1,intervention:L16_CWE-120_B:Low,0,"[1,10,19]",false
intervention_cost=0,1879,"[0,1,10,19]",0,no_op:none:none,1,[0],true
intervention_cost=0,1881,"[0,1,10,19]",0,no_op:none:none,0,[0],true
intervention_cost=0,1882,"[0,1,10,19]",0,no_op:none:none,0,[0],true
intervention_cost=0,1884,"[0,1,10,19]",0,no_op:none:none,0,[0],true
intervention_cost=0,1885,"[0,1,10,19]",0,no_op:none:none,0,[0],true
intervention_cost=0,1886,"[0,1,10,19]",0,no_op:none:none,0,[0],true
intervention_cost=0,1891,"[0,1,10,19]",0,no_op:none:none,0,[0],true
intervention_cost=0,1892,"[0,1,10,19]",0,no_op:none:none,1,[0],true
intervention_cost=0,1893,"[1,10,19]",1,intervention:L16_CWE-120_B:Low,0,"[1,10,19]",false
intervention_cost=0,1895,"[0,1,10,19]",0,no_op:none:none,0,[0],true
intervention_cost=0,1897,"[0,1,19]",0,no_op:none:none,1,[0],true
intervention_cost=0,1900,"[1,10,19]",1,intervention:L16_CWE-120_B:Low,1,"[1,10,19]",false
intervention_cost=0,1901,"[1,10,19]",1,intervention:L16_CWE-120_B:Low,1,"[1,10,19]",false
intervention_cost=0,1903,"[0,1,10,19]",0,no_op:none:none,1,[0],true
intervention_cost=0,1904,"[0,1,10,19]",0,no_op:none:none,0,[0],true
intervention_cost=0,1905,"[0,1,10,19]",0,no_op:none:none,0,[0],true
intervention_cost=0,1909,"[1,10,19]",1,intervention:L16_CWE-120_B:Low,1,"[1,10,19]",false
intervention_cost=0,1911,"[0,1,10,19]",0,no_op:none:none,0,[0],true
intervention_cost=0,1912,"[0,1,10,19]",0,no_op:none:none,0,[0],true
intervention_cost=0,1913,"[0,1,10,19]",0,no_op:none:none,1,[0],true
intervention_cost=0,1915,"[0,1,10,19]",0,no_op:none:none,0,[0],true
intervention_cost=0.05,0,[0],0,no_op:none:none,0,[0],false
intervention_cost=0.05,2,[0],0,no_op:none:none,0,[0],false
intervention_cost=0.05,5,"[7,10]",7,intervention:L19_CWE-120_B:Low,-0.05,"[7,10]",false
intervention_cost=0.05,8,[0],0,no_op:none:none,0,[0],false
intervention_cost=0.05,9,[0],0,no_op:none:none,0,[0],false
intervention_cost=0.05,10,[0],0,no_op:none:none,0,[0],false
intervention_cost=0.05,11,[0],0,no_op:none:none,1,[0],false
intervention_cost=0.05,12,[7],7,intervention:L19_CWE-120_B:Low,0.95,[7],false
intervention_cost=0.05,15,[0],0,no_op:none:none,0,[0],false
intervention_cost=0.05,17,[0],0,no_op:none:none,1,[0],false
intervention_cost=0.05,18,"[7,10]",7,intervention:L19_CWE-120_B:Low,0.95,"[7,10]",false
intervention_cost=0.05,20,[0],0,no_op:none:none,0,[0],false
intervention_cost=0.05,21,[0],0,no_op:none:none,0,[0],false
intervention_cost=0.05,22,"[1,10,19]",1,intervention:L16_CWE-120_B:Low,0.95,"[1,10,19]",false
intervention_cost=0.05,24,[0],0,no_op:none:none,0,[0],false
intervention_cost=0.05,25,[0],0,no_op:none:none,0,[0],false
intervention_cost=0.05,26,[0],0,no_op:none:none,0,[0],false
intervention_cost=0.05,27,"[7,10]",7,intervention:L19_CWE-120_B:Low,0.95,"[7,10]",false
intervention_cost=0.05,28,[0],0,no_op:none:none,0,[0],false
intervention_cost=0.05,29,[0],0,no_op:none:none,0,[0],false
intervention_cost=0.05,31,"[1,10,19]",1,intervention:L16_CWE-120_B:Low,0.95,"[1,10,19]",false
intervention_cost=0.05,32,[0],0,no_op:none:none,0,[0],false
intervention_cost=0.05,33,[0],0,no_op:none:none,0,[0],false
intervention_cost=0.05,34,[0],0,no_op:none:none,0,[0],false
intervention_cost=0.05,35,[0],0,no_op:none:none,0,[0],false
intervention_cost=0.05,36,[0],0,no_op:none:none,0,[0],false
intervention_cost=0.05,37,[7],7,intervention:L19_CWE-120_B:Low,-0.05,[7],false
intervention_cost=0.05,38,"[1,19]",1,intervention:L16_CWE-120_B:Low,0.95,"[1,19]",false
intervention_cost=0.05,40,[0],0,no_op:none:none,0,[0],false
intervention_cost=0.05,41,"[7,10]",7,intervention:L19_CWE-120_B:Low,-0.05,"[7,10]",false
intervention_cost=0.05,42,[0],0,no_op:none:none,0,[0],false
intervention_cost=0.05,44,[7],7,intervention:L19_CWE-120_B:Low,0.95,[7],false
intervention_cost=0.05,45,"[7,10]",7,intervention:L19_CWE-120_B:Low,0.95,"[7,10]",false
intervention_cost=0.05,46,[0],0,no_op:none:none,0,[0],false
intervention_cost=0.05,47,"[7,10]",7,intervention:L19_CWE-120_B:Low,-0.05,"[7,10]",false
intervention_cost=0.05,49,[0],0,no_op:none:none,0,[0],false
intervention_cost=0.05,52,[0],0,no_op:none:none,0,[0],false
intervention_cost=0.05,53,"[1,10,19]",1,intervention:L16_CWE-120_B:Low,-0.05,"[1,10,19]",false
intervention_cost=0.05,55,[0],0,no_op:none:none,0,[0],false
intervention_cost=0.05,57,[0],0,no_op:none:none,0,[0],false
intervention_cost=0.05,58,[0],0,no_op:none:none,0,[0],false
intervention_cost=0.05,59,[0],0,no_op:none:none,0,[0],false
intervention_cost=0.05,60,[0],0,no_op:none:none,0,[0],false
intervention_cost=0.05,62,"[7,10]",7,intervention:L19_CWE-120_B:Low,-0.05,"[7,10]",false
intervention_cost=0.05,63,[0],0,no_op:none:none,0,[0],false
intervention_cost=0.05,66,[0],0,no_op:none:none,0,[0],false
intervention_cost=0.05,67,[0],0,no_op:none:none,0,[0],false
intervention_cost=0.05,68,[0],0,no_op:none:none,0,[0],false
intervention_cost=0.05,69,[0],0,no_op:none:none,0,[0],false
intervention_cost=0.05,70,[0],0,no_op:none:none,0,[0],false
intervention_cost=0.05,71,"[7,10]",7,intervention:L19_CWE-120_B:Low,-0.05,"[7,10]",false
intervention_cost=0.05,72,[0],0,no_op:none:none,0,[0],false
intervention_cost=0.05,74,[0],0,no_op:none:none,0,[0],false
intervention_cost=0.05,75,[0],0,no_op:none:none,0,[0],false
intervention_cost=0.05,76,[0],0,no_op:none:none,0,[0],false
intervention_cost=0.05,77,[0],0,no_op:none:none,0,[0],false
intervention_cost=0.05,80,[0],0,no_op:none:none,0,[0],false
intervention_cost=0.05,82,[0],0,no_op:none:none,0,[0],false
intervention_cost=0.05,83,"[1,19]",1,intervention:L16_CWE-120_B:Low,-0.05,"[1,19]",false
intervention_cost=0.05,84,"[7,10]",7,intervention:L19_CWE-120_B:Low,-0.05,"[7,10]",false
intervention_cost=0.05,86,[0],0,no_op:none:none,0,[0],false
intervention_cost=0.05,87,"[1,10,19]",1,intervention:L16_CWE-120_B:Low,0.95,"[1,10,19]",false
intervention_cost=0.05,89,[0],0,no_op:none:none,0,[0],false
intervention_cost=0.05,91,[0],0,no_op:none:none,0,[0],false
intervention_cost=0.05,92,[0],0,no_op:none:none,0,[0],false
intervention_cost=0.05,94,[0],0,no_op:none:none,0,[0],false
intervention_cost=0.05,95,[0],0,no_op:none:none,1,[0],false
intervention_cost=0.05,97,[0],0,no_op:none:none,0,[0],false
intervention_cost=0.05,98,[0],0,no_op:none:none,0,[0],false
intervention_cost=0.05,99,[0],0,no_op:none:none,0,[0],false
intervention_cost=0.05,100,[0],0,no_op:none:none,0,[0],false
intervention_cost=0.05,101,[0],0,no_op:none:none,0,[0],false
intervention_cost=0.05,105,[7],7,intervention:L19_CWE-120_B:Low,0.95,[7],false
intervention_cost=0.05,106,[0],0,no_op:none:none,0,[0],false
intervention_cost=0.05,107,[0],0,no_op:none:none,0,[0],false
intervention_cost=0.05,108,[0],0,no_op:none:none,0,[0],false
intervention_cost=0.05,109,[0],0,no_op:none:none,0,[0],false
intervention_cost=0.05,111,[0],0,no_op:none:none,0,[0],false
intervention_cost=0.05,112,[0],0,no_op:none:none,0,[0],false
intervention_cost=0.05,113,[0],0,no_op:none:none,0,[0],false
intervention_cost=0.05,115,"[7,10]",7,intervention:L19_CWE-120_B:Low,0.95,"[7,10]",false
intervention_cost=0.05,121,[0],0,no_op:none:none,0,[0],false
intervention_cost=0.05,122,"[1,10,19]",1,intervention:L16_CWE-120_B:Low,-0.05,"[1,10,19]",false
intervention_cost=0.05,123,[0],0,no_op:none:none,0,[0],false
intervention_cost=0.05,125,[0],0,no_op:none:none,0,[0],false
intervention_cost=0.05,126,[0],0,no_op:none:none,0,[0],false
intervention_cost=0.05,127,[0],0,no_op:none:none,0,[0],false
intervention_cost=0.05,128,[0],0,no_op:none:none,0,[0],false
intervention_cost=0.05,129,[0],0,no_op:none:none,0,[0],false
intervention_cost=0.05,132,[0],0,no_op:none:none,0,[0],false
intervention_cost=0.05,133,[7],7,intervention:L19_CWE-120_B:Low,-0.05,[7],false
intervention_cost=0.05,134,[0],0,no_op:none:none,0,[0],false
intervention_cost=0.05,136,[0],0,no_op:none:none,0,[0],false
intervention_cost=0.05,137,[0],0,no_op:none:none,0,[0],false
intervention_cost=0.05,143,[0],0,no_op:none:none,0,[0],false
intervention_cost=0.05,144,[0],0,no_op:none:none,0,[0],false
intervention_cost=0.05,147,[0],0,no_op:none:none,0,[0],false
intervention_cost=0.05,149,[0],0,no_op:none:none,0,[0],false
intervention_cost=0.05,151,[0],0,no_op:none:none,0,[0],false
intervention_cost=0.05,152,[0],0,no_op:none:none,0,[0],false
intervention_cost=0.05,153,[0],0,no_op:none:none,0,[0],false
intervention_cost=0.05,155,[0],0,no_op:none:none,1,[0],false
intervention_cost=0.05,156,[0],0,no_op:none:none,0,[0],false
intervention_cost=0.05,157,"[1,10,19]",1,intervention:L16_CWE-120_B:Low,0.95,"[1,10,19]",false
intervention_cost=0.05,158,[0],0,no_op:none:none,0,[0],false
intervention_cost=0.05,159,[0],0,no_op:none:none,0,[0],false
intervention_cost=0.05,160,[0],0,no_op:none:none,0,[0],false
intervention_cost=0.05,162,"[7,10]",7,intervention:L19_CWE-120_B:Low,-0.05,"[7,10]",false
intervention_cost=0.05,165,"[7,10]",7,intervention:L19_CWE-120_B:Low,-0.05,"[7,10]",false
intervention_cost=0.05,166,"[1,10,19]",1,intervention:L16_CWE-120_B:Low,-0.05,"[1,10,19]",false
intervention_cost=0.05,168,[0],0,no_op:none:none,0,[0],false
intervention_cost=0.05,169,[0],0,no_op:none:none,0,[0],false
intervention_cost=0.05,170,"[1,10,19]",1,intervention:L16_CWE-120_B:Low,-0.05,"[1,10,19]",false
intervention_cost=0.05,171,[0],0,no_op:none:none,0,[0],false
intervention_cost=0.05,172,[0],0,no_op:none:none,0,[0],false
intervention_cost=0.05,173,[0],0,no_op:none:none,0,[0],false
intervention_cost=0.05,174,[0],0,no_op:none:none,0,[0],false
intervention_cost=0.05,176,"[1,10,19]",1,intervention:L16_CWE-120_B:Low,-0.05,"[1,10,19]",false
intervention_cost=0.05,177,[0],0,no_op:none:none,0,[0],false
intervention_cost=0.05,179,[0],0,no_op:none:none,0,[0],false
intervention_cost=0.05,180,[0],0,no_op:none:none,0,[0],false
intervention_cost=0.05,181,[0],0,no_op:none:none,0,[0],false
intervention_cost=0.05,182,[0],0,no_op:none:none,0,[0],false
intervention_cost=0.05,183,[0],0,no_op:none:none,0,[0],false
intervention_cost=0.05,184,[0],0,no_op:none:none,0,[0],false
intervention_cost=0.05,185,"[1,10,19]",1,intervention:L16_CWE-120_B:Low,0.95,"[1,10,19]",false
intervention_cost=0.05,187,[0],0,no_op:none:none,0,[0],false
intervention_cost=0.05,188,[0],0,no_op:none:none,0,[0],false
intervention_cost=0.05,190,[0],0,no_op:none:none,0,[0],false
intervention_cost=0.05,192,[0],0,no_op:none:none,0,[0],false
intervention_cost=0.05,194,[0],0,no_op:none:none,1.25,[0],false
intervention_cost=0.05,195,"[1,10,19]",1,intervention:L16_CWE-120_B:Low,0.95,"[1,10,19]",false
intervention_cost=0.05,196,[0],0,no_op:none:none,0,[0],false
intervention_cost=0.05,197,[0],0,no_op:none:none,0,[0],false
intervention_cost=0.05,199,[0],0,no_op:none:none,0,[0],false
intervention_cost=0.05,202,[0],0,no_op:none:none,0,[0],false
intervention_cost=0.05,203,[0],0,no_op:none:none,0,[0],false
intervention_cost=0.05,205,[0],0,no_op:none:none,0,[0],false
intervention_cost=0.05,207,[7],7,intervention:L19_CWE-120_B:Low,0.95,[7],false
intervention_cost=0.05,208,[0],0,no_op:none:none,0,[0],false
intervention_cost=0.05,211,[0],0,no_op:none:none,0,[0],false
intervention_cost=0.05,213,[0],0,no_op:none:none,1.25,[0],false
intervention_cost=0.05,214,[7],7,intervention:L19_CWE-120_B:Low,-0.05,[7],false
intervention_cost=0.05,215,[0],0,no_op:none:none,0,[0],false
intervention_cost=0.05,216,[0],0,no_op:none:none,0,[0],false
intervention_cost=0.05,218,[0],0,no_op:none:none,0,[0],false
intervention_cost=0.05,220,[7],7,intervention:L19_CWE-120_B:Low,-0.05,[7],false
intervention_cost=0.05,225,[0],0,no_op:none:none,0,[0],false
intervention_cost=0.05,226,[0],0,no_op:none:none,0,[0],false
intervention_cost=0.05,227,[0],0,no_op:none:none,0,[0],false
intervention_cost=0.05,230,[0],0,no_op:none:none,0,[0],false
intervention_cost=0.05,231,[0],0,no_op:none:none,0,[0],false
intervention_cost=0.05,232,[0],0,no_op:none:none,0,[0],false
intervention_cost=0.05,233,[0],0,no_op:none:none,0,[0],false
intervention_cost=0.05,235,[0],0,no_op:none:none,0,[0],false
intervention_cost=0.05,237,[0],0,no_op:none:none,0,[0],false
intervention_cost=0.05,238,[0],0,no_op:none:none,0,[0],false
intervention_cost=0.05,239,[0],0,no_op:none:none,0,[0],false
intervention_cost=0.05,240,[0],0,no_op:none:none,0,[0],false
intervention_cost=0.05,241,[0],0,no_op:none:none,0,[0],false
intervention_cost=0.05,242,[0],0,no_op:none:none,0,[0],false
intervention_cost=0.05,243,[0],0,no_op:none:none,0,[0],false
intervention_cost=0.05,244,[0],0,no_op:none:none,0,[0],false
intervention_cost=0.05,246,[0],0,no_op:none:none,0,[0],false
intervention_cost=0.05,248,[0],0,no_op:none:none,0,[0],false
intervention_cost=0.05,249,[0],0,no_op:none:none,0,[0],false
intervention_cost=0.05,250,[0],0,no_op:none:none,0,[0],false
intervention_cost=0.05,251,[0],0,no_op:none:none,0,[0],false
intervention_cost=0.05,252,[0],0,no_op:none:none,0,[0],false
intervention_cost=0.05,253,[0],0,no_op:none:none,0,[0],false
intervention_cost=0.05,254,[0],0,no_op:none:none,0,[0],false
intervention_cost=0.05,256,[0],0,no_op:none:none,0,[0],false
intervention_cost=0.05,258,[0],0,no_op:none:none,0,[0],false
intervention_cost=0.05,259,[0],0,no_op:none:none,0,[0],false
intervention_cost=0.05,260,[0],0,no_op:none:none,0,[0],false
intervention_cost=0.05,263,[0],0,no_op:none:none,0,[0],false
intervention_cost=0.05,264,[0],0,no_op:none:none,0,[0],false
intervention_cost=0.05,265,[0],0,no_op:none:none,0,[0],false
intervention_cost=0.05,266,[0],0,no_op:none:none,0,[0],false
intervention_cost=0.05,269,[0],0,no_op:none:none,0,[0],false
intervention_cost=0.05,272,[0],0,no_op:none:none,0,[0],false
intervention_cost=0.05,273,[0],0,no_op:none:none,0,[0],false
intervention_cost=0.05,274,[0],0,no_op:none:none,0,[0],false
intervention_cost=0.05,276,[0],0,no_op:none:none,0,[0],false
intervention_cost=0.05,277,[0],0,no_op:none:none,0,[0],false
intervention_cost=0.05,278,[0],0,no_op:none:none,0,[0],false
intervention_cost=0.05,279,[0],0,no_op:none:none,0,[0],false
intervention_cost=0.05,280,[0],0,no_op:none:none,0,[0],false
intervention_cost=0.05,281,[0],0,no_op:none:none,0,[0],false
intervention_cost=0.05,282,[0],0,no_op:none:none,0,[0],false
intervention_cost=0.05,284,[0],0,no_op:none:none,0,[0],false
intervention_cost=0.05,286,[0],0,no_op:none:none,0,[0],false
intervention_cost=0.05,288,[0],0,no_op:none:none,0,[0],false
intervention_cost=0.05,289,[0],0,no_op:none:none,0,[0],false
intervention_cost=0.05,290,[0],0,no_op:none:none,0,[0],false
intervention_cost=0.05,291,[0],0,no_op:none:none,0,[0],false
intervention_cost=0.05,293,[0],0,no_op:none:none,0,[0],false
intervention_cost=0.05,294,[0],0,no_op:none:none,0,[0],false
intervention_cost=0.05,295,[0],0,no_op:none:none,0,[0],false
intervention_cost=0.05,296,[0],0,no_op:none:none,0,[0],false
intervention_cost=0.05,297,[0],0,no_op:none:none,0,[0],false
intervention_cost=0.05,298,[0],0,no_op:none:none,0,[0],false
intervention_cost=0.05,299,[0],0,no_op:none:none,0,[0],false
intervention_cost=0.05,300,[0],0,no_op:none:none,0,[0],false
intervention_cost=0.05,301,[0],0,no_op:none:none,0,[0],false
intervention_cost=0.05,302,[0],0,no_op:none:none,0,[0],false
intervention_cost=0.05,304,[0],0,no_op:none:none,0,[0],false
intervention_cost=0.05,306,[0],0,no_op:none:none,0,[0],false
intervention_cost=0.05,307,[0],0,no_op:none:none,0,[0],false
intervention_cost=0.05,308,[0],0,no_op:none:none,0,[0],false
intervention_cost=0.05,309,[0],0,no_op:none:none,0,[0],false
intervention_cost=0.05,310,[0],0,no_op:none:none,0,[0],false
intervention_cost=0.05,311,[0],0,no_op:none:none,0,[0],false
intervention_cost=0.05,312,[0],0,no_op:none:none,0,[0],false
intervention_cost=0.05,314,[0],0,no_op:none:none,0,[0],false
intervention_cost=0.05,315,[0],0,no_op:none:none,0,[0],false
intervention_cost=0.05,319,[0],0,no_op:none:none,0,[0],false
intervention_cost=0.05,320,[0],0,no_op:none:none,0,[0],false
intervention_cost=0.05,321,[0],0,no_op:none:none,0,[0],false
intervention_cost=0.05,324,[0],0,no_op:none:none,0,[0],false
intervention_cost=0.05,325,[0],0,no_op:none:none,0,[0],false
intervention_cost=0.05,328,[0],0,no_op:none:none,0,[0],false
intervention_cost=0.05,329,[0],0,no_op:none:none,0,[0],false
intervention_cost=0.05,331,[0],0,no_op:none:none,0,[0],false
intervention_cost=0.05,335,[0],0,no_op:none:none,0,[0],false
intervention_cost=0.05,336,[0],0,no_op:none:none,0,[0],false
intervention_cost=0.05,339,[0],0,no_op:none:none,0,[0],false
intervention_cost=0.05,341,[0],0,no_op:none:none,0,[0],false
intervention_cost=0.05,342,[0],0,no_op:none:none,0,[0],false
intervention_cost=0.05,343,[0],0,no_op:none:none,0,[0],false
intervention_cost=0.05,344,[0],0,no_op:none:none,0,[0],false
intervention_cost=0.05,345,[0],0,no_op:none:none,0,[0],false
intervention_cost=0.05,346,[0],0,no_op:none:none,0,[0],false
intervention_cost=0.05,347,[0],0,no_op:none:none,0,[0],false
intervention_cost=0.05,348,[0],0,no_op:none:none,0,[0],false
intervention_cost=0.05,349,[0],0,no_op:none:none,0,[0],false
intervention_cost=0.05,351,[0],0,no_op:none:none,0,[0],false
intervention_cost=0.05,352,[0],0,no_op:none:none,0,[0],false
intervention_cost=0.05,353,[0],0,no_op:none:none,0,[0],false
intervention_cost=0.05,354,[0],0,no_op:none:none,0,[0],false
intervention_cost=0.05,355,[0],0,no_op:none:none,0,[0],false
intervention_cost=0.05,356,[0],0,no_op:none:none,0,[0],false
intervention_cost=0.05,357,[0],0,no_op:none:none,0,[0],false
intervention_cost=0.05,358,[0],0,no_op:none:none,0,[0],false
intervention_cost=0.05,359,[0],0,no_op:none:none,0,[0],false
intervention_cost=0.05,360,[0],0,no_op:none:none,0,[0],false
intervention_cost=0.05,361,[0],0,no_op:none:none,0,[0],false
intervention_cost=0.05,363,[0],0,no_op:none:none,0,[0],false
intervention_cost=0.05,364,[0],0,no_op:none:none,0,[0],false
intervention_cost=0.05,366,[0],0,no_op:none:none,0,[0],false
intervention_cost=0.05,368,[0],0,no_op:none:none,0,[0],false
intervention_cost=0.05,369,[0],0,no_op:none:none,0,[0],false
intervention_cost=0.05,370,[0],0,no_op:none:none,0,[0],false
intervention_cost=0.05,371,[0],0,no_op:none:none,0,[0],false
intervention_cost=0.05,372,[0],0,no_op:none:none,0,[0],false
intervention_cost=0.05,373,[0],0,no_op:none:none,0,[0],false
intervention_cost=0.05,374,[0],0,no_op:none:none,0,[0],false
intervention_cost=0.05,376,[0],0,no_op:none:none,0,[0],false
intervention_cost=0.05,377,[0],0,no_op:none:none,0,[0],false
intervention_cost=0.05,378,[0],0,no_op:none:none,0,[0],false
intervention_cost=0.05,379,[0],0,no_op:none:none,0,[0],false
intervention_cost=0.05,381,[0],0,no_op:none:none,0,[0],false
intervention_cost=0.05,382,[0],0,no_op:none:none,0,[0],false
intervention_cost=0.05,383,[0],0,no_op:none:none,0,[0],false
intervention_cost=0.05,384,[0],0,no_op:none:none,0,[0],false
intervention_cost=0.05,385,[0],0,no_op:none:none,0,[0],false
intervention_cost=0.05,386,[0],0,no_op:none:none,0,[0],false
intervention_cost=0.05,387,[0],0,no_op:none:none,0,[0],false
intervention_cost=0.05,390,[0],0,no_op:none:none,0,[0],false
intervention_cost=0.05,391,[0],0,no_op:none:none,0,[0],false
intervention_cost=0.05,394,[0],0,no_op:none:none,0,[0],false
intervention_cost=0.05,396,[0],0,no_op:none:none,0,[0],false
intervention_cost=0.05,397,[0],0,no_op:none:none,0,[0],false
intervention_cost=0.05,398,[0],0,no_op:none:none,0,[0],false
intervention_cost=0.05,399,[0],0,no_op:none:none,0,[0],false
intervention_cost=0.05,400,[0],0,no_op:none:none,0,[0],false
intervention_cost=0.05,401,[0],0,no_op:none:none,0,[0],false
intervention_cost=0.05,402,[0],0,no_op:none:none,0,[0],false
intervention_cost=0.05,403,[0],0,no_op:none:none,0,[0],false
intervention_cost=0.05,404,[0],0,no_op:none:none,0,[0],false
intervention_cost=0.05,405,[0],0,no_op:none:none,0,[0],false
intervention_cost=0.05,406,[0],0,no_op:none:none,0,[0],false
intervention_cost=0.05,409,[0],0,no_op:none:none,0,[0],false
intervention_cost=0.05,410,[0],0,no_op:none:none,0,[0],false
intervention_cost=0.05,412,[0],0,no_op:none:none,0,[0],false
intervention_cost=0.05,413,[0],0,no_op:none:none,0,[0],false
intervention_cost=0.05,414,[0],0,no_op:none:none,0,[0],false
intervention_cost=0.05,415,[0],0,no_op:none:none,0,[0],false
intervention_cost=0.05,417,[0],0,no_op:none:none,0,[0],false
intervention_cost=0.05,419,[0],0,no_op:none:none,0,[0],false
intervention_cost=0.05,420,[0],0,no_op:none:none,0,[0],false
intervention_cost=0.05,421,[0],0,no_op:none:none,0,[0],false
intervention_cost=0.05,422,[0],0,no_op:none:none,0,[0],false
intervention_cost=0.05,423,[0],0,no_op:none:none,1,[0],false
intervention_cost=0.05,424,[0],0,no_op:none:none,0,[0],false
intervention_cost=0.05,425,[0],0,no_op:none:none,0,[0],false
intervention_cost=0.05,426,[0],0,no_op:none:none,0,[0],false
intervention_cost=0.05,427,[0],0,no_op:none:none,0,[0],false
intervention_cost=0.05,428,[0],0,no_op:none:none,0,[0],false
intervention_cost=0.05,434,[0],0,no_op:none:none,0,[0],false
intervention_cost=0.05,439,[0],0,no_op:none:none,0,[0],false
intervention_cost=0.05,441,[0],0,no_op:none:none,0,[0],false
intervention_cost=0.05,442,[0],0,no_op:none:none,0,[0],false
intervention_cost=0.05,443,[0],0,no_op:none:none,0,[0],false
intervention_cost=0.05,444,[0],0,no_op:none:none,0,[0],false
intervention_cost=0.05,446,[0],0,no_op:none:none,0,[0],false
intervention_cost=0.05,448,[0],0,no_op:none:none,0,[0],false
intervention_cost=0.05,450,[0],0,no_op:none:none,0,[0],false
intervention_cost=0.05,452,[0],0,no_op:none:none,0,[0],false
intervention_cost=0.05,453,[0],0,no_op:none:none,0,[0],false
intervention_cost=0.05,454,[0],0,no_op:none:none,0,[0],false
intervention_cost=0.05,458,[0],0,no_op:none:none,0,[0],false
intervention_cost=0.05,459,[0],0,no_op:none:none,0,[0],false
intervention_cost=0.05,461,[0],0,no_op:none:none,0,[0],false
intervention_cost=0.05,462,[0],0,no_op:none:none,0,[0],false
intervention_cost=0.05,463,[0],0,no_op:none:none,0,[0],false
intervention_cost=0.05,464,[0],0,no_op:none:none,0,[0],false
intervention_cost=0.05,465,[0],0,no_op:none:none,0,[0],false
intervention_cost=0.05,467,[0],0,no_op:none:none,0,[0],false
intervention_cost=0.05,470,[0],0,no_op:none:none,0,[0],false
intervention_cost=0.05,472,[0],0,no_op:none:none,0,[0],false
intervention_cost=0.05,473,[0],0,no_op:none:none,0,[0],false
intervention_cost=0.05,474,[0],0,no_op:none:none,0,[0],false
intervention_cost=0.05,475,[0],0,no_op:none:none,0,[0],false
intervention_cost=0.05,477,[0],0,no_op:none:none,0,[0],false
intervention_cost=0.05,478,[0],0,no_op:none:none,0,[0],false
intervention_cost=0.05,479,[0],0,no_op:none:none,0,[0],false
intervention_cost=0.05,480,[0],0,no_op:none:none,0,[0],false
intervention_cost=0.05,482,[0],0,no_op:none:none,0,[0],false
intervention_cost=0.05,483,[0],0,no_op:none:none,0,[0],false
intervention_cost=0.05,485,[0],0,no_op:none:none,0,[0],false
intervention_cost=0.05,486,[0],0,no_op:none:none,0,[0],false
intervention_cost=0.05,489,[0],0,no_op:none:none,0,[0],false
intervention_cost=0.05,491,[0],0,no_op:none:none,0,[0],false
intervention_cost=0.05,492,[0],0,no_op:none:none,0,[0],false
intervention_cost=0.05,494,[0],0,no_op:none:none,0,[0],false
intervention_cost=0.05,495,[0],0,no_op:none:none,0,[0],false
intervention_cost=0.05,496,[0],0,no_op:none:none,0,[0],false
intervention_cost=0.05,498,[0],0,no_op:none:none,0,[0],false
intervention_cost=0.05,499,[0],0,no_op:none:none,0,[0],false
intervention_cost=0.05,502,[0],0,no_op:none:none,0,[0],false
intervention_cost=0.05,503,[0],0,no_op:none:none,0,[0],false
intervention_cost=0.05,506,[0],0,no_op:none:none,0,[0],false
intervention_cost=0.05,510,[0],0,no_op:none:none,0,[0],false
intervention_cost=0.05,512,[0],0,no_op:none:none,0,[0],false
intervention_cost=0.05,513,[0],0,no_op:none:none,0,[0],false
intervention_cost=0.05,515,[0],0,no_op:none:none,0,[0],false
intervention_cost=0.05,516,[0],0,no_op:none:none,0,[0],false
intervention_cost=0.05,517,[0],0,no_op:none:none,0,[0],false
intervention_cost=0.05,518,[0],0,no_op:none:none,0,[0],false
intervention_cost=0.05,519,[0],0,no_op:none:none,0,[0],false
intervention_cost=0.05,520,[0],0,no_op:none:none,0,[0],false
intervention_cost=0.05,522,[0],0,no_op:none:none,0,[0],false
intervention_cost=0.05,523,[0],0,no_op:none:none,0,[0],false
intervention_cost=0.05,524,[0],0,no_op:none:none,0,[0],false
intervention_cost=0.05,525,[0],0,no_op:none:none,0,[0],false
intervention_cost=0.05,526,[0],0,no_op:none:none,0,[0],false
intervention_cost=0.05,527,[0],0,no_op:none:none,0,[0],false
intervention_cost=0.05,528,[0],0,no_op:none:none,0,[0],false
intervention_cost=0.05,529,[0],0,no_op:none:none,0,[0],false
intervention_cost=0.05,530,[0],0,no_op:none:none,0,[0],false
intervention_cost=0.05,531,[0],0,no_op:none:none,0,[0],false
intervention_cost=0.05,532,[0],0,no_op:none:none,0,[0],false
intervention_cost=0.05,533,[0],0,no_op:none:none,0,[0],false
intervention_cost=0.05,535,[0],0,no_op:none:none,0,[0],false
intervention_cost=0.05,537,[0],0,no_op:none:none,0,[0],false
intervention_cost=0.05,544,[0],0,no_op:none:none,0,[0],false
intervention_cost=0.05,545,[0],0,no_op:none:none,0,[0],false
intervention_cost=0.05,547,[0],0,no_op:none:none,0,[0],false
intervention_cost=0.05,549,[0],0,no_op:none:none,0,[0],false
intervention_cost=0.05,550,[0],0,no_op:none:none,0,[0],false
intervention_cost=0.05,551,[0],0,no_op:none:none,0,[0],false
intervention_cost=0.05,553,[0],0,no_op:none:none,0,[0],false
intervention_cost=0.05,554,[0],0,no_op:none:none,0,[0],false
intervention_cost=0.05,555,[0],0,no_op:none:none,0,[0],false
intervention_cost=0.05,556,[0],0,no_op:none:none,0,[0],false
intervention_cost=0.05,558,[0],0,no_op:none:none,0,[0],false
intervention_cost=0.05,559,[0],0,no_op:none:none,0,[0],false
intervention_cost=0.05,560,[0],0,no_op:none:none,0,[0],false
intervention_cost=0.05,561,[0],0,no_op:none:none,0,[0],false
intervention_cost=0.05,562,[0],0,no_op:none:none,0,[0],false
intervention_cost=0.05,564,[0],0,no_op:none:none,0,[0],false
intervention_cost=0.05,565,[0],0,no_op:none:none,0,[0],false
intervention_cost=0.05,567,[0],0,no_op:none:none,0,[0],false
intervention_cost=0.05,568,[0],0,no_op:none:none,0,[0],false
intervention_cost=0.05,572,[0],0,no_op:none:none,0,[0],false
intervention_cost=0.05,573,[0],0,no_op:none:none,0,[0],false
intervention_cost=0.05,574,[0],0,no_op:none:none,0,[0],false
intervention_cost=0.05,575,[0],0,no_op:none:none,0,[0],false
intervention_cost=0.05,576,[0],0,no_op:none:none,0,[0],false
intervention_cost=0.05,578,[0],0,no_op:none:none,0,[0],false
intervention_cost=0.05,579,[0],0,no_op:none:none,0,[0],false
intervention_cost=0.05,580,[0],0,no_op:none:none,0,[0],false
intervention_cost=0.05,581,[0],0,no_op:none:none,0,[0],false
intervention_cost=0.05,582,[0],0,no_op:none:none,0,[0],false
intervention_cost=0.05,585,[0],0,no_op:none:none,0,[0],false
intervention_cost=0.05,586,[0],0,no_op:none:none,0,[0],false
intervention_cost=0.05,587,[0],0,no_op:none:none,0,[0],false
intervention_cost=0.05,588,[0],0,no_op:none:none,0,[0],false
intervention_cost=0.05,589,[0],0,no_op:none:none,0,[0],false
intervention_cost=0.05,590,[0],0,no_op:none:none,0,[0],false
intervention_cost=0.05,591,[0],0,no_op:none:none,0,[0],false
intervention_cost=0.05,593,[0],0,no_op:none:none,0,[0],false
intervention_cost=0.05,594,[0],0,no_op:none:none,0,[0],false
intervention_cost=0.05,595,[0],0,no_op:none:none,0,[0],false
intervention_cost=0.05,596,[0],0,no_op:none:none,0,[0],false
intervention_cost=0.05,597,[0],0,no_op:none:none,0,[0],false
intervention_cost=0.05,598,[0],0,no_op:none:none,0,[0],false
intervention_cost=0.05,599,[0],0,no_op:none:none,0,[0],false
intervention_cost=0.05,602,[0],0,no_op:none:none,0,[0],false
intervention_cost=0.05,603,[0],0,no_op:none:none,0,[0],false
intervention_cost=0.05,604,[0],0,no_op:none:none,0,[0],false
intervention_cost=0.05,605,[0],0,no_op:none:none,0,[0],false
intervention_cost=0.05,606,[0],0,no_op:none:none,0,[0],false
intervention_cost=0.05,608,[0],0,no_op:none:none,0,[0],false
intervention_cost=0.05,609,[0],0,no_op:none:none,0,[0],false
intervention_cost=0.05,610,[0],0,no_op:none:none,0,[0],false
intervention_cost=0.05,612,[0],0,no_op:none:none,0,[0],false
intervention_cost=0.05,615,[0],0,no_op:none:none,0,[0],false
intervention_cost=0.05,616,[0],0,no_op:none:none,0,[0],false
intervention_cost=0.05,617,[0],0,no_op:none:none,0,[0],false
intervention_cost=0.05,618,[0],0,no_op:none:none,0,[0],false
intervention_cost=0.05,620,[0],0,no_op:none:none,0,[0],false
intervention_cost=0.05,621,[0],0,no_op:none:none,0,[0],false
intervention_cost=0.05,622,[0],0,no_op:none:none,0,[0],false
intervention_cost=0.05,623,[0],0,no_op:none:none,0,[0],false
intervention_cost=0.05,624,[0],0,no_op:none:none,0,[0],false
intervention_cost=0.05,626,[0],0,no_op:none:none,0,[0],false
intervention_cost=0.05,627,[0],0,no_op:none:none,0,[0],false
intervention_cost=0.05,628,[0],0,no_op:none:none,0,[0],false
intervention_cost=0.05,630,[0],0,no_op:none:none,0,[0],false
intervention_cost=0.05,632,[0],0,no_op:none:none,0,[0],false
intervention_cost=0.05,633,[0],0,no_op:none:none,0,[0],false
intervention_cost=0.05,634,[0],0,no_op:none:none,0,[0],false
intervention_cost=0.05,635,[0],0,no_op:none:none,0,[0],false
intervention_cost=0.05,636,[0],0,no_op:none:none,0,[0],false
intervention_cost=0.05,637,[0],0,no_op:none:none,0,[0],false
intervention_cost=0.05,639,[0],0,no_op:none:none,0,[0],false
intervention_cost=0.05,640,[0],0,no_op:none:none,0,[0],false
intervention_cost=0.05,641,[0],0,no_op:none:none,0,[0],false
intervention_cost=0.05,645,[0],0,no_op:none:none,0,[0],false
intervention_cost=0.05,648,[0],0,no_op:none:none,0,[0],false
intervention_cost=0.05,649,[0],0,no_op:none:none,0,[0],false
intervention_cost=0.05,650,[0],0,no_op:none:none,0,[0],false
intervention_cost=0.05,651,[0],0,no_op:none:none,0,[0],false
intervention_cost=0.05,652,[0],0,no_op:none:none,0,[0],false
intervention_cost=0.05,653,[0],0,no_op:none:none,0,[0],false
intervention_cost=0.05,654,[0],0,no_op:none:none,0,[0],false
intervention_cost=0.05,655,[0],0,no_op:none:none,0,[0],false
intervention_cost=0.05,656,[0],0,no_op:none:none,0,[0],false
intervention_cost=0.05,657,[0],0,no_op:none:none,0,[0],false
intervention_cost=0.05,658,[0],0,no_op:none:none,0,[0],false
intervention_cost=0.05,659,[0],0,no_op:none:none,0,[0],false
intervention_cost=0.05,660,[0],0,no_op:none:none,0,[0],false
intervention_cost=0.05,661,[0],0,no_op:none:none,0,[0],false
intervention_cost=0.05,662,[0],0,no_op:none:none,0,[0],false
intervention_cost=0.05,665,[0],0,no_op:none:none,0,[0],false
intervention_cost=0.05,666,[0],0,no_op:none:none,0,[0],false
intervention_cost=0.05,667,[0],0,no_op:none:none,0,[0],false
intervention_cost=0.05,668,[0],0,no_op:none:none,0,[0],false
intervention_cost=0.05,669,[0],0,no_op:none:none,0,[0],false
intervention_cost=0.05,670,[0],0,no_op:none:none,0,[0],false
intervention_cost=0.05,671,[0],0,no_op:none:none,0,[0],false
intervention_cost=0.05,673,[0],0,no_op:none:none,0,[0],false
intervention_cost=0.05,674,[0],0,no_op:none:none,0,[0],false
intervention_cost=0.05,675,[0],0,no_op:none:none,0,[0],false
intervention_cost=0.05,677,[0],0,no_op:none:none,0,[0],false
intervention_cost=0.05,679,[0],0,no_op:none:none,0,[0],false
intervention_cost=0.05,681,[0],0,no_op:none:none,0,[0],false
intervention_cost=0.05,682,[0],0,no_op:none:none,0,[0],false
intervention_cost=0.05,684,[0],0,no_op:none:none,0,[0],false
intervention_cost=0.05,685,[0],0,no_op:none:none,0,[0],false
intervention_cost=0.05,686,[0],0,no_op:none:none,0,[0],false
intervention_cost=0.05,687,[0],0,no_op:none:none,0,[0],false
intervention_cost=0.05,688,[0],0,no_op:none:none,0,[0],false
intervention_cost=0.05,690,[0],0,no_op:none:none,0,[0],false
intervention_cost=0.05,691,[0],0,no_op:none:none,0,[0],false
intervention_cost=0.05,693,[0],0,no_op:none:none,0,[0],false
intervention_cost=0.05,695,[0],0,no_op:none:none,0,[0],false
intervention_cost=0.05,697,[0],0,no_op:none:none,0,[0],false
intervention_cost=0.05,698,[0],0,no_op:none:none,0,[0],false
intervention_cost=0.05,699,[0],0,no_op:none:none,0,[0],false
intervention_cost=0.05,700,[0],0,no_op:none:none,0,[0],false
intervention_cost=0.05,701,[0],0,no_op:none:none,0,[0],false
intervention_cost=0.05,703,[0],0,no_op:none:none,0,[0],false
intervention_cost=0.05,705,[0],0,no_op:none:none,0,[0],false
intervention_cost=0.05,706,[0],0,no_op:none:none,0,[0],false
intervention_cost=0.05,708,[0],0,no_op:none:none,0,[0],false
intervention_cost=0.05,709,[0],0,no_op:none:none,0,[0],false
intervention_cost=0.05,710,[0],0,no_op:none:none,0,[0],false
intervention_cost=0.05,711,[0],0,no_op:none:none,0,[0],false
intervention_cost=0.05,712,[0],0,no_op:none:none,0,[0],false
intervention_cost=0.05,713,[0],0,no_op:none:none,0,[0],false
intervention_cost=0.05,715,[0],0,no_op:none:none,0,[0],false
intervention_cost=0.05,717,[0],0,no_op:none:none,0,[0],false
intervention_cost=0.05,718,[0],0,no_op:none:none,0,[0],false
intervention_cost=0.05,720,[0],0,no_op:none:none,0,[0],false
intervention_cost=0.05,721,[0],0,no_op:none:none,0,[0],false
intervention_cost=0.05,722,[0],0,no_op:none:none,0,[0],false
intervention_cost=0.05,723,[0],0,no_op:none:none,0,[0],false
intervention_cost=0.05,726,[0],0,no_op:none:none,0,[0],false
intervention_cost=0.05,728,[0],0,no_op:none:none,0,[0],false
intervention_cost=0.05,729,[0],0,no_op:none:none,0,[0],false
intervention_cost=0.05,730,[0],0,no_op:none:none,0,[0],false
intervention_cost=0.05,731,[0],0,no_op:none:none,0,[0],false
intervention_cost=0.05,733,[0],0,no_op:none:none,0,[0],false
intervention_cost=0.05,734,[0],0,no_op:none:none,0,[0],false
intervention_cost=0.05,736,[0],0,no_op:none:none,0,[0],false
intervention_cost=0.05,737,[0],0,no_op:none:none,0,[0],false
intervention_cost=0.05,738,[0],0,no_op:none:none,0,[0],false
intervention_cost=0.05,739,[0],0,no_op:none:none,0,[0],false
intervention_cost=0.05,742,[0],0,no_op:none:none,0,[0],false
intervention_cost=0.05,744,[0],0,no_op:none:none,0,[0],false
intervention_cost=0.05,745,[0],0,no_op:none:none,0,[0],false
intervention_cost=0.05,748,[0],0,no_op:none:none,0,[0],false
intervention_cost=0.05,749,[0],0,no_op:none:none,0,[0],false
intervention_cost=0.05,750,[0],0,no_op:none:none,0,[0],false
intervention_cost=0.05,751,[0],0,no_op:none:none,0,[0],false
intervention_cost=0.05,752,[0],0,no_op:none:none,0,[0],false
intervention_cost=0.05,753,[0],0,no_op:none:none,0,[0],false
intervention_cost=0.05,754,[0],0,no_op:none:none,0,[0],false
intervention_cost=0.05,755,[0],0,no_op:none:none,0,[0],false
intervention_cost=0.05,757,[0],0,no_op:none:none,0,[0],false
intervention_cost=0.05,759,[0],0,no_op:none:none,0,[0],false
intervention_cost=0.05,760,[0],0,no_op:none:none,0,[0],false
intervention_cost=0.05,761,[0],0,no_op:none:none,0,[0],false
intervention_cost=0.05,762,[0],0,no_op:none:none,0,[0],false
intervention_cost=0.05,763,[0],0,no_op:none:none,0,[0],false
intervention_cost=0.05,766,[0],0,no_op:none:none,0,[0],false
intervention_cost=0.05,767,[0],0,no_op:none:none,0,[0],false
intervention_cost=0.05,768,[0],0,no_op:none:none,0,[0],false
intervention_cost=0.05,769,[0],0,no_op:none:none,0,[0],false
intervention_cost=0.05,770,[0],0,no_op:none:none,0,[0],false
intervention_cost=0.05,771,[0],0,no_op:none:none,0,[0],false
intervention_cost=0.05,772,[0],0,no_op:none:none,0,[0],false
intervention_cost=0.05,773,[0],0,no_op:none:none,0,[0],false
intervention_cost=0.05,774,[0],0,no_op:none:none,0,[0],false
intervention_cost=0.05,779,[0],0,no_op:none:none,0,[0],false
intervention_cost=0.05,780,[0],0,no_op:none:none,0,[0],false
intervention_cost=0.05,782,[0],0,no_op:none:none,0,[0],false
intervention_cost=0.05,784,[0],0,no_op:none:none,0,[0],false
intervention_cost=0.05,785,[0],0,no_op:none:none,0,[0],false
intervention_cost=0.05,786,[0],0,no_op:none:none,0,[0],false
intervention_cost=0.05,787,[0],0,no_op:none:none,0,[0],false
intervention_cost=0.05,789,[0],0,no_op:none:none,0,[0],false
intervention_cost=0.05,790,[0],0,no_op:none:none,0,[0],false
intervention_cost=0.05,791,[0],0,no_op:none:none,0,[0],false
intervention_cost=0.05,792,[0],0,no_op:none:none,0,[0],false
intervention_cost=0.05,793,[0],0,no_op:none:none,0,[0],false
intervention_cost=0.05,794,[0],0,no_op:none:none,0,[0],false
intervention_cost=0.05,795,[0],0,no_op:none:none,0,[0],false
intervention_cost=0.05,796,[0],0,no_op:none:none,0,[0],false
intervention_cost=0.05,797,[0],0,no_op:none:none,0,[0],false
intervention_cost=0.05,798,[0],0,no_op:none:none,0,[0],false
intervention_cost=0.05,800,[0],0,no_op:none:none,0,[0],false
intervention_cost=0.05,801,[0],0,no_op:none:none,0,[0],false
intervention_cost=0.05,802,[0],0,no_op:none:none,0,[0],false
intervention_cost=0.05,803,[0],0,no_op:none:none,0,[0],false
intervention_cost=0.05,804,[0],0,no_op:none:none,0,[0],false
intervention_cost=0.05,805,[0],0,no_op:none:none,0,[0],false
intervention_cost=0.05,806,[0],0,no_op:none:none,0,[0],false
intervention_cost=0.05,807,[0],0,no_op:none:none,0,[0],false
intervention_cost=0.05,808,[0],0,no_op:none:none,0,[0],false
intervention_cost=0.05,809,[0],0,no_op:none:none,0,[0],false
intervention_cost=0.05,811,[0],0,no_op:none:none,0,[0],false
intervention_cost=0.05,812,[0],0,no_op:none:none,0,[0],false
intervention_cost=0.05,813,[0],0,no_op:none:none,0,[0],false
intervention_cost=0.05,814,[0],0,no_op:none:none,0,[0],false
intervention_cost=0.05,815,[0],0,no_op:none:none,0,[0],false
intervention_cost=0.05,819,[0],0,no_op:none:none,0,[0],false
intervention_cost=0.05,820,[0],0,no_op:none:none,0,[0],false
intervention_cost=0.05,822,[0],0,no_op:none:none,0,[0],false
intervention_cost=0.05,823,[0],0,no_op:none:none,0,[0],false
intervention_cost=0.05,825,[0],0,no_op:none:none,0,[0],false
intervention_cost=0.05,827,[0],0,no_op:none:none,0,[0],false
intervention_cost=0.05,828,[0],0,no_op:none:none,0,[0],false
intervention_cost=0.05,829,[0],0,no_op:none:none,0,[0],false
intervention_cost=0.05,830,[0],0,no_op:none:none,0,[0],false
intervention_cost=0.05,831,[0],0,no_op:none:none,0,[0],false
intervention_cost=0.05,834,[0],0,no_op:none:none,0,[0],false
intervention_cost=0.05,835,[0],0,no_op:none:none,0,[0],false
intervention_cost=0.05,836,[0],0,no_op:none:none,0,[0],false
intervention_cost=0.05,837,[0],0,no_op:none:none,0,[0],false
intervention_cost=0.05,838,[0],0,no_op:none:none,0,[0],false
intervention_cost=0.05,839,[0],0,no_op:none:none,0,[0],false
intervention_cost=0.05,840,[0],0,no_op:none:none,0,[0],false
intervention_cost=0.05,842,[0],0,no_op:none:none,0,[0],false
intervention_cost=0.05,845,[0],0,no_op:none:none,0,[0],false
intervention_cost=0.05,846,[0],0,no_op:none:none,0,[0],false
intervention_cost=0.05,847,[0],0,no_op:none:none,0,[0],false
intervention_cost=0.05,848,[0],0,no_op:none:none,0,[0],false
intervention_cost=0.05,849,[0],0,no_op:none:none,0,[0],false
intervention_cost=0.05,850,[0],0,no_op:none:none,0,[0],false
intervention_cost=0.05,851,[0],0,no_op:none:none,0,[0],false
intervention_cost=0.05,852,[0],0,no_op:none:none,0,[0],false
intervention_cost=0.05,853,[0],0,no_op:none:none,0,[0],false
intervention_cost=0.05,854,[0],0,no_op:none:none,0,[0],false
intervention_cost=0.05,855,[0],0,no_op:none:none,0,[0],false
intervention_cost=0.05,856,[0],0,no_op:none:none,0,[0],false
intervention_cost=0.05,857,[0],0,no_op:none:none,0,[0],false
intervention_cost=0.05,860,[0],0,no_op:none:none,0,[0],false
intervention_cost=0.05,861,[0],0,no_op:none:none,0,[0],false
intervention_cost=0.05,862,[0],0,no_op:none:none,0,[0],false
intervention_cost=0.05,863,[0],0,no_op:none:none,0,[0],false
intervention_cost=0.05,868,[0],0,no_op:none:none,0,[0],false
intervention_cost=0.05,869,[0],0,no_op:none:none,0,[0],false
intervention_cost=0.05,870,[0],0,no_op:none:none,0,[0],false
intervention_cost=0.05,871,[0],0,no_op:none:none,0,[0],false
intervention_cost=0.05,872,[0],0,no_op:none:none,0,[0],false
intervention_cost=0.05,873,[0],0,no_op:none:none,0,[0],false
intervention_cost=0.05,874,[0],0,no_op:none:none,0,[0],false
intervention_cost=0.05,876,[0],0,no_op:none:none,0,[0],false
intervention_cost=0.05,878,[0],0,no_op:none:none,0,[0],false
intervention_cost=0.05,879,[0],0,no_op:none:none,0,[0],false
intervention_cost=0.05,881,[0],0,no_op:none:none,0,[0],false
intervention_cost=0.05,883,[0],0,no_op:none:none,0,[0],false
intervention_cost=0.05,884,[0],0,no_op:none:none,0,[0],false
intervention_cost=0.05,885,[0],0,no_op:none:none,0,[0],false
intervention_cost=0.05,886,[0],0,no_op:none:none,0,[0],false
intervention_cost=0.05,887,[0],0,no_op:none:none,0,[0],false
intervention_cost=0.05,888,[0],0,no_op:none:none,0,[0],false
intervention_cost=0.05,891,[0],0,no_op:none:none,0,[0],false
intervention_cost=0.05,892,[0],0,no_op:none:none,0,[0],false
intervention_cost=0.05,894,[0],0,no_op:none:none,0,[0],false
intervention_cost=0.05,895,[0],0,no_op:none:none,0,[0],false
intervention_cost=0.05,896,[0],0,no_op:none:none,0,[0],false
intervention_cost=0.05,898,[0],0,no_op:none:none,0,[0],false
intervention_cost=0.05,899,[0],0,no_op:none:none,0,[0],false
intervention_cost=0.05,900,[0],0,no_op:none:none,0,[0],false
intervention_cost=0.05,901,[0],0,no_op:none:none,0,[0],false
intervention_cost=0.05,902,[0],0,no_op:none:none,0,[0],false
intervention_cost=0.05,903,[0],0,no_op:none:none,0,[0],false
intervention_cost=0.05,905,[0],0,no_op:none:none,0,[0],false
intervention_cost=0.05,906,[0],0,no_op:none:none,0,[0],false
intervention_cost=0.05,908,[0],0,no_op:none:none,0,[0],false
intervention_cost=0.05,909,[0],0,no_op:none:none,0,[0],false
intervention_cost=0.05,910,[0],0,no_op:none:none,0,[0],false
intervention_cost=0.05,911,[0],0,no_op:none:none,0,[0],false
intervention_cost=0.05,912,[0],0,no_op:none:none,0,[0],false
intervention_cost=0.05,913,[0],0,no_op:none:none,0,[0],false
intervention_cost=0.05,914,[0],0,no_op:none:none,0,[0],false
intervention_cost=0.05,915,[0],0,no_op:none:none,0,[0],false
intervention_cost=0.05,916,[0],0,no_op:none:none,0,[0],false
intervention_cost=0.05,917,[0],0,no_op:none:none,0,[0],false
intervention_cost=0.05,920,[0],0,no_op:none:none,0,[0],false
intervention_cost=0.05,921,[0],0,no_op:none:none,0,[0],false
intervention_cost=0.05,922,[0],0,no_op:none:none,0,[0],false
intervention_cost=0.05,923,[0],0,no_op:none:none,0,[0],false
intervention_cost=0.05,925,[0],0,no_op:none:none,0,[0],false
intervention_cost=0.05,926,[0],0,no_op:none:none,0,[0],false
intervention_cost=0.05,927,[0],0,no_op:none:none,0,[0],false
intervention_cost=0.05,930,[0],0,no_op:none:none,0,[0],false
intervention_cost=0.05,932,[0],0,no_op:none:none,0,[0],false
intervention_cost=0.05,933,[0],0,no_op:none:none,0,[0],false
intervention_cost=0.05,934,[0],0,no_op:none:none,0,[0],false
intervention_cost=0.05,935,[0],0,no_op:none:none,0,[0],false
intervention_cost=0.05,937,[0],0,no_op:none:none,0,[0],false
intervention_cost=0.05,941,[0],0,no_op:none:none,0,[0],false
intervention_cost=0.05,943,[0],0,no_op:none:none,0,[0],false
intervention_cost=0.05,944,[0],0,no_op:none:none,0,[0],false
intervention_cost=0.05,945,[0],0,no_op:none:none,0,[0],false
intervention_cost=0.05,948,[0],0,no_op:none:none,0,[0],false
intervention_cost=0.05,949,[0],0,no_op:none:none,0,[0],false
intervention_cost=0.05,950,[0],0,no_op:none:none,0,[0],false
intervention_cost=0.05,951,[0],0,no_op:none:none,0,[0],false
intervention_cost=0.05,952,[0],0,no_op:none:none,0,[0],false
intervention_cost=0.05,953,[0],0,no_op:none:none,0,[0],false
intervention_cost=0.05,954,[0],0,no_op:none:none,0,[0],false
intervention_cost=0.05,955,[0],0,no_op:none:none,0,[0],false
intervention_cost=0.05,957,[0],0,no_op:none:none,0,[0],false
intervention_cost=0.05,959,[0],0,no_op:none:none,0,[0],false
intervention_cost=0.05,960,[0],0,no_op:none:none,0,[0],false
intervention_cost=0.05,961,[0],0,no_op:none:none,0,[0],false
intervention_cost=0.05,962,[0],0,no_op:none:none,0,[0],false
intervention_cost=0.05,964,[0],0,no_op:none:none,0,[0],false
intervention_cost=0.05,965,[0],0,no_op:none:none,0,[0],false
intervention_cost=0.05,966,[0],0,no_op:none:none,0,[0],false
intervention_cost=0.05,967,[0],0,no_op:none:none,0,[0],false
intervention_cost=0.05,969,[0],0,no_op:none:none,0,[0],false
intervention_cost=0.05,970,[0],0,no_op:none:none,0,[0],false
intervention_cost=0.05,971,[0],0,no_op:none:none,0,[0],false
intervention_cost=0.05,972,[0],0,no_op:none:none,0,[0],false
intervention_cost=0.05,974,[0],0,no_op:none:none,0,[0],false
intervention_cost=0.05,975,[0],0,no_op:none:none,0,[0],false
intervention_cost=0.05,977,[0],0,no_op:none:none,0,[0],false
intervention_cost=0.05,978,[0],0,no_op:none:none,0,[0],false
intervention_cost=0.05,979,[0],0,no_op:none:none,0,[0],false
intervention_cost=0.05,980,[0],0,no_op:none:none,0,[0],false
intervention_cost=0.05,981,[0],0,no_op:none:none,0,[0],false
intervention_cost=0.05,982,[0],0,no_op:none:none,0,[0],false
intervention_cost=0.05,983,[0],0,no_op:none:none,0,[0],false
intervention_cost=0.05,984,[0],0,no_op:none:none,0,[0],false
intervention_cost=0.05,986,"[1,10,19]",1,intervention:L16_CWE-120_B:Low,-0.05,"[1,10,19]",false
intervention_cost=0.05,987,[0],0,no_op:none:none,0,[0],false
intervention_cost=0.05,988,[0],0,no_op:none:none,0,[0],false
intervention_cost=0.05,989,[0],0,no_op:none:none,0,[0],false
intervention_cost=0.05,990,[0],0,no_op:none:none,0,[0],false
intervention_cost=0.05,991,[0],0,no_op:none:none,0,[0],false
intervention_cost=0.05,992,[0],0,no_op:none:none,0,[0],false
intervention_cost=0.05,993,[0],0,no_op:none:none,0,[0],false
intervention_cost=0.05,997,[0],0,no_op:none:none,0,[0],false
intervention_cost=0.05,998,[0],0,no_op:none:none,0,[0],false
intervention_cost=0.05,999,[0],0,no_op:none:none,0,[0],false
intervention_cost=0.05,1001,[0],0,no_op:none:none,0,[0],false
intervention_cost=0.05,1002,[0],0,no_op:none:none,0,[0],false
intervention_cost=0.05,1003,[0],0,no_op:none:none,0,[0],false
intervention_cost=0.05,1004,[0],0,no_op:none:none,0,[0],false
intervention_cost=0.05,1005,[0],0,no_op:none:none,0,[0],false
intervention_cost=0.05,1006,[0],0,no_op:none:none,0,[0],false
intervention_cost=0.05,1007,"[1,10]",1,intervention:L16_CWE-120_B:Low,-0.05,"[1,10]",false
intervention_cost=0.05,1008,[0],0,no_op:none:none,0,[0],false
intervention_cost=0.05,1009,"[1,10]",1,intervention:L16_CWE-120_B:Low,-0.05,"[1,10]",false
intervention_cost=0.05,1011,[0],0,no_op:none:none,0,[0],false
intervention_cost=0.05,1012,[0],0,no_op:none:none,0,[0],false
intervention_cost=0.05,1013,[0],0,no_op:none:none,0,[0],false
intervention_cost=0.05,1014,[0],0,no_op:none:none,0,[0],false
intervention_cost=0.05,1015,[0],0,no_op:none:none,0,[0],false
intervention_cost=0.05,1016,[0],0,no_op:none:none,0,[0],false
intervention_cost=0.05,1017,[0],0,no_op:none:none,0,[0],false
intervention_cost=0.05,1018,[0],0,no_op:none:none,0,[0],false
intervention_cost=0.05,1019,[0],0,no_op:none:none,0,[0],false
intervention_cost=0.05,1020,[0],0,no_op:none:none,0,[0],false
intervention_cost=0.05,1021,[0],0,no_op:none:none,0,[0],false
intervention_cost=0.05,1023,[0],0,no_op:none:none,0,[0],false
intervention_cost=0.05,1024,[0],0,no_op:none:none,0,[0],false
intervention_cost=0.05,1026,[0],0,no_op:none:none,0,[0],false
intervention_cost=0.05,1027,[0],0,no_op:none:none,0,[0],false
intervention_cost=0.05,1028,[0],0,no_op:none:none,0,[0],false
intervention_cost=0.05,1030,"[1,10,19]",1,intervention:L16_CWE-120_B:Low,-0.05,"[1,10,19]",false
intervention_cost=0.05,1031,"[1,10,19]",1,intervention:L16_CWE-120_B:Low,-0.05,"[1,10,19]",false
intervention_cost=0.05,1032,[0],0,no_op:none:none,0,[0],false
intervention_cost=0.05,1033,[0],0,no_op:none:none,0,[0],false
intervention_cost=0.05,1037,"[1,10,19]",1,intervention:L16_CWE-120_B:Low,-0.05,"[1,10,19]",false
intervention_cost=0.05,1038,[0],0,no_op:none:none,0,[0],false
intervention_cost=0.05,1041,"[1,19]",1,intervention:L16_CWE-120_B:Low,-0.05,"[1,19]",false
intervention_cost=0.05,1042,[0],0,no_op:none:none,0,[0],false
intervention_cost=0.05,1044,[0],0,no_op:none:none,0,[0],false
intervention_cost=0.05,1045,[0],0,no_op:none:none,1.25,[0],false
intervention_cost=0.05,1046,"[1,10,19]",1,intervention:L16_CWE-120_B:Low,-0.05,"[1,10,19]",false
intervention_cost=0.05,1048,"[1,10,19]",1,intervention:L16_CWE-120_B:Low,-0.05,"[1,10,19]",false
intervention_cost=0.05,1049,"[1,10,19]",1,intervention:L16_CWE-120_B:Low,-0.05,"[1,10,19]",false
intervention_cost=0.05,1050,[0],0,no_op:none:none,0,[0],false
intervention_cost=0.05,1051,"[1,10,19]",1,intervention:L16_CWE-120_B:Low,-0.05,"[1,10,19]",false
intervention_cost=0.05,1053,"[1,10,19]",1,intervention:L16_CWE-120_B:Low,-0.05,"[1,10,19]",false
intervention_cost=0.05,1054,[0],0,no_op:none:none,0,[0],false
intervention_cost=0.05,1055,"[1,10]",1,intervention:L16_CWE-120_B:Low,-0.05,"[1,10]",false
intervention_cost=0.05,1056,[0],0,no_op:none:none,0,[0],false
intervention_cost=0.05,1057,"[1,10,19]",1,intervention:L16_CWE-120_B:Low,-0.05,"[1,10,19]",false
intervention_cost=0.05,1058,[0],0,no_op:none:none,0,[0],false
intervention_cost=0.05,1060,[0],0,no_op:none:none,0,[0],false
intervention_cost=0.05,1061,"[1,10]",1,intervention:L16_CWE-120_B:Low,-0.05,"[1,10]",false
intervention_cost=0.05,1062,[0],0,no_op:none:none,0,[0],false
intervention_cost=0.05,1063,[0],0,no_op:none:none,0,[0],false
intervention_cost=0.05,1065,[0],0,no_op:none:none,0,[0],false
intervention_cost=0.05,1066,[0],0,no_op:none:none,0,[0],false
intervention_cost=0.05,1067,[0],0,no_op:none:none,0,[0],false
intervention_cost=0.05,1068,[0],0,no_op:none:none,0,[0],false
intervention_cost=0.05,1069,"[1,10,19]",1,intervention:L16_CWE-120_B:Low,-0.05,"[1,10,19]",false
intervention_cost=0.05,1071,[0],0,no_op:none:none,0,[0],false
intervention_cost=0.05,1072,"[1,10,19]",1,intervention:L16_CWE-120_B:Low,-0.05,"[1,10,19]",false
intervention_cost=0.05,1073,[0],0,no_op:none:none,0,[0],false
intervention_cost=0.05,1074,[0],0,no_op:none:none,0,[0],false
intervention_cost=0.05,1075,[0],0,no_op:none:none,0,[0],false
intervention_cost=0.05,1076,"[1,10,19]",1,intervention:L16_CWE-120_B:Low,-0.05,"[1,10,19]",false
intervention_cost=0.05,1077,[0],0,no_op:none:none,0,[0],false
intervention_cost=0.05,1078,[0],0,no_op:none:none,0,[0],false
intervention_cost=0.05,1079,"[1,10]",1,intervention:L16_CWE-120_B:Low,-0.05,"[1,10]",false
intervention_cost=0.05,1081,[0],0,no_op:none:none,0,[0],false
intervention_cost=0.05,1082,"[10,19]",10,intervention:L23_CWE-327_A:Low,-0.05,"[10,19]",false
intervention_cost=0.05,1084,"[1,10,19]",1,intervention:L16_CWE-120_B:Low,-0.05,"[1,10,19]",false
intervention_cost=0.05,1085,[0],0,no_op:none:none,0,[0],false
intervention_cost=0.05,1088,"[1,10,19]",1,intervention:L16_CWE-120_B:Low,-0.05,"[1,10,19]",false
intervention_cost=0.05,1089,[0],0,no_op:none:none,0,[0],false
intervention_cost=0.05,1091,"[1,10,19]",1,intervention:L16_CWE-120_B:Low,-0.05,"[1,10,19]",false
intervention_cost=0.05,1092,"[1,10]",1,intervention:L16_CWE-120_B:Low,-0.05,"[1,10]",false
intervention_cost=0.05,1094,[0],0,no_op:none:none,0,[0],false
intervention_cost=0.05,1095,"[1,10,19]",1,intervention:L16_CWE-120_B:Low,-0.05,"[1,10,19]",false
intervention_cost=0.05,1096,"[1,10,19]",1,intervention:L16_CWE-120_B:Low,-0.05,"[1,10,19]",false
intervention_cost=0.05,1097,[0],0,no_op:none:none,0,[0],false
intervention_cost=0.05,1100,"[1,10,19]",1,intervention:L16_CWE-120_B:Low,-0.05,"[1,10,19]",false
intervention_cost=0.05,1102,"[10,19]",10,intervention:L23_CWE-327_A:Low,-0.05,"[10,19]",false
intervention_cost=0.05,1105,"[1,10]",1,intervention:L16_CWE-120_B:Low,-0.05,"[1,10]",false
intervention_cost=0.05,1106,"[1,10]",1,intervention:L16_CWE-120_B:Low,1.2,"[1,10]",false
intervention_cost=0.05,1108,[0],0,no_op:none:none,0,[0],false
intervention_cost=0.05,1109,[0],0,no_op:none:none,0,[0],false
intervention_cost=0.05,1111,[0],0,no_op:none:none,0,[0],false
intervention_cost=0.05,1113,[0],0,no_op:none:none,0,[0],false
intervention_cost=0.05,1114,"[1,10,19]",1,intervention:L16_CWE-120_B:Low,-0.05,"[1,10,19]",false
intervention_cost=0.05,1115,"[1,10,19]",1,intervention:L16_CWE-120_B:Low,-0.05,"[1,10,19]",false
intervention_cost=0.05,1118,[0],0,no_op:none:none,0,[0],false
intervention_cost=0.05,1119,[0],0,no_op:none:none,0,[0],false
intervention_cost=0.05,1120,"[1,10,19]",1,intervention:L16_CWE-120_B:Low,-0.05,"[1,10,19]",false
intervention_cost=0.05,1121,[0],0,no_op:none:none,0,[0],false
intervention_cost=0.05,1122,"[1,10]",1,intervention:L16_CWE-120_B:Low,1.2,"[1,10]",false
intervention_cost=0.05,1123,"[1,10]",1,intervention:L16_CWE-120_B:Low,1.2,"[1,10]",false
intervention_cost=0.05,1124,"[1,10]",1,intervention:L16_CWE-120_B:Low,1.2,"[1,10]",false
intervention_cost=0.05,1126,"[1,10,19]",1,intervention:L16_CWE-120_B:Low,-0.05,"[1,10,19]",false
intervention_cost=0.05,1128,[0],0,no_op:none:none,0,[0],false
intervention_cost=0.05,1132,"[1,10]",1,intervention:L16_CWE-120_B:Low,-0.05,"[1,10]",false
intervention_cost=0.05,1136,[0],0,no_op:none:none,0,[0],false
intervention_cost=0.05,1137,[0],0,no_op:none:none,0,[0],false
intervention_cost=0.05,1139,[0],0,no_op:none:none,0,[0],false
intervention_cost=0.05,1141,[0],0,no_op:none:none,0,[0],false
intervention_cost=0.05,1142,[0],0,no_op:none:none,0,[0],false
intervention_cost=0.05,1143,[0],0,no_op:none:none,0,[0],false
intervention_cost=0.05,1144,[0],0,no_op:none:none,0,[0],false
intervention_cost=0.05,1145,[0],0,no_op:none:none,0,[0],false
intervention_cost=0.05,1147,"[1,10,19]",1,intervention:L16_CWE-120_B:Low,-0.05,"[1,10,19]",false
intervention_cost=0.05,1150,[0],0,no_op:none:none,0,[0],false
intervention_cost=0.05,1151,[0],0,no_op:none:none,0,[0],false
intervention_cost=0.05,1152,[0],0,no_op:none:none,0,[0],false
intervention_cost=0.05,1154,[0],0,no_op:none:none,0,[0],false
intervention_cost=0.05,1155,[10],10,intervention:L23_CWE-327_A:Low,1.2,[10],false
intervention_cost=0.05,1156,[0],0,no_op:none:none,0,[0],false
intervention_cost=0.05,1158,[0],0,no_op:none:none,0,[0],false
intervention_cost=0.05,1159,[0],0,no_op:none:none,0,[0],false
intervention_cost=0.05,1160,[0],0,no_op:none:none,0,[0],false
intervention_cost=0.05,1162,"[1,10]",1,intervention:L16_CWE-120_B:Low,1.2,"[1,10]",false
intervention_cost=0.05,1163,"[1,10]",1,intervention:L16_CWE-120_B:Low,1.2,"[1,10]",false
intervention_cost=0.05,1164,[0],0,no_op:none:none,0,[0],false
intervention_cost=0.05,1165,[0],0,no_op:none:none,0,[0],false
intervention_cost=0.05,1167,[0],0,no_op:none:none,0,[0],false
intervention_cost=0.05,1168,[0],0,no_op:none:none,0,[0],false
intervention_cost=0.05,1170,[0],0,no_op:none:none,0,[0],false
intervention_cost=0.05,1171,[0],0,no_op:none:none,0,[0],false
intervention_cost=0.05,1172,[0],0,no_op:none:none,0,[0],false
intervention_cost=0.05,1173,[0],0,no_op:none:none,0,[0],false
intervention_cost=0.05,1174,"[1,10]",1,intervention:L16_CWE-120_B:Low,-0.05,"[1,10]",false
intervention_cost=0.05,1175,"[1,10]",1,intervention:L16_CWE-120_B:Low,-0.05,"[1,10]",false
intervention_cost=0.05,1176,[0],0,no_op:none:none,0,[0],false
intervention_cost=0.05,1177,[0],0,no_op:none:none,0,[0],false
intervention_cost=0.05,1178,"[1,10]",1,intervention:L16_CWE-120_B:Low,-0.05,"[1,10]",false
intervention_cost=0.05,1179,"[1,10]",1,intervention:L16_CWE-120_B:Low,-0.05,"[1,10]",false
intervention_cost=0.05,1181,[0],0,no_op:none:none,0,[0],false
intervention_cost=0.05,1183,[0],0,no_op:none:none,0,[0],false
intervention_cost=0.05,1184,[0],0,no_op:none:none,0,[0],false
intervention_cost=0.05,1187,[0],0,no_op:none:none,0,[0],false
intervention_cost=0.05,1188,"[1,10]",1,intervention:L16_CWE-120_B:Low,-0.05,"[1,10]",false
intervention_cost=0.05,1190,[0],0,no_op:none:none,0,[0],false
intervention_cost=0.05,1191,"[1,10]",1,intervention:L16_CWE-120_B:Low,1.2,"[1,10]",false
intervention_cost=0.05,1193,[0],0,no_op:none:none,0,[0],false
intervention_cost=0.05,1194,"[1,10]",1,intervention:L16_CWE-120_B:Low,-0.05,"[1,10]",false
intervention_cost=0.05,1198,[0],0,no_op:none:none,0,[0],false
intervention_cost=0.05,1199,[0],0,no_op:none:none,0,[0],false
intervention_cost=0.05,1200,[0],0,no_op:none:none,0,[0],false
intervention_cost=0.05,1201,[0],0,no_op:none:none,0,[0],false
intervention_cost=0.05,1202,[0],0,no_op:none:none,0,[0],false
intervention_cost=0.05,1203,[0],0,no_op:none:none,0,[0],false
intervention_cost=0.05,1207,[0],0,no_op:none:none,0,[0],false
intervention_cost=0.05,1208,[0],0,no_op:none:none,0,[0],false
intervention_cost=0.05,1210,[0],0,no_op:none:none,0,[0],false
intervention_cost=0.05,1211,[0],0,no_op:none:none,0,[0],false
intervention_cost=0.05,1212,[0],0,no_op:none:none,0,[0],false
intervention_cost=0.05,1213,[0],0,no_op:none:none,0,[0],false
intervention_cost=0.05,1214,[0],0,no_op:none:none,0,[0],false
intervention_cost=0.05,1215,[0],0,no_op:none:none,0,[0],false
intervention_cost=0.05,1216,[0],0,no_op:none:none,0,[0],false
intervention_cost=0.05,1219,[0],0,no_op:none:none,0,[0],false
intervention_cost=0.05,1222,[0],0,no_op:none:none,0,[0],false
intervention_cost=0.05,1223,[0],0,no_op:none:none,0,[0],false
intervention_cost=0.05,1224,[0],0,no_op:none:none,0,[0],false
intervention_cost=0.05,1225,[0],0,no_op:none:none,0,[0],false
intervention_cost=0.05,1227,[0],0,no_op:none:none,0,[0],false
intervention_cost=0.05,1228,[0],0,no_op:none:none,0,[0],false
intervention_cost=0.05,1229,[0],0,no_op:none:none,0,[0],false
intervention_cost=0.05,1230,[0],0,no_op:none:none,0,[0],false
intervention_cost=0.05,1231,[0],0,no_op:none:none,0,[0],false
intervention_cost=0.05,1233,[0],0,no_op:none:none,0,[0],false
intervention_cost=0.05,1234,[0],0,no_op:none:none,0,[0],false
intervention_cost=0.05,1235,[0],0,no_op:none:none,0,[0],false
intervention_cost=0.05,1237,[0],0,no_op:none:none,0,[0],false
intervention_cost=0.05,1239,[0],0,no_op:none:none,0,[0],false
intervention_cost=0.05,1240,[0],0,no_op:none:none,0,[0],false
intervention_cost=0.05,1243,[0],0,no_op:none:none,0,[0],false
intervention_cost=0.05,1244,[0],0,no_op:none:none,0,[0],false
intervention_cost=0.05,1245,[0],0,no_op:none:none,0,[0],false
intervention_cost=0.05,1246,[0],0,no_op:none:none,0,[0],false
intervention_cost=0.05,1248,[0],0,no_op:none:none,0,[0],false
intervention_cost=0.05,1249,[0],0,no_op:none:none,0,[0],false
intervention_cost=0.05,1250,[0],0,no_op:none:none,0,[0],false
intervention_cost=0.05,1251,[0],0,no_op:none:none,0,[0],false
intervention_cost=0.05,1253,[0],0,no_op:none:none,0,[0],false
intervention_cost=0.05,1254,[0],0,no_op:none:none,0,[0],false
intervention_cost=0.05,1255,[0],0,no_op:none:none,0,[0],false
intervention_cost=0.05,1256,[0],0,no_op:none:none,0,[0],false
intervention_cost=0.05,1257,[0],0,no_op:none:none,0,[0],false
intervention_cost=0.05,1258,[0],0,no_op:none:none,0,[0],false
intervention_cost=0.05,1259,[0],0,no_op:none:none,0,[0],false
intervention_cost=0.05,1260,[0],0,no_op:none:none,0,[0],false
intervention_cost=0.05,1261,[0],0,no_op:none:none,0,[0],false
intervention_cost=0.05,1262,[0],0,no_op:none:none,0,[0],false
intervention_cost=0.05,1263,[0],0,no_op:none:none,0,[0],false
intervention_cost=0.05,1264,[0],0,no_op:none:none,0,[0],false
intervention_cost=0.05,1265,[0],0,no_op:none:none,0,[0],false
intervention_cost=0.05,1267,[0],0,no_op:none:none,0,[0],false
intervention_cost=0.05,1269,[0],0,no_op:none:none,0,[0],false
intervention_cost=0.05,1270,[0],0,no_op:none:none,0,[0],false
intervention_cost=0.05,1273,[0],0,no_op:none:none,0,[0],false
intervention_cost=0.05,1274,[0],0,no_op:none:none,0,[0],false
intervention_cost=0.05,1275,[0],0,no_op:none:none,0,[0],false
intervention_cost=0.05,1276,[0],0,no_op:none:none,0,[0],false
intervention_cost=0.05,1277,[0],0,no_op:none:none,0,[0],false
intervention_cost=0.05,1278,[0],0,no_op:none:none,0,[0],false
intervention_cost=0.05,1279,[0],0,no_op:none:none,0,[0],false
intervention_cost=0.05,1281,[0],0,no_op:none:none,0,[0],false
intervention_cost=0.05,1282,[0],0,no_op:none:none,0,[0],false
intervention_cost=0.05,1283,[0],0,no_op:none:none,0,[0],false
intervention_cost=0.05,1284,[0],0,no_op:none:none,0,[0],false
intervention_cost=0.05,1286,[0],0,no_op:none:none,0,[0],false
intervention_cost=0.05,1288,[0],0,no_op:none:none,0,[0],false
intervention_cost=0.05,1289,[0],0,no_op:none:none,0,[0],false
intervention_cost=0.05,1290,[0],0,no_op:none:none,0,[0],false
intervention_cost=0.05,1291,[0],0,no_op:none:none,0,[0],false
intervention_cost=0.05,1293,[0],0,no_op:none:none,0,[0],false
intervention_cost=0.05,1294,[0],0,no_op:none:none,0,[0],false
intervention_cost=0.05,1295,[0],0,no_op:none:none,0,[0],false
intervention_cost=0.05,1296,[0],0,no_op:none:none,0,[0],false
intervention_cost=0.05,1297,[0],0,no_op:none:none,0,[0],false
intervention_cost=0.05,1302,[0],0,no_op:none:none,0,[0],false
intervention_cost=0.05,1303,[0],0,no_op:none:none,0,[0],false
intervention_cost=0.05,1305,[0],0,no_op:none:none,0,[0],false
intervention_cost=0.05,1306,[0],0,no_op:none:none,0,[0],false
intervention_cost=0.05,1307,[0],0,no_op:none:none,0,[0],false
intervention_cost=0.05,1311,[0],0,no_op:none:none,0,[0],false
intervention_cost=0.05,1314,[0],0,no_op:none:none,0,[0],false
intervention_cost=0.05,1315,[0],0,no_op:none:none,0,[0],false
intervention_cost=0.05,1317,[0],0,no_op:none:none,0,[0],false
intervention_cost=0.05,1318,[0],0,no_op:none:none,0,[0],false
intervention_cost=0.05,1319,[0],0,no_op:none:none,0,[0],false
intervention_cost=0.05,1320,[0],0,no_op:none:none,0,[0],false
intervention_cost=0.05,1322,[0],0,no_op:none:none,0,[0],false
intervention_cost=0.05,1324,[0],0,no_op:none:none,0,[0],false
intervention_cost=0.05,1325,[0],0,no_op:none:none,0,[0],false
intervention_cost=0.05,1326,[0],0,no_op:none:none,0,[0],false
intervention_cost=0.05,1328,[0],0,no_op:none:none,0,[0],false
intervention_cost=0.05,1329,[0],0,no_op:none:none,0,[0],false
intervention_cost=0.05,1331,[0],0,no_op:none:none,0,[0],false
intervention_cost=0.05,1332,[0],0,no_op:none:none,0,[0],false
intervention_cost=0.05,1333,[0],0,no_op:none:none,0,[0],false
intervention_cost=0.05,1334,[0],0,no_op:none:none,0,[0],false
intervention_cost=0.05,1336,[0],0,no_op:none:none,0,[0],false
intervention_cost=0.05,1337,[0],0,no_op:none:none,0,[0],false
intervention_cost=0.05,1340,[0],0,no_op:none:none,0,[0],false
intervention_cost=0.05,1341,[0],0,no_op:none:none,0,[0],false
intervention_cost=0.05,1343,[0],0,no_op:none:none,0,[0],false
intervention_cost=0.05,1344,[0],0,no_op:none:none,0,[0],false
intervention_cost=0.05,1345,[0],0,no_op:none:none,0,[0],false
intervention_cost=0.05,1347,[0],0,no_op:none:none,0,[0],false
intervention_cost=0.05,1348,[0],0,no_op:none:none,0,[0],false
intervention_cost=0.05,1350,[0],0,no_op:none:none,0,[0],false
intervention_cost=0.05,1353,[0],0,no_op:none:none,0,[0],false
intervention_cost=0.05,1356,[0],0,no_op:none:none,0,[0],false
intervention_cost=0.05,1357,[0],0,no_op:none:none,0,[0],false
intervention_cost=0.05,1359,[0],0,no_op:none:none,0,[0],false
intervention_cost=0.05,1360,[0],0,no_op:none:none,0,[0],false
intervention_cost=0.05,1361,[0],0,no_op:none:none,0,[0],false
intervention_cost=0.05,1362,[0],0,no_op:none:none,0,[0],false
intervention_cost=0.05,1364,[0],0,no_op:none:none,0,[0],false
intervention_cost=0.05,1366,[0],0,no_op:none:none,0,[0],false
intervention_cost=0.05,1368,[0],0,no_op:none:none,0,[0],false
intervention_cost=0.05,1369,[0],0,no_op:none:none,0,[0],false
intervention_cost=0.05,1373,[0],0,no_op:none:none,0,[0],false
intervention_cost=0.05,1374,[0],0,no_op:none:none,0,[0],false
intervention_cost=0.05,1376,[0],0,no_op:none:none,0,[0],false
intervention_cost=0.05,1377,[0],0,no_op:none:none,0,[0],false
intervention_cost=0.05,1378,[0],0,no_op:none:none,0,[0],false
intervention_cost=0.05,1380,[0],0,no_op:none:none,0,[0],false
intervention_cost=0.05,1381,[0],0,no_op:none:none,0,[0],false
intervention_cost=0.05,1383,[0],0,no_op:none:none,0,[0],false
intervention_cost=0.05,1384,[0],0,no_op:none:none,0,[0],false
intervention_cost=0.05,1386,[0],0,no_op:none:none,0,[0],false
intervention_cost=0.05,1387,[0],0,no_op:none:none,0,[0],false
intervention_cost=0.05,1388,[0],0,no_op:none:none,0,[0],false
intervention_cost=0.05,1389,[0],0,no_op:none:none,0,[0],false
intervention_cost=0.05,1390,[0],0,no_op:none:none,0,[0],false
intervention_cost=0.05,1391,[0],0,no_op:none:none,0,[0],false
intervention_cost=0.05,1392,[0],0,no_op:none:none,0,[0],false
intervention_cost=0.05,1394,[0],0,no_op:none:none,0,[0],false
intervention_cost=0.05,1395,[0],0,no_op:none:none,0,[0],false
intervention_cost=0.05,1397,[0],0,no_op:none:none,0,[0],false
intervention_cost=0.05,1398,[0],0,no_op:none:none,0,[0],false
intervention_cost=0.05,1400,[0],0,no_op:none:none,0,[0],false
intervention_cost=0.05,1401,[0],0,no_op:none:none,0,[0],false
intervention_cost=0.05,1403,[0],0,no_op:none:none,0,[0],false
intervention_cost=0.05,1404,[0],0,no_op:none:none,0,[0],false
intervention_cost=0.05,1405,[0],0,no_op:none:none,0,[0],false
intervention_cost=0.05,1406,[0],0,no_op:none:none,0,[0],false
intervention_cost=0.05,1408,[0],0,no_op:none:none,0,[0],false
intervention_cost=0.05,1410,[0],0,no_op:none:none,0,[0],false
intervention_cost=0.05,1411,[0],0,no_op:none:none,0,[0],false
intervention_cost=0.05,1413,[0],0,no_op:none:none,0,[0],false
intervention_cost=0.05,1414,[0],0,no_op:none:none,0,[0],false
intervention_cost=0.05,1416,[0],0,no_op:none:none,0,[0],false
intervention_cost=0.05,1417,[0],0,no_op:none:none,0,[0],false
intervention_cost=0.05,1418,[0],0,no_op:none:none,0,[0],false
intervention_cost=0.05,1419,[0],0,no_op:none:none,0,[0],false
intervention_cost=0.05,1420,[0],0,no_op:none:none,0,[0],false
intervention_cost=0.05,1421,[0],0,no_op:none:none,0,[0],false
intervention_cost=0.05,1422,[0],0,no_op:none:none,0,[0],false
intervention_cost=0.05,1423,[0],0,no_op:none:none,0,[0],false
intervention_cost=0.05,1424,[0],0,no_op:none:none,0,[0],false
intervention_cost=0.05,1425,[0],0,no_op:none:none,0,[0],false
intervention_cost=0.05,1427,[0],0,no_op:none:none,0,[0],false
intervention_cost=0.05,1428,[1],1,intervention:L16_CWE-120_B:Low,-0.05,[1],false
intervention_cost=0.05,1430,[0],0,no_op:none:none,0,[0],false
intervention_cost=0.05,1431,[0],0,no_op:none:none,0,[0],false
intervention_cost=0.05,1432,[0],0,no_op:none:none,0,[0],false
intervention_cost=0.05,1433,[0],0,no_op:none:none,0,[0],false
intervention_cost=0.05,1434,[0],0,no_op:none:none,0,[0],false
intervention_cost=0.05,1435,[0],0,no_op:none:none,0,[0],false
intervention_cost=0.05,1438,[0],0,no_op:none:none,0,[0],false
intervention_cost=0.05,1439,[0],0,no_op:none:none,0,[0],false
intervention_cost=0.05,1441,[0],0,no_op:none:none,0,[0],false
intervention_cost=0.05,1443,[0],0,no_op:none:none,0,[0],false
intervention_cost=0.05,1444,[0],0,no_op:none:none,0,[0],false
intervention_cost=0.05,1445,[0],0,no_op:none:none,0,[0],false
intervention_cost=0.05,1446,[0],0,no_op:none:none,0,[0],false
intervention_cost=0.05,1447,[0],0,no_op:none:none,0,[0],false
intervention_cost=0.05,1448,[0],0,no_op:none:none,0,[0],false
intervention_cost=0.05,1450,[0],0,no_op:none:none,0,[0],false
intervention_cost=0.05,1451,[0],0,no_op:none:none,0,[0],false
intervention_cost=0.05,1452,[0],0,no_op:none:none,0,[0],false
intervention_cost=0.05,1453,[0],0,no_op:none:none,0,[0],false
intervention_cost=0.05,1454,[0],0,no_op:none:none,0,[0],false
intervention_cost=0.05,1455,[0],0,no_op:none:none,0,[0],false
intervention_cost=0.05,1456,[0],0,no_op:none:none,0,[0],false
intervention_cost=0.05,1457,[0],0,no_op:none:none,0,[0],false
intervention_cost=0.05,1458,[0],0,no_op:none:none,0,[0],false
intervention_cost=0.05,1459,[0],0,no_op:none:none,0,[0],false
intervention_cost=0.05,1462,[0],0,no_op:none:none,0,[0],false
intervention_cost=0.05,1463,[0],0,no_op:none:none,0,[0],false
intervention_cost=0.05,1464,[0],0,no_op:none:none,0,[0],false
intervention_cost=0.05,1465,[0],0,no_op:none:none,0,[0],false
intervention_cost=0.05,1467,[0],0,no_op:none:none,0,[0],false
intervention_cost=0.05,1468,[0],0,no_op:none:none,0,[0],false
intervention_cost=0.05,1469,[0],0,no_op:none:none,0,[0],false
intervention_cost=0.05,1472,[0],0,no_op:none:none,0,[0],false
intervention_cost=0.05,1475,[0],0,no_op:none:none,0,[0],false
intervention_cost=0.05,1477,[0],0,no_op:none:none,0,[0],false
intervention_cost=0.05,1480,[0],0,no_op:none:none,0,[0],false
intervention_cost=0.05,1482,[0],0,no_op:none:none,0,[0],false
intervention_cost=0.05,1483,[0],0,no_op:none:none,0,[0],false
intervention_cost=0.05,1485,[0],0,no_op:none:none,0,[0],false
intervention_cost=0.05,1486,[0],0,no_op:none:none,0,[0],false
intervention_cost=0.05,1487,[0],0,no_op:none:none,0,[0],false
intervention_cost=0.05,1488,[0],0,no_op:none:none,0,[0],false
intervention_cost=0.05,1489,[0],0,no_op:none:none,0,[0],false
intervention_cost=0.05,1490,[0],0,no_op:none:none,0,[0],false
intervention_cost=0.05,1492,[0],0,no_op:none:none,0,[0],false
intervention_cost=0.05,1495,[0],0,no_op:none:none,0,[0],false
intervention_cost=0.05,1497,"[1,10,19]",1,intervention:L16_CWE-120_B:Low,-0.05,"[1,10,19]",false
intervention_cost=0.05,1499,[0],0,no_op:none:none,0,[0],false
intervention_cost=0.05,1500,[0],0,no_op:none:none,0,[0],false
intervention_cost=0.05,1501,[0],0,no_op:none:none,0,[0],false
intervention_cost=0.05,1503,[0],0,no_op:none:none,0,[0],false
intervention_cost=0.05,1504,[0],0,no_op:none:none,0,[0],false
intervention_cost=0.05,1505,[0],0,no_op:none:none,0,[0],false
intervention_cost=0.05,1507,[0],0,no_op:none:none,0,[0],false
intervention_cost=0.05,1510,[0],0,no_op:none:none,0,[0],false
intervention_cost=0.05,1511,[0],0,no_op:none:none,0,[0],false
intervention_cost=0.05,1512,[0],0,no_op:none:none,0,[0],false
intervention_cost=0.05,1513,[0],0,no_op:none:none,0,[0],false
intervention_cost=0.05,1514,[0],0,no_op:none:none,0,[0],false
intervention_cost=0.05,1515,[0],0,no_op:none:none,0,[0],false
intervention_cost=0.05,1519,[0],0,no_op:none:none,0,[0],false
intervention_cost=0.05,1520,[0],0,no_op:none:none,0,[0],false
intervention_cost=0.05,1521,[0],0,no_op:none:none,0,[0],false
intervention_cost=0.05,1522,[0],0,no_op:none:none,0,[0],false
intervention_cost=0.05,1523,[0],0,no_op:none:none,0,[0],false
intervention_cost=0.05,1524,[0],0,no_op:none:none,0,[0],false
intervention_cost=0.05,1526,[0],0,no_op:none:none,0,[0],false
intervention_cost=0.05,1527,[0],0,no_op:none:none,0,[0],false
intervention_cost=0.05,1530,[0],0,no_op:none:none,0,[0],false
intervention_cost=0.05,1532,[0],0,no_op:none:none,0,[0],false
intervention_cost=0.05,1533,[0],0,no_op:none:none,0,[0],false
intervention_cost=0.05,1534,[0],0,no_op:none:none,0,[0],false
intervention_cost=0.05,1535,[0],0,no_op:none:none,0,[0],false
intervention_cost=0.05,1536,[0],0,no_op:none:none,0,[0],false
intervention_cost=0.05,1538,[0],0,no_op:none:none,0,[0],false
intervention_cost=0.05,1539,[0],0,no_op:none:none,0,[0],false
intervention_cost=0.05,1541,[0],0,no_op:none:none,0,[0],false
intervention_cost=0.05,1542,[0],0,no_op:none:none,0,[0],false
intervention_cost=0.05,1545,[0],0,no_op:none:none,0,[0],false
intervention_cost=0.05,1548,[0],0,no_op:none:none,0,[0],false
intervention_cost=0.05,1549,[0],0,no_op:none:none,0,[0],false
intervention_cost=0.05,1550,[0],0,no_op:none:none,0,[0],false
intervention_cost=0.05,1551,[0],0,no_op:none:none,0,[0],false
intervention_cost=0.05,1552,[0],0,no_op:none:none,0,[0],false
intervention_cost=0.05,1553,[0],0,no_op:none:none,0,[0],false
intervention_cost=0.05,1555,[0],0,no_op:none:none,0,[0],false
intervention_cost=0.05,1556,[0],0,no_op:none:none,0,[0],false
intervention_cost=0.05,1558,[0],0,no_op:none:none,0,[0],false
intervention_cost=0.05,1559,[0],0,no_op:none:none,0,[0],false
intervention_cost=0.05,1562,[0],0,no_op:none:none,0,[0],false
intervention_cost=0.05,1564,[0],0,no_op:none:none,0,[0],false
intervention_cost=0.05,1565,[0],0,no_op:none:none,0,[0],false
intervention_cost=0.05,1566,[0],0,no_op:none:none,1,[0],false
intervention_cost=0.05,1567,[0],0,no_op:none:none,0,[0],false
intervention_cost=0.05,1569,[0],0,no_op:none:none,0,[0],false
intervention_cost=0.05,1571,[0],0,no_op:none:none,0,[0],false
intervention_cost=0.05,1575,[0],0,no_op:none:none,0,[0],false
intervention_cost=0.05,1576,[0],0,no_op:none:none,0,[0],false
intervention_cost=0.05,1577,[0],0,no_op:none:none,0,[0],false
intervention_cost=0.05,1578,"[1,10,19]",1,intervention:L16_CWE-120_B:Low,-0.05,"[1,10,19]",false
intervention_cost=0.05,1579,[0],0,no_op:none:none,0,[0],false
intervention_cost=0.05,1580,[0],0,no_op:none:none,0,[0],false
intervention_cost=0.05,1581,[0],0,no_op:none:none,0,[0],false
intervention_cost=0.05,1584,[0],0,no_op:none:none,0,[0],false
intervention_cost=0.05,1586,[0],0,no_op:none:none,0,[0],false
intervention_cost=0.05,1587,[0],0,no_op:none:none,0,[0],false
intervention_cost=0.05,1588,[0],0,no_op:none:none,0,[0],false
intervention_cost=0.05,1592,[19],19,intervention:L23_CWE-89_A:Low,-0.05,[19],false
intervention_cost=0.05,1593,[0],0,no_op:none:none,0,[0],false
intervention_cost=0.05,1595,[0],0,no_op:none:none,0,[0],false
intervention_cost=0.05,1596,"[1,10,19]",1,intervention:L16_CWE-120_B:Low,-0.05,"[1,10,19]",false
intervention_cost=0.05,1597,[19],19,intervention:L23_CWE-89_A:Low,0.95,[19],false
intervention_cost=0.05,1599,[0],0,no_op:none:none,0,[0],false
intervention_cost=0.05,1600,[0],0,no_op:none:none,0,[0],false
intervention_cost=0.05,1601,[0],0,no_op:none:none,0,[0],false
intervention_cost=0.05,1602,[0],0,no_op:none:none,0,[0],false
intervention_cost=0.05,1603,[0],0,no_op:none:none,1,[0],false
intervention_cost=0.05,1605,[0],0,no_op:none:none,0,[0],false
intervention_cost=0.05,1608,"[1,19]",1,intervention:L16_CWE-120_B:Low,-0.05,"[1,19]",false
intervention_cost=0.05,1609,[0],0,no_op:none:none,0,[0],false
intervention_cost=0.05,1610,[0],0,no_op:none:none,0,[0],false
intervention_cost=0.05,1611,[0],0,no_op:none:none,0,[0],false
intervention_cost=0.05,1612,[0],0,no_op:none:none,0,[0],false
intervention_cost=0.05,1614,[0],0,no_op:none:none,0,[0],false
intervention_cost=0.05,1615,[0],0,no_op:none:none,1,[0],false
intervention_cost=0.05,1616,"[1,10,19]",1,intervention:L16_CWE-120_B:Low,-0.05,"[1,10,19]",false
intervention_cost=0.05,1617,[0],0,no_op:none:none,0,[0],false
intervention_cost=0.05,1620,[0],0,no_op:none:none,0,[0],false
intervention_cost=0.05,1621,[0],0,no_op:none:none,0,[0],false
intervention_cost=0.05,1623,[0],0,no_op:none:none,0,[0],false
intervention_cost=0.05,1624,[0],0,no_op:none:none,0,[0],false
intervention_cost=0.05,1626,[0],0,no_op:none:none,0,[0],false
intervention_cost=0.05,1628,"[1,10,19]",1,intervention:L16_CWE-120_B:Low,-0.05,"[1,10,19]",false
intervention_cost=0.05,1629,"[1,10,19]",1,intervention:L16_CWE-120_B:Low,-0.05,"[1,10,19]",false
intervention_cost=0.05,1630,[0],0,no_op:none:none,0,[0],false
intervention_cost=0.05,1631,[0],0,no_op:none:none,0,[0],false
intervention_cost=0.05,1632,[0],0,no_op:none:none,0,[0],false
intervention_cost=0.05,1633,[0],0,no_op:none:none,0,[0],false
intervention_cost=0.05,1634,[0],0,no_op:none:none,0,[0],false
intervention_cost=0.05,1636,[0],0,no_op:none:none,0,[0],false
intervention_cost=0.05,1637,"[1,10,19]",1,intervention:L16_CWE-120_B:Low,-0.05,"[1,10,19]",false
intervention_cost=0.05,1639,[0],0,no_op:none:none,0,[0],false
intervention_cost=0.05,1640,[0],0,no_op:none:none,0,[0],false
intervention_cost=0.05,1641,[0],0,no_op:none:none,0,[0],false
intervention_cost=0.05,1642,[0],0,no_op:none:none,0,[0],false
intervention_cost=0.05,1643,[0],0,no_op:none:none,1,[0],false
intervention_cost=0.05,1644,[0],0,no_op:none:none,0,[0],false
intervention_cost=0.05,1645,"[1,10,19]",1,intervention:L16_CWE-120_B:Low,-0.05,"[1,10,19]",false
intervention_cost=0.05,1646,[0],0,no_op:none:none,0,[0],false
intervention_cost=0.05,1647,[0],0,no_op:none:none,0,[0],false
intervention_cost=0.05,1649,"[1,10,19]",1,intervention:L16_CWE-120_B:Low,-0.05,"[1,10,19]",false
intervention_cost=0.05,1651,[0],0,no_op:none:none,0,[0],false
intervention_cost=0.05,1654,[0],0,no_op:none:none,0,[0],false
intervention_cost=0.05,1655,[0],0,no_op:none:none,1,[0],false
intervention_cost=0.05,1658,"[1,10,19]",1,intervention:L16_CWE-120_B:Low,-0.05,"[1,10,19]",false
intervention_cost=0.05,1659,[0],0,no_op:none:none,0,[0],false
intervention_cost=0.05,1660,[0],0,no_op:none:none,0,[0],false
intervention_cost=0.05,1661,"[1,10,19]",1,intervention:L16_CWE-120_B:Low,-0.05,"[1,10,19]",false
intervention_cost=0.05,1662,[0],0,no_op:none:none,0,[0],false
intervention_cost=0.05,1663,[0],0,no_op:none:none,0,[0],false
intervention_cost=0.05,1665,"[1,10,19]",1,intervention:L16_CWE-120_B:Low,-0.05,"[1,10,19]",false
intervention_cost=0.05,1667,[0],0,no_op:none:none,0,[0],false
intervention_cost=0.05,1668,[0],0,no_op:none:none,0,[0],false
intervention_cost=0.05,1669,[0],0,no_op:none:none,0,[0],false
intervention_cost=0.05,1670,[0],0,no_op:none:none,1,[0],false
intervention_cost=0.05,1672,[0],0,no_op:none:none,0,[0],false
intervention_cost=0.05,1674,[0],0,no_op:none:none,0,[0],false
intervention_cost=0.05,1675,[0],0,no_op:none:none,0,[0],false
intervention_cost=0.05,1676,[0],0,no_op:none:none,0,[0],false
intervention_cost=0.05,1677,"[1,10,19]",1,intervention:L16_CWE-120_B:Low,-0.05,"[1,10,19]",false
intervention_cost=0.05,1678,[0],0,no_op:none:none,0,[0],false
intervention_cost=0.05,1679,[0],0,no_op:none:none,0,[0],false
intervention_cost=0.05,1680,[0],0,no_op:none:none,0,[0],false
intervention_cost=0.05,1681,[0],0,no_op:none:none,0,[0],false
intervention_cost=0.05,1682,[0],0,no_op:none:none,0,[0],false
intervention_cost=0.05,1684,[0],0,no_op:none:none,0,[0],false
intervention_cost=0.05,1685,"[1,19]",1,intervention:L16_CWE-120_B:Low,-0.05,"[1,19]",false
intervention_cost=0.05,1686,[0],0,no_op:none:none,0,[0],false
intervention_cost=0.05,1687,[0],0,no_op:none:none,0,[0],false
intervention_cost=0.05,1688,[0],0,no_op:none:none,1,[0],false
intervention_cost=0.05,1689,[0],0,no_op:none:none,0,[0],false
intervention_cost=0.05,1690,[0],0,no_op:none:none,0,[0],false
intervention_cost=0.05,1691,[0],0,no_op:none:none,0,[0],false
intervention_cost=0.05,1693,"[10,19]",10,intervention:L23_CWE-327_A:Low,-0.05,"[10,19]",false
intervention_cost=0.05,1695,[0],0,no_op:none:none,1,[0],false
intervention_cost=0.05,1696,[0],0,no_op:none:none,0,[0],false
intervention_cost=0.05,1697,"[1,10,19]",1,intervention:L16_CWE-120_B:Low,-0.05,"[1,10,19]",false
intervention_cost=0.05,1699,[0],0,no_op:none:none,0,[0],false
intervention_cost=0.05,1702,[0],0,no_op:none:none,0,[0],false
intervention_cost=0.05,1703,[0],0,no_op:none:none,0,[0],false
intervention_cost=0.05,1704,[0],0,no_op:none:none,1,[0],false
intervention_cost=0.05,1705,[0],0,no_op:none:none,0,[0],false
intervention_cost=0.05,1706,[0],0,no_op:none:none,0,[0],false
intervention_cost=0.05,1707,[0],0,no_op:none:none,0,[0],false
intervention_cost=0.05,1709,[0],0,no_op:none:none,0,[0],false
intervention_cost=0.05,1710,[0],0,no_op:none:none,0,[0],false
intervention_cost=0.05,1711,"[10,19]",10,intervention:L23_CWE-327_A:Low,-0.05,"[10,19]",false
intervention_cost=0.05,1715,[0],0,no_op:none:none,0,[0],false
intervention_cost=0.05,1716,"[1,10,19]",1,intervention:L16_CWE-120_B:Low,-0.05,"[1,10,19]",false
intervention_cost=0.05,1717,[0],0,no_op:none:none,0,[0],false
intervention_cost=0.05,1718,[0],0,no_op:none:none,0,[0],false
intervention_cost=0.05,1719,"[10,19]",10,intervention:L23_CWE-327_A:Low,-0.05,"[10,19]",false
intervention_cost=0.05,1720,"[1,10,19]",1,intervention:L16_CWE-120_B:Low,-0.05,"[1,10,19]",false
intervention_cost=0.05,1722,[0],0,no_op:none:none,0,[0],false
intervention_cost=0.05,1723,[0],0,no_op:none:none,0,[0],false
intervention_cost=0.05,1724,[0],0,no_op:none:none,0,[0],false
intervention_cost=0.05,1725,[0],0,no_op:none:none,0,[0],false
intervention_cost=0.05,1727,[0],0,no_op:none:none,0,[0],false
intervention_cost=0.05,1729,"[1,19]",1,intervention:L16_CWE-120_B:Low,-0.05,"[1,19]",false
intervention_cost=0.05,1730,[0],0,no_op:none:none,0,[0],false
intervention_cost=0.05,1732,[0],0,no_op:none:none,0,[0],false
intervention_cost=0.05,1733,[0],0,no_op:none:none,0,[0],false
intervention_cost=0.05,1734,[0],0,no_op:none:none,0,[0],false
intervention_cost=0.05,1739,[0],0,no_op:none:none,0,[0],false
intervention_cost=0.05,1740,"[1,10,19]",1,intervention:L16_CWE-120_B:Low,-0.05,"[1,10,19]",false
intervention_cost=0.05,1741,[0],0,no_op:none:none,0,[0],false
intervention_cost=0.05,1743,"[1,10,19]",1,intervention:L16_CWE-120_B:Low,-0.05,"[1,10,19]",false
intervention_cost=0.05,1747,[0],0,no_op:none:none,0,[0],false
intervention_cost=0.05,1748,[0],0,no_op:none:none,1,[0],false
intervention_cost=0.05,1749,[0],0,no_op:none:none,0,[0],false
intervention_cost=0.05,1752,[0],0,no_op:none:none,1,[0],false
intervention_cost=0.05,1753,"[1,10,19]",1,intervention:L16_CWE-120_B:Low,-0.05,"[1,10,19]",false
intervention_cost=0.05,1754,[0],0,no_op:none:none,0,[0],false
intervention_cost=0.05,1755,[0],0,no_op:none:none,0,[0],false
intervention_cost=0.05,1757,[0],0,no_op:none:none,0,[0],false
intervention_cost=0.05,1758,[0],0,no_op:none:none,0,[0],false
intervention_cost=0.05,1759,[0],0,no_op:none:none,0,[0],false
intervention_cost=0.05,1762,[0],0,no_op:none:none,0,[0],false
intervention_cost=0.05,1763,"[1,19]",1,intervention:L16_CWE-120_B:Low,-0.05,"[1,19]",false
intervention_cost=0.05,1765,[0],0,no_op:none:none,0,[0],false
intervention_cost=0.05,1766,[0],0,no_op:none:none,0,[0],false
intervention_cost=0.05,1767,[0],0,no_op:none:none,0,[0],false
intervention_cost=0.05,1768,[0],0,no_op:none:none,0,[0],false
intervention_cost=0.05,1769,[0],0,no_op:none:none,0,[0],false
intervention_cost=0.05,1770,"[1,10,19]",1,intervention:L16_CWE-120_B:Low,-0.05,"[1,10,19]",false
intervention_cost=0.05,1772,[0],0,no_op:none:none,0,[0],false
intervention_cost=0.05,1773,[0],0,no_op:none:none,0,[0],false
intervention_cost=0.05,1776,[0],0,no_op:none:none,0,[0],false
intervention_cost=0.05,1777,[0],0,no_op:none:none,0,[0],false
intervention_cost=0.05,1778,[0],0,no_op:none:none,0,[0],false
intervention_cost=0.05,1779,[0],0,no_op:none:none,0,[0],false
intervention_cost=0.05,1782,[0],0,no_op:none:none,0,[0],false
intervention_cost=0.05,1783,"[1,10,19]",1,intervention:L16_CWE-120_B:Low,0.95,"[1,10,19]",false
intervention_cost=0.05,1784,[0],0,no_op:none:none,0,[0],false
intervention_cost=0.05,1786,[0],0,no_op:none:none,0,[0],false
intervention_cost=0.05,1787,[0],0,no_op:none:none,0,[0],false
intervention_cost=0.05,1788,[0],0,no_op:none:none,0,[0],false
intervention_cost=0.05,1789,"[1,10,19]",1,intervention:L16_CWE-120_B:Low,-0.05,"[1,10,19]",false
intervention_cost=0.05,1790,[0],0,no_op:none:none,0,[0],false
intervention_cost=0.05,1791,[0],0,no_op:none:none,0,[0],false
intervention_cost=0.05,1792,[0],0,no_op:none:none,0,[0],false
intervention_cost=0.05,1793,[0],0,no_op:none:none,0,[0],false
intervention_cost=0.05,1794,[0],0,no_op:none:none,1,[0],false
intervention_cost=0.05,1795,[0],0,no_op:none:none,0,[0],false
intervention_cost=0.05,1796,[0],0,no_op:none:none,0,[0],false
intervention_cost=0.05,1798,[0],0,no_op:none:none,0,[0],false
intervention_cost=0.05,1799,"[1,10,19]",1,intervention:L16_CWE-120_B:Low,-0.05,"[1,10,19]",false
intervention_cost=0.05,1800,[0],0,no_op:none:none,0,[0],false
intervention_cost=0.05,1801,[0],0,no_op:none:none,0,[0],false
intervention_cost=0.05,1802,[0],0,no_op:none:none,0,[0],false
intervention_cost=0.05,1803,[0],0,no_op:none:none,0,[0],false
intervention_cost=0.05,1804,[0],0,no_op:none:none,0,[0],false
intervention_cost=0.05,1805,[0],0,no_op:none:none,0,[0],false
intervention_cost=0.05,1807,[0],0,no_op:none:none,0,[0],false
intervention_cost=0.05,1808,[0],0,no_op:none:none,0,[0],false
intervention_cost=0.05,1809,[0],0,no_op:none:none,1,[0],false
intervention_cost=0.05,1811,[0],0,no_op:none:none,0,[0],false
intervention_cost=0.05,1812,"[1,19]",1,intervention:L16_CWE-120_B:Low,-0.05,"[1,19]",false
intervention_cost=0.05,1814,[0],0,no_op:none:none,0,[0],false
intervention_cost=0.05,1816,[0],0,no_op:none:none,0,[0],false
intervention_cost=0.05,1817,[0],0,no_op:none:none,0,[0],false
intervention_cost=0.05,1818,[0],0,no_op:none:none,0,[0],false
intervention_cost=0.05,1819,[0],0,no_op:none:none,0,[0],false
intervention_cost=0.05,1820,[0],0,no_op:none:none,0,[0],false
intervention_cost=0.05,1821,[0],0,no_op:none:none,0,[0],false
intervention_cost=0.05,1822,[0],0,no_op:none:none,0,[0],false
intervention_cost=0.05,1823,[0],0,no_op:none:none,0,[0],false
intervention_cost=0.05,1824,[0],0,no_op:none:none,0,[0],false
intervention_cost=0.05,1825,[0],0,no_op:none:none,0,[0],false
intervention_cost=0.05,1826,"[1,10,19]",1,intervention:L16_CWE-120_B:Low,-0.05,"[1,10,19]",false
intervention_cost=0.05,1828,[0],0,no_op:none:none,0,[0],false
intervention_cost=0.05,1829,[0],0,no_op:none:none,0,[0],false
intervention_cost=0.05,1830,[0],0,no_op:none:none,0,[0],false
intervention_cost=0.05,1831,[0],0,no_op:none:none,0,[0],false
intervention_cost=0.05,1832,[0],0,no_op:none:none,1,[0],false
intervention_cost=0.05,1835,[0],0,no_op:none:none,0,[0],false
intervention_cost=0.05,1836,"[1,10,19]",1,intervention:L16_CWE-120_B:Low,-0.05,"[1,10,19]",false
intervention_cost=0.05,1838,[0],0,no_op:none:none,0,[0],false
intervention_cost=0.05,1839,[19],19,intervention:L23_CWE-89_A:Low,-0.05,[19],false
intervention_cost=0.05,1840,[0],0,no_op:none:none,0,[0],false
intervention_cost=0.05,1841,[0],0,no_op:none:none,0,[0],false
intervention_cost=0.05,1842,"[10,19]",10,intervention:L23_CWE-327_A:Low,-0.05,"[10,19]",false
intervention_cost=0.05,1843,[0],0,no_op:none:none,0,[0],false
intervention_cost=0.05,1844,"[1,10,19]",1,intervention:L16_CWE-120_B:Low,-0.05,"[1,10,19]",false
intervention_cost=0.05,1845,[0],0,no_op:none:none,0,[0],false
intervention_cost=0.05,1846,[0],0,no_op:none:none,1,[0],false
intervention_cost=0.05,1847,[0],0,no_op:none:none,0,[0],false
intervention_cost=0.05,1848,"[1,10,19]",1,intervention:L16_CWE-120_B:Low,-0.05,"[1,10,19]",false
intervention_cost=0.05,1850,[0],0,no_op:none:none,1,[0],false
intervention_cost=0.05,1851,[0],0,no_op:none:none,0,[0],false
intervention_cost=0.05,1853,[0],0,no_op:none:none,0,[0],false
intervention_cost=0.05,1855,[0],0,no_op:none:none,0,[0],false
intervention_cost=0.05,1858,[0],0,no_op:none:none,0,[0],false
intervention_cost=0.05,1859,[0],0,no_op:none:none,0,[0],false
intervention_cost=0.05,1860,[0],0,no_op:none:none,1,[0],false
intervention_cost=0.05,1861,[0],0,no_op:none:none,0,[0],false
intervention_cost=0.05,1865,"[1,10,19]",1,intervention:L16_CWE-120_B:Low,-0.05,"[1,10,19]",false
intervention_cost=0.05,1866,"[1,19]",1,intervention:L16_CWE-120_B:Low,0.95,"[1,19]",false
intervention_cost=0.05,1867,[0],0,no_op:none:none,0,[0],false
intervention_cost=0.05,1868,"[1,19]",1,intervention:L16_CWE-120_B:Low,-0.05,"[1,19]",false
intervention_cost=0.05,1872,[0],0,no_op:none:none,0,[0],false
intervention_cost=0.05,1873,[0],0,no_op:none:none,0,[0],false
intervention_cost=0.05,1875,[0],0,no_op:none:none,0,[0],false
intervention_cost=0.05,1876,[0],0,no_op:none:none,1,[0],false
intervention_cost=0.05,1877,[0],0,no_op:none:none,0,[0],false
intervention_cost=0.05,1878,"[1,10,19]",1,intervention:L16_CWE-120_B:Low,-0.05,"[1,10,19]",false
intervention_cost=0.05,1879,[0],0,no_op:none:none,1,[0],false
intervention_cost=0.05,1881,[0],0,no_op:none:none,0,[0],false
intervention_cost=0.05,1882,[0],0,no_op:none:none,0,[0],false
intervention_cost=0.05,1884,[0],0,no_op:none:none,0,[0],false
intervention_cost=0.05,1885,[0],0,no_op:none:none,0,[0],false
intervention_cost=0.05,1886,[0],0,no_op:none:none,0,[0],false
intervention_cost=0.05,1891,[0],0,no_op:none:none,0,[0],false
intervention_cost=0.05,1892,[0],0,no_op:none:none,1,[0],false
intervention_cost=0.05,1893,"[1,10,19]",1,intervention:L16_CWE-120_B:Low,-0.05,"[1,10,19]",false
intervention_cost=0.05,1895,[0],0,no_op:none:none,0,[0],false
intervention_cost=0.05,1897,[0],0,no_op:none:none,1,[0],false
intervention_cost=0.05,1900,"[1,10,19]",1,intervention:L16_CWE-120_B:Low,0.95,"[1,10,19]",false
intervention_cost=0.05,1901,"[1,10,19]",1,intervention:L16_CWE-120_B:Low,0.95,"[1,10,19]",false
intervention_cost=0.05,1903,[0],0,no_op:none:none,1,[0],false
intervention_cost=0.05,1904,[0],0,no_op:none:none,0,[0],false
intervention_cost=0.05,1905,[0],0,no_op:none:none,0,[0],false
intervention_cost=0.05,1909,"[1,10,19]",1,intervention:L16_CWE-120_B:Low,0.95,"[1,10,19]",false
intervention_cost=0.05,1911,[0],0,no_op:none:none,0,[0],false
intervention_cost=0.05,1912,[0],0,no_op:none:none,0,[0],false
intervention_cost=0.05,1913,[0],0,no_op:none:none,1,[0],false
intervention_cost=0.05,1915,[0],0,no_op:none:none,0,[0],false
intervention_cost=0.1,0,[0],0,no_op:none:none,0,[0],false
intervention_cost=0.1,2,[0],0,no_op:none:none,0,[0],false
intervention_cost=0.1,5,"[7,10]",7,intervention:L19_CWE-120_B:Low,-0.1,"[7,10]",false
intervention_cost=0.1,8,[0],0,no_op:none:none,0,[0],false
intervention_cost=0.1,9,[0],0,no_op:none:none,0,[0],false
intervention_cost=0.1,10,[0],0,no_op:none:none,0,[0],false
intervention_cost=0.1,11,[0],0,no_op:none:none,1,[0],false
intervention_cost=0.1,12,[7],7,intervention:L19_CWE-120_B:Low,0.9,[7],false
intervention_cost=0.1,15,[0],0,no_op:none:none,0,[0],false
intervention_cost=0.1,17,[0],0,no_op:none:none,1,[0],false
intervention_cost=0.1,18,"[7,10]",7,intervention:L19_CWE-120_B:Low,0.9,"[7,10]",false
intervention_cost=0.1,20,[0],0,no_op:none:none,0,[0],false
intervention_cost=0.1,21,[0],0,no_op:none:none,0,[0],false
intervention_cost=0.1,22,"[1,10,19]",1,intervention:L16_CWE-120_B:Low,0.9,"[1,10,19]",false
intervention_cost=0.1,24,[0],0,no_op:none:none,0,[0],false
intervention_cost=0.1,25,[0],0,no_op:none:none,0,[0],false
intervention_cost=0.1,26,[0],0,no_op:none:none,0,[0],false
intervention_cost=0.1,27,"[7,10]",7,intervention:L19_CWE-120_B:Low,0.9,"[7,10]",false
intervention_cost=0.1,28,[0],0,no_op:none:none,0,[0],false
intervention_cost=0.1,29,[0],0,no_op:none:none,0,[0],false
intervention_cost=0.1,31,"[1,10,19]",1,intervention:L16_CWE-120_B:Low,0.9,"[1,10,19]",false
intervention_cost=0.1,32,[0],0,no_op:none:none,0,[0],false
intervention_cost=0.1,33,[0],0,no_op:none:none,0,[0],false
intervention_cost=0.1,34,[0],0,no_op:none:none,0,[0],false
intervention_cost=0.1,35,[0],0,no_op:none:none,0,[0],false
intervention_cost=0.1,36,[0],0,no_op:none:none,0,[0],false
intervention_cost=0.1,37,[7],7,intervention:L19_CWE-120_B:Low,-0.1,[7],false
intervention_cost=0.1,38,"[1,19]",1,intervention:L16_CWE-120_B:Low,0.9,"[1,19]",false
intervention_cost=0.1,40,[0],0,no_op:none:none,0,[0],false
intervention_cost=0.1,41,"[7,10]",7,intervention:L19_CWE-120_B:Low,-0.1,"[7,10]",false
intervention_cost=0.1,42,[0],0,no_op:none:none,0,[0],false
intervention_cost=0.1,44,[7],7,intervention:L19_CWE-120_B:Low,0.9,[7],false
intervention_cost=0.1,45,"[7,10]",7,intervention:L19_CWE-120_B:Low,0.9,"[7,10]",false
intervention_cost=0.1,46,[0],0,no_op:none:none,0,[0],false
intervention_cost=0.1,47,"[7,10]",7,intervention:L19_CWE-120_B:Low,-0.1,"[7,10]",false
intervention_cost=0.1,49,[0],0,no_op:none:none,0,[0],false
intervention_cost=0.1,52,[0],0,no_op:none:none,0,[0],false
intervention_cost=0.1,53,"[1,10,19]",1,intervention:L16_CWE-120_B:Low,-0.1,"[1,10,19]",false
intervention_cost=0.1,55,[0],0,no_op:none:none,0,[0],false
intervention_cost=0.1,57,[0],0,no_op:none:none,0,[0],false
intervention_cost=0.1,58,[0],0,no_op:none:none,0,[0],false
intervention_cost=0.1,59,[0],0,no_op:none:none,0,[0],false
intervention_cost=0.1,60,[0],0,no_op:none:none,0,[0],false
intervention_cost=0.1,62,"[7,10]",7,intervention:L19_CWE-120_B:Low,-0.1,"[7,10]",false
intervention_cost=0.1,63,[0],0,no_op:none:none,0,[0],false
intervention_cost=0.1,66,[0],0,no_op:none:none,0,[0],false
intervention_cost=0.1,67,[0],0,no_op:none:none,0,[0],false
intervention_cost=0.1,68,[0],0,no_op:none:none,0,[0],false
intervention_cost=0.1,69,[0],0,no_op:none:none,0,[0],false
intervention_cost=0.1,70,[0],0,no_op:none:none,0,[0],false
intervention_cost=0.1,71,"[7,10]",7,intervention:L19_CWE-120_B:Low,-0.1,"[7,10]",false
intervention_cost=0.1,72,[0],0,no_op:none:none,0,[0],false
intervention_cost=0.1,74,[0],0,no_op:none:none,0,[0],false
intervention_cost=0.1,75,[0],0,no_op:none:none,0,[0],false
intervention_cost=0.1,76,[0],0,no_op:none:none,0,[0],false
intervention_cost=0.1,77,[0],0,no_op:none:none,0,[0],false
intervention_cost=0.1,80,[0],0,no_op:none:none,0,[0],false
intervention_cost=0.1,82,[0],0,no_op:none:none,0,[0],false
intervention_cost=0.1,83,"[1,19]",1,intervention:L16_CWE-120_B:Low,-0.1,"[1,19]",false
intervention_cost=0.1,84,"[7,10]",7,intervention:L19_CWE-120_B:Low,-0.1,"[7,10]",false
intervention_cost=0.1,86,[0],0,no_op:none:none,0,[0],false
intervention_cost=0.1,87,"[1,10,19]",1,intervention:L16_CWE-120_B:Low,0.9,"[1,10,19]",false
intervention_cost=0.1,89,[0],0,no_op:none:none,0,[0],false
intervention_cost=0.1,91,[0],0,no_op:none:none,0,[0],false
intervention_cost=0.1,92,[0],0,no_op:none:none,0,[0],false
intervention_cost=0.1,94,[0],0,no_op:none:none,0,[0],false
intervention_cost=0.1,95,[0],0,no_op:none:none,1,[0],false
intervention_cost=0.1,97,[0],0,no_op:none:none,0,[0],false
intervention_cost=0.1,98,[0],0,no_op:none:none,0,[0],false
intervention_cost=0.1,99,[0],0,no_op:none:none,0,[0],false
intervention_cost=0.1,100,[0],0,no_op:none:none,0,[0],false
intervention_cost=0.1,101,[0],0,no_op:none:none,0,[0],false
intervention_cost=0.1,105,[7],7,intervention:L19_CWE-120_B:Low,0.9,[7],false
intervention_cost=0.1,106,[0],0,no_op:none:none,0,[0],false
intervention_cost=0.1,107,[0],0,no_op:none:none,0,[0],false
intervention_cost=0.1,108,[0],0,no_op:none:none,0,[0],false
intervention_cost=0.1,109,[0],0,no_op:none:none,0,[0],false
intervention_cost=0.1,111,[0],0,no_op:none:none,0,[0],false
intervention_cost=0.1,112,[0],0,no_op:none:none,0,[0],false
intervention_cost=0.1,113,[0],0,no_op:none:none,0,[0],false
intervention_cost=0.1,115,"[7,10]",7,intervention:L19_CWE-120_B:Low,0.9,"[7,10]",false
intervention_cost=0.1,121,[0],0,no_op:none:none,0,[0],false
intervention_cost=0.1,122,"[1,10,19]",1,intervention:L16_CWE-120_B:Low,-0.1,"[1,10,19]",false
intervention_cost=0.1,123,[0],0,no_op:none:none,0,[0],false
intervention_cost=0.1,125,[0],0,no_op:none:none,0,[0],false
intervention_cost=0.1,126,[0],0,no_op:none:none,0,[0],false
intervention_cost=0.1,127,[0],0,no_op:none:none,0,[0],false
intervention_cost=0.1,128,[0],0,no_op:none:none,0,[0],false
intervention_cost=0.1,129,[0],0,no_op:none:none,0,[0],false
intervention_cost=0.1,132,[0],0,no_op:none:none,0,[0],false
intervention_cost=0.1,133,[7],7,intervention:L19_CWE-120_B:Low,-0.1,[7],false
intervention_cost=0.1,134,[0],0,no_op:none:none,0,[0],false
intervention_cost=0.1,136,[0],0,no_op:none:none,0,[0],false
intervention_cost=0.1,137,[0],0,no_op:none:none,0,[0],false
intervention_cost=0.1,143,[0],0,no_op:none:none,0,[0],false
intervention_cost=0.1,144,[0],0,no_op:none:none,0,[0],false
intervention_cost=0.1,147,[0],0,no_op:none:none,0,[0],false
intervention_cost=0.1,149,[0],0,no_op:none:none,0,[0],false
intervention_cost=0.1,151,[0],0,no_op:none:none,0,[0],false
intervention_cost=0.1,152,[0],0,no_op:none:none,0,[0],false
intervention_cost=0.1,153,[0],0,no_op:none:none,0,[0],false
intervention_cost=0.1,155,[0],0,no_op:none:none,1,[0],false
intervention_cost=0.1,156,[0],0,no_op:none:none,0,[0],false
intervention_cost=0.1,157,"[1,10,19]",1,intervention:L16_CWE-120_B:Low,0.9,"[1,10,19]",false
intervention_cost=0.1,158,[0],0,no_op:none:none,0,[0],false
intervention_cost=0.1,159,[0],0,no_op:none:none,0,[0],false
intervention_cost=0.1,160,[0],0,no_op:none:none,0,[0],false
intervention_cost=0.1,162,"[7,10]",7,intervention:L19_CWE-120_B:Low,-0.1,"[7,10]",false
intervention_cost=0.1,165,"[7,10]",7,intervention:L19_CWE-120_B:Low,-0.1,"[7,10]",false
intervention_cost=0.1,166,"[1,10,19]",1,intervention:L16_CWE-120_B:Low,-0.1,"[1,10,19]",false
intervention_cost=0.1,168,[0],0,no_op:none:none,0,[0],false
intervention_cost=0.1,169,[0],0,no_op:none:none,0,[0],false
intervention_cost=0.1,170,"[1,10,19]",1,intervention:L16_CWE-120_B:Low,-0.1,"[1,10,19]",false
intervention_cost=0.1,171,[0],0,no_op:none:none,0,[0],false
intervention_cost=0.1,172,[0],0,no_op:none:none,0,[0],false
intervention_cost=0.1,173,[0],0,no_op:none:none,0,[0],false
intervention_cost=0.1,174,[0],0,no_op:none:none,0,[0],false
intervention_cost=0.1,176,"[1,10,19]",1,intervention:L16_CWE-120_B:Low,-0.1,"[1,10,19]",false
intervention_cost=0.1,177,[0],0,no_op:none:none,0,[0],false
intervention_cost=0.1,179,[0],0,no_op:none:none,0,[0],false
intervention_cost=0.1,180,[0],0,no_op:none:none,0,[0],false
intervention_cost=0.1,181,[0],0,no_op:none:none,0,[0],false
intervention_cost=0.1,182,[0],0,no_op:none:none,0,[0],false
intervention_cost=0.1,183,[0],0,no_op:none:none,0,[0],false
intervention_cost=0.1,184,[0],0,no_op:none:none,0,[0],false
intervention_cost=0.1,185,"[1,10,19]",1,intervention:L16_CWE-120_B:Low,0.9,"[1,10,19]",false
intervention_cost=0.1,187,[0],0,no_op:none:none,0,[0],false
intervention_cost=0.1,188,[0],0,no_op:none:none,0,[0],false
intervention_cost=0.1,190,[0],0,no_op:none:none,0,[0],false
intervention_cost=0.1,192,[0],0,no_op:none:none,0,[0],false
intervention_cost=0.1,194,[0],0,no_op:none:none,1.25,[0],false
intervention_cost=0.1,195,"[1,10,19]",1,intervention:L16_CWE-120_B:Low,0.9,"[1,10,19]",false
intervention_cost=0.1,196,[0],0,no_op:none:none,0,[0],false
intervention_cost=0.1,197,[0],0,no_op:none:none,0,[0],false
intervention_cost=0.1,199,[0],0,no_op:none:none,0,[0],false
intervention_cost=0.1,202,[0],0,no_op:none:none,0,[0],false
intervention_cost=0.1,203,[0],0,no_op:none:none,0,[0],false
intervention_cost=0.1,205,[0],0,no_op:none:none,0,[0],false
intervention_cost=0.1,207,[7],7,intervention:L19_CWE-120_B:Low,0.9,[7],false
intervention_cost=0.1,208,[0],0,no_op:none:none,0,[0],false
intervention_cost=0.1,211,[0],0,no_op:none:none,0,[0],false
intervention_cost=0.1,213,[0],0,no_op:none:none,1.25,[0],false
intervention_cost=0.1,214,[7],7,intervention:L19_CWE-120_B:Low,-0.1,[7],false
intervention_cost=0.1,215,[0],0,no_op:none:none,0,[0],false
intervention_cost=0.1,216,[0],0,no_op:none:none,0,[0],false
intervention_cost=0.1,218,[0],0,no_op:none:none,0,[0],false
intervention_cost=0.1,220,[7],7,intervention:L19_CWE-120_B:Low,-0.1,[7],false
intervention_cost=0.1,225,[0],0,no_op:none:none,0,[0],false
intervention_cost=0.1,226,[0],0,no_op:none:none,0,[0],false
intervention_cost=0.1,227,[0],0,no_op:none:none,0,[0],false
intervention_cost=0.1,230,[0],0,no_op:none:none,0,[0],false
intervention_cost=0.1,231,[0],0,no_op:none:none,0,[0],false
intervention_cost=0.1,232,[0],0,no_op:none:none,0,[0],false
intervention_cost=0.1,233,[0],0,no_op:none:none,0,[0],false
intervention_cost=0.1,235,[0],0,no_op:none:none,0,[0],false
intervention_cost=0.1,237,[0],0,no_op:none:none,0,[0],false
intervention_cost=0.1,238,[0],0,no_op:none:none,0,[0],false
intervention_cost=0.1,239,[0],0,no_op:none:none,0,[0],false
intervention_cost=0.1,240,[0],0,no_op:none:none,0,[0],false
intervention_cost=0.1,241,[0],0,no_op:none:none,0,[0],false
intervention_cost=0.1,242,[0],0,no_op:none:none,0,[0],false
intervention_cost=0.1,243,[0],0,no_op:none:none,0,[0],false
intervention_cost=0.1,244,[0],0,no_op:none:none,0,[0],false
intervention_cost=0.1,246,[0],0,no_op:none:none,0,[0],false
intervention_cost=0.1,248,[0],0,no_op:none:none,0,[0],false
intervention_cost=0.1,249,[0],0,no_op:none:none,0,[0],false
intervention_cost=0.1,250,[0],0,no_op:none:none,0,[0],false
intervention_cost=0.1,251,[0],0,no_op:none:none,0,[0],false
intervention_cost=0.1,252,[0],0,no_op:none:none,0,[0],false
intervention_cost=0.1,253,[0],0,no_op:none:none,0,[0],false
intervention_cost=0.1,254,[0],0,no_op:none:none,0,[0],false
intervention_cost=0.1,256,[0],0,no_op:none:none,0,[0],false
intervention_cost=0.1,258,[0],0,no_op:none:none,0,[0],false
intervention_cost=0.1,259,[0],0,no_op:none:none,0,[0],false
intervention_cost=0.1,260,[0],0,no_op:none:none,0,[0],false
intervention_cost=0.1,263,[0],0,no_op:none:none,0,[0],false
intervention_cost=0.1,264,[0],0,no_op:none:none,0,[0],false
intervention_cost=0.1,265,[0],0,no_op:none:none,0,[0],false
intervention_cost=0.1,266,[0],0,no_op:none:none,0,[0],false
intervention_cost=0.1,269,[0],0,no_op:none:none,0,[0],false
intervention_cost=0.1,272,[0],0,no_op:none:none,0,[0],false
intervention_cost=0.1,273,[0],0,no_op:none:none,0,[0],false
intervention_cost=0.1,274,[0],0,no_op:none:none,0,[0],false
intervention_cost=0.1,276,[0],0,no_op:none:none,0,[0],false
intervention_cost=0.1,277,[0],0,no_op:none:none,0,[0],false
intervention_cost=0.1,278,[0],0,no_op:none:none,0,[0],false
intervention_cost=0.1,279,[0],0,no_op:none:none,0,[0],false
intervention_cost=0.1,280,[0],0,no_op:none:none,0,[0],false
intervention_cost=0.1,281,[0],0,no_op:none:none,0,[0],false
intervention_cost=0.1,282,[0],0,no_op:none:none,0,[0],false
intervention_cost=0.1,284,[0],0,no_op:none:none,0,[0],false
intervention_cost=0.1,286,[0],0,no_op:none:none,0,[0],false
intervention_cost=0.1,288,[0],0,no_op:none:none,0,[0],false
intervention_cost=0.1,289,[0],0,no_op:none:none,0,[0],false
intervention_cost=0.1,290,[0],0,no_op:none:none,0,[0],false
intervention_cost=0.1,291,[0],0,no_op:none:none,0,[0],false
intervention_cost=0.1,293,[0],0,no_op:none:none,0,[0],false
intervention_cost=0.1,294,[0],0,no_op:none:none,0,[0],false
intervention_cost=0.1,295,[0],0,no_op:none:none,0,[0],false
intervention_cost=0.1,296,[0],0,no_op:none:none,0,[0],false
intervention_cost=0.1,297,[0],0,no_op:none:none,0,[0],false
intervention_cost=0.1,298,[0],0,no_op:none:none,0,[0],false
intervention_cost=0.1,299,[0],0,no_op:none:none,0,[0],false
intervention_cost=0.1,300,[0],0,no_op:none:none,0,[0],false
intervention_cost=0.1,301,[0],0,no_op:none:none,0,[0],false
intervention_cost=0.1,302,[0],0,no_op:none:none,0,[0],false
intervention_cost=0.1,304,[0],0,no_op:none:none,0,[0],false
intervention_cost=0.1,306,[0],0,no_op:none:none,0,[0],false
intervention_cost=0.1,307,[0],0,no_op:none:none,0,[0],false
intervention_cost=0.1,308,[0],0,no_op:none:none,0,[0],false
intervention_cost=0.1,309,[0],0,no_op:none:none,0,[0],false
intervention_cost=0.1,310,[0],0,no_op:none:none,0,[0],false
intervention_cost=0.1,311,[0],0,no_op:none:none,0,[0],false
intervention_cost=0.1,312,[0],0,no_op:none:none,0,[0],false
intervention_cost=0.1,314,[0],0,no_op:none:none,0,[0],false
intervention_cost=0.1,315,[0],0,no_op:none:none,0,[0],false
intervention_cost=0.1,319,[0],0,no_op:none:none,0,[0],false
intervention_cost=0.1,320,[0],0,no_op:none:none,0,[0],false
intervention_cost=0.1,321,[0],0,no_op:none:none,0,[0],false
intervention_cost=0.1,324,[0],0,no_op:none:none,0,[0],false
intervention_cost=0.1,325,[0],0,no_op:none:none,0,[0],false
intervention_cost=0.1,328,[0],0,no_op:none:none,0,[0],false
intervention_cost=0.1,329,[0],0,no_op:none:none,0,[0],false
intervention_cost=0.1,331,[0],0,no_op:none:none,0,[0],false
intervention_cost=0.1,335,[0],0,no_op:none:none,0,[0],false
intervention_cost=0.1,336,[0],0,no_op:none:none,0,[0],false
intervention_cost=0.1,339,[0],0,no_op:none:none,0,[0],false
intervention_cost=0.1,341,[0],0,no_op:none:none,0,[0],false
intervention_cost=0.1,342,[0],0,no_op:none:none,0,[0],false
intervention_cost=0.1,343,[0],0,no_op:none:none,0,[0],false
intervention_cost=0.1,344,[0],0,no_op:none:none,0,[0],false
intervention_cost=0.1,345,[0],0,no_op:none:none,0,[0],false
intervention_cost=0.1,346,[0],0,no_op:none:none,0,[0],false
intervention_cost=0.1,347,[0],0,no_op:none:none,0,[0],false
intervention_cost=0.1,348,[0],0,no_op:none:none,0,[0],false
intervention_cost=0.1,349,[0],0,no_op:none:none,0,[0],false
intervention_cost=0.1,351,[0],0,no_op:none:none,0,[0],false
intervention_cost=0.1,352,[0],0,no_op:none:none,0,[0],false
intervention_cost=0.1,353,[0],0,no_op:none:none,0,[0],false
intervention_cost=0.1,354,[0],0,no_op:none:none,0,[0],false
intervention_cost=0.1,355,[0],0,no_op:none:none,0,[0],false
intervention_cost=0.1,356,[0],0,no_op:none:none,0,[0],false
intervention_cost=0.1,357,[0],0,no_op:none:none,0,[0],false
intervention_cost=0.1,358,[0],0,no_op:none:none,0,[0],false
intervention_cost=0.1,359,[0],0,no_op:none:none,0,[0],false
intervention_cost=0.1,360,[0],0,no_op:none:none,0,[0],false
intervention_cost=0.1,361,[0],0,no_op:none:none,0,[0],false
intervention_cost=0.1,363,[0],0,no_op:none:none,0,[0],false
intervention_cost=0.1,364,[0],0,no_op:none:none,0,[0],false
intervention_cost=0.1,366,[0],0,no_op:none:none,0,[0],false
intervention_cost=0.1,368,[0],0,no_op:none:none,0,[0],false
intervention_cost=0.1,369,[0],0,no_op:none:none,0,[0],false
intervention_cost=0.1,370,[0],0,no_op:none:none,0,[0],false
intervention_cost=0.1,371,[0],0,no_op:none:none,0,[0],false
intervention_cost=0.1,372,[0],0,no_op:none:none,0,[0],false
intervention_cost=0.1,373,[0],0,no_op:none:none,0,[0],false
intervention_cost=0.1,374,[0],0,no_op:none:none,0,[0],false
intervention_cost=0.1,376,[0],0,no_op:none:none,0,[0],false
intervention_cost=0.1,377,[0],0,no_op:none:none,0,[0],false
intervention_cost=0.1,378,[0],0,no_op:none:none,0,[0],false
intervention_cost=0.1,379,[0],0,no_op:none:none,0,[0],false
intervention_cost=0.1,381,[0],0,no_op:none:none,0,[0],false
intervention_cost=0.1,382,[0],0,no_op:none:none,0,[0],false
intervention_cost=0.1,383,[0],0,no_op:none:none,0,[0],false
intervention_cost=0.1,384,[0],0,no_op:none:none,0,[0],false
intervention_cost=0.1,385,[0],0,no_op:none:none,0,[0],false
intervention_cost=0.1,386,[0],0,no_op:none:none,0,[0],false
intervention_cost=0.1,387,[0],0,no_op:none:none,0,[0],false
intervention_cost=0.1,390,[0],0,no_op:none:none,0,[0],false
intervention_cost=0.1,391,[0],0,no_op:none:none,0,[0],false
intervention_cost=0.1,394,[0],0,no_op:none:none,0,[0],false
intervention_cost=0.1,396,[0],0,no_op:none:none,0,[0],false
intervention_cost=0.1,397,[0],0,no_op:none:none,0,[0],false
intervention_cost=0.1,398,[0],0,no_op:none:none,0,[0],false
intervention_cost=0.1,399,[0],0,no_op:none:none,0,[0],false
intervention_cost=0.1,400,[0],0,no_op:none:none,0,[0],false
intervention_cost=0.1,401,[0],0,no_op:none:none,0,[0],false
intervention_cost=0.1,402,[0],0,no_op:none:none,0,[0],false
intervention_cost=0.1,403,[0],0,no_op:none:none,0,[0],false
intervention_cost=0.1,404,[0],0,no_op:none:none,0,[0],false
intervention_cost=0.1,405,[0],0,no_op:none:none,0,[0],false
intervention_cost=0.1,406,[0],0,no_op:none:none,0,[0],false
intervention_cost=0.1,409,[0],0,no_op:none:none,0,[0],false
intervention_cost=0.1,410,[0],0,no_op:none:none,0,[0],false
intervention_cost=0.1,412,[0],0,no_op:none:none,0,[0],false
intervention_cost=0.1,413,[0],0,no_op:none:none,0,[0],false
intervention_cost=0.1,414,[0],0,no_op:none:none,0,[0],false
intervention_cost=0.1,415,[0],0,no_op:none:none,0,[0],false
intervention_cost=0.1,417,[0],0,no_op:none:none,0,[0],false
intervention_cost=0.1,419,[0],0,no_op:none:none,0,[0],false
intervention_cost=0.1,420,[0],0,no_op:none:none,0,[0],false
intervention_cost=0.1,421,[0],0,no_op:none:none,0,[0],false
intervention_cost=0.1,422,[0],0,no_op:none:none,0,[0],false
intervention_cost=0.1,423,[0],0,no_op:none:none,1,[0],false
intervention_cost=0.1,424,[0],0,no_op:none:none,0,[0],false
intervention_cost=0.1,425,[0],0,no_op:none:none,0,[0],false
intervention_cost=0.1,426,[0],0,no_op:none:none,0,[0],false
intervention_cost=0.1,427,[0],0,no_op:none:none,0,[0],false
intervention_cost=0.1,428,[0],0,no_op:none:none,0,[0],false
intervention_cost=0.1,434,[0],0,no_op:none:none,0,[0],false
intervention_cost=0.1,439,[0],0,no_op:none:none,0,[0],false
intervention_cost=0.1,441,[0],0,no_op:none:none,0,[0],false
intervention_cost=0.1,442,[0],0,no_op:none:none,0,[0],false
intervention_cost=0.1,443,[0],0,no_op:none:none,0,[0],false
intervention_cost=0.1,444,[0],0,no_op:none:none,0,[0],false
intervention_cost=0.1,446,[0],0,no_op:none:none,0,[0],false
intervention_cost=0.1,448,[0],0,no_op:none:none,0,[0],false
intervention_cost=0.1,450,[0],0,no_op:none:none,0,[0],false
intervention_cost=0.1,452,[0],0,no_op:none:none,0,[0],false
intervention_cost=0.1,453,[0],0,no_op:none:none,0,[0],false
intervention_cost=0.1,454,[0],0,no_op:none:none,0,[0],false
intervention_cost=0.1,458,[0],0,no_op:none:none,0,[0],false
intervention_cost=0.1,459,[0],0,no_op:none:none,0,[0],false
intervention_cost=0.1,461,[0],0,no_op:none:none,0,[0],false
intervention_cost=0.1,462,[0],0,no_op:none:none,0,[0],false
intervention_cost=0.1,463,[0],0,no_op:none:none,0,[0],false
intervention_cost=0.1,464,[0],0,no_op:none:none,0,[0],false
intervention_cost=0.1,465,[0],0,no_op:none:none,0,[0],false
intervention_cost=0.1,467,[0],0,no_op:none:none,0,[0],false
intervention_cost=0.1,470,[0],0,no_op:none:none,0,[0],false
intervention_cost=0.1,472,[0],0,no_op:none:none,0,[0],false
intervention_cost=0.1,473,[0],0,no_op:none:none,0,[0],false
intervention_cost=0.1,474,[0],0,no_op:none:none,0,[0],false
intervention_cost=0.1,475,[0],0,no_op:none:none,0,[0],false
intervention_cost=0.1,477,[0],0,no_op:none:none,0,[0],false
intervention_cost=0.1,478,[0],0,no_op:none:none,0,[0],false
intervention_cost=0.1,479,[0],0,no_op:none:none,0,[0],false
intervention_cost=0.1,480,[0],0,no_op:none:none,0,[0],false
intervention_cost=0.1,482,[0],0,no_op:none:none,0,[0],false
intervention_cost=0.1,483,[0],0,no_op:none:none,0,[0],false
intervention_cost=0.1,485,[0],0,no_op:none:none,0,[0],false
intervention_cost=0.1,486,[0],0,no_op:none:none,0,[0],false
intervention_cost=0.1,489,[0],0,no_op:none:none,0,[0],false
intervention_cost=0.1,491,[0],0,no_op:none:none,0,[0],false
intervention_cost=0.1,492,[0],0,no_op:none:none,0,[0],false
intervention_cost=0.1,494,[0],0,no_op:none:none,0,[0],false
intervention_cost=0.1,495,[0],0,no_op:none:none,0,[0],false
intervention_cost=0.1,496,[0],0,no_op:none:none,0,[0],false
intervention_cost=0.1,498,[0],0,no_op:none:none,0,[0],false
intervention_cost=0.1,499,[0],0,no_op:none:none,0,[0],false
intervention_cost=0.1,502,[0],0,no_op:none:none,0,[0],false
intervention_cost=0.1,503,[0],0,no_op:none:none,0,[0],false
intervention_cost=0.1,506,[0],0,no_op:none:none,0,[0],false
intervention_cost=0.1,510,[0],0,no_op:none:none,0,[0],false
intervention_cost=0.1,512,[0],0,no_op:none:none,0,[0],false
intervention_cost=0.1,513,[0],0,no_op:none:none,0,[0],false
intervention_cost=0.1,515,[0],0,no_op:none:none,0,[0],false
intervention_cost=0.1,516,[0],0,no_op:none:none,0,[0],false
intervention_cost=0.1,517,[0],0,no_op:none:none,0,[0],false
intervention_cost=0.1,518,[0],0,no_op:none:none,0,[0],false
intervention_cost=0.1,519,[0],0,no_op:none:none,0,[0],false
intervention_cost=0.1,520,[0],0,no_op:none:none,0,[0],false
intervention_cost=0.1,522,[0],0,no_op:none:none,0,[0],false
intervention_cost=0.1,523,[0],0,no_op:none:none,0,[0],false
intervention_cost=0.1,524,[0],0,no_op:none:none,0,[0],false
intervention_cost=0.1,525,[0],0,no_op:none:none,0,[0],false
intervention_cost=0.1,526,[0],0,no_op:none:none,0,[0],false
intervention_cost=0.1,527,[0],0,no_op:none:none,0,[0],false
intervention_cost=0.1,528,[0],0,no_op:none:none,0,[0],false
intervention_cost=0.1,529,[0],0,no_op:none:none,0,[0],false
intervention_cost=0.1,530,[0],0,no_op:none:none,0,[0],false
intervention_cost=0.1,531,[0],0,no_op:none:none,0,[0],false
intervention_cost=0.1,532,[0],0,no_op:none:none,0,[0],false
intervention_cost=0.1,533,[0],0,no_op:none:none,0,[0],false
intervention_cost=0.1,535,[0],0,no_op:none:none,0,[0],false
intervention_cost=0.1,537,[0],0,no_op:none:none,0,[0],false
intervention_cost=0.1,544,[0],0,no_op:none:none,0,[0],false
intervention_cost=0.1,545,[0],0,no_op:none:none,0,[0],false
intervention_cost=0.1,547,[0],0,no_op:none:none,0,[0],false
intervention_cost=0.1,549,[0],0,no_op:none:none,0,[0],false
intervention_cost=0.1,550,[0],0,no_op:none:none,0,[0],false
intervention_cost=0.1,551,[0],0,no_op:none:none,0,[0],false
intervention_cost=0.1,553,[0],0,no_op:none:none,0,[0],false
intervention_cost=0.1,554,[0],0,no_op:none:none,0,[0],false
intervention_cost=0.1,555,[0],0,no_op:none:none,0,[0],false
intervention_cost=0.1,556,[0],0,no_op:none:none,0,[0],false
intervention_cost=0.1,558,[0],0,no_op:none:none,0,[0],false
intervention_cost=0.1,559,[0],0,no_op:none:none,0,[0],false
intervention_cost=0.1,560,[0],0,no_op:none:none,0,[0],false
intervention_cost=0.1,561,[0],0,no_op:none:none,0,[0],false
intervention_cost=0.1,562,[0],0,no_op:none:none,0,[0],false
intervention_cost=0.1,564,[0],0,no_op:none:none,0,[0],false
intervention_cost=0.1,565,[0],0,no_op:none:none,0,[0],false
intervention_cost=0.1,567,[0],0,no_op:none:none,0,[0],false
intervention_cost=0.1,568,[0],0,no_op:none:none,0,[0],false
intervention_cost=0.1,572,[0],0,no_op:none:none,0,[0],false
intervention_cost=0.1,573,[0],0,no_op:none:none,0,[0],false
intervention_cost=0.1,574,[0],0,no_op:none:none,0,[0],false
intervention_cost=0.1,575,[0],0,no_op:none:none,0,[0],false
intervention_cost=0.1,576,[0],0,no_op:none:none,0,[0],false
intervention_cost=0.1,578,[0],0,no_op:none:none,0,[0],false
intervention_cost=0.1,579,[0],0,no_op:none:none,0,[0],false
intervention_cost=0.1,580,[0],0,no_op:none:none,0,[0],false
intervention_cost=0.1,581,[0],0,no_op:none:none,0,[0],false
intervention_cost=0.1,582,[0],0,no_op:none:none,0,[0],false
intervention_cost=0.1,585,[0],0,no_op:none:none,0,[0],false
intervention_cost=0.1,586,[0],0,no_op:none:none,0,[0],false
intervention_cost=0.1,587,[0],0,no_op:none:none,0,[0],false
intervention_cost=0.1,588,[0],0,no_op:none:none,0,[0],false
intervention_cost=0.1,589,[0],0,no_op:none:none,0,[0],false
intervention_cost=0.1,590,[0],0,no_op:none:none,0,[0],false
intervention_cost=0.1,591,[0],0,no_op:none:none,0,[0],false
intervention_cost=0.1,593,[0],0,no_op:none:none,0,[0],false
intervention_cost=0.1,594,[0],0,no_op:none:none,0,[0],false
intervention_cost=0.1,595,[0],0,no_op:none:none,0,[0],false
intervention_cost=0.1,596,[0],0,no_op:none:none,0,[0],false
intervention_cost=0.1,597,[0],0,no_op:none:none,0,[0],false
intervention_cost=0.1,598,[0],0,no_op:none:none,0,[0],false
intervention_cost=0.1,599,[0],0,no_op:none:none,0,[0],false
intervention_cost=0.1,602,[0],0,no_op:none:none,0,[0],false
intervention_cost=0.1,603,[0],0,no_op:none:none,0,[0],false
intervention_cost=0.1,604,[0],0,no_op:none:none,0,[0],false
intervention_cost=0.1,605,[0],0,no_op:none:none,0,[0],false
intervention_cost=0.1,606,[0],0,no_op:none:none,0,[0],false
intervention_cost=0.1,608,[0],0,no_op:none:none,0,[0],false
intervention_cost=0.1,609,[0],0,no_op:none:none,0,[0],false
intervention_cost=0.1,610,[0],0,no_op:none:none,0,[0],false
intervention_cost=0.1,612,[0],0,no_op:none:none,0,[0],false
intervention_cost=0.1,615,[0],0,no_op:none:none,0,[0],false
intervention_cost=0.1,616,[0],0,no_op:none:none,0,[0],false
intervention_cost=0.1,617,[0],0,no_op:none:none,0,[0],false
intervention_cost=0.1,618,[0],0,no_op:none:none,0,[0],false
intervention_cost=0.1,620,[0],0,no_op:none:none,0,[0],false
intervention_cost=0.1,621,[0],0,no_op:none:none,0,[0],false
intervention_cost=0.1,622,[0],0,no_op:none:none,0,[0],false
intervention_cost=0.1,623,[0],0,no_op:none:none,0,[0],false
intervention_cost=0.1,624,[0],0,no_op:none:none,0,[0],false
intervention_cost=0.1,626,[0],0,no_op:none:none,0,[0],false
intervention_cost=0.1,627,[0],0,no_op:none:none,0,[0],false
intervention_cost=0.1,628,[0],0,no_op:none:none,0,[0],false
intervention_cost=0.1,630,[0],0,no_op:none:none,0,[0],false
intervention_cost=0.1,632,[0],0,no_op:none:none,0,[0],false
intervention_cost=0.1,633,[0],0,no_op:none:none,0,[0],false
intervention_cost=0.1,634,[0],0,no_op:none:none,0,[0],false
intervention_cost=0.1,635,[0],0,no_op:none:none,0,[0],false
intervention_cost=0.1,636,[0],0,no_op:none:none,0,[0],false
intervention_cost=0.1,637,[0],0,no_op:none:none,0,[0],false
intervention_cost=0.1,639,[0],0,no_op:none:none,0,[0],false
intervention_cost=0.1,640,[0],0,no_op:none:none,0,[0],false
intervention_cost=0.1,641,[0],0,no_op:none:none,0,[0],false
intervention_cost=0.1,645,[0],0,no_op:none:none,0,[0],false
intervention_cost=0.1,648,[0],0,no_op:none:none,0,[0],false
intervention_cost=0.1,649,[0],0,no_op:none:none,0,[0],false
intervention_cost=0.1,650,[0],0,no_op:none:none,0,[0],false
intervention_cost=0.1,651,[0],0,no_op:none:none,0,[0],false
intervention_cost=0.1,652,[0],0,no_op:none:none,0,[0],false
intervention_cost=0.1,653,[0],0,no_op:none:none,0,[0],false
intervention_cost=0.1,654,[0],0,no_op:none:none,0,[0],false
intervention_cost=0.1,655,[0],0,no_op:none:none,0,[0],false
intervention_cost=0.1,656,[0],0,no_op:none:none,0,[0],false
intervention_cost=0.1,657,[0],0,no_op:none:none,0,[0],false
intervention_cost=0.1,658,[0],0,no_op:none:none,0,[0],false
intervention_cost=0.1,659,[0],0,no_op:none:none,0,[0],false
intervention_cost=0.1,660,[0],0,no_op:none:none,0,[0],false
intervention_cost=0.1,661,[0],0,no_op:none:none,0,[0],false
intervention_cost=0.1,662,[0],0,no_op:none:none,0,[0],false
intervention_cost=0.1,665,[0],0,no_op:none:none,0,[0],false
intervention_cost=0.1,666,[0],0,no_op:none:none,0,[0],false
intervention_cost=0.1,667,[0],0,no_op:none:none,0,[0],false
intervention_cost=0.1,668,[0],0,no_op:none:none,0,[0],false
intervention_cost=0.1,669,[0],0,no_op:none:none,0,[0],false
intervention_cost=0.1,670,[0],0,no_op:none:none,0,[0],false
intervention_cost=0.1,671,[0],0,no_op:none:none,0,[0],false
intervention_cost=0.1,673,[0],0,no_op:none:none,0,[0],false
intervention_cost=0.1,674,[0],0,no_op:none:none,0,[0],false
intervention_cost=0.1,675,[0],0,no_op:none:none,0,[0],false
intervention_cost=0.1,677,[0],0,no_op:none:none,0,[0],false
intervention_cost=0.1,679,[0],0,no_op:none:none,0,[0],false
intervention_cost=0.1,681,[0],0,no_op:none:none,0,[0],false
intervention_cost=0.1,682,[0],0,no_op:none:none,0,[0],false
intervention_cost=0.1,684,[0],0,no_op:none:none,0,[0],false
intervention_cost=0.1,685,[0],0,no_op:none:none,0,[0],false
intervention_cost=0.1,686,[0],0,no_op:none:none,0,[0],false
intervention_cost=0.1,687,[0],0,no_op:none:none,0,[0],false
intervention_cost=0.1,688,[0],0,no_op:none:none,0,[0],false
intervention_cost=0.1,690,[0],0,no_op:none:none,0,[0],false
intervention_cost=0.1,691,[0],0,no_op:none:none,0,[0],false
intervention_cost=0.1,693,[0],0,no_op:none:none,0,[0],false
intervention_cost=0.1,695,[0],0,no_op:none:none,0,[0],false
intervention_cost=0.1,697,[0],0,no_op:none:none,0,[0],false
intervention_cost=0.1,698,[0],0,no_op:none:none,0,[0],false
intervention_cost=0.1,699,[0],0,no_op:none:none,0,[0],false
intervention_cost=0.1,700,[0],0,no_op:none:none,0,[0],false
intervention_cost=0.1,701,[0],0,no_op:none:none,0,[0],false
intervention_cost=0.1,703,[0],0,no_op:none:none,0,[0],false
intervention_cost=0.1,705,[0],0,no_op:none:none,0,[0],false
intervention_cost=0.1,706,[0],0,no_op:none:none,0,[0],false
intervention_cost=0.1,708,[0],0,no_op:none:none,0,[0],false
intervention_cost=0.1,709,[0],0,no_op:none:none,0,[0],false
intervention_cost=0.1,710,[0],0,no_op:none:none,0,[0],false
intervention_cost=0.1,711,[0],0,no_op:none:none,0,[0],false
intervention_cost=0.1,712,[0],0,no_op:none:none,0,[0],false
intervention_cost=0.1,713,[0],0,no_op:none:none,0,[0],false
intervention_cost=0.1,715,[0],0,no_op:none:none,0,[0],false
intervention_cost=0.1,717,[0],0,no_op:none:none,0,[0],false
intervention_cost=0.1,718,[0],0,no_op:none:none,0,[0],false
intervention_cost=0.1,720,[0],0,no_op:none:none,0,[0],false
intervention_cost=0.1,721,[0],0,no_op:none:none,0,[0],false
intervention_cost=0.1,722,[0],0,no_op:none:none,0,[0],false
intervention_cost=0.1,723,[0],0,no_op:none:none,0,[0],false
intervention_cost=0.1,726,[0],0,no_op:none:none,0,[0],false
intervention_cost=0.1,728,[0],0,no_op:none:none,0,[0],false
intervention_cost=0.1,729,[0],0,no_op:none:none,0,[0],false
intervention_cost=0.1,730,[0],0,no_op:none:none,0,[0],false
intervention_cost=0.1,731,[0],0,no_op:none:none,0,[0],false
intervention_cost=0.1,733,[0],0,no_op:none:none,0,[0],false
intervention_cost=0.1,734,[0],0,no_op:none:none,0,[0],false
intervention_cost=0.1,736,[0],0,no_op:none:none,0,[0],false
intervention_cost=0.1,737,[0],0,no_op:none:none,0,[0],false
intervention_cost=0.1,738,[0],0,no_op:none:none,0,[0],false
intervention_cost=0.1,739,[0],0,no_op:none:none,0,[0],false
intervention_cost=0.1,742,[0],0,no_op:none:none,0,[0],false
intervention_cost=0.1,744,[0],0,no_op:none:none,0,[0],false
intervention_cost=0.1,745,[0],0,no_op:none:none,0,[0],false
intervention_cost=0.1,748,[0],0,no_op:none:none,0,[0],false
intervention_cost=0.1,749,[0],0,no_op:none:none,0,[0],false
intervention_cost=0.1,750,[0],0,no_op:none:none,0,[0],false
intervention_cost=0.1,751,[0],0,no_op:none:none,0,[0],false
intervention_cost=0.1,752,[0],0,no_op:none:none,0,[0],false
intervention_cost=0.1,753,[0],0,no_op:none:none,0,[0],false
intervention_cost=0.1,754,[0],0,no_op:none:none,0,[0],false
intervention_cost=0.1,755,[0],0,no_op:none:none,0,[0],false
intervention_cost=0.1,757,[0],0,no_op:none:none,0,[0],false
intervention_cost=0.1,759,[0],0,no_op:none:none,0,[0],false
intervention_cost=0.1,760,[0],0,no_op:none:none,0,[0],false
intervention_cost=0.1,761,[0],0,no_op:none:none,0,[0],false
intervention_cost=0.1,762,[0],0,no_op:none:none,0,[0],false
intervention_cost=0.1,763,[0],0,no_op:none:none,0,[0],false
intervention_cost=0.1,766,[0],0,no_op:none:none,0,[0],false
intervention_cost=0.1,767,[0],0,no_op:none:none,0,[0],false
intervention_cost=0.1,768,[0],0,no_op:none:none,0,[0],false
intervention_cost=0.1,769,[0],0,no_op:none:none,0,[0],false
intervention_cost=0.1,770,[0],0,no_op:none:none,0,[0],false
intervention_cost=0.1,771,[0],0,no_op:none:none,0,[0],false
intervention_cost=0.1,772,[0],0,no_op:none:none,0,[0],false
intervention_cost=0.1,773,[0],0,no_op:none:none,0,[0],false
intervention_cost=0.1,774,[0],0,no_op:none:none,0,[0],false
intervention_cost=0.1,779,[0],0,no_op:none:none,0,[0],false
intervention_cost=0.1,780,[0],0,no_op:none:none,0,[0],false
intervention_cost=0.1,782,[0],0,no_op:none:none,0,[0],false
intervention_cost=0.1,784,[0],0,no_op:none:none,0,[0],false
intervention_cost=0.1,785,[0],0,no_op:none:none,0,[0],false
intervention_cost=0.1,786,[0],0,no_op:none:none,0,[0],false
intervention_cost=0.1,787,[0],0,no_op:none:none,0,[0],false
intervention_cost=0.1,789,[0],0,no_op:none:none,0,[0],false
intervention_cost=0.1,790,[0],0,no_op:none:none,0,[0],false
intervention_cost=0.1,791,[0],0,no_op:none:none,0,[0],false
intervention_cost=0.1,792,[0],0,no_op:none:none,0,[0],false
intervention_cost=0.1,793,[0],0,no_op:none:none,0,[0],false
intervention_cost=0.1,794,[0],0,no_op:none:none,0,[0],false
intervention_cost=0.1,795,[0],0,no_op:none:none,0,[0],false
intervention_cost=0.1,796,[0],0,no_op:none:none,0,[0],false
intervention_cost=0.1,797,[0],0,no_op:none:none,0,[0],false
intervention_cost=0.1,798,[0],0,no_op:none:none,0,[0],false
intervention_cost=0.1,800,[0],0,no_op:none:none,0,[0],false
intervention_cost=0.1,801,[0],0,no_op:none:none,0,[0],false
intervention_cost=0.1,802,[0],0,no_op:none:none,0,[0],false
intervention_cost=0.1,803,[0],0,no_op:none:none,0,[0],false
intervention_cost=0.1,804,[0],0,no_op:none:none,0,[0],false
intervention_cost=0.1,805,[0],0,no_op:none:none,0,[0],false
intervention_cost=0.1,806,[0],0,no_op:none:none,0,[0],false
intervention_cost=0.1,807,[0],0,no_op:none:none,0,[0],false
intervention_cost=0.1,808,[0],0,no_op:none:none,0,[0],false
intervention_cost=0.1,809,[0],0,no_op:none:none,0,[0],false
intervention_cost=0.1,811,[0],0,no_op:none:none,0,[0],false
intervention_cost=0.1,812,[0],0,no_op:none:none,0,[0],false
intervention_cost=0.1,813,[0],0,no_op:none:none,0,[0],false
intervention_cost=0.1,814,[0],0,no_op:none:none,0,[0],false
intervention_cost=0.1,815,[0],0,no_op:none:none,0,[0],false
intervention_cost=0.1,819,[0],0,no_op:none:none,0,[0],false
intervention_cost=0.1,820,[0],0,no_op:none:none,0,[0],false
intervention_cost=0.1,822,[0],0,no_op:none:none,0,[0],false
intervention_cost=0.1,823,[0],0,no_op:none:none,0,[0],false
intervention_cost=0.1,825,[0],0,no_op:none:none,0,[0],false
intervention_cost=0.1,827,[0],0,no_op:none:none,0,[0],false
intervention_cost=0.1,828,[0],0,no_op:none:none,0,[0],false
intervention_cost=0.1,829,[0],0,no_op:none:none,0,[0],false
intervention_cost=0.1,830,[0],0,no_op:none:none,0,[0],false
intervention_cost=0.1,831,[0],0,no_op:none:none,0,[0],false
intervention_cost=0.1,834,[0],0,no_op:none:none,0,[0],false
intervention_cost=0.1,835,[0],0,no_op:none:none,0,[0],false
intervention_cost=0.1,836,[0],0,no_op:none:none,0,[0],false
intervention_cost=0.1,837,[0],0,no_op:none:none,0,[0],false
intervention_cost=0.1,838,[0],0,no_op:none:none,0,[0],false
intervention_cost=0.1,839,[0],0,no_op:none:none,0,[0],false
intervention_cost=0.1,840,[0],0,no_op:none:none,0,[0],false
intervention_cost=0.1,842,[0],0,no_op:none:none,0,[0],false
intervention_cost=0.1,845,[0],0,no_op:none:none,0,[0],false
intervention_cost=0.1,846,[0],0,no_op:none:none,0,[0],false
intervention_cost=0.1,847,[0],0,no_op:none:none,0,[0],false
intervention_cost=0.1,848,[0],0,no_op:none:none,0,[0],false
intervention_cost=0.1,849,[0],0,no_op:none:none,0,[0],false
intervention_cost=0.1,850,[0],0,no_op:none:none,0,[0],false
intervention_cost=0.1,851,[0],0,no_op:none:none,0,[0],false
intervention_cost=0.1,852,[0],0,no_op:none:none,0,[0],false
intervention_cost=0.1,853,[0],0,no_op:none:none,0,[0],false
intervention_cost=0.1,854,[0],0,no_op:none:none,0,[0],false
intervention_cost=0.1,855,[0],0,no_op:none:none,0,[0],false
intervention_cost=0.1,856,[0],0,no_op:none:none,0,[0],false
intervention_cost=0.1,857,[0],0,no_op:none:none,0,[0],false
intervention_cost=0.1,860,[0],0,no_op:none:none,0,[0],false
intervention_cost=0.1,861,[0],0,no_op:none:none,0,[0],false
intervention_cost=0.1,862,[0],0,no_op:none:none,0,[0],false
intervention_cost=0.1,863,[0],0,no_op:none:none,0,[0],false
intervention_cost=0.1,868,[0],0,no_op:none:none,0,[0],false
intervention_cost=0.1,869,[0],0,no_op:none:none,0,[0],false
intervention_cost=0.1,870,[0],0,no_op:none:none,0,[0],false
intervention_cost=0.1,871,[0],0,no_op:none:none,0,[0],false
intervention_cost=0.1,872,[0],0,no_op:none:none,0,[0],false
intervention_cost=0.1,873,[0],0,no_op:none:none,0,[0],false
intervention_cost=0.1,874,[0],0,no_op:none:none,0,[0],false
intervention_cost=0.1,876,[0],0,no_op:none:none,0,[0],false
intervention_cost=0.1,878,[0],0,no_op:none:none,0,[0],false
intervention_cost=0.1,879,[0],0,no_op:none:none,0,[0],false
intervention_cost=0.1,881,[0],0,no_op:none:none,0,[0],false
intervention_cost=0.1,883,[0],0,no_op:none:none,0,[0],false
intervention_cost=0.1,884,[0],0,no_op:none:none,0,[0],false
intervention_cost=0.1,885,[0],0,no_op:none:none,0,[0],false
intervention_cost=0.1,886,[0],0,no_op:none:none,0,[0],false
intervention_cost=0.1,887,[0],0,no_op:none:none,0,[0],false
intervention_cost=0.1,888,[0],0,no_op:none:none,0,[0],false
intervention_cost=0.1,891,[0],0,no_op:none:none,0,[0],false
intervention_cost=0.1,892,[0],0,no_op:none:none,0,[0],false
intervention_cost=0.1,894,[0],0,no_op:none:none,0,[0],false
intervention_cost=0.1,895,[0],0,no_op:none:none,0,[0],false
intervention_cost=0.1,896,[0],0,no_op:none:none,0,[0],false
intervention_cost=0.1,898,[0],0,no_op:none:none,0,[0],false
intervention_cost=0.1,899,[0],0,no_op:none:none,0,[0],false
intervention_cost=0.1,900,[0],0,no_op:none:none,0,[0],false
intervention_cost=0.1,901,[0],0,no_op:none:none,0,[0],false
intervention_cost=0.1,902,[0],0,no_op:none:none,0,[0],false
intervention_cost=0.1,903,[0],0,no_op:none:none,0,[0],false
intervention_cost=0.1,905,[0],0,no_op:none:none,0,[0],false
intervention_cost=0.1,906,[0],0,no_op:none:none,0,[0],false
intervention_cost=0.1,908,[0],0,no_op:none:none,0,[0],false
intervention_cost=0.1,909,[0],0,no_op:none:none,0,[0],false
intervention_cost=0.1,910,[0],0,no_op:none:none,0,[0],false
intervention_cost=0.1,911,[0],0,no_op:none:none,0,[0],false
intervention_cost=0.1,912,[0],0,no_op:none:none,0,[0],false
intervention_cost=0.1,913,[0],0,no_op:none:none,0,[0],false
intervention_cost=0.1,914,[0],0,no_op:none:none,0,[0],false
intervention_cost=0.1,915,[0],0,no_op:none:none,0,[0],false
intervention_cost=0.1,916,[0],0,no_op:none:none,0,[0],false
intervention_cost=0.1,917,[0],0,no_op:none:none,0,[0],false
intervention_cost=0.1,920,[0],0,no_op:none:none,0,[0],false
intervention_cost=0.1,921,[0],0,no_op:none:none,0,[0],false
intervention_cost=0.1,922,[0],0,no_op:none:none,0,[0],false
intervention_cost=0.1,923,[0],0,no_op:none:none,0,[0],false
intervention_cost=0.1,925,[0],0,no_op:none:none,0,[0],false
intervention_cost=0.1,926,[0],0,no_op:none:none,0,[0],false
intervention_cost=0.1,927,[0],0,no_op:none:none,0,[0],false
intervention_cost=0.1,930,[0],0,no_op:none:none,0,[0],false
intervention_cost=0.1,932,[0],0,no_op:none:none,0,[0],false
intervention_cost=0.1,933,[0],0,no_op:none:none,0,[0],false
intervention_cost=0.1,934,[0],0,no_op:none:none,0,[0],false
intervention_cost=0.1,935,[0],0,no_op:none:none,0,[0],false
intervention_cost=0.1,937,[0],0,no_op:none:none,0,[0],false
intervention_cost=0.1,941,[0],0,no_op:none:none,0,[0],false
intervention_cost=0.1,943,[0],0,no_op:none:none,0,[0],false
intervention_cost=0.1,944,[0],0,no_op:none:none,0,[0],false
intervention_cost=0.1,945,[0],0,no_op:none:none,0,[0],false
intervention_cost=0.1,948,[0],0,no_op:none:none,0,[0],false
intervention_cost=0.1,949,[0],0,no_op:none:none,0,[0],false
intervention_cost=0.1,950,[0],0,no_op:none:none,0,[0],false
intervention_cost=0.1,951,[0],0,no_op:none:none,0,[0],false
intervention_cost=0.1,952,[0],0,no_op:none:none,0,[0],false
intervention_cost=0.1,953,[0],0,no_op:none:none,0,[0],false
intervention_cost=0.1,954,[0],0,no_op:none:none,0,[0],false
intervention_cost=0.1,955,[0],0,no_op:none:none,0,[0],false
intervention_cost=0.1,957,[0],0,no_op:none:none,0,[0],false
intervention_cost=0.1,959,[0],0,no_op:none:none,0,[0],false
intervention_cost=0.1,960,[0],0,no_op:none:none,0,[0],false
intervention_cost=0.1,961,[0],0,no_op:none:none,0,[0],false
intervention_cost=0.1,962,[0],0,no_op:none:none,0,[0],false
intervention_cost=0.1,964,[0],0,no_op:none:none,0,[0],false
intervention_cost=0.1,965,[0],0,no_op:none:none,0,[0],false
intervention_cost=0.1,966,[0],0,no_op:none:none,0,[0],false
intervention_cost=0.1,967,[0],0,no_op:none:none,0,[0],false
intervention_cost=0.1,969,[0],0,no_op:none:none,0,[0],false
intervention_cost=0.1,970,[0],0,no_op:none:none,0,[0],false
intervention_cost=0.1,971,[0],0,no_op:none:none,0,[0],false
intervention_cost=0.1,972,[0],0,no_op:none:none,0,[0],false
intervention_cost=0.1,974,[0],0,no_op:none:none,0,[0],false
intervention_cost=0.1,975,[0],0,no_op:none:none,0,[0],false
intervention_cost=0.1,977,[0],0,no_op:none:none,0,[0],false
intervention_cost=0.1,978,[0],0,no_op:none:none,0,[0],false
intervention_cost=0.1,979,[0],0,no_op:none:none,0,[0],false
intervention_cost=0.1,980,[0],0,no_op:none:none,0,[0],false
intervention_cost=0.1,981,[0],0,no_op:none:none,0,[0],false
intervention_cost=0.1,982,[0],0,no_op:none:none,0,[0],false
intervention_cost=0.1,983,[0],0,no_op:none:none,0,[0],false
intervention_cost=0.1,984,[0],0,no_op:none:none,0,[0],false
intervention_cost=0.1,986,"[1,10,19]",1,intervention:L16_CWE-120_B:Low,-0.1,"[1,10,19]",false
intervention_cost=0.1,987,[0],0,no_op:none:none,0,[0],false
intervention_cost=0.1,988,[0],0,no_op:none:none,0,[0],false
intervention_cost=0.1,989,[0],0,no_op:none:none,0,[0],false
intervention_cost=0.1,990,[0],0,no_op:none:none,0,[0],false
intervention_cost=0.1,991,[0],0,no_op:none:none,0,[0],false
intervention_cost=0.1,992,[0],0,no_op:none:none,0,[0],false
intervention_cost=0.1,993,[0],0,no_op:none:none,0,[0],false
intervention_cost=0.1,997,[0],0,no_op:none:none,0,[0],false
intervention_cost=0.1,998,[0],0,no_op:none:none,0,[0],false
intervention_cost=0.1,999,[0],0,no_op:none:none,0,[0],false
intervention_cost=0.1,1001,[0],0,no_op:none:none,0,[0],false
intervention_cost=0.1,1002,[0],0,no_op:none:none,0,[0],false
intervention_cost=0.1,1003,[0],0,no_op:none:none,0,[0],false
intervention_cost=0.1,1004,[0],0,no_op:none:none,0,[0],false
intervention_cost=0.1,1005,[0],0,no_op:none:none,0,[0],false
intervention_cost=0.1,1006,[0],0,no_op:none:none,0,[0],false
intervention_cost=0.1,1007,"[1,10]",1,intervention:L16_CWE-120_B:Low,-0.1,"[1,10]",false
intervention_cost=0.1,1008,[0],0,no_op:none:none,0,[0],false
intervention_cost=0.1,1009,"[1,10]",1,intervention:L16_CWE-120_B:Low,-0.1,"[1,10]",false
intervention_cost=0.1,1011,[0],0,no_op:none:none,0,[0],false
intervention_cost=0.1,1012,[0],0,no_op:none:none,0,[0],false
intervention_cost=0.1,1013,[0],0,no_op:none:none,0,[0],false
intervention_cost=0.1,1014,[0],0,no_op:none:none,0,[0],false
intervention_cost=0.1,1015,[0],0,no_op:none:none,0,[0],false
intervention_cost=0.1,1016,[0],0,no_op:none:none,0,[0],false
intervention_cost=0.1,1017,[0],0,no_op:none:none,0,[0],false
intervention_cost=0.1,1018,[0],0,no_op:none:none,0,[0],false
intervention_cost=0.1,1019,[0],0,no_op:none:none,0,[0],false
intervention_cost=0.1,1020,[0],0,no_op:none:none,0,[0],false
intervention_cost=0.1,1021,[0],0,no_op:none:none,0,[0],false
intervention_cost=0.1,1023,[0],0,no_op:none:none,0,[0],false
intervention_cost=0.1,1024,[0],0,no_op:none:none,0,[0],false
intervention_cost=0.1,1026,[0],0,no_op:none:none,0,[0],false
intervention_cost=0.1,1027,[0],0,no_op:none:none,0,[0],false
intervention_cost=0.1,1028,[0],0,no_op:none:none,0,[0],false
intervention_cost=0.1,1030,"[1,10,19]",1,intervention:L16_CWE-120_B:Low,-0.1,"[1,10,19]",false
intervention_cost=0.1,1031,"[1,10,19]",1,intervention:L16_CWE-120_B:Low,-0.1,"[1,10,19]",false
intervention_cost=0.1,1032,[0],0,no_op:none:none,0,[0],false
intervention_cost=0.1,1033,[0],0,no_op:none:none,0,[0],false
intervention_cost=0.1,1037,"[1,10,19]",1,intervention:L16_CWE-120_B:Low,-0.1,"[1,10,19]",false
intervention_cost=0.1,1038,[0],0,no_op:none:none,0,[0],false
intervention_cost=0.1,1041,"[1,19]",1,intervention:L16_CWE-120_B:Low,-0.1,"[1,19]",false
intervention_cost=0.1,1042,[0],0,no_op:none:none,0,[0],false
intervention_cost=0.1,1044,[0],0,no_op:none:none,0,[0],false
intervention_cost=0.1,1045,[0],0,no_op:none:none,1.25,[0],false
intervention_cost=0.1,1046,"[1,10,19]",1,intervention:L16_CWE-120_B:Low,-0.1,"[1,10,19]",false
intervention_cost=0.1,1048,"[1,10,19]",1,intervention:L16_CWE-120_B:Low,-0.1,"[1,10,19]",false
intervention_cost=0.1,1049,"[1,10,19]",1,intervention:L16_CWE-120_B:Low,-0.1,"[1,10,19]",false
intervention_cost=0.1,1050,[0],0,no_op:none:none,0,[0],false
intervention_cost=0.1,1051,"[1,10,19]",1,intervention:L16_CWE-120_B:Low,-0.1,"[1,10,19]",false
intervention_cost=0.1,1053,"[1,10,19]",1,intervention:L16_CWE-120_B:Low,-0.1,"[1,10,19]",false
intervention_cost=0.1,1054,[0],0,no_op:none:none,0,[0],false
intervention_cost=0.1,1055,"[1,10]",1,intervention:L16_CWE-120_B:Low,-0.1,"[1,10]",false
intervention_cost=0.1,1056,[0],0,no_op:none:none,0,[0],false
intervention_cost=0.1,1057,"[1,10,19]",1,intervention:L16_CWE-120_B:Low,-0.1,"[1,10,19]",false
intervention_cost=0.1,1058,[0],0,no_op:none:none,0,[0],false
intervention_cost=0.1,1060,[0],0,no_op:none:none,0,[0],false
intervention_cost=0.1,1061,"[1,10]",1,intervention:L16_CWE-120_B:Low,-0.1,"[1,10]",false
intervention_cost=0.1,1062,[0],0,no_op:none:none,0,[0],false
intervention_cost=0.1,1063,[0],0,no_op:none:none,0,[0],false
intervention_cost=0.1,1065,[0],0,no_op:none:none,0,[0],false
intervention_cost=0.1,1066,[0],0,no_op:none:none,0,[0],false
intervention_cost=0.1,1067,[0],0,no_op:none:none,0,[0],false
intervention_cost=0.1,1068,[0],0,no_op:none:none,0,[0],false
intervention_cost=0.1,1069,"[1,10,19]",1,intervention:L16_CWE-120_B:Low,-0.1,"[1,10,19]",false
intervention_cost=0.1,1071,[0],0,no_op:none:none,0,[0],false
intervention_cost=0.1,1072,"[1,10,19]",1,intervention:L16_CWE-120_B:Low,-0.1,"[1,10,19]",false
intervention_cost=0.1,1073,[0],0,no_op:none:none,0,[0],false
intervention_cost=0.1,1074,[0],0,no_op:none:none,0,[0],false
intervention_cost=0.1,1075,[0],0,no_op:none:none,0,[0],false
intervention_cost=0.1,1076,"[1,10,19]",1,intervention:L16_CWE-120_B:Low,-0.1,"[1,10,19]",false
intervention_cost=0.1,1077,[0],0,no_op:none:none,0,[0],false
intervention_cost=0.1,1078,[0],0,no_op:none:none,0,[0],false
intervention_cost=0.1,1079,"[1,10]",1,intervention:L16_CWE-120_B:Low,-0.1,"[1,10]",false
intervention_cost=0.1,1081,[0],0,no_op:none:none,0,[0],false
intervention_cost=0.1,1082,"[10,19]",10,intervention:L23_CWE-327_A:Low,-0.1,"[10,19]",false
intervention_cost=0.1,1084,"[1,10,19]",1,intervention:L16_CWE-120_B:Low,-0.1,"[1,10,19]",false
intervention_cost=0.1,1085,[0],0,no_op:none:none,0,[0],false
intervention_cost=0.1,1088,"[1,10,19]",1,intervention:L16_CWE-120_B:Low,-0.1,"[1,10,19]",false
intervention_cost=0.1,1089,[0],0,no_op:none:none,0,[0],false
intervention_cost=0.1,1091,"[1,10,19]",1,intervention:L16_CWE-120_B:Low,-0.1,"[1,10,19]",false
intervention_cost=0.1,1092,"[1,10]",1,intervention:L16_CWE-120_B:Low,-0.1,"[1,10]",false
intervention_cost=0.1,1094,[0],0,no_op:none:none,0,[0],false
intervention_cost=0.1,1095,"[1,10,19]",1,intervention:L16_CWE-120_B:Low,-0.1,"[1,10,19]",false
intervention_cost=0.1,1096,"[1,10,19]",1,intervention:L16_CWE-120_B:Low,-0.1,"[1,10,19]",false
intervention_cost=0.1,1097,[0],0,no_op:none:none,0,[0],false
intervention_cost=0.1,1100,"[1,10,19]",1,intervention:L16_CWE-120_B:Low,-0.1,"[1,10,19]",false
intervention_cost=0.1,1102,"[10,19]",10,intervention:L23_CWE-327_A:Low,-0.1,"[10,19]",false
intervention_cost=0.1,1105,"[1,10]",1,intervention:L16_CWE-120_B:Low,-0.1,"[1,10]",false
intervention_cost=0.1,1106,"[1,10]",1,intervention:L16_CWE-120_B:Low,1.15,"[1,10]",false
intervention_cost=0.1,1108,[0],0,no_op:none:none,0,[0],false
intervention_cost=0.1,1109,[0],0,no_op:none:none,0,[0],false
intervention_cost=0.1,1111,[0],0,no_op:none:none,0,[0],false
intervention_cost=0.1,1113,[0],0,no_op:none:none,0,[0],false
intervention_cost=0.1,1114,"[1,10,19]",1,intervention:L16_CWE-120_B:Low,-0.1,"[1,10,19]",false
intervention_cost=0.1,1115,"[1,10,19]",1,intervention:L16_CWE-120_B:Low,-0.1,"[1,10,19]",false
intervention_cost=0.1,1118,[0],0,no_op:none:none,0,[0],false
intervention_cost=0.1,1119,[0],0,no_op:none:none,0,[0],false
intervention_cost=0.1,1120,"[1,10,19]",1,intervention:L16_CWE-120_B:Low,-0.1,"[1,10,19]",false
intervention_cost=0.1,1121,[0],0,no_op:none:none,0,[0],false
intervention_cost=0.1,1122,"[1,10]",1,intervention:L16_CWE-120_B:Low,1.15,"[1,10]",false
intervention_cost=0.1,1123,"[1,10]",1,intervention:L16_CWE-120_B:Low,1.15,"[1,10]",false
intervention_cost=0.1,1124,"[1,10]",1,intervention:L16_CWE-120_B:Low,1.15,"[1,10]",false
intervention_cost=0.1,1126,"[1,10,19]",1,intervention:L16_CWE-120_B:Low,-0.1,"[1,10,19]",false
intervention_cost=0.1,1128,[0],0,no_op:none:none,0,[0],false
intervention_cost=0.1,1132,"[1,10]",1,intervention:L16_CWE-120_B:Low,-0.1,"[1,10]",false
intervention_cost=0.1,1136,[0],0,no_op:none:none,0,[0],false
intervention_cost=0.1,1137,[0],0,no_op:none:none,0,[0],false
intervention_cost=0.1,1139,[0],0,no_op:none:none,0,[0],false
intervention_cost=0.1,1141,[0],0,no_op:none:none,0,[0],false
intervention_cost=0.1,1142,[0],0,no_op:none:none,0,[0],false
intervention_cost=0.1,1143,[0],0,no_op:none:none,0,[0],false
intervention_cost=0.1,1144,[0],0,no_op:none:none,0,[0],false
intervention_cost=0.1,1145,[0],0,no_op:none:none,0,[0],false
intervention_cost=0.1,1147,"[1,10,19]",1,intervention:L16_CWE-120_B:Low,-0.1,"[1,10,19]",false
intervention_cost=0.1,1150,[0],0,no_op:none:none,0,[0],false
intervention_cost=0.1,1151,[0],0,no_op:none:none,0,[0],false
intervention_cost=0.1,1152,[0],0,no_op:none:none,0,[0],false
intervention_cost=0.1,1154,[0],0,no_op:none:none,0,[0],false
intervention_cost=0.1,1155,[10],10,intervention:L23_CWE-327_A:Low,1.15,[10],false
intervention_cost=0.1,1156,[0],0,no_op:none:none,0,[0],false
intervention_cost=0.1,1158,[0],0,no_op:none:none,0,[0],false
intervention_cost=0.1,1159,[0],0,no_op:none:none,0,[0],false
intervention_cost=0.1,1160,[0],0,no_op:none:none,0,[0],false
intervention_cost=0.1,1162,"[1,10]",1,intervention:L16_CWE-120_B:Low,1.15,"[1,10]",false
intervention_cost=0.1,1163,"[1,10]",1,intervention:L16_CWE-120_B:Low,1.15,"[1,10]",false
intervention_cost=0.1,1164,[0],0,no_op:none:none,0,[0],false
intervention_cost=0.1,1165,[0],0,no_op:none:none,0,[0],false
intervention_cost=0.1,1167,[0],0,no_op:none:none,0,[0],false
intervention_cost=0.1,1168,[0],0,no_op:none:none,0,[0],false
intervention_cost=0.1,1170,[0],0,no_op:none:none,0,[0],false
intervention_cost=0.1,1171,[0],0,no_op:none:none,0,[0],false
intervention_cost=0.1,1172,[0],0,no_op:none:none,0,[0],false
intervention_cost=0.1,1173,[0],0,no_op:none:none,0,[0],false
intervention_cost=0.1,1174,"[1,10]",1,intervention:L16_CWE-120_B:Low,-0.1,"[1,10]",false
intervention_cost=0.1,1175,"[1,10]",1,intervention:L16_CWE-120_B:Low,-0.1,"[1,10]",false
intervention_cost=0.1,1176,[0],0,no_op:none:none,0,[0],false
intervention_cost=0.1,1177,[0],0,no_op:none:none,0,[0],false
intervention_cost=0.1,1178,"[1,10]",1,intervention:L16_CWE-120_B:Low,-0.1,"[1,10]",false
intervention_cost=0.1,1179,"[1,10]",1,intervention:L16_CWE-120_B:Low,-0.1,"[1,10]",false
intervention_cost=0.1,1181,[0],0,no_op:none:none,0,[0],false
intervention_cost=0.1,1183,[0],0,no_op:none:none,0,[0],false
intervention_cost=0.1,1184,[0],0,no_op:none:none,0,[0],false
intervention_cost=0.1,1187,[0],0,no_op:none:none,0,[0],false
intervention_cost=0.1,1188,"[1,10]",1,intervention:L16_CWE-120_B:Low,-0.1,"[1,10]",false
intervention_cost=0.1,1190,[0],0,no_op:none:none,0,[0],false
intervention_cost=0.1,1191,"[1,10]",1,intervention:L16_CWE-120_B:Low,1.15,"[1,10]",false
intervention_cost=0.1,1193,[0],0,no_op:none:none,0,[0],false
intervention_cost=0.1,1194,"[1,10]",1,intervention:L16_CWE-120_B:Low,-0.1,"[1,10]",false
intervention_cost=0.1,1198,[0],0,no_op:none:none,0,[0],false
intervention_cost=0.1,1199,[0],0,no_op:none:none,0,[0],false
intervention_cost=0.1,1200,[0],0,no_op:none:none,0,[0],false
intervention_cost=0.1,1201,[0],0,no_op:none:none,0,[0],false
intervention_cost=0.1,1202,[0],0,no_op:none:none,0,[0],false
intervention_cost=0.1,1203,[0],0,no_op:none:none,0,[0],false
intervention_cost=0.1,1207,[0],0,no_op:none:none,0,[0],false
intervention_cost=0.1,1208,[0],0,no_op:none:none,0,[0],false
intervention_cost=0.1,1210,[0],0,no_op:none:none,0,[0],false
intervention_cost=0.1,1211,[0],0,no_op:none:none,0,[0],false
intervention_cost=0.1,1212,[0],0,no_op:none:none,0,[0],false
intervention_cost=0.1,1213,[0],0,no_op:none:none,0,[0],false
intervention_cost=0.1,1214,[0],0,no_op:none:none,0,[0],false
intervention_cost=0.1,1215,[0],0,no_op:none:none,0,[0],false
intervention_cost=0.1,1216,[0],0,no_op:none:none,0,[0],false
intervention_cost=0.1,1219,[0],0,no_op:none:none,0,[0],false
intervention_cost=0.1,1222,[0],0,no_op:none:none,0,[0],false
intervention_cost=0.1,1223,[0],0,no_op:none:none,0,[0],false
intervention_cost=0.1,1224,[0],0,no_op:none:none,0,[0],false
intervention_cost=0.1,1225,[0],0,no_op:none:none,0,[0],false
intervention_cost=0.1,1227,[0],0,no_op:none:none,0,[0],false
intervention_cost=0.1,1228,[0],0,no_op:none:none,0,[0],false
intervention_cost=0.1,1229,[0],0,no_op:none:none,0,[0],false
intervention_cost=0.1,1230,[0],0,no_op:none:none,0,[0],false
intervention_cost=0.1,1231,[0],0,no_op:none:none,0,[0],false
intervention_cost=0.1,1233,[0],0,no_op:none:none,0,[0],false
intervention_cost=0.1,1234,[0],0,no_op:none:none,0,[0],false
intervention_cost=0.1,1235,[0],0,no_op:none:none,0,[0],false
intervention_cost=0.1,1237,[0],0,no_op:none:none,0,[0],false
intervention_cost=0.1,1239,[0],0,no_op:none:none,0,[0],false
intervention_cost=0.1,1240,[0],0,no_op:none:none,0,[0],false
intervention_cost=0.1,1243,[0],0,no_op:none:none,0,[0],false
intervention_cost=0.1,1244,[0],0,no_op:none:none,0,[0],false
intervention_cost=0.1,1245,[0],0,no_op:none:none,0,[0],false
intervention_cost=0.1,1246,[0],0,no_op:none:none,0,[0],false
intervention_cost=0.1,1248,[0],0,no_op:none:none,0,[0],false
intervention_cost=0.1,1249,[0],0,no_op:none:none,0,[0],false
intervention_cost=0.1,1250,[0],0,no_op:none:none,0,[0],false
intervention_cost=0.1,1251,[0],0,no_op:none:none,0,[0],false
intervention_cost=0.1,1253,[0],0,no_op:none:none,0,[0],false
intervention_cost=0.1,1254,[0],0,no_op:none:none,0,[0],false
intervention_cost=0.1,1255,[0],0,no_op:none:none,0,[0],false
intervention_cost=0.1,1256,[0],0,no_op:none:none,0,[0],false
intervention_cost=0.1,1257,[0],0,no_op:none:none,0,[0],false
intervention_cost=0.1,1258,[0],0,no_op:none:none,0,[0],false
intervention_cost=0.1,1259,[0],0,no_op:none:none,0,[0],false
intervention_cost=0.1,1260,[0],0,no_op:none:none,0,[0],false
intervention_cost=0.1,1261,[0],0,no_op:none:none,0,[0],false
intervention_cost=0.1,1262,[0],0,no_op:none:none,0,[0],false
intervention_cost=0.1,1263,[0],0,no_op:none:none,0,[0],false
intervention_cost=0.1,1264,[0],0,no_op:none:none,0,[0],false
intervention_cost=0.1,1265,[0],0,no_op:none:none,0,[0],false
intervention_cost=0.1,1267,[0],0,no_op:none:none,0,[0],false
intervention_cost=0.1,1269,[0],0,no_op:none:none,0,[0],false
intervention_cost=0.1,1270,[0],0,no_op:none:none,0,[0],false
intervention_cost=0.1,1273,[0],0,no_op:none:none,0,[0],false
intervention_cost=0.1,1274,[0],0,no_op:none:none,0,[0],false
intervention_cost=0.1,1275,[0],0,no_op:none:none,0,[0],false
intervention_cost=0.1,1276,[0],0,no_op:none:none,0,[0],false
intervention_cost=0.1,1277,[0],0,no_op:none:none,0,[0],false
intervention_cost=0.1,1278,[0],0,no_op:none:none,0,[0],false
intervention_cost=0.1,1279,[0],0,no_op:none:none,0,[0],false
intervention_cost=0.1,1281,[0],0,no_op:none:none,0,[0],false
intervention_cost=0.1,1282,[0],0,no_op:none:none,0,[0],false
intervention_cost=0.1,1283,[0],0,no_op:none:none,0,[0],false
intervention_cost=0.1,1284,[0],0,no_op:none:none,0,[0],false
intervention_cost=0.1,1286,[0],0,no_op:none:none,0,[0],false
intervention_cost=0.1,1288,[0],0,no_op:none:none,0,[0],false
intervention_cost=0.1,1289,[0],0,no_op:none:none,0,[0],false
intervention_cost=0.1,1290,[0],0,no_op:none:none,0,[0],false
intervention_cost=0.1,1291,[0],0,no_op:none:none,0,[0],false
intervention_cost=0.1,1293,[0],0,no_op:none:none,0,[0],false
intervention_cost=0.1,1294,[0],0,no_op:none:none,0,[0],false
intervention_cost=0.1,1295,[0],0,no_op:none:none,0,[0],false
intervention_cost=0.1,1296,[0],0,no_op:none:none,0,[0],false
intervention_cost=0.1,1297,[0],0,no_op:none:none,0,[0],false
intervention_cost=0.1,1302,[0],0,no_op:none:none,0,[0],false
intervention_cost=0.1,1303,[0],0,no_op:none:none,0,[0],false
intervention_cost=0.1,1305,[0],0,no_op:none:none,0,[0],false
intervention_cost=0.1,1306,[0],0,no_op:none:none,0,[0],false
intervention_cost=0.1,1307,[0],0,no_op:none:none,0,[0],false
intervention_cost=0.1,1311,[0],0,no_op:none:none,0,[0],false
intervention_cost=0.1,1314,[0],0,no_op:none:none,0,[0],false
intervention_cost=0.1,1315,[0],0,no_op:none:none,0,[0],false
intervention_cost=0.1,1317,[0],0,no_op:none:none,0,[0],false
intervention_cost=0.1,1318,[0],0,no_op:none:none,0,[0],false
intervention_cost=0.1,1319,[0],0,no_op:none:none,0,[0],false
intervention_cost=0.1,1320,[0],0,no_op:none:none,0,[0],false
intervention_cost=0.1,1322,[0],0,no_op:none:none,0,[0],false
intervention_cost=0.1,1324,[0],0,no_op:none:none,0,[0],false
intervention_cost=0.1,1325,[0],0,no_op:none:none,0,[0],false
intervention_cost=0.1,1326,[0],0,no_op:none:none,0,[0],false
intervention_cost=0.1,1328,[0],0,no_op:none:none,0,[0],false
intervention_cost=0.1,1329,[0],0,no_op:none:none,0,[0],false
intervention_cost=0.1,1331,[0],0,no_op:none:none,0,[0],false
intervention_cost=0.1,1332,[0],0,no_op:none:none,0,[0],false
intervention_cost=0.1,1333,[0],0,no_op:none:none,0,[0],false
intervention_cost=0.1,1334,[0],0,no_op:none:none,0,[0],false
intervention_cost=0.1,1336,[0],0,no_op:none:none,0,[0],false
intervention_cost=0.1,1337,[0],0,no_op:none:none,0,[0],false
intervention_cost=0.1,1340,[0],0,no_op:none:none,0,[0],false
intervention_cost=0.1,1341,[0],0,no_op:none:none,0,[0],false
intervention_cost=0.1,1343,[0],0,no_op:none:none,0,[0],false
intervention_cost=0.1,1344,[0],0,no_op:none:none,0,[0],false
intervention_cost=0.1,1345,[0],0,no_op:none:none,0,[0],false
intervention_cost=0.1,1347,[0],0,no_op:none:none,0,[0],false
intervention_cost=0.1,1348,[0],0,no_op:none:none,0,[0],false
intervention_cost=0.1,1350,[0],0,no_op:none:none,0,[0],false
intervention_cost=0.1,1353,[0],0,no_op:none:none,0,[0],false
intervention_cost=0.1,1356,[0],0,no_op:none:none,0,[0],false
intervention_cost=0.1,1357,[0],0,no_op:none:none,0,[0],false
intervention_cost=0.1,1359,[0],0,no_op:none:none,0,[0],false
intervention_cost=0.1,1360,[0],0,no_op:none:none,0,[0],false
intervention_cost=0.1,1361,[0],0,no_op:none:none,0,[0],false
intervention_cost=0.1,1362,[0],0,no_op:none:none,0,[0],false
intervention_cost=0.1,1364,[0],0,no_op:none:none,0,[0],false
intervention_cost=0.1,1366,[0],0,no_op:none:none,0,[0],false
intervention_cost=0.1,1368,[0],0,no_op:none:none,0,[0],false
intervention_cost=0.1,1369,[0],0,no_op:none:none,0,[0],false
intervention_cost=0.1,1373,[0],0,no_op:none:none,0,[0],false
intervention_cost=0.1,1374,[0],0,no_op:none:none,0,[0],false
intervention_cost=0.1,1376,[0],0,no_op:none:none,0,[0],false
intervention_cost=0.1,1377,[0],0,no_op:none:none,0,[0],false
intervention_cost=0.1,1378,[0],0,no_op:none:none,0,[0],false
intervention_cost=0.1,1380,[0],0,no_op:none:none,0,[0],false
intervention_cost=0.1,1381,[0],0,no_op:none:none,0,[0],false
intervention_cost=0.1,1383,[0],0,no_op:none:none,0,[0],false
intervention_cost=0.1,1384,[0],0,no_op:none:none,0,[0],false
intervention_cost=0.1,1386,[0],0,no_op:none:none,0,[0],false
intervention_cost=0.1,1387,[0],0,no_op:none:none,0,[0],false
intervention_cost=0.1,1388,[0],0,no_op:none:none,0,[0],false
intervention_cost=0.1,1389,[0],0,no_op:none:none,0,[0],false
intervention_cost=0.1,1390,[0],0,no_op:none:none,0,[0],false
intervention_cost=0.1,1391,[0],0,no_op:none:none,0,[0],false
intervention_cost=0.1,1392,[0],0,no_op:none:none,0,[0],false
intervention_cost=0.1,1394,[0],0,no_op:none:none,0,[0],false
intervention_cost=0.1,1395,[0],0,no_op:none:none,0,[0],false
intervention_cost=0.1,1397,[0],0,no_op:none:none,0,[0],false
intervention_cost=0.1,1398,[0],0,no_op:none:none,0,[0],false
intervention_cost=0.1,1400,[0],0,no_op:none:none,0,[0],false
intervention_cost=0.1,1401,[0],0,no_op:none:none,0,[0],false
intervention_cost=0.1,1403,[0],0,no_op:none:none,0,[0],false
intervention_cost=0.1,1404,[0],0,no_op:none:none,0,[0],false
intervention_cost=0.1,1405,[0],0,no_op:none:none,0,[0],false
intervention_cost=0.1,1406,[0],0,no_op:none:none,0,[0],false
intervention_cost=0.1,1408,[0],0,no_op:none:none,0,[0],false
intervention_cost=0.1,1410,[0],0,no_op:none:none,0,[0],false
intervention_cost=0.1,1411,[0],0,no_op:none:none,0,[0],false
intervention_cost=0.1,1413,[0],0,no_op:none:none,0,[0],false
intervention_cost=0.1,1414,[0],0,no_op:none:none,0,[0],false
intervention_cost=0.1,1416,[0],0,no_op:none:none,0,[0],false
intervention_cost=0.1,1417,[0],0,no_op:none:none,0,[0],false
intervention_cost=0.1,1418,[0],0,no_op:none:none,0,[0],false
intervention_cost=0.1,1419,[0],0,no_op:none:none,0,[0],false
intervention_cost=0.1,1420,[0],0,no_op:none:none,0,[0],false
intervention_cost=0.1,1421,[0],0,no_op:none:none,0,[0],false
intervention_cost=0.1,1422,[0],0,no_op:none:none,0,[0],false
intervention_cost=0.1,1423,[0],0,no_op:none:none,0,[0],false
intervention_cost=0.1,1424,[0],0,no_op:none:none,0,[0],false
intervention_cost=0.1,1425,[0],0,no_op:none:none,0,[0],false
intervention_cost=0.1,1427,[0],0,no_op:none:none,0,[0],false
intervention_cost=0.1,1428,[1],1,intervention:L16_CWE-120_B:Low,-0.1,[1],false
intervention_cost=0.1,1430,[0],0,no_op:none:none,0,[0],false
intervention_cost=0.1,1431,[0],0,no_op:none:none,0,[0],false
intervention_cost=0.1,1432,[0],0,no_op:none:none,0,[0],false
intervention_cost=0.1,1433,[0],0,no_op:none:none,0,[0],false
intervention_cost=0.1,1434,[0],0,no_op:none:none,0,[0],false
intervention_cost=0.1,1435,[0],0,no_op:none:none,0,[0],false
intervention_cost=0.1,1438,[0],0,no_op:none:none,0,[0],false
intervention_cost=0.1,1439,[0],0,no_op:none:none,0,[0],false
intervention_cost=0.1,1441,[0],0,no_op:none:none,0,[0],false
intervention_cost=0.1,1443,[0],0,no_op:none:none,0,[0],false
intervention_cost=0.1,1444,[0],0,no_op:none:none,0,[0],false
intervention_cost=0.1,1445,[0],0,no_op:none:none,0,[0],false
intervention_cost=0.1,1446,[0],0,no_op:none:none,0,[0],false
intervention_cost=0.1,1447,[0],0,no_op:none:none,0,[0],false
intervention_cost=0.1,1448,[0],0,no_op:none:none,0,[0],false
intervention_cost=0.1,1450,[0],0,no_op:none:none,0,[0],false
intervention_cost=0.1,1451,[0],0,no_op:none:none,0,[0],false
intervention_cost=0.1,1452,[0],0,no_op:none:none,0,[0],false
intervention_cost=0.1,1453,[0],0,no_op:none:none,0,[0],false
intervention_cost=0.1,1454,[0],0,no_op:none:none,0,[0],false
intervention_cost=0.1,1455,[0],0,no_op:none:none,0,[0],false
intervention_cost=0.1,1456,[0],0,no_op:none:none,0,[0],false
intervention_cost=0.1,1457,[0],0,no_op:none:none,0,[0],false
intervention_cost=0.1,1458,[0],0,no_op:none:none,0,[0],false
intervention_cost=0.1,1459,[0],0,no_op:none:none,0,[0],false
intervention_cost=0.1,1462,[0],0,no_op:none:none,0,[0],false
intervention_cost=0.1,1463,[0],0,no_op:none:none,0,[0],false
intervention_cost=0.1,1464,[0],0,no_op:none:none,0,[0],false
intervention_cost=0.1,1465,[0],0,no_op:none:none,0,[0],false
intervention_cost=0.1,1467,[0],0,no_op:none:none,0,[0],false
intervention_cost=0.1,1468,[0],0,no_op:none:none,0,[0],false
intervention_cost=0.1,1469,[0],0,no_op:none:none,0,[0],false
intervention_cost=0.1,1472,[0],0,no_op:none:none,0,[0],false
intervention_cost=0.1,1475,[0],0,no_op:none:none,0,[0],false
intervention_cost=0.1,1477,[0],0,no_op:none:none,0,[0],false
intervention_cost=0.1,1480,[0],0,no_op:none:none,0,[0],false
intervention_cost=0.1,1482,[0],0,no_op:none:none,0,[0],false
intervention_cost=0.1,1483,[0],0,no_op:none:none,0,[0],false
intervention_cost=0.1,1485,[0],0,no_op:none:none,0,[0],false
intervention_cost=0.1,1486,[0],0,no_op:none:none,0,[0],false
intervention_cost=0.1,1487,[0],0,no_op:none:none,0,[0],false
intervention_cost=0.1,1488,[0],0,no_op:none:none,0,[0],false
intervention_cost=0.1,1489,[0],0,no_op:none:none,0,[0],false
intervention_cost=0.1,1490,[0],0,no_op:none:none,0,[0],false
intervention_cost=0.1,1492,[0],0,no_op:none:none,0,[0],false
intervention_cost=0.1,1495,[0],0,no_op:none:none,0,[0],false
intervention_cost=0.1,1497,"[1,10,19]",1,intervention:L16_CWE-120_B:Low,-0.1,"[1,10,19]",false
intervention_cost=0.1,1499,[0],0,no_op:none:none,0,[0],false
intervention_cost=0.1,1500,[0],0,no_op:none:none,0,[0],false
intervention_cost=0.1,1501,[0],0,no_op:none:none,0,[0],false
intervention_cost=0.1,1503,[0],0,no_op:none:none,0,[0],false
intervention_cost=0.1,1504,[0],0,no_op:none:none,0,[0],false
intervention_cost=0.1,1505,[0],0,no_op:none:none,0,[0],false
intervention_cost=0.1,1507,[0],0,no_op:none:none,0,[0],false
intervention_cost=0.1,1510,[0],0,no_op:none:none,0,[0],false
intervention_cost=0.1,1511,[0],0,no_op:none:none,0,[0],false
intervention_cost=0.1,1512,[0],0,no_op:none:none,0,[0],false
intervention_cost=0.1,1513,[0],0,no_op:none:none,0,[0],false
intervention_cost=0.1,1514,[0],0,no_op:none:none,0,[0],false
intervention_cost=0.1,1515,[0],0,no_op:none:none,0,[0],false
intervention_cost=0.1,1519,[0],0,no_op:none:none,0,[0],false
intervention_cost=0.1,1520,[0],0,no_op:none:none,0,[0],false
intervention_cost=0.1,1521,[0],0,no_op:none:none,0,[0],false
intervention_cost=0.1,1522,[0],0,no_op:none:none,0,[0],false
intervention_cost=0.1,1523,[0],0,no_op:none:none,0,[0],false
intervention_cost=0.1,1524,[0],0,no_op:none:none,0,[0],false
intervention_cost=0.1,1526,[0],0,no_op:none:none,0,[0],false
intervention_cost=0.1,1527,[0],0,no_op:none:none,0,[0],false
intervention_cost=0.1,1530,[0],0,no_op:none:none,0,[0],false
intervention_cost=0.1,1532,[0],0,no_op:none:none,0,[0],false
intervention_cost=0.1,1533,[0],0,no_op:none:none,0,[0],false
intervention_cost=0.1,1534,[0],0,no_op:none:none,0,[0],false
intervention_cost=0.1,1535,[0],0,no_op:none:none,0,[0],false
intervention_cost=0.1,1536,[0],0,no_op:none:none,0,[0],false
intervention_cost=0.1,1538,[0],0,no_op:none:none,0,[0],false
intervention_cost=0.1,1539,[0],0,no_op:none:none,0,[0],false
intervention_cost=0.1,1541,[0],0,no_op:none:none,0,[0],false
intervention_cost=0.1,1542,[0],0,no_op:none:none,0,[0],false
intervention_cost=0.1,1545,[0],0,no_op:none:none,0,[0],false
intervention_cost=0.1,1548,[0],0,no_op:none:none,0,[0],false
intervention_cost=0.1,1549,[0],0,no_op:none:none,0,[0],false
intervention_cost=0.1,1550,[0],0,no_op:none:none,0,[0],false
intervention_cost=0.1,1551,[0],0,no_op:none:none,0,[0],false
intervention_cost=0.1,1552,[0],0,no_op:none:none,0,[0],false
intervention_cost=0.1,1553,[0],0,no_op:none:none,0,[0],false
intervention_cost=0.1,1555,[0],0,no_op:none:none,0,[0],false
intervention_cost=0.1,1556,[0],0,no_op:none:none,0,[0],false
intervention_cost=0.1,1558,[0],0,no_op:none:none,0,[0],false
intervention_cost=0.1,1559,[0],0,no_op:none:none,0,[0],false
intervention_cost=0.1,1562,[0],0,no_op:none:none,0,[0],false
intervention_cost=0.1,1564,[0],0,no_op:none:none,0,[0],false
intervention_cost=0.1,1565,[0],0,no_op:none:none,0,[0],false
intervention_cost=0.1,1566,[0],0,no_op:none:none,1,[0],false
intervention_cost=0.1,1567,[0],0,no_op:none:none,0,[0],false
intervention_cost=0.1,1569,[0],0,no_op:none:none,0,[0],false
intervention_cost=0.1,1571,[0],0,no_op:none:none,0,[0],false
intervention_cost=0.1,1575,[0],0,no_op:none:none,0,[0],false
intervention_cost=0.1,1576,[0],0,no_op:none:none,0,[0],false
intervention_cost=0.1,1577,[0],0,no_op:none:none,0,[0],false
intervention_cost=0.1,1578,"[1,10,19]",1,intervention:L16_CWE-120_B:Low,-0.1,"[1,10,19]",false
intervention_cost=0.1,1579,[0],0,no_op:none:none,0,[0],false
intervention_cost=0.1,1580,[0],0,no_op:none:none,0,[0],false
intervention_cost=0.1,1581,[0],0,no_op:none:none,0,[0],false
intervention_cost=0.1,1584,[0],0,no_op:none:none,0,[0],false
intervention_cost=0.1,1586,[0],0,no_op:none:none,0,[0],false
intervention_cost=0.1,1587,[0],0,no_op:none:none,0,[0],false
intervention_cost=0.1,1588,[0],0,no_op:none:none,0,[0],false
intervention_cost=0.1,1592,[19],19,intervention:L23_CWE-89_A:Low,-0.1,[19],false
intervention_cost=0.1,1593,[0],0,no_op:none:none,0,[0],false
intervention_cost=0.1,1595,[0],0,no_op:none:none,0,[0],false
intervention_cost=0.1,1596,"[1,10,19]",1,intervention:L16_CWE-120_B:Low,-0.1,"[1,10,19]",false
intervention_cost=0.1,1597,[19],19,intervention:L23_CWE-89_A:Low,0.9,[19],false
intervention_cost=0.1,1599,[0],0,no_op:none:none,0,[0],false
intervention_cost=0.1,1600,[0],0,no_op:none:none,0,[0],false
intervention_cost=0.1,1601,[0],0,no_op:none:none,0,[0],false
intervention_cost=0.1,1602,[0],0,no_op:none:none,0,[0],false
intervention_cost=0.1,1603,[0],0,no_op:none:none,1,[0],false
intervention_cost=0.1,1605,[0],0,no_op:none:none,0,[0],false
intervention_cost=0.1,1608,"[1,19]",1,intervention:L16_CWE-120_B:Low,-0.1,"[1,19]",false
intervention_cost=0.1,1609,[0],0,no_op:none:none,0,[0],false
intervention_cost=0.1,1610,[0],0,no_op:none:none,0,[0],false
intervention_cost=0.1,1611,[0],0,no_op:none:none,0,[0],false
intervention_cost=0.1,1612,[0],0,no_op:none:none,0,[0],false
intervention_cost=0.1,1614,[0],0,no_op:none:none,0,[0],false
intervention_cost=0.1,1615,[0],0,no_op:none:none,1,[0],false
intervention_cost=0.1,1616,"[1,10,19]",1,intervention:L16_CWE-120_B:Low,-0.1,"[1,10,19]",false
intervention_cost=0.1,1617,[0],0,no_op:none:none,0,[0],false
intervention_cost=0.1,1620,[0],0,no_op:none:none,0,[0],false
intervention_cost=0.1,1621,[0],0,no_op:none:none,0,[0],false
intervention_cost=0.1,1623,[0],0,no_op:none:none,0,[0],false
intervention_cost=0.1,1624,[0],0,no_op:none:none,0,[0],false
intervention_cost=0.1,1626,[0],0,no_op:none:none,0,[0],false
intervention_cost=0.1,1628,"[1,10,19]",1,intervention:L16_CWE-120_B:Low,-0.1,"[1,10,19]",false
intervention_cost=0.1,1629,"[1,10,19]",1,intervention:L16_CWE-120_B:Low,-0.1,"[1,10,19]",false
intervention_cost=0.1,1630,[0],0,no_op:none:none,0,[0],false
intervention_cost=0.1,1631,[0],0,no_op:none:none,0,[0],false
intervention_cost=0.1,1632,[0],0,no_op:none:none,0,[0],false
intervention_cost=0.1,1633,[0],0,no_op:none:none,0,[0],false
intervention_cost=0.1,1634,[0],0,no_op:none:none,0,[0],false
intervention_cost=0.1,1636,[0],0,no_op:none:none,0,[0],false
intervention_cost=0.1,1637,"[1,10,19]",1,intervention:L16_CWE-120_B:Low,-0.1,"[1,10,19]",false
intervention_cost=0.1,1639,[0],0,no_op:none:none,0,[0],false
intervention_cost=0.1,1640,[0],0,no_op:none:none,0,[0],false
intervention_cost=0.1,1641,[0],0,no_op:none:none,0,[0],false
intervention_cost=0.1,1642,[0],0,no_op:none:none,0,[0],false
intervention_cost=0.1,1643,[0],0,no_op:none:none,1,[0],false
intervention_cost=0.1,1644,[0],0,no_op:none:none,0,[0],false
intervention_cost=0.1,1645,"[1,10,19]",1,intervention:L16_CWE-120_B:Low,-0.1,"[1,10,19]",false
intervention_cost=0.1,1646,[0],0,no_op:none:none,0,[0],false
intervention_cost=0.1,1647,[0],0,no_op:none:none,0,[0],false
intervention_cost=0.1,1649,"[1,10,19]",1,intervention:L16_CWE-120_B:Low,-0.1,"[1,10,19]",false
intervention_cost=0.1,1651,[0],0,no_op:none:none,0,[0],false
intervention_cost=0.1,1654,[0],0,no_op:none:none,0,[0],false
intervention_cost=0.1,1655,[0],0,no_op:none:none,1,[0],false
intervention_cost=0.1,1658,"[1,10,19]",1,intervention:L16_CWE-120_B:Low,-0.1,"[1,10,19]",false
intervention_cost=0.1,1659,[0],0,no_op:none:none,0,[0],false
intervention_cost=0.1,1660,[0],0,no_op:none:none,0,[0],false
intervention_cost=0.1,1661,"[1,10,19]",1,intervention:L16_CWE-120_B:Low,-0.1,"[1,10,19]",false
intervention_cost=0.1,1662,[0],0,no_op:none:none,0,[0],false
intervention_cost=0.1,1663,[0],0,no_op:none:none,0,[0],false
intervention_cost=0.1,1665,"[1,10,19]",1,intervention:L16_CWE-120_B:Low,-0.1,"[1,10,19]",false
intervention_cost=0.1,1667,[0],0,no_op:none:none,0,[0],false
intervention_cost=0.1,1668,[0],0,no_op:none:none,0,[0],false
intervention_cost=0.1,1669,[0],0,no_op:none:none,0,[0],false
intervention_cost=0.1,1670,[0],0,no_op:none:none,1,[0],false
intervention_cost=0.1,1672,[0],0,no_op:none:none,0,[0],false
intervention_cost=0.1,1674,[0],0,no_op:none:none,0,[0],false
intervention_cost=0.1,1675,[0],0,no_op:none:none,0,[0],false
intervention_cost=0.1,1676,[0],0,no_op:none:none,0,[0],false
intervention_cost=0.1,1677,"[1,10,19]",1,intervention:L16_CWE-120_B:Low,-0.1,"[1,10,19]",false
intervention_cost=0.1,1678,[0],0,no_op:none:none,0,[0],false
intervention_cost=0.1,1679,[0],0,no_op:none:none,0,[0],false
intervention_cost=0.1,1680,[0],0,no_op:none:none,0,[0],false
intervention_cost=0.1,1681,[0],0,no_op:none:none,0,[0],false
intervention_cost=0.1,1682,[0],0,no_op:none:none,0,[0],false
intervention_cost=0.1,1684,[0],0,no_op:none:none,0,[0],false
intervention_cost=0.1,1685,"[1,19]",1,intervention:L16_CWE-120_B:Low,-0.1,"[1,19]",false
intervention_cost=0.1,1686,[0],0,no_op:none:none,0,[0],false
intervention_cost=0.1,1687,[0],0,no_op:none:none,0,[0],false
intervention_cost=0.1,1688,[0],0,no_op:none:none,1,[0],false
intervention_cost=0.1,1689,[0],0,no_op:none:none,0,[0],false
intervention_cost=0.1,1690,[0],0,no_op:none:none,0,[0],false
intervention_cost=0.1,1691,[0],0,no_op:none:none,0,[0],false
intervention_cost=0.1,1693,"[10,19]",10,intervention:L23_CWE-327_A:Low,-0.1,"[10,19]",false
intervention_cost=0.1,1695,[0],0,no_op:none:none,1,[0],false
intervention_cost=0.1,1696,[0],0,no_op:none:none,0,[0],false
intervention_cost=0.1,1697,"[1,10,19]",1,intervention:L16_CWE-120_B:Low,-0.1,"[1,10,19]",false
intervention_cost=0.1,1699,[0],0,no_op:none:none,0,[0],false
intervention_cost=0.1,1702,[0],0,no_op:none:none,0,[0],false
intervention_cost=0.1,1703,[0],0,no_op:none:none,0,[0],false
intervention_cost=0.1,1704,[0],0,no_op:none:none,1,[0],false
intervention_cost=0.1,1705,[0],0,no_op:none:none,0,[0],false
intervention_cost=0.1,1706,[0],0,no_op:none:none,0,[0],false
intervention_cost=0.1,1707,[0],0,no_op:none:none,0,[0],false
intervention_cost=0.1,1709,[0],0,no_op:none:none,0,[0],false
intervention_cost=0.1,1710,[0],0,no_op:none:none,0,[0],false
intervention_cost=0.1,1711,"[10,19]",10,intervention:L23_CWE-327_A:Low,-0.1,"[10,19]",false
intervention_cost=0.1,1715,[0],0,no_op:none:none,0,[0],false
intervention_cost=0.1,1716,"[1,10,19]",1,intervention:L16_CWE-120_B:Low,-0.1,"[1,10,19]",false
intervention_cost=0.1,1717,[0],0,no_op:none:none,0,[0],false
intervention_cost=0.1,1718,[0],0,no_op:none:none,0,[0],false
intervention_cost=0.1,1719,"[10,19]",10,intervention:L23_CWE-327_A:Low,-0.1,"[10,19]",false
intervention_cost=0.1,1720,"[1,10,19]",1,intervention:L16_CWE-120_B:Low,-0.1,"[1,10,19]",false
intervention_cost=0.1,1722,[0],0,no_op:none:none,0,[0],false
intervention_cost=0.1,1723,[0],0,no_op:none:none,0,[0],false
intervention_cost=0.1,1724,[0],0,no_op:none:none,0,[0],false
intervention_cost=0.1,1725,[0],0,no_op:none:none,0,[0],false
intervention_cost=0.1,1727,[0],0,no_op:none:none,0,[0],false
intervention_cost=0.1,1729,"[1,19]",1,intervention:L16_CWE-120_B:Low,-0.1,"[1,19]",false
intervention_cost=0.1,1730,[0],0,no_op:none:none,0,[0],false
intervention_cost=0.1,1732,[0],0,no_op:none:none,0,[0],false
intervention_cost=0.1,1733,[0],0,no_op:none:none,0,[0],false
intervention_cost=0.1,1734,[0],0,no_op:none:none,0,[0],false
intervention_cost=0.1,1739,[0],0,no_op:none:none,0,[0],false
intervention_cost=0.1,1740,"[1,10,19]",1,intervention:L16_CWE-120_B:Low,-0.1,"[1,10,19]",false
intervention_cost=0.1,1741,[0],0,no_op:none:none,0,[0],false
intervention_cost=0.1,1743,"[1,10,19]",1,intervention:L16_CWE-120_B:Low,-0.1,"[1,10,19]",false
intervention_cost=0.1,1747,[0],0,no_op:none:none,0,[0],false
intervention_cost=0.1,1748,[0],0,no_op:none:none,1,[0],false
intervention_cost=0.1,1749,[0],0,no_op:none:none,0,[0],false
intervention_cost=0.1,1752,[0],0,no_op:none:none,1,[0],false
intervention_cost=0.1,1753,"[1,10,19]",1,intervention:L16_CWE-120_B:Low,-0.1,"[1,10,19]",false
intervention_cost=0.1,1754,[0],0,no_op:none:none,0,[0],false
intervention_cost=0.1,1755,[0],0,no_op:none:none,0,[0],false
intervention_cost=0.1,1757,[0],0,no_op:none:none,0,[0],false
intervention_cost=0.1,1758,[0],0,no_op:none:none,0,[0],false
intervention_cost=0.1,1759,[0],0,no_op:none:none,0,[0],false
intervention_cost=0.1,1762,[0],0,no_op:none:none,0,[0],false
intervention_cost=0.1,1763,"[1,19]",1,intervention:L16_CWE-120_B:Low,-0.1,"[1,19]",false
intervention_cost=0.1,1765,[0],0,no_op:none:none,0,[0],false
intervention_cost=0.1,1766,[0],0,no_op:none:none,0,[0],false
intervention_cost=0.1,1767,[0],0,no_op:none:none,0,[0],false
intervention_cost=0.1,1768,[0],0,no_op:none:none,0,[0],false
intervention_cost=0.1,1769,[0],0,no_op:none:none,0,[0],false
intervention_cost=0.1,1770,"[1,10,19]",1,intervention:L16_CWE-120_B:Low,-0.1,"[1,10,19]",false
intervention_cost=0.1,1772,[0],0,no_op:none:none,0,[0],false
intervention_cost=0.1,1773,[0],0,no_op:none:none,0,[0],false
intervention_cost=0.1,1776,[0],0,no_op:none:none,0,[0],false
intervention_cost=0.1,1777,[0],0,no_op:none:none,0,[0],false
intervention_cost=0.1,1778,[0],0,no_op:none:none,0,[0],false
intervention_cost=0.1,1779,[0],0,no_op:none:none,0,[0],false
intervention_cost=0.1,1782,[0],0,no_op:none:none,0,[0],false
intervention_cost=0.1,1783,"[1,10,19]",1,intervention:L16_CWE-120_B:Low,0.9,"[1,10,19]",false
intervention_cost=0.1,1784,[0],0,no_op:none:none,0,[0],false
intervention_cost=0.1,1786,[0],0,no_op:none:none,0,[0],false
intervention_cost=0.1,1787,[0],0,no_op:none:none,0,[0],false
intervention_cost=0.1,1788,[0],0,no_op:none:none,0,[0],false
intervention_cost=0.1,1789,"[1,10,19]",1,intervention:L16_CWE-120_B:Low,-0.1,"[1,10,19]",false
intervention_cost=0.1,1790,[0],0,no_op:none:none,0,[0],false
intervention_cost=0.1,1791,[0],0,no_op:none:none,0,[0],false
intervention_cost=0.1,1792,[0],0,no_op:none:none,0,[0],false
intervention_cost=0.1,1793,[0],0,no_op:none:none,0,[0],false
intervention_cost=0.1,1794,[0],0,no_op:none:none,1,[0],false
intervention_cost=0.1,1795,[0],0,no_op:none:none,0,[0],false
intervention_cost=0.1,1796,[0],0,no_op:none:none,0,[0],false
intervention_cost=0.1,1798,[0],0,no_op:none:none,0,[0],false
intervention_cost=0.1,1799,"[1,10,19]",1,intervention:L16_CWE-120_B:Low,-0.1,"[1,10,19]",false
intervention_cost=0.1,1800,[0],0,no_op:none:none,0,[0],false
intervention_cost=0.1,1801,[0],0,no_op:none:none,0,[0],false
intervention_cost=0.1,1802,[0],0,no_op:none:none,0,[0],false
intervention_cost=0.1,1803,[0],0,no_op:none:none,0,[0],false
intervention_cost=0.1,1804,[0],0,no_op:none:none,0,[0],false
intervention_cost=0.1,1805,[0],0,no_op:none:none,0,[0],false
intervention_cost=0.1,1807,[0],0,no_op:none:none,0,[0],false
intervention_cost=0.1,1808,[0],0,no_op:none:none,0,[0],false
intervention_cost=0.1,1809,[0],0,no_op:none:none,1,[0],false
intervention_cost=0.1,1811,[0],0,no_op:none:none,0,[0],false
intervention_cost=0.1,1812,"[1,19]",1,intervention:L16_CWE-120_B:Low,-0.1,"[1,19]",false
intervention_cost=0.1,1814,[0],0,no_op:none:none,0,[0],false
intervention_cost=0.1,1816,[0],0,no_op:none:none,0,[0],false
intervention_cost=0.1,1817,[0],0,no_op:none:none,0,[0],false
intervention_cost=0.1,1818,[0],0,no_op:none:none,0,[0],false
intervention_cost=0.1,1819,[0],0,no_op:none:none,0,[0],false
intervention_cost=0.1,1820,[0],0,no_op:none:none,0,[0],false
intervention_cost=0.1,1821,[0],0,no_op:none:none,0,[0],false
intervention_cost=0.1,1822,[0],0,no_op:none:none,0,[0],false
intervention_cost=0.1,1823,[0],0,no_op:none:none,0,[0],false
intervention_cost=0.1,1824,[0],0,no_op:none:none,0,[0],false
intervention_cost=0.1,1825,[0],0,no_op:none:none,0,[0],false
intervention_cost=0.1,1826,"[1,10,19]",1,intervention:L16_CWE-120_B:Low,-0.1,"[1,10,19]",false
intervention_cost=0.1,1828,[0],0,no_op:none:none,0,[0],false
intervention_cost=0.1,1829,[0],0,no_op:none:none,0,[0],false
intervention_cost=0.1,1830,[0],0,no_op:none:none,0,[0],false
intervention_cost=0.1,1831,[0],0,no_op:none:none,0,[0],false
intervention_cost=0.1,1832,[0],0,no_op:none:none,1,[0],false
intervention_cost=0.1,1835,[0],0,no_op:none:none,0,[0],false
intervention_cost=0.1,1836,"[1,10,19]",1,intervention:L16_CWE-120_B:Low,-0.1,"[1,10,19]",false
intervention_cost=0.1,1838,[0],0,no_op:none:none,0,[0],false
intervention_cost=0.1,1839,[19],19,intervention:L23_CWE-89_A:Low,-0.1,[19],false
intervention_cost=0.1,1840,[0],0,no_op:none:none,0,[0],false
intervention_cost=0.1,1841,[0],0,no_op:none:none,0,[0],false
intervention_cost=0.1,1842,"[10,19]",10,intervention:L23_CWE-327_A:Low,-0.1,"[10,19]",false
intervention_cost=0.1,1843,[0],0,no_op:none:none,0,[0],false
intervention_cost=0.1,1844,"[1,10,19]",1,intervention:L16_CWE-120_B:Low,-0.1,"[1,10,19]",false
intervention_cost=0.1,1845,[0],0,no_op:none:none,0,[0],false
intervention_cost=0.1,1846,[0],0,no_op:none:none,1,[0],false
intervention_cost=0.1,1847,[0],0,no_op:none:none,0,[0],false
intervention_cost=0.1,1848,"[1,10,19]",1,intervention:L16_CWE-120_B:Low,-0.1,"[1,10,19]",false
intervention_cost=0.1,1850,[0],0,no_op:none:none,1,[0],false
intervention_cost=0.1,1851,[0],0,no_op:none:none,0,[0],false
intervention_cost=0.1,1853,[0],0,no_op:none:none,0,[0],false
intervention_cost=0.1,1855,[0],0,no_op:none:none,0,[0],false
intervention_cost=0.1,1858,[0],0,no_op:none:none,0,[0],false
intervention_cost=0.1,1859,[0],0,no_op:none:none,0,[0],false
intervention_cost=0.1,1860,[0],0,no_op:none:none,1,[0],false
intervention_cost=0.1,1861,[0],0,no_op:none:none,0,[0],false
intervention_cost=0.1,1865,"[1,10,19]",1,intervention:L16_CWE-120_B:Low,-0.1,"[1,10,19]",false
intervention_cost=0.1,1866,"[1,19]",1,intervention:L16_CWE-120_B:Low,0.9,"[1,19]",false
intervention_cost=0.1,1867,[0],0,no_op:none:none,0,[0],false
intervention_cost=0.1,1868,"[1,19]",1,intervention:L16_CWE-120_B:Low,-0.1,"[1,19]",false
intervention_cost=0.1,1872,[0],0,no_op:none:none,0,[0],false
intervention_cost=0.1,1873,[0],0,no_op:none:none,0,[0],false
intervention_cost=0.1,1875,[0],0,no_op:none:none,0,[0],false
intervention_cost=0.1,1876,[0],0,no_op:none:none,1,[0],false
intervention_cost=0.1,1877,[0],0,no_op:none:none,0,[0],false
intervention_cost=0.1,1878,"[1,10,19]",1,intervention:L16_CWE-120_B:Low,-0.1,"[1,10,19]",false
intervention_cost=0.1,1879,[0],0,no_op:none:none,1,[0],false
intervention_cost=0.1,1881,[0],0,no_op:none:none,0,[0],false
intervention_cost=0.1,1882,[0],0,no_op:none:none,0,[0],false
intervention_cost=0.1,1884,[0],0,no_op:none:none,0,[0],false
intervention_cost=0.1,1885,[0],0,no_op:none:none,0,[0],false
intervention_cost=0.1,1886,[0],0,no_op:none:none,0,[0],false
intervention_cost=0.1,1891,[0],0,no_op:none:none,0,[0],false
intervention_cost=0.1,1892,[0],0,no_op:none:none,1,[0],false
intervention_cost=0.1,1893,"[1,10,19]",1,intervention:L16_CWE-120_B:Low,-0.1,"[1,10,19]",false
intervention_cost=0.1,1895,[0],0,no_op:none:none,0,[0],false
intervention_cost=0.1,1897,[0],0,no_op:none:none,1,[0],false
intervention_cost=0.1,1900,"[1,10,19]",1,intervention:L16_CWE-120_B:Low,0.9,"[1,10,19]",false
intervention_cost=0.1,1901,"[1,10,19]",1,intervention:L16_CWE-120_B:Low,0.9,"[1,10,19]",false
intervention_cost=0.1,1903,[0],0,no_op:none:none,1,[0],false
intervention_cost=0.1,1904,[0],0,no_op:none:none,0,[0],false
intervention_cost=0.1,1905,[0],0,no_op:none:none,0,[0],false
intervention_cost=0.1,1909,"[1,10,19]",1,intervention:L16_CWE-120_B:Low,0.9,"[1,10,19]",false
intervention_cost=0.1,1911,[0],0,no_op:none:none,0,[0],false
intervention_cost=0.1,1912,[0],0,no_op:none:none,0,[0],false
intervention_cost=0.1,1913,[0],0,no_op:none:none,1,[0],false
intervention_cost=0.1,1915,[0],0,no_op:none:none,0,[0],false
crypto_bonus=0,0,[0],0,no_op:none:none,0,[0],false
crypto_bonus=0,2,[0],0,no_op:none:none,0,[0],false
crypto_bonus=0,5,"[7,10]",7,intervention:L19_CWE-120_B:Low,-0.05,"[7,10]",false
crypto_bonus=0,8,[0],0,no_op:none:none,0,[0],false
crypto_bonus=0,9,[0],0,no_op:none:none,0,[0],false
crypto_bonus=0,10,[0],0,no_op:none:none,0,[0],false
crypto_bonus=0,11,[0],0,no_op:none:none,1,[0],false
crypto_bonus=0,12,[7],7,intervention:L19_CWE-120_B:Low,0.95,[7],false
crypto_bonus=0,15,[0],0,no_op:none:none,0,[0],false
crypto_bonus=0,17,[0],0,no_op:none:none,1,[0],false
crypto_bonus=0,18,"[7,10]",7,intervention:L19_CWE-120_B:Low,0.95,"[7,10]",false
crypto_bonus=0,20,[0],0,no_op:none:none,0,[0],false
crypto_bonus=0,21,[0],0,no_op:none:none,0,[0],false
crypto_bonus=0,22,"[1,10,19]",1,intervention:L16_CWE-120_B:Low,0.95,"[1,10,19]",false
crypto_bonus=0,24,[0],0,no_op:none:none,0,[0],false
crypto_bonus=0,25,[0],0,no_op:none:none,0,[0],false
crypto_bonus=0,26,[0],0,no_op:none:none,0,[0],false
crypto_bonus=0,27,"[7,10]",7,intervention:L19_CWE-120_B:Low,0.95,"[7,10]",false
crypto_bonus=0,28,[0],0,no_op:none:none,0,[0],false
crypto_bonus=0,29,[0],0,no_op:none:none,0,[0],false
crypto_bonus=0,31,"[1,10,19]",1,intervention:L16_CWE-120_B:Low,0.95,"[1,10,19]",false
crypto_bonus=0,32,[0],0,no_op:none:none,0,[0],false
crypto_bonus=0,33,[0],0,no_op:none:none,0,[0],false
crypto_bonus=0,34,[0],0,no_op:none:none,0,[0],false
crypto_bonus=0,35,[0],0,no_op:none:none,0,[0],false
crypto_bonus=0,36,[0],0,no_op:none:none,0,[0],false
crypto_bonus=0,37,[7],7,intervention:L19_CWE-120_B:Low,-0.05,[7],false
crypto_bonus=0,38,"[1,19]",1,intervention:L16_CWE-120_B:Low,0.95,"[1,19]",false
crypto_bonus=0,40,[0],0,no_op:none:none,0,[0],false
crypto_bonus=0,41,"[7,10]",7,intervention:L19_CWE-120_B:Low,-0.05,"[7,10]",false
crypto_bonus=0,42,[0],0,no_op:none:none,0,[0],false
crypto_bonus=0,44,[7],7,intervention:L19_CWE-120_B:Low,0.95,[7],false
crypto_bonus=0,45,"[7,10]",7,intervention:L19_CWE-120_B:Low,0.95,"[7,10]",false
crypto_bonus=0,46,[0],0,no_op:none:none,0,[0],false
crypto_bonus=0,47,"[7,10]",7,intervention:L19_CWE-120_B:Low,-0.05,"[7,10]",false
crypto_bonus=0,49,[0],0,no_op:none:none,0,[0],false
crypto_bonus=0,52,[0],0,no_op:none:none,0,[0],false
crypto_bonus=0,53,"[1,10,19]",1,intervention:L16_CWE-120_B:Low,-0.05,"[1,10,19]",false
crypto_bonus=0,55,[0],0,no_op:none:none,0,[0],false
crypto_bonus=0,57,[0],0,no_op:none:none,0,[0],false
crypto_bonus=0,58,[0],0,no_op:none:none,0,[0],false
crypto_bonus=0,59,[0],0,no_op:none:none,0,[0],false
crypto_bonus=0,60,[0],0,no_op:none:none,0,[0],false
crypto_bonus=0,62,"[7,10]",7,intervention:L19_CWE-120_B:Low,-0.05,"[7,10]",false
crypto_bonus=0,63,[0],0,no_op:none:none,0,[0],false
crypto_bonus=0,66,[0],0,no_op:none:none,0,[0],false
crypto_bonus=0,67,[0],0,no_op:none:none,0,[0],false
crypto_bonus=0,68,[0],0,no_op:none:none,0,[0],false
crypto_bonus=0,69,[0],0,no_op:none:none,0,[0],false
crypto_bonus=0,70,[0],0,no_op:none:none,0,[0],false
crypto_bonus=0,71,"[7,10]",7,intervention:L19_CWE-120_B:Low,-0.05,"[7,10]",false
crypto_bonus=0,72,[0],0,no_op:none:none,0,[0],false
crypto_bonus=0,74,[0],0,no_op:none:none,0,[0],false
crypto_bonus=0,75,[0],0,no_op:none:none,0,[0],false
crypto_bonus=0,76,[0],0,no_op:none:none,0,[0],false
crypto_bonus=0,77,[0],0,no_op:none:none,0,[0],false
crypto_bonus=0,80,[0],0,no_op:none:none,0,[0],false
crypto_bonus=0,82,[0],0,no_op:none:none,0,[0],false
crypto_bonus=0,83,"[1,19]",1,intervention:L16_CWE-120_B:Low,-0.05,"[1,19]",false
crypto_bonus=0,84,"[7,10]",7,intervention:L19_CWE-120_B:Low,-0.05,"[7,10]",false
crypto_bonus=0,86,[0],0,no_op:none:none,0,[0],false
crypto_bonus=0,87,"[1,10,19]",1,intervention:L16_CWE-120_B:Low,0.95,"[1,10,19]",false
crypto_bonus=0,89,[0],0,no_op:none:none,0,[0],false
crypto_bonus=0,91,[0],0,no_op:none:none,0,[0],false
crypto_bonus=0,92,[0],0,no_op:none:none,0,[0],false
crypto_bonus=0,94,[0],0,no_op:none:none,0,[0],false
crypto_bonus=0,95,[0],0,no_op:none:none,1,[0],false
crypto_bonus=0,97,[0],0,no_op:none:none,0,[0],false
crypto_bonus=0,98,[0],0,no_op:none:none,0,[0],false
crypto_bonus=0,99,[0],0,no_op:none:none,0,[0],false
crypto_bonus=0,100,[0],0,no_op:none:none,0,[0],false
crypto_bonus=0,101,[0],0,no_op:none:none,0,[0],false
crypto_bonus=0,105,[7],7,intervention:L19_CWE-120_B:Low,0.95,[7],false
crypto_bonus=0,106,[0],0,no_op:none:none,0,[0],false
crypto_bonus=0,107,[0],0,no_op:none:none,0,[0],false
crypto_bonus=0,108,[0],0,no_op:none:none,0,[0],false
crypto_bonus=0,109,[0],0,no_op:none:none,0,[0],false
crypto_bonus=0,111,[0],0,no_op:none:none,0,[0],false
crypto_bonus=0,112,[0],0,no_op:none:none,0,[0],false
crypto_bonus=0,113,[0],0,no_op:none:none,0,[0],false
crypto_bonus=0,115,"[7,10]",7,intervention:L19_CWE-120_B:Low,0.95,"[7,10]",false
crypto_bonus=0,121,[0],0,no_op:none:none,0,[0],false
crypto_bonus=0,122,"[1,10,19]",1,intervention:L16_CWE-120_B:Low,-0.05,"[1,10,19]",false
crypto_bonus=0,123,[0],0,no_op:none:none,0,[0],false
crypto_bonus=0,125,[0],0,no_op:none:none,0,[0],false
crypto_bonus=0,126,[0],0,no_op:none:none,0,[0],false
crypto_bonus=0,127,[0],0,no_op:none:none,0,[0],false
crypto_bonus=0,128,[0],0,no_op:none:none,0,[0],false
crypto_bonus=0,129,[0],0,no_op:none:none,0,[0],false
crypto_bonus=0,132,[0],0,no_op:none:none,0,[0],false
crypto_bonus=0,133,[7],7,intervention:L19_CWE-120_B:Low,-0.05,[7],false
crypto_bonus=0,134,[0],0,no_op:none:none,0,[0],false
crypto_bonus=0,136,[0],0,no_op:none:none,0,[0],false
crypto_bonus=0,137,[0],0,no_op:none:none,0,[0],false
crypto_bonus=0,143,[0],0,no_op:none:none,0,[0],false
crypto_bonus=0,144,[0],0,no_op:none:none,0,[0],false
crypto_bonus=0,147,[0],0,no_op:none:none,0,[0],false
crypto_bonus=0,149,[0],0,no_op:none:none,0,[0],false
crypto_bonus=0,151,[0],0,no_op:none:none,0,[0],false
crypto_bonus=0,152,[0],0,no_op:none:none,0,[0],false
crypto_bonus=0,153,[0],0,no_op:none:none,0,[0],false
crypto_bonus=0,155,[0],0,no_op:none:none,1,[0],false
crypto_bonus=0,156,[0],0,no_op:none:none,0,[0],false
crypto_bonus=0,157,"[1,10,19]",1,intervention:L16_CWE-120_B:Low,0.95,"[1,10,19]",false
crypto_bonus=0,158,[0],0,no_op:none:none,0,[0],false
crypto_bonus=0,159,[0],0,no_op:none:none,0,[0],false
crypto_bonus=0,160,[0],0,no_op:none:none,0,[0],false
crypto_bonus=0,162,"[7,10]",7,intervention:L19_CWE-120_B:Low,-0.05,"[7,10]",false
crypto_bonus=0,165,"[7,10]",7,intervention:L19_CWE-120_B:Low,-0.05,"[7,10]",false
crypto_bonus=0,166,"[1,10,19]",1,intervention:L16_CWE-120_B:Low,-0.05,"[1,10,19]",false
crypto_bonus=0,168,[0],0,no_op:none:none,0,[0],false
crypto_bonus=0,169,[0],0,no_op:none:none,0,[0],false
crypto_bonus=0,170,"[1,10,19]",1,intervention:L16_CWE-120_B:Low,-0.05,"[1,10,19]",false
crypto_bonus=0,171,[0],0,no_op:none:none,0,[0],false
crypto_bonus=0,172,[0],0,no_op:none:none,0,[0],false
crypto_bonus=0,173,[0],0,no_op:none:none,0,[0],false
crypto_bonus=0,174,[0],0,no_op:none:none,0,[0],false
crypto_bonus=0,176,"[1,10,19]",1,intervention:L16_CWE-120_B:Low,-0.05,"[1,10,19]",false
crypto_bonus=0,177,[0],0,no_op:none:none,0,[0],false
crypto_bonus=0,179,[0],0,no_op:none:none,0,[0],false
crypto_bonus=0,180,[0],0,no_op:none:none,0,[0],false
crypto_bonus=0,181,[0],0,no_op:none:none,0,[0],false
crypto_bonus=0,182,[0],0,no_op:none:none,0,[0],false
crypto_bonus=0,183,[0],0,no_op:none:none,0,[0],false
crypto_bonus=0,184,[0],0,no_op:none:none,0,[0],false
crypto_bonus=0,185,"[1,10,19]",1,intervention:L16_CWE-120_B:Low,0.95,"[1,10,19]",false
crypto_bonus=0,187,[0],0,no_op:none:none,0,[0],false
crypto_bonus=0,188,[0],0,no_op:none:none,0,[0],false
crypto_bonus=0,190,[0],0,no_op:none:none,0,[0],false
crypto_bonus=0,192,[0],0,no_op:none:none,0,[0],false
crypto_bonus=0,194,[0],0,no_op:none:none,1,[0],false
crypto_bonus=0,195,"[1,10,19]",1,intervention:L16_CWE-120_B:Low,0.95,"[1,10,19]",false
crypto_bonus=0,196,[0],0,no_op:none:none,0,[0],false
crypto_bonus=0,197,[0],0,no_op:none:none,0,[0],false
crypto_bonus=0,199,[0],0,no_op:none:none,0,[0],false
crypto_bonus=0,202,[0],0,no_op:none:none,0,[0],false
crypto_bonus=0,203,[0],0,no_op:none:none,0,[0],false
crypto_bonus=0,205,[0],0,no_op:none:none,0,[0],false
crypto_bonus=0,207,[7],7,intervention:L19_CWE-120_B:Low,0.95,[7],false
crypto_bonus=0,208,[0],0,no_op:none:none,0,[0],false
crypto_bonus=0,211,[0],0,no_op:none:none,0,[0],false
crypto_bonus=0,213,[0],0,no_op:none:none,1,[0],false
crypto_bonus=0,214,[7],7,intervention:L19_CWE-120_B:Low,-0.05,[7],false
crypto_bonus=0,215,[0],0,no_op:none:none,0,[0],false
crypto_bonus=0,216,[0],0,no_op:none:none,0,[0],false
crypto_bonus=0,218,[0],0,no_op:none:none,0,[0],false
crypto_bonus=0,220,[7],7,intervention:L19_CWE-120_B:Low,-0.05,[7],false
crypto_bonus=0,225,[0],0,no_op:none:none,0,[0],false
crypto_bonus=0,226,[0],0,no_op:none:none,0,[0],false
crypto_bonus=0,227,[0],0,no_op:none:none,0,[0],false
crypto_bonus=0,230,[0],0,no_op:none:none,0,[0],false
crypto_bonus=0,231,[0],0,no_op:none:none,0,[0],false
crypto_bonus=0,232,[0],0,no_op:none:none,0,[0],false
crypto_bonus=0,233,[0],0,no_op:none:none,0,[0],false
crypto_bonus=0,235,[0],0,no_op:none:none,0,[0],false
crypto_bonus=0,237,[0],0,no_op:none:none,0,[0],false
crypto_bonus=0,238,[0],0,no_op:none:none,0,[0],false
crypto_bonus=0,239,[0],0,no_op:none:none,0,[0],false
crypto_bonus=0,240,[0],0,no_op:none:none,0,[0],false
crypto_bonus=0,241,[0],0,no_op:none:none,0,[0],false
crypto_bonus=0,242,[0],0,no_op:none:none,0,[0],false
crypto_bonus=0,243,[0],0,no_op:none:none,0,[0],false
crypto_bonus=0,244,[0],0,no_op:none:none,0,[0],false
crypto_bonus=0,246,[0],0,no_op:none:none,0,[0],false
crypto_bonus=0,248,[0],0,no_op:none:none,0,[0],false
crypto_bonus=0,249,[0],0,no_op:none:none,0,[0],false
crypto_bonus=0,250,[0],0,no_op:none:none,0,[0],false
crypto_bonus=0,251,[0],0,no_op:none:none,0,[0],false
crypto_bonus=0,252,[0],0,no_op:none:none,0,[0],false
crypto_bonus=0,253,[0],0,no_op:none:none,0,[0],false
crypto_bonus=0,254,[0],0,no_op:none:none,0,[0],false
crypto_bonus=0,256,[0],0,no_op:none:none,0,[0],false
crypto_bonus=0,258,[0],0,no_op:none:none,0,[0],false
crypto_bonus=0,259,[0],0,no_op:none:none,0,[0],false
crypto_bonus=0,260,[0],0,no_op:none:none,0,[0],false
crypto_bonus=0,263,[0],0,no_op:none:none,0,[0],false
crypto_bonus=0,264,[0],0,no_op:none:none,0,[0],false
crypto_bonus=0,265,[0],0,no_op:none:none,0,[0],false
crypto_bonus=0,266,[0],0,no_op:none:none,0,[0],false
crypto_bonus=0,269,[0],0,no_op:none:none,0,[0],false
crypto_bonus=0,272,[0],0,no_op:none:none,0,[0],false
crypto_bonus=0,273,[0],0,no_op:none:none,0,[0],false
crypto_bonus=0,274,[0],0,no_op:none:none,0,[0],false
crypto_bonus=0,276,[0],0,no_op:none:none,0,[0],false
crypto_bonus=0,277,[0],0,no_op:none:none,0,[0],false
crypto_bonus=0,278,[0],0,no_op:none:none,0,[0],false
crypto_bonus=0,279,[0],0,no_op:none:none,0,[0],false
crypto_bonus=0,280,[0],0,no_op:none:none,0,[0],false
crypto_bonus=0,281,[0],0,no_op:none:none,0,[0],false
crypto_bonus=0,282,[0],0,no_op:none:none,0,[0],false
crypto_bonus=0,284,[0],0,no_op:none:none,0,[0],false
crypto_bonus=0,286,[0],0,no_op:none:none,0,[0],false
crypto_bonus=0,288,[0],0,no_op:none:none,0,[0],false
crypto_bonus=0,289,[0],0,no_op:none:none,0,[0],false
crypto_bonus=0,290,[0],0,no_op:none:none,0,[0],false
crypto_bonus=0,291,[0],0,no_op:none:none,0,[0],false
crypto_bonus=0,293,[0],0,no_op:none:none,0,[0],false
crypto_bonus=0,294,[0],0,no_op:none:none,0,[0],false
crypto_bonus=0,295,[0],0,no_op:none:none,0,[0],false
crypto_bonus=0,296,[0],0,no_op:none:none,0,[0],false
crypto_bonus=0,297,[0],0,no_op:none:none,0,[0],false
crypto_bonus=0,298,[0],0,no_op:none:none,0,[0],false
crypto_bonus=0,299,[0],0,no_op:none:none,0,[0],false
crypto_bonus=0,300,[0],0,no_op:none:none,0,[0],false
crypto_bonus=0,301,[0],0,no_op:none:none,0,[0],false
crypto_bonus=0,302,[0],0,no_op:none:none,0,[0],false
crypto_bonus=0,304,[0],0,no_op:none:none,0,[0],false
crypto_bonus=0,306,[0],0,no_op:none:none,0,[0],false
crypto_bonus=0,307,[0],0,no_op:none:none,0,[0],false
crypto_bonus=0,308,[0],0,no_op:none:none,0,[0],false
crypto_bonus=0,309,[0],0,no_op:none:none,0,[0],false
crypto_bonus=0,310,[0],0,no_op:none:none,0,[0],false
crypto_bonus=0,311,[0],0,no_op:none:none,0,[0],false
crypto_bonus=0,312,[0],0,no_op:none:none,0,[0],false
crypto_bonus=0,314,[0],0,no_op:none:none,0,[0],false
crypto_bonus=0,315,[0],0,no_op:none:none,0,[0],false
crypto_bonus=0,319,[0],0,no_op:none:none,0,[0],false
crypto_bonus=0,320,[0],0,no_op:none:none,0,[0],false
crypto_bonus=0,321,[0],0,no_op:none:none,0,[0],false
crypto_bonus=0,324,[0],0,no_op:none:none,0,[0],false
crypto_bonus=0,325,[0],0,no_op:none:none,0,[0],false
crypto_bonus=0,328,[0],0,no_op:none:none,0,[0],false
crypto_bonus=0,329,[0],0,no_op:none:none,0,[0],false
crypto_bonus=0,331,[0],0,no_op:none:none,0,[0],false
crypto_bonus=0,335,[0],0,no_op:none:none,0,[0],false
crypto_bonus=0,336,[0],0,no_op:none:none,0,[0],false
crypto_bonus=0,339,[0],0,no_op:none:none,0,[0],false
crypto_bonus=0,341,[0],0,no_op:none:none,0,[0],false
crypto_bonus=0,342,[0],0,no_op:none:none,0,[0],false
crypto_bonus=0,343,[0],0,no_op:none:none,0,[0],false
crypto_bonus=0,344,[0],0,no_op:none:none,0,[0],false
crypto_bonus=0,345,[0],0,no_op:none:none,0,[0],false
crypto_bonus=0,346,[0],0,no_op:none:none,0,[0],false
crypto_bonus=0,347,[0],0,no_op:none:none,0,[0],false
crypto_bonus=0,348,[0],0,no_op:none:none,0,[0],false
crypto_bonus=0,349,[0],0,no_op:none:none,0,[0],false
crypto_bonus=0,351,[0],0,no_op:none:none,0,[0],false
crypto_bonus=0,352,[0],0,no_op:none:none,0,[0],false
crypto_bonus=0,353,[0],0,no_op:none:none,0,[0],false
crypto_bonus=0,354,[0],0,no_op:none:none,0,[0],false
crypto_bonus=0,355,[0],0,no_op:none:none,0,[0],false
crypto_bonus=0,356,[0],0,no_op:none:none,0,[0],false
crypto_bonus=0,357,[0],0,no_op:none:none,0,[0],false
crypto_bonus=0,358,[0],0,no_op:none:none,0,[0],false
crypto_bonus=0,359,[0],0,no_op:none:none,0,[0],false
crypto_bonus=0,360,[0],0,no_op:none:none,0,[0],false
crypto_bonus=0,361,[0],0,no_op:none:none,0,[0],false
crypto_bonus=0,363,[0],0,no_op:none:none,0,[0],false
crypto_bonus=0,364,[0],0,no_op:none:none,0,[0],false
crypto_bonus=0,366,[0],0,no_op:none:none,0,[0],false
crypto_bonus=0,368,[0],0,no_op:none:none,0,[0],false
crypto_bonus=0,369,[0],0,no_op:none:none,0,[0],false
crypto_bonus=0,370,[0],0,no_op:none:none,0,[0],false
crypto_bonus=0,371,[0],0,no_op:none:none,0,[0],false
crypto_bonus=0,372,[0],0,no_op:none:none,0,[0],false
crypto_bonus=0,373,[0],0,no_op:none:none,0,[0],false
crypto_bonus=0,374,[0],0,no_op:none:none,0,[0],false
crypto_bonus=0,376,[0],0,no_op:none:none,0,[0],false
crypto_bonus=0,377,[0],0,no_op:none:none,0,[0],false
crypto_bonus=0,378,[0],0,no_op:none:none,0,[0],false
crypto_bonus=0,379,[0],0,no_op:none:none,0,[0],false
crypto_bonus=0,381,[0],0,no_op:none:none,0,[0],false
crypto_bonus=0,382,[0],0,no_op:none:none,0,[0],false
crypto_bonus=0,383,[0],0,no_op:none:none,0,[0],false
crypto_bonus=0,384,[0],0,no_op:none:none,0,[0],false
crypto_bonus=0,385,[0],0,no_op:none:none,0,[0],false
crypto_bonus=0,386,[0],0,no_op:none:none,0,[0],false
crypto_bonus=0,387,[0],0,no_op:none:none,0,[0],false
crypto_bonus=0,390,[0],0,no_op:none:none,0,[0],false
crypto_bonus=0,391,[0],0,no_op:none:none,0,[0],false
crypto_bonus=0,394,[0],0,no_op:none:none,0,[0],false
crypto_bonus=0,396,[0],0,no_op:none:none,0,[0],false
crypto_bonus=0,397,[0],0,no_op:none:none,0,[0],false
crypto_bonus=0,398,[0],0,no_op:none:none,0,[0],false
crypto_bonus=0,399,[0],0,no_op:none:none,0,[0],false
crypto_bonus=0,400,[0],0,no_op:none:none,0,[0],false
crypto_bonus=0,401,[0],0,no_op:none:none,0,[0],false
crypto_bonus=0,402,[0],0,no_op:none:none,0,[0],false
crypto_bonus=0,403,[0],0,no_op:none:none,0,[0],false
crypto_bonus=0,404,[0],0,no_op:none:none,0,[0],false
crypto_bonus=0,405,[0],0,no_op:none:none,0,[0],false
crypto_bonus=0,406,[0],0,no_op:none:none,0,[0],false
crypto_bonus=0,409,[0],0,no_op:none:none,0,[0],false
crypto_bonus=0,410,[0],0,no_op:none:none,0,[0],false
crypto_bonus=0,412,[0],0,no_op:none:none,0,[0],false
crypto_bonus=0,413,[0],0,no_op:none:none,0,[0],false
crypto_bonus=0,414,[0],0,no_op:none:none,0,[0],false
crypto_bonus=0,415,[0],0,no_op:none:none,0,[0],false
crypto_bonus=0,417,[0],0,no_op:none:none,0,[0],false
crypto_bonus=0,419,[0],0,no_op:none:none,0,[0],false
crypto_bonus=0,420,[0],0,no_op:none:none,0,[0],false
crypto_bonus=0,421,[0],0,no_op:none:none,0,[0],false
crypto_bonus=0,422,[0],0,no_op:none:none,0,[0],false
crypto_bonus=0,423,[0],0,no_op:none:none,1,[0],false
crypto_bonus=0,424,[0],0,no_op:none:none,0,[0],false
crypto_bonus=0,425,[0],0,no_op:none:none,0,[0],false
crypto_bonus=0,426,[0],0,no_op:none:none,0,[0],false
crypto_bonus=0,427,[0],0,no_op:none:none,0,[0],false
crypto_bonus=0,428,[0],0,no_op:none:none,0,[0],false
crypto_bonus=0,434,[0],0,no_op:none:none,0,[0],false
crypto_bonus=0,439,[0],0,no_op:none:none,0,[0],false
crypto_bonus=0,441,[0],0,no_op:none:none,0,[0],false
crypto_bonus=0,442,[0],0,no_op:none:none,0,[0],false
crypto_bonus=0,443,[0],0,no_op:none:none,0,[0],false
crypto_bonus=0,444,[0],0,no_op:none:none,0,[0],false
crypto_bonus=0,446,[0],0,no_op:none:none,0,[0],false
crypto_bonus=0,448,[0],0,no_op:none:none,0,[0],false
crypto_bonus=0,450,[0],0,no_op:none:none,0,[0],false
crypto_bonus=0,452,[0],0,no_op:none:none,0,[0],false
crypto_bonus=0,453,[0],0,no_op:none:none,0,[0],false
crypto_bonus=0,454,[0],0,no_op:none:none,0,[0],false
crypto_bonus=0,458,[0],0,no_op:none:none,0,[0],false
crypto_bonus=0,459,[0],0,no_op:none:none,0,[0],false
crypto_bonus=0,461,[0],0,no_op:none:none,0,[0],false
crypto_bonus=0,462,[0],0,no_op:none:none,0,[0],false
crypto_bonus=0,463,[0],0,no_op:none:none,0,[0],false
crypto_bonus=0,464,[0],0,no_op:none:none,0,[0],false
crypto_bonus=0,465,[0],0,no_op:none:none,0,[0],false
crypto_bonus=0,467,[0],0,no_op:none:none,0,[0],false
crypto_bonus=0,470,[0],0,no_op:none:none,0,[0],false
crypto_bonus=0,472,[0],0,no_op:none:none,0,[0],false
crypto_bonus=0,473,[0],0,no_op:none:none,0,[0],false
crypto_bonus=0,474,[0],0,no_op:none:none,0,[0],false
crypto_bonus=0,475,[0],0,no_op:none:none,0,[0],false
crypto_bonus=0,477,[0],0,no_op:none:none,0,[0],false
crypto_bonus=0,478,[0],0,no_op:none:none,0,[0],false
crypto_bonus=0,479,[0],0,no_op:none:none,0,[0],false
crypto_bonus=0,480,[0],0,no_op:none:none,0,[0],false
crypto_bonus=0,482,[0],0,no_op:none:none,0,[0],false
crypto_bonus=0,483,[0],0,no_op:none:none,0,[0],false
crypto_bonus=0,485,[0],0,no_op:none:none,0,[0],false
crypto_bonus=0,486,[0],0,no_op:none:none,0,[0],false
crypto_bonus=0,489,[0],0,no_op:none:none,0,[0],false
crypto_bonus=0,491,[0],0,no_op:none:none,0,[0],false
crypto_bonus=0,492,[0],0,no_op:none:none,0,[0],false
crypto_bonus=0,494,[0],0,no_op:none:none,0,[0],false
crypto_bonus=0,495,[0],0,no_op:none:none,0,[0],false
crypto_bonus=0,496,[0],0,no_op:none:none,0,[0],false
crypto_bonus=0,498,[0],0,no_op:none:none,0,[0],false
crypto_bonus=0,499,[0],0,no_op:none:none,0,[0],false
crypto_bonus=0,502,[0],0,no_op:none:none,0,[0],false
crypto_bonus=0,503,[0],0,no_op:none:none,0,[0],false
crypto_bonus=0,506,[0],0,no_op:none:none,0,[0],false
crypto_bonus=0,510,[0],0,no_op:none:none,0,[0],false
crypto_bonus=0,512,[0],0,no_op:none:none,0,[0],false
crypto_bonus=0,513,[0],0,no_op:none:none,0,[0],false
crypto_bonus=0,515,[0],0,no_op:none:none,0,[0],false
crypto_bonus=0,516,[0],0,no_op:none:none,0,[0],false
crypto_bonus=0,517,[0],0,no_op:none:none,0,[0],false
crypto_bonus=0,518,[0],0,no_op:none:none,0,[0],false
crypto_bonus=0,519,[0],0,no_op:none:none,0,[0],false
crypto_bonus=0,520,[0],0,no_op:none:none,0,[0],false
crypto_bonus=0,522,[0],0,no_op:none:none,0,[0],false
crypto_bonus=0,523,[0],0,no_op:none:none,0,[0],false
crypto_bonus=0,524,[0],0,no_op:none:none,0,[0],false
crypto_bonus=0,525,[0],0,no_op:none:none,0,[0],false
crypto_bonus=0,526,[0],0,no_op:none:none,0,[0],false
crypto_bonus=0,527,[0],0,no_op:none:none,0,[0],false
crypto_bonus=0,528,[0],0,no_op:none:none,0,[0],false
crypto_bonus=0,529,[0],0,no_op:none:none,0,[0],false
crypto_bonus=0,530,[0],0,no_op:none:none,0,[0],false
crypto_bonus=0,531,[0],0,no_op:none:none,0,[0],false
crypto_bonus=0,532,[0],0,no_op:none:none,0,[0],false
crypto_bonus=0,533,[0],0,no_op:none:none,0,[0],false
crypto_bonus=0,535,[0],0,no_op:none:none,0,[0],false
crypto_bonus=0,537,[0],0,no_op:none:none,0,[0],false
crypto_bonus=0,544,[0],0,no_op:none:none,0,[0],false
crypto_bonus=0,545,[0],0,no_op:none:none,0,[0],false
crypto_bonus=0,547,[0],0,no_op:none:none,0,[0],false
crypto_bonus=0,549,[0],0,no_op:none:none,0,[0],false
crypto_bonus=0,550,[0],0,no_op:none:none,0,[0],false
crypto_bonus=0,551,[0],0,no_op:none:none,0,[0],false
crypto_bonus=0,553,[0],0,no_op:none:none,0,[0],false
crypto_bonus=0,554,[0],0,no_op:none:none,0,[0],false
crypto_bonus=0,555,[0],0,no_op:none:none,0,[0],false
crypto_bonus=0,556,[0],0,no_op:none:none,0,[0],false
crypto_bonus=0,558,[0],0,no_op:none:none,0,[0],false
crypto_bonus=0,559,[0],0,no_op:none:none,0,[0],false
crypto_bonus=0,560,[0],0,no_op:none:none,0,[0],false
crypto_bonus=0,561,[0],0,no_op:none:none,0,[0],false
crypto_bonus=0,562,[0],0,no_op:none:none,0,[0],false
crypto_bonus=0,564,[0],0,no_op:none:none,0,[0],false
crypto_bonus=0,565,[0],0,no_op:none:none,0,[0],false
crypto_bonus=0,567,[0],0,no_op:none:none,0,[0],false
crypto_bonus=0,568,[0],0,no_op:none:none,0,[0],false
crypto_bonus=0,572,[0],0,no_op:none:none,0,[0],false
crypto_bonus=0,573,[0],0,no_op:none:none,0,[0],false
crypto_bonus=0,574,[0],0,no_op:none:none,0,[0],false
crypto_bonus=0,575,[0],0,no_op:none:none,0,[0],false
crypto_bonus=0,576,[0],0,no_op:none:none,0,[0],false
crypto_bonus=0,578,[0],0,no_op:none:none,0,[0],false
crypto_bonus=0,579,[0],0,no_op:none:none,0,[0],false
crypto_bonus=0,580,[0],0,no_op:none:none,0,[0],false
crypto_bonus=0,581,[0],0,no_op:none:none,0,[0],false
crypto_bonus=0,582,[0],0,no_op:none:none,0,[0],false
crypto_bonus=0,585,[0],0,no_op:none:none,0,[0],false
crypto_bonus=0,586,[0],0,no_op:none:none,0,[0],false
crypto_bonus=0,587,[0],0,no_op:none:none,0,[0],false
crypto_bonus=0,588,[0],0,no_op:none:none,0,[0],false
crypto_bonus=0,589,[0],0,no_op:none:none,0,[0],false
crypto_bonus=0,590,[0],0,no_op:none:none,0,[0],false
crypto_bonus=0,591,[0],0,no_op:none:none,0,[0],false
crypto_bonus=0,593,[0],0,no_op:none:none,0,[0],false
crypto_bonus=0,594,[0],0,no_op:none:none,0,[0],false
crypto_bonus=0,595,[0],0,no_op:none:none,0,[0],false
crypto_bonus=0,596,[0],0,no_op:none:none,0,[0],false
crypto_bonus=0,597,[0],0,no_op:none:none,0,[0],false
crypto_bonus=0,598,[0],0,no_op:none:none,0,[0],false
crypto_bonus=0,599,[0],0,no_op:none:none,0,[0],false
crypto_bonus=0,602,[0],0,no_op:none:none,0,[0],false
crypto_bonus=0,603,[0],0,no_op:none:none,0,[0],false
crypto_bonus=0,604,[0],0,no_op:none:none,0,[0],false
crypto_bonus=0,605,[0],0,no_op:none:none,0,[0],false
crypto_bonus=0,606,[0],0,no_op:none:none,0,[0],false
crypto_bonus=0,608,[0],0,no_op:none:none,0,[0],false
crypto_bonus=0,609,[0],0,no_op:none:none,0,[0],false
crypto_bonus=0,610,[0],0,no_op:none:none,0,[0],false
crypto_bonus=0,612,[0],0,no_op:none:none,0,[0],false
crypto_bonus=0,615,[0],0,no_op:none:none,0,[0],false
crypto_bonus=0,616,[0],0,no_op:none:none,0,[0],false
crypto_bonus=0,617,[0],0,no_op:none:none,0,[0],false
crypto_bonus=0,618,[0],0,no_op:none:none,0,[0],false
crypto_bonus=0,620,[0],0,no_op:none:none,0,[0],false
crypto_bonus=0,621,[0],0,no_op:none:none,0,[0],false
crypto_bonus=0,622,[0],0,no_op:none:none,0,[0],false
crypto_bonus=0,623,[0],0,no_op:none:none,0,[0],false
crypto_bonus=0,624,[0],0,no_op:none:none,0,[0],false
crypto_bonus=0,626,[0],0,no_op:none:none,0,[0],false
crypto_bonus=0,627,[0],0,no_op:none:none,0,[0],false
crypto_bonus=0,628,[0],0,no_op:none:none,0,[0],false
crypto_bonus=0,630,[0],0,no_op:none:none,0,[0],false
crypto_bonus=0,632,[0],0,no_op:none:none,0,[0],false
crypto_bonus=0,633,[0],0,no_op:none:none,0,[0],false
crypto_bonus=0,634,[0],0,no_op:none:none,0,[0],false
crypto_bonus=0,635,[0],0,no_op:none:none,0,[0],false
crypto_bonus=0,636,[0],0,no_op:none:none,0,[0],false
crypto_bonus=0,637,[0],0,no_op:none:none,0,[0],false
crypto_bonus=0,639,[0],0,no_op:none:none,0,[0],false
crypto_bonus=0,640,[0],0,no_op:none:none,0,[0],false
crypto_bonus=0,641,[0],0,no_op:none:none,0,[0],false
crypto_bonus=0,645,[0],0,no_op:none:none,0,[0],false
crypto_bonus=0,648,[0],0,no_op:none:none,0,[0],false
crypto_bonus=0,649,[0],0,no_op:none:none,0,[0],false
crypto_bonus=0,650,[0],0,no_op:none:none,0,[0],false
crypto_bonus=0,651,[0],0,no_op:none:none,0,[0],false
crypto_bonus=0,652,[0],0,no_op:none:none,0,[0],false
crypto_bonus=0,653,[0],0,no_op:none:none,0,[0],false
crypto_bonus=0,654,[0],0,no_op:none:none,0,[0],false
crypto_bonus=0,655,[0],0,no_op:none:none,0,[0],false
crypto_bonus=0,656,[0],0,no_op:none:none,0,[0],false
crypto_bonus=0,657,[0],0,no_op:none:none,0,[0],false
crypto_bonus=0,658,[0],0,no_op:none:none,0,[0],false
crypto_bonus=0,659,[0],0,no_op:none:none,0,[0],false
crypto_bonus=0,660,[0],0,no_op:none:none,0,[0],false
crypto_bonus=0,661,[0],0,no_op:none:none,0,[0],false
crypto_bonus=0,662,[0],0,no_op:none:none,0,[0],false
crypto_bonus=0,665,[0],0,no_op:none:none,0,[0],false
crypto_bonus=0,666,[0],0,no_op:none:none,0,[0],false
crypto_bonus=0,667,[0],0,no_op:none:none,0,[0],false
crypto_bonus=0,668,[0],0,no_op:none:none,0,[0],false
crypto_bonus=0,669,[0],0,no_op:none:none,0,[0],false
crypto_bonus=0,670,[0],0,no_op:none:none,0,[0],false
crypto_bonus=0,671,[0],0,no_op:none:none,0,[0],false
crypto_bonus=0,673,[0],0,no_op:none:none,0,[0],false
crypto_bonus=0,674,[0],0,no_op:none:none,0,[0],false
crypto_bonus=0,675,[0],0,no_op:none:none,0,[0],false
crypto_bonus=0,677,[0],0,no_op:none:none,0,[0],false
crypto_bonus=0,679,[0],0,no_op:none:none,0,[0],false
crypto_bonus=0,681,[0],0,no_op:none:none,0,[0],false
crypto_bonus=0,682,[0],0,no_op:none:none,0,[0],false
crypto_bonus=0,684,[0],0,no_op:none:none,0,[0],false
crypto_bonus=0,685,[0],0,no_op:none:none,0,[0],false
crypto_bonus=0,686,[0],0,no_op:none:none,0,[0],false
crypto_bonus=0,687,[0],0,no_op:none:none,0,[0],false
crypto_bonus=0,688,[0],0,no_op:none:none,0,[0],false
crypto_bonus=0,690,[0],0,no_op:none:none,0,[0],false
crypto_bonus=0,691,[0],0,no_op:none:none,0,[0],false
crypto_bonus=0,693,[0],0,no_op:none:none,0,[0],false
crypto_bonus=0,695,[0],0,no_op:none:none,0,[0],false
crypto_bonus=0,697,[0],0,no_op:none:none,0,[0],false
crypto_bonus=0,698,[0],0,no_op:none:none,0,[0],false
crypto_bonus=0,699,[0],0,no_op:none:none,0,[0],false
crypto_bonus=0,700,[0],0,no_op:none:none,0,[0],false
crypto_bonus=0,701,[0],0,no_op:none:none,0,[0],false
crypto_bonus=0,703,[0],0,no_op:none:none,0,[0],false
crypto_bonus=0,705,[0],0,no_op:none:none,0,[0],false
crypto_bonus=0,706,[0],0,no_op:none:none,0,[0],false
crypto_bonus=0,708,[0],0,no_op:none:none,0,[0],false
crypto_bonus=0,709,[0],0,no_op:none:none,0,[0],false
crypto_bonus=0,710,[0],0,no_op:none:none,0,[0],false
crypto_bonus=0,711,[0],0,no_op:none:none,0,[0],false
crypto_bonus=0,712,[0],0,no_op:none:none,0,[0],false
crypto_bonus=0,713,[0],0,no_op:none:none,0,[0],false
crypto_bonus=0,715,[0],0,no_op:none:none,0,[0],false
crypto_bonus=0,717,[0],0,no_op:none:none,0,[0],false
crypto_bonus=0,718,[0],0,no_op:none:none,0,[0],false
crypto_bonus=0,720,[0],0,no_op:none:none,0,[0],false
crypto_bonus=0,721,[0],0,no_op:none:none,0,[0],false
crypto_bonus=0,722,[0],0,no_op:none:none,0,[0],false
crypto_bonus=0,723,[0],0,no_op:none:none,0,[0],false
crypto_bonus=0,726,[0],0,no_op:none:none,0,[0],false
crypto_bonus=0,728,[0],0,no_op:none:none,0,[0],false
crypto_bonus=0,729,[0],0,no_op:none:none,0,[0],false
crypto_bonus=0,730,[0],0,no_op:none:none,0,[0],false
crypto_bonus=0,731,[0],0,no_op:none:none,0,[0],false
crypto_bonus=0,733,[0],0,no_op:none:none,0,[0],false
crypto_bonus=0,734,[0],0,no_op:none:none,0,[0],false
crypto_bonus=0,736,[0],0,no_op:none:none,0,[0],false
crypto_bonus=0,737,[0],0,no_op:none:none,0,[0],false
crypto_bonus=0,738,[0],0,no_op:none:none,0,[0],false
crypto_bonus=0,739,[0],0,no_op:none:none,0,[0],false
crypto_bonus=0,742,[0],0,no_op:none:none,0,[0],false
crypto_bonus=0,744,[0],0,no_op:none:none,0,[0],false
crypto_bonus=0,745,[0],0,no_op:none:none,0,[0],false
crypto_bonus=0,748,[0],0,no_op:none:none,0,[0],false
crypto_bonus=0,749,[0],0,no_op:none:none,0,[0],false
crypto_bonus=0,750,[0],0,no_op:none:none,0,[0],false
crypto_bonus=0,751,[0],0,no_op:none:none,0,[0],false
crypto_bonus=0,752,[0],0,no_op:none:none,0,[0],false
crypto_bonus=0,753,[0],0,no_op:none:none,0,[0],false
crypto_bonus=0,754,[0],0,no_op:none:none,0,[0],false
crypto_bonus=0,755,[0],0,no_op:none:none,0,[0],false
crypto_bonus=0,757,[0],0,no_op:none:none,0,[0],false
crypto_bonus=0,759,[0],0,no_op:none:none,0,[0],false
crypto_bonus=0,760,[0],0,no_op:none:none,0,[0],false
crypto_bonus=0,761,[0],0,no_op:none:none,0,[0],false
crypto_bonus=0,762,[0],0,no_op:none:none,0,[0],false
crypto_bonus=0,763,[0],0,no_op:none:none,0,[0],false
crypto_bonus=0,766,[0],0,no_op:none:none,0,[0],false
crypto_bonus=0,767,[0],0,no_op:none:none,0,[0],false
crypto_bonus=0,768,[0],0,no_op:none:none,0,[0],false
crypto_bonus=0,769,[0],0,no_op:none:none,0,[0],false
crypto_bonus=0,770,[0],0,no_op:none:none,0,[0],false
crypto_bonus=0,771,[0],0,no_op:none:none,0,[0],false
crypto_bonus=0,772,[0],0,no_op:none:none,0,[0],false
crypto_bonus=0,773,[0],0,no_op:none:none,0,[0],false
crypto_bonus=0,774,[0],0,no_op:none:none,0,[0],false
crypto_bonus=0,779,[0],0,no_op:none:none,0,[0],false
crypto_bonus=0,780,[0],0,no_op:none:none,0,[0],false
crypto_bonus=0,782,[0],0,no_op:none:none,0,[0],false
crypto_bonus=0,784,[0],0,no_op:none:none,0,[0],false
crypto_bonus=0,785,[0],0,no_op:none:none,0,[0],false
crypto_bonus=0,786,[0],0,no_op:none:none,0,[0],false
crypto_bonus=0,787,[0],0,no_op:none:none,0,[0],false
crypto_bonus=0,789,[0],0,no_op:none:none,0,[0],false
crypto_bonus=0,790,[0],0,no_op:none:none,0,[0],false
crypto_bonus=0,791,[0],0,no_op:none:none,0,[0],false
crypto_bonus=0,792,[0],0,no_op:none:none,0,[0],false
crypto_bonus=0,793,[0],0,no_op:none:none,0,[0],false
crypto_bonus=0,794,[0],0,no_op:none:none,0,[0],false
crypto_bonus=0,795,[0],0,no_op:none:none,0,[0],false
crypto_bonus=0,796,[0],0,no_op:none:none,0,[0],false
crypto_bonus=0,797,[0],0,no_op:none:none,0,[0],false
crypto_bonus=0,798,[0],0,no_op:none:none,0,[0],false
crypto_bonus=0,800,[0],0,no_op:none:none,0,[0],false
crypto_bonus=0,801,[0],0,no_op:none:none,0,[0],false
crypto_bonus=0,802,[0],0,no_op:none:none,0,[0],false
crypto_bonus=0,803,[0],0,no_op:none:none,0,[0],false
crypto_bonus=0,804,[0],0,no_op:none:none,0,[0],false
crypto_bonus=0,805,[0],0,no_op:none:none,0,[0],false
crypto_bonus=0,806,[0],0,no_op:none:none,0,[0],false
crypto_bonus=0,807,[0],0,no_op:none:none,0,[0],false
crypto_bonus=0,808,[0],0,no_op:none:none,0,[0],false
crypto_bonus=0,809,[0],0,no_op:none:none,0,[0],false
crypto_bonus=0,811,[0],0,no_op:none:none,0,[0],false
crypto_bonus=0,812,[0],0,no_op:none:none,0,[0],false
crypto_bonus=0,813,[0],0,no_op:none:none,0,[0],false
crypto_bonus=0,814,[0],0,no_op:none:none,0,[0],false
crypto_bonus=0,815,[0],0,no_op:none:none,0,[0],false
crypto_bonus=0,819,[0],0,no_op:none:none,0,[0],false
crypto_bonus=0,820,[0],0,no_op:none:none,0,[0],false
crypto_bonus=0,822,[0],0,no_op:none:none,0,[0],false
crypto_bonus=0,823,[0],0,no_op:none:none,0,[0],false
crypto_bonus=0,825,[0],0,no_op:none:none,0,[0],false
crypto_bonus=0,827,[0],0,no_op:none:none,0,[0],false
crypto_bonus=0,828,[0],0,no_op:none:none,0,[0],false
crypto_bonus=0,829,[0],0,no_op:none:none,0,[0],false
crypto_bonus=0,830,[0],0,no_op:none:none,0,[0],false
crypto_bonus=0,831,[0],0,no_op:none:none,0,[0],false
crypto_bonus=0,834,[0],0,no_op:none:none,0,[0],false
crypto_bonus=0,835,[0],0,no_op:none:none,0,[0],false
crypto_bonus=0,836,[0],0,no_op:none:none,0,[0],false
crypto_bonus=0,837,[0],0,no_op:none:none,0,[0],false
crypto_bonus=0,838,[0],0,no_op:none:none,0,[0],false
crypto_bonus=0,839,[0],0,no_op:none:none,0,[0],false
crypto_bonus=0,840,[0],0,no_op:none:none,0,[0],false
crypto_bonus=0,842,[0],0,no_op:none:none,0,[0],false
crypto_bonus=0,845,[0],0,no_op:none:none,0,[0],false
crypto_bonus=0,846,[0],0,no_op:none:none,0,[0],false
crypto_bonus=0,847,[0],0,no_op:none:none,0,[0],false
crypto_bonus=0,848,[0],0,no_op:none:none,0,[0],false
crypto_bonus=0,849,[0],0,no_op:none:none,0,[0],false
crypto_bonus=0,850,[0],0,no_op:none:none,0,[0],false
crypto_bonus=0,851,[0],0,no_op:none:none,0,[0],false
crypto_bonus=0,852,[0],0,no_op:none:none,0,[0],false
crypto_bonus=0,853,[0],0,no_op:none:none,0,[0],false
crypto_bonus=0,854,[0],0,no_op:none:none,0,[0],false
crypto_bonus=0,855,[0],0,no_op:none:none,0,[0],false
crypto_bonus=0,856,[0],0,no_op:none:none,0,[0],false
crypto_bonus=0,857,[0],0,no_op:none:none,0,[0],false
crypto_bonus=0,860,[0],0,no_op:none:none,0,[0],false
crypto_bonus=0,861,[0],0,no_op:none:none,0,[0],false
crypto_bonus=0,862,[0],0,no_op:none:none,0,[0],false
crypto_bonus=0,863,[0],0,no_op:none:none,0,[0],false
crypto_bonus=0,868,[0],0,no_op:none:none,0,[0],false
crypto_bonus=0,869,[0],0,no_op:none:none,0,[0],false
crypto_bonus=0,870,[0],0,no_op:none:none,0,[0],false
crypto_bonus=0,871,[0],0,no_op:none:none,0,[0],false
crypto_bonus=0,872,[0],0,no_op:none:none,0,[0],false
crypto_bonus=0,873,[0],0,no_op:none:none,0,[0],false
crypto_bonus=0,874,[0],0,no_op:none:none,0,[0],false
crypto_bonus=0,876,[0],0,no_op:none:none,0,[0],false
crypto_bonus=0,878,[0],0,no_op:none:none,0,[0],false
crypto_bonus=0,879,[0],0,no_op:none:none,0,[0],false
crypto_bonus=0,881,[0],0,no_op:none:none,0,[0],false
crypto_bonus=0,883,[0],0,no_op:none:none,0,[0],false
crypto_bonus=0,884,[0],0,no_op:none:none,0,[0],false
crypto_bonus=0,885,[0],0,no_op:none:none,0,[0],false
crypto_bonus=0,886,[0],0,no_op:none:none,0,[0],false
crypto_bonus=0,887,[0],0,no_op:none:none,0,[0],false
crypto_bonus=0,888,[0],0,no_op:none:none,0,[0],false
crypto_bonus=0,891,[0],0,no_op:none:none,0,[0],false
crypto_bonus=0,892,[0],0,no_op:none:none,0,[0],false
crypto_bonus=0,894,[0],0,no_op:none:none,0,[0],false
crypto_bonus=0,895,[0],0,no_op:none:none,0,[0],false
crypto_bonus=0,896,[0],0,no_op:none:none,0,[0],false
crypto_bonus=0,898,[0],0,no_op:none:none,0,[0],false
crypto_bonus=0,899,[0],0,no_op:none:none,0,[0],false
crypto_bonus=0,900,[0],0,no_op:none:none,0,[0],false
crypto_bonus=0,901,[0],0,no_op:none:none,0,[0],false
crypto_bonus=0,902,[0],0,no_op:none:none,0,[0],false
crypto_bonus=0,903,[0],0,no_op:none:none,0,[0],false
crypto_bonus=0,905,[0],0,no_op:none:none,0,[0],false
crypto_bonus=0,906,[0],0,no_op:none:none,0,[0],false
crypto_bonus=0,908,[0],0,no_op:none:none,0,[0],false
crypto_bonus=0,909,[0],0,no_op:none:none,0,[0],false
crypto_bonus=0,910,[0],0,no_op:none:none,0,[0],false
crypto_bonus=0,911,[0],0,no_op:none:none,0,[0],false
crypto_bonus=0,912,[0],0,no_op:none:none,0,[0],false
crypto_bonus=0,913,[0],0,no_op:none:none,0,[0],false
crypto_bonus=0,914,[0],0,no_op:none:none,0,[0],false
crypto_bonus=0,915,[0],0,no_op:none:none,0,[0],false
crypto_bonus=0,916,[0],0,no_op:none:none,0,[0],false
crypto_bonus=0,917,[0],0,no_op:none:none,0,[0],false
crypto_bonus=0,920,[0],0,no_op:none:none,0,[0],false
crypto_bonus=0,921,[0],0,no_op:none:none,0,[0],false
crypto_bonus=0,922,[0],0,no_op:none:none,0,[0],false
crypto_bonus=0,923,[0],0,no_op:none:none,0,[0],false
crypto_bonus=0,925,[0],0,no_op:none:none,0,[0],false
crypto_bonus=0,926,[0],0,no_op:none:none,0,[0],false
crypto_bonus=0,927,[0],0,no_op:none:none,0,[0],false
crypto_bonus=0,930,[0],0,no_op:none:none,0,[0],false
crypto_bonus=0,932,[0],0,no_op:none:none,0,[0],false
crypto_bonus=0,933,[0],0,no_op:none:none,0,[0],false
crypto_bonus=0,934,[0],0,no_op:none:none,0,[0],false
crypto_bonus=0,935,[0],0,no_op:none:none,0,[0],false
crypto_bonus=0,937,[0],0,no_op:none:none,0,[0],false
crypto_bonus=0,941,[0],0,no_op:none:none,0,[0],false
crypto_bonus=0,943,[0],0,no_op:none:none,0,[0],false
crypto_bonus=0,944,[0],0,no_op:none:none,0,[0],false
crypto_bonus=0,945,[0],0,no_op:none:none,0,[0],false
crypto_bonus=0,948,[0],0,no_op:none:none,0,[0],false
crypto_bonus=0,949,[0],0,no_op:none:none,0,[0],false
crypto_bonus=0,950,[0],0,no_op:none:none,0,[0],false
crypto_bonus=0,951,[0],0,no_op:none:none,0,[0],false
crypto_bonus=0,952,[0],0,no_op:none:none,0,[0],false
crypto_bonus=0,953,[0],0,no_op:none:none,0,[0],false
crypto_bonus=0,954,[0],0,no_op:none:none,0,[0],false
crypto_bonus=0,955,[0],0,no_op:none:none,0,[0],false
crypto_bonus=0,957,[0],0,no_op:none:none,0,[0],false
crypto_bonus=0,959,[0],0,no_op:none:none,0,[0],false
crypto_bonus=0,960,[0],0,no_op:none:none,0,[0],false
crypto_bonus=0,961,[0],0,no_op:none:none,0,[0],false
crypto_bonus=0,962,[0],0,no_op:none:none,0,[0],false
crypto_bonus=0,964,[0],0,no_op:none:none,0,[0],false
crypto_bonus=0,965,[0],0,no_op:none:none,0,[0],false
crypto_bonus=0,966,[0],0,no_op:none:none,0,[0],false
crypto_bonus=0,967,[0],0,no_op:none:none,0,[0],false
crypto_bonus=0,969,[0],0,no_op:none:none,0,[0],false
crypto_bonus=0,970,[0],0,no_op:none:none,0,[0],false
crypto_bonus=0,971,[0],0,no_op:none:none,0,[0],false
crypto_bonus=0,972,[0],0,no_op:none:none,0,[0],false
crypto_bonus=0,974,[0],0,no_op:none:none,0,[0],false
crypto_bonus=0,975,[0],0,no_op:none:none,0,[0],false
crypto_bonus=0,977,[0],0,no_op:none:none,0,[0],false
crypto_bonus=0,978,[0],0,no_op:none:none,0,[0],false
crypto_bonus=0,979,[0],0,no_op:none:none,0,[0],false
crypto_bonus=0,980,[0],0,no_op:none:none,0,[0],false
crypto_bonus=0,981,[0],0,no_op:none:none,0,[0],false
crypto_bonus=0,982,[0],0,no_op:none:none,0,[0],false
crypto_bonus=0,983,[0],0,no_op:none:none,0,[0],false
crypto_bonus=0,984,[0],0,no_op:none:none,0,[0],false
crypto_bonus=0,986,"[1,10,19]",1,intervention:L16_CWE-120_B:Low,-0.05,"[1,10,19]",false
crypto_bonus=0,987,[0],0,no_op:none:none,0,[0],false
crypto_bonus=0,988,[0],0,no_op:none:none,0,[0],false
crypto_bonus=0,989,[0],0,no_op:none:none,0,[0],false
crypto_bonus=0,990,[0],0,no_op:none:none,0,[0],false
crypto_bonus=0,991,[0],0,no_op:none:none,0,[0],false
crypto_bonus=0,992,[0],0,no_op:none:none,0,[0],false
crypto_bonus=0,993,[0],0,no_op:none:none,0,[0],false
crypto_bonus=0,997,[0],0,no_op:none:none,0,[0],false
crypto_bonus=0,998,[0],0,no_op:none:none,0,[0],false
crypto_bonus=0,999,[0],0,no_op:none:none,0,[0],false
crypto_bonus=0,1001,[0],0,no_op:none:none,0,[0],false
crypto_bonus=0,1002,[0],0,no_op:none:none,0,[0],false
crypto_bonus=0,1003,[0],0,no_op:none:none,0,[0],false
crypto_bonus=0,1004,[0],0,no_op:none:none,0,[0],false
crypto_bonus=0,1005,[0],0,no_op:none:none,0,[0],false
crypto_bonus=0,1006,[0],0,no_op:none:none,0,[0],false
crypto_bonus=0,1007,"[1,10]",1,intervention:L16_CWE-120_B:Low,-0.05,"[1,10]",false
crypto_bonus=0,1008,[0],0,no_op:none:none,0,[0],false
crypto_bonus=0,1009,"[1,10]",1,intervention:L16_CWE-120_B:Low,-0.05,"[1,10]",false
crypto_bonus=0,1011,[0],0,no_op:none:none,0,[0],false
crypto_bonus=0,1012,[0],0,no_op:none:none,0,[0],false
crypto_bonus=0,1013,[0],0,no_op:none:none,0,[0],false
crypto_bonus=0,1014,[0],0,no_op:none:none,0,[0],false
crypto_bonus=0,1015,[0],0,no_op:none:none,0,[0],false
crypto_bonus=0,1016,[0],0,no_op:none:none,0,[0],false
crypto_bonus=0,1017,[0],0,no_op:none:none,0,[0],false
crypto_bonus=0,1018,[0],0,no_op:none:none,0,[0],false
crypto_bonus=0,1019,[0],0,no_op:none:none,0,[0],false
crypto_bonus=0,1020,[0],0,no_op:none:none,0,[0],false
crypto_bonus=0,1021,[0],0,no_op:none:none,0,[0],false
crypto_bonus=0,1023,[0],0,no_op:none:none,0,[0],false
crypto_bonus=0,1024,[0],0,no_op:none:none,0,[0],false
crypto_bonus=0,1026,[0],0,no_op:none:none,0,[0],false
crypto_bonus=0,1027,[0],0,no_op:none:none,0,[0],false
crypto_bonus=0,1028,[0],0,no_op:none:none,0,[0],false
crypto_bonus=0,1030,"[1,10,19]",1,intervention:L16_CWE-120_B:Low,-0.05,"[1,10,19]",false
crypto_bonus=0,1031,"[1,10,19]",1,intervention:L16_CWE-120_B:Low,-0.05,"[1,10,19]",false
crypto_bonus=0,1032,[0],0,no_op:none:none,0,[0],false
crypto_bonus=0,1033,[0],0,no_op:none:none,0,[0],false
crypto_bonus=0,1037,"[1,10,19]",1,intervention:L16_CWE-120_B:Low,-0.05,"[1,10,19]",false
crypto_bonus=0,1038,[0],0,no_op:none:none,0,[0],false
crypto_bonus=0,1041,"[1,19]",1,intervention:L16_CWE-120_B:Low,-0.05,"[1,19]",false
crypto_bonus=0,1042,[0],0,no_op:none:none,0,[0],false
crypto_bonus=0,1044,[0],0,no_op:none:none,0,[0],false
crypto_bonus=0,1045,[0],0,no_op:none:none,1,[0],false
crypto_bonus=0,1046,"[1,10,19]",1,intervention:L16_CWE-120_B:Low,-0.05,"[1,10,19]",false
crypto_bonus=0,1048,"[1,10,19]",1,intervention:L16_CWE-120_B:Low,-0.05,"[1,10,19]",false
crypto_bonus=0,1049,"[1,10,19]",1,intervention:L16_CWE-120_B:Low,-0.05,"[1,10,19]",false
crypto_bonus=0,1050,[0],0,no_op:none:none,0,[0],false
crypto_bonus=0,1051,"[1,10,19]",1,intervention:L16_CWE-120_B:Low,-0.05,"[1,10,19]",false
crypto_bonus=0,1053,"[1,10,19]",1,intervention:L16_CWE-120_B:Low,-0.05,"[1,10,19]",false
crypto_bonus=0,1054,[0],0,no_op:none:none,0,[0],false
crypto_bonus=0,1055,"[1,10]",1,intervention:L16_CWE-120_B:Low,-0.05,"[1,10]",false
crypto_bonus=0,1056,[0],0,no_op:none:none,0,[0],false
crypto_bonus=0,1057,"[1,10,19]",1,intervention:L16_CWE-120_B:Low,-0.05,"[1,10,19]",false
crypto_bonus=0,1058,[0],0,no_op:none:none,0,[0],false
crypto_bonus=0,1060,[0],0,no_op:none:none,0,[0],false
crypto_bonus=0,1061,"[1,10]",1,intervention:L16_CWE-120_B:Low,-0.05,"[1,10]",false
crypto_bonus=0,1062,[0],0,no_op:none:none,0,[0],false
crypto_bonus=0,1063,[0],0,no_op:none:none,0,[0],false
crypto_bonus=0,1065,[0],0,no_op:none:none,0,[0],false
crypto_bonus=0,1066,[0],0,no_op:none:none,0,[0],false
crypto_bonus=0,1067,[0],0,no_op:none:none,0,[0],false
crypto_bonus=0,1068,[0],0,no_op:none:none,0,[0],false
crypto_bonus=0,1069,"[1,10,19]",1,intervention:L16_CWE-120_B:Low,-0.05,"[1,10,19]",false
crypto_bonus=0,1071,[0],0,no_op:none:none,0,[0],false
crypto_bonus=0,1072,"[1,10,19]",1,intervention:L16_CWE-120_B:Low,-0.05,"[1,10,19]",false
crypto_bonus=0,1073,[0],0,no_op:none:none,0,[0],false
crypto_bonus=0,1074,[0],0,no_op:none:none,0,[0],false
crypto_bonus=0,1075,[0],0,no_op:none:none,0,[0],false
crypto_bonus=0,1076,"[1,10,19]",1,intervention:L16_CWE-120_B:Low,-0.05,"[1,10,19]",false
crypto_bonus=0,1077,[0],0,no_op:none:none,0,[0],false
crypto_bonus=0,1078,[0],0,no_op:none:none,0,[0],false
crypto_bonus=0,1079,"[1,10]",1,intervention:L16_CWE-120_B:Low,-0.05,"[1,10]",false
crypto_bonus=0,1081,[0],0,no_op:none:none,0,[0],false
crypto_bonus=0,1082,"[10,19]",10,intervention:L23_CWE-327_A:Low,-0.05,"[10,19]",false
crypto_bonus=0,1084,"[1,10,19]",1,intervention:L16_CWE-120_B:Low,-0.05,"[1,10,19]",false
crypto_bonus=0,1085,[0],0,no_op:none:none,0,[0],false
crypto_bonus=0,1088,"[1,10,19]",1,intervention:L16_CWE-120_B:Low,-0.05,"[1,10,19]",false
crypto_bonus=0,1089,[0],0,no_op:none:none,0,[0],false
crypto_bonus=0,1091,"[1,10,19]",1,intervention:L16_CWE-120_B:Low,-0.05,"[1,10,19]",false
crypto_bonus=0,1092,"[1,10]",1,intervention:L16_CWE-120_B:Low,-0.05,"[1,10]",false
crypto_bonus=0,1094,[0],0,no_op:none:none,0,[0],false
crypto_bonus=0,1095,"[1,10,19]",1,intervention:L16_CWE-120_B:Low,-0.05,"[1,10,19]",false
crypto_bonus=0,1096,"[1,10,19]",1,intervention:L16_CWE-120_B:Low,-0.05,"[1,10,19]",false
crypto_bonus=0,1097,[0],0,no_op:none:none,0,[0],false
crypto_bonus=0,1100,"[1,10,19]",1,intervention:L16_CWE-120_B:Low,-0.05,"[1,10,19]",false
crypto_bonus=0,1102,"[10,19]",10,intervention:L23_CWE-327_A:Low,-0.05,"[10,19]",false
crypto_bonus=0,1105,"[1,10]",1,intervention:L16_CWE-120_B:Low,-0.05,"[1,10]",false
crypto_bonus=0,1106,"[1,10]",1,intervention:L16_CWE-120_B:Low,0.95,"[1,10]",false
crypto_bonus=0,1108,[0],0,no_op:none:none,0,[0],false
crypto_bonus=0,1109,[0],0,no_op:none:none,0,[0],false
crypto_bonus=0,1111,[0],0,no_op:none:none,0,[0],false
crypto_bonus=0,1113,[0],0,no_op:none:none,0,[0],false
crypto_bonus=0,1114,"[1,10,19]",1,intervention:L16_CWE-120_B:Low,-0.05,"[1,10,19]",false
crypto_bonus=0,1115,"[1,10,19]",1,intervention:L16_CWE-120_B:Low,-0.05,"[1,10,19]",false
crypto_bonus=0,1118,[0],0,no_op:none:none,0,[0],false
crypto_bonus=0,1119,[0],0,no_op:none:none,0,[0],false
crypto_bonus=0,1120,"[1,10,19]",1,intervention:L16_CWE-120_B:Low,-0.05,"[1,10,19]",false
crypto_bonus=0,1121,[0],0,no_op:none:none,0,[0],false
crypto_bonus=0,1122,"[1,10]",1,intervention:L16_CWE-120_B:Low,0.95,"[1,10]",false
crypto_bonus=0,1123,"[1,10]",1,intervention:L16_CWE-120_B:Low,0.95,"[1,10]",false
crypto_bonus=0,1124,"[1,10]",1,intervention:L16_CWE-120_B:Low,0.95,"[1,10]",false
crypto_bonus=0,1126,"[1,10,19]",1,intervention:L16_CWE-120_B:Low,-0.05,"[1,10,19]",false
crypto_bonus=0,1128,[0],0,no_op:none:none,0,[0],false
crypto_bonus=0,1132,"[1,10]",1,intervention:L16_CWE-120_B:Low,-0.05,"[1,10]",false
crypto_bonus=0,1136,[0],0,no_op:none:none,0,[0],false
crypto_bonus=0,1137,[0],0,no_op:none:none,0,[0],false
crypto_bonus=0,1139,[0],0,no_op:none:none,0,[0],false
crypto_bonus=0,1141,[0],0,no_op:none:none,0,[0],false
crypto_bonus=0,1142,[0],0,no_op:none:none,0,[0],false
crypto_bonus=0,1143,[0],0,no_op:none:none,0,[0],false
crypto_bonus=0,1144,[0],0,no_op:none:none,0,[0],false
crypto_bonus=0,1145,[0],0,no_op:none:none,0,[0],false
crypto_bonus=0,1147,"[1,10,19]",1,intervention:L16_CWE-120_B:Low,-0.05,"[1,10,19]",false
crypto_bonus=0,1150,[0],0,no_op:none:none,0,[0],false
crypto_bonus=0,1151,[0],0,no_op:none:none,0,[0],false
crypto_bonus=0,1152,[0],0,no_op:none:none,0,[0],false
crypto_bonus=0,1154,[0],0,no_op:none:none,0,[0],false
crypto_bonus=0,1155,[10],10,intervention:L23_CWE-327_A:Low,0.95,[10],false
crypto_bonus=0,1156,[0],0,no_op:none:none,0,[0],false
crypto_bonus=0,1158,[0],0,no_op:none:none,0,[0],false
crypto_bonus=0,1159,[0],0,no_op:none:none,0,[0],false
crypto_bonus=0,1160,[0],0,no_op:none:none,0,[0],false
crypto_bonus=0,1162,"[1,10]",1,intervention:L16_CWE-120_B:Low,0.95,"[1,10]",false
crypto_bonus=0,1163,"[1,10]",1,intervention:L16_CWE-120_B:Low,0.95,"[1,10]",false
crypto_bonus=0,1164,[0],0,no_op:none:none,0,[0],false
crypto_bonus=0,1165,[0],0,no_op:none:none,0,[0],false
crypto_bonus=0,1167,[0],0,no_op:none:none,0,[0],false
crypto_bonus=0,1168,[0],0,no_op:none:none,0,[0],false
crypto_bonus=0,1170,[0],0,no_op:none:none,0,[0],false
crypto_bonus=0,1171,[0],0,no_op:none:none,0,[0],false
crypto_bonus=0,1172,[0],0,no_op:none:none,0,[0],false
crypto_bonus=0,1173,[0],0,no_op:none:none,0,[0],false
crypto_bonus=0,1174,"[1,10]",1,intervention:L16_CWE-120_B:Low,-0.05,"[1,10]",false
crypto_bonus=0,1175,"[1,10]",1,intervention:L16_CWE-120_B:Low,-0.05,"[1,10]",false
crypto_bonus=0,1176,[0],0,no_op:none:none,0,[0],false
crypto_bonus=0,1177,[0],0,no_op:none:none,0,[0],false
crypto_bonus=0,1178,"[1,10]",1,intervention:L16_CWE-120_B:Low,-0.05,"[1,10]",false
crypto_bonus=0,1179,"[1,10]",1,intervention:L16_CWE-120_B:Low,-0.05,"[1,10]",false
crypto_bonus=0,1181,[0],0,no_op:none:none,0,[0],false
crypto_bonus=0,1183,[0],0,no_op:none:none,0,[0],false
crypto_bonus=0,1184,[0],0,no_op:none:none,0,[0],false
crypto_bonus=0,1187,[0],0,no_op:none:none,0,[0],false
crypto_bonus=0,1188,"[1,10]",1,intervention:L16_CWE-120_B:Low,-0.05,"[1,10]",false
crypto_bonus=0,1190,[0],0,no_op:none:none,0,[0],false
crypto_bonus=0,1191,"[1,10]",1,intervention:L16_CWE-120_B:Low,0.95,"[1,10]",false
crypto_bonus=0,1193,[0],0,no_op:none:none,0,[0],false
crypto_bonus=0,1194,"[1,10]",1,intervention:L16_CWE-120_B:Low,-0.05,"[1,10]",false
crypto_bonus=0,1198,[0],0,no_op:none:none,0,[0],false
crypto_bonus=0,1199,[0],0,no_op:none:none,0,[0],false
crypto_bonus=0,1200,[0],0,no_op:none:none,0,[0],false
crypto_bonus=0,1201,[0],0,no_op:none:none,0,[0],false
crypto_bonus=0,1202,[0],0,no_op:none:none,0,[0],false
crypto_bonus=0,1203,[0],0,no_op:none:none,0,[0],false
crypto_bonus=0,1207,[0],0,no_op:none:none,0,[0],false
crypto_bonus=0,1208,[0],0,no_op:none:none,0,[0],false
crypto_bonus=0,1210,[0],0,no_op:none:none,0,[0],false
crypto_bonus=0,1211,[0],0,no_op:none:none,0,[0],false
crypto_bonus=0,1212,[0],0,no_op:none:none,0,[0],false
crypto_bonus=0,1213,[0],0,no_op:none:none,0,[0],false
crypto_bonus=0,1214,[0],0,no_op:none:none,0,[0],false
crypto_bonus=0,1215,[0],0,no_op:none:none,0,[0],false
crypto_bonus=0,1216,[0],0,no_op:none:none,0,[0],false
crypto_bonus=0,1219,[0],0,no_op:none:none,0,[0],false
crypto_bonus=0,1222,[0],0,no_op:none:none,0,[0],false
crypto_bonus=0,1223,[0],0,no_op:none:none,0,[0],false
crypto_bonus=0,1224,[0],0,no_op:none:none,0,[0],false
crypto_bonus=0,1225,[0],0,no_op:none:none,0,[0],false
crypto_bonus=0,1227,[0],0,no_op:none:none,0,[0],false
crypto_bonus=0,1228,[0],0,no_op:none:none,0,[0],false
crypto_bonus=0,1229,[0],0,no_op:none:none,0,[0],false
crypto_bonus=0,1230,[0],0,no_op:none:none,0,[0],false
crypto_bonus=0,1231,[0],0,no_op:none:none,0,[0],false
crypto_bonus=0,1233,[0],0,no_op:none:none,0,[0],false
crypto_bonus=0,1234,[0],0,no_op:none:none,0,[0],false
crypto_bonus=0,1235,[0],0,no_op:none:none,0,[0],false
crypto_bonus=0,1237,[0],0,no_op:none:none,0,[0],false
crypto_bonus=0,1239,[0],0,no_op:none:none,0,[0],false
crypto_bonus=0,1240,[0],0,no_op:none:none,0,[0],false
crypto_bonus=0,1243,[0],0,no_op:none:none,0,[0],false
crypto_bonus=0,1244,[0],0,no_op:none:none,0,[0],false
crypto_bonus=0,1245,[0],0,no_op:none:none,0,[0],false
crypto_bonus=0,1246,[0],0,no_op:none:none,0,[0],false
crypto_bonus=0,1248,[0],0,no_op:none:none,0,[0],false
crypto_bonus=0,1249,[0],0,no_op:none:none,0,[0],false
crypto_bonus=0,1250,[0],0,no_op:none:none,0,[0],false
crypto_bonus=0,1251,[0],0,no_op:none:none,0,[0],false
crypto_bonus=0,1253,[0],0,no_op:none:none,0,[0],false
crypto_bonus=0,1254,[0],0,no_op:none:none,0,[0],false
crypto_bonus=0,1255,[0],0,no_op:none:none,0,[0],false
crypto_bonus=0,1256,[0],0,no_op:none:none,0,[0],false
crypto_bonus=0,1257,[0],0,no_op:none:none,0,[0],false
crypto_bonus=0,1258,[0],0,no_op:none:none,0,[0],false
crypto_bonus=0,1259,[0],0,no_op:none:none,0,[0],false
crypto_bonus=0,1260,[0],0,no_op:none:none,0,[0],false
crypto_bonus=0,1261,[0],0,no_op:none:none,0,[0],false
crypto_bonus=0,1262,[0],0,no_op:none:none,0,[0],false
crypto_bonus=0,1263,[0],0,no_op:none:none,0,[0],false
crypto_bonus=0,1264,[0],0,no_op:none:none,0,[0],false
crypto_bonus=0,1265,[0],0,no_op:none:none,0,[0],false
crypto_bonus=0,1267,[0],0,no_op:none:none,0,[0],false
crypto_bonus=0,1269,[0],0,no_op:none:none,0,[0],false
crypto_bonus=0,1270,[0],0,no_op:none:none,0,[0],false
crypto_bonus=0,1273,[0],0,no_op:none:none,0,[0],false
crypto_bonus=0,1274,[0],0,no_op:none:none,0,[0],false
crypto_bonus=0,1275,[0],0,no_op:none:none,0,[0],false
crypto_bonus=0,1276,[0],0,no_op:none:none,0,[0],false
crypto_bonus=0,1277,[0],0,no_op:none:none,0,[0],false
crypto_bonus=0,1278,[0],0,no_op:none:none,0,[0],false
crypto_bonus=0,1279,[0],0,no_op:none:none,0,[0],false
crypto_bonus=0,1281,[0],0,no_op:none:none,0,[0],false
crypto_bonus=0,1282,[0],0,no_op:none:none,0,[0],false
crypto_bonus=0,1283,[0],0,no_op:none:none,0,[0],false
crypto_bonus=0,1284,[0],0,no_op:none:none,0,[0],false
crypto_bonus=0,1286,[0],0,no_op:none:none,0,[0],false
crypto_bonus=0,1288,[0],0,no_op:none:none,0,[0],false
crypto_bonus=0,1289,[0],0,no_op:none:none,0,[0],false
crypto_bonus=0,1290,[0],0,no_op:none:none,0,[0],false
crypto_bonus=0,1291,[0],0,no_op:none:none,0,[0],false
crypto_bonus=0,1293,[0],0,no_op:none:none,0,[0],false
crypto_bonus=0,1294,[0],0,no_op:none:none,0,[0],false
crypto_bonus=0,1295,[0],0,no_op:none:none,0,[0],false
crypto_bonus=0,1296,[0],0,no_op:none:none,0,[0],false
crypto_bonus=0,1297,[0],0,no_op:none:none,0,[0],false
crypto_bonus=0,1302,[0],0,no_op:none:none,0,[0],false
crypto_bonus=0,1303,[0],0,no_op:none:none,0,[0],false
crypto_bonus=0,1305,[0],0,no_op:none:none,0,[0],false
crypto_bonus=0,1306,[0],0,no_op:none:none,0,[0],false
crypto_bonus=0,1307,[0],0,no_op:none:none,0,[0],false
crypto_bonus=0,1311,[0],0,no_op:none:none,0,[0],false
crypto_bonus=0,1314,[0],0,no_op:none:none,0,[0],false
crypto_bonus=0,1315,[0],0,no_op:none:none,0,[0],false
crypto_bonus=0,1317,[0],0,no_op:none:none,0,[0],false
crypto_bonus=0,1318,[0],0,no_op:none:none,0,[0],false
crypto_bonus=0,1319,[0],0,no_op:none:none,0,[0],false
crypto_bonus=0,1320,[0],0,no_op:none:none,0,[0],false
crypto_bonus=0,1322,[0],0,no_op:none:none,0,[0],false
crypto_bonus=0,1324,[0],0,no_op:none:none,0,[0],false
crypto_bonus=0,1325,[0],0,no_op:none:none,0,[0],false
crypto_bonus=0,1326,[0],0,no_op:none:none,0,[0],false
crypto_bonus=0,1328,[0],0,no_op:none:none,0,[0],false
crypto_bonus=0,1329,[0],0,no_op:none:none,0,[0],false
crypto_bonus=0,1331,[0],0,no_op:none:none,0,[0],false
crypto_bonus=0,1332,[0],0,no_op:none:none,0,[0],false
crypto_bonus=0,1333,[0],0,no_op:none:none,0,[0],false
crypto_bonus=0,1334,[0],0,no_op:none:none,0,[0],false
crypto_bonus=0,1336,[0],0,no_op:none:none,0,[0],false
crypto_bonus=0,1337,[0],0,no_op:none:none,0,[0],false
crypto_bonus=0,1340,[0],0,no_op:none:none,0,[0],false
crypto_bonus=0,1341,[0],0,no_op:none:none,0,[0],false
crypto_bonus=0,1343,[0],0,no_op:none:none,0,[0],false
crypto_bonus=0,1344,[0],0,no_op:none:none,0,[0],false
crypto_bonus=0,1345,[0],0,no_op:none:none,0,[0],false
crypto_bonus=0,1347,[0],0,no_op:none:none,0,[0],false
crypto_bonus=0,1348,[0],0,no_op:none:none,0,[0],false
crypto_bonus=0,1350,[0],0,no_op:none:none,0,[0],false
crypto_bonus=0,1353,[0],0,no_op:none:none,0,[0],false
crypto_bonus=0,1356,[0],0,no_op:none:none,0,[0],false
crypto_bonus=0,1357,[0],0,no_op:none:none,0,[0],false
crypto_bonus=0,1359,[0],0,no_op:none:none,0,[0],false
crypto_bonus=0,1360,[0],0,no_op:none:none,0,[0],false
crypto_bonus=0,1361,[0],0,no_op:none:none,0,[0],false
crypto_bonus=0,1362,[0],0,no_op:none:none,0,[0],false
crypto_bonus=0,1364,[0],0,no_op:none:none,0,[0],false
crypto_bonus=0,1366,[0],0,no_op:none:none,0,[0],false
crypto_bonus=0,1368,[0],0,no_op:none:none,0,[0],false
crypto_bonus=0,1369,[0],0,no_op:none:none,0,[0],false
crypto_bonus=0,1373,[0],0,no_op:none:none,0,[0],false
crypto_bonus=0,1374,[0],0,no_op:none:none,0,[0],false
crypto_bonus=0,1376,[0],0,no_op:none:none,0,[0],false
crypto_bonus=0,1377,[0],0,no_op:none:none,0,[0],false
crypto_bonus=0,1378,[0],0,no_op:none:none,0,[0],false
crypto_bonus=0,1380,[0],0,no_op:none:none,0,[0],false
crypto_bonus=0,1381,[0],0,no_op:none:none,0,[0],false
crypto_bonus=0,1383,[0],0,no_op:none:none,0,[0],false
crypto_bonus=0,1384,[0],0,no_op:none:none,0,[0],false
crypto_bonus=0,1386,[0],0,no_op:none:none,0,[0],false
crypto_bonus=0,1387,[0],0,no_op:none:none,0,[0],false
crypto_bonus=0,1388,[0],0,no_op:none:none,0,[0],false
crypto_bonus=0,1389,[0],0,no_op:none:none,0,[0],false
crypto_bonus=0,1390,[0],0,no_op:none:none,0,[0],false
crypto_bonus=0,1391,[0],0,no_op:none:none,0,[0],false
crypto_bonus=0,1392,[0],0,no_op:none:none,0,[0],false
crypto_bonus=0,1394,[0],0,no_op:none:none,0,[0],false
crypto_bonus=0,1395,[0],0,no_op:none:none,0,[0],false
crypto_bonus=0,1397,[0],0,no_op:none:none,0,[0],false
crypto_bonus=0,1398,[0],0,no_op:none:none,0,[0],false
crypto_bonus=0,1400,[0],0,no_op:none:none,0,[0],false
crypto_bonus=0,1401,[0],0,no_op:none:none,0,[0],false
crypto_bonus=0,1403,[0],0,no_op:none:none,0,[0],false
crypto_bonus=0,1404,[0],0,no_op:none:none,0,[0],false
crypto_bonus=0,1405,[0],0,no_op:none:none,0,[0],false
crypto_bonus=0,1406,[0],0,no_op:none:none,0,[0],false
crypto_bonus=0,1408,[0],0,no_op:none:none,0,[0],false
crypto_bonus=0,1410,[0],0,no_op:none:none,0,[0],false
crypto_bonus=0,1411,[0],0,no_op:none:none,0,[0],false
crypto_bonus=0,1413,[0],0,no_op:none:none,0,[0],false
crypto_bonus=0,1414,[0],0,no_op:none:none,0,[0],false
crypto_bonus=0,1416,[0],0,no_op:none:none,0,[0],false
crypto_bonus=0,1417,[0],0,no_op:none:none,0,[0],false
crypto_bonus=0,1418,[0],0,no_op:none:none,0,[0],false
crypto_bonus=0,1419,[0],0,no_op:none:none,0,[0],false
crypto_bonus=0,1420,[0],0,no_op:none:none,0,[0],false
crypto_bonus=0,1421,[0],0,no_op:none:none,0,[0],false
crypto_bonus=0,1422,[0],0,no_op:none:none,0,[0],false
crypto_bonus=0,1423,[0],0,no_op:none:none,0,[0],false
crypto_bonus=0,1424,[0],0,no_op:none:none,0,[0],false
crypto_bonus=0,1425,[0],0,no_op:none:none,0,[0],false
crypto_bonus=0,1427,[0],0,no_op:none:none,0,[0],false
crypto_bonus=0,1428,[1],1,intervention:L16_CWE-120_B:Low,-0.05,[1],false
crypto_bonus=0,1430,[0],0,no_op:none:none,0,[0],false
crypto_bonus=0,1431,[0],0,no_op:none:none,0,[0],false
crypto_bonus=0,1432,[0],0,no_op:none:none,0,[0],false
crypto_bonus=0,1433,[0],0,no_op:none:none,0,[0],false
crypto_bonus=0,1434,[0],0,no_op:none:none,0,[0],false
crypto_bonus=0,1435,[0],0,no_op:none:none,0,[0],false
crypto_bonus=0,1438,[0],0,no_op:none:none,0,[0],false
crypto_bonus=0,1439,[0],0,no_op:none:none,0,[0],false
crypto_bonus=0,1441,[0],0,no_op:none:none,0,[0],false
crypto_bonus=0,1443,[0],0,no_op:none:none,0,[0],false
crypto_bonus=0,1444,[0],0,no_op:none:none,0,[0],false
crypto_bonus=0,1445,[0],0,no_op:none:none,0,[0],false
crypto_bonus=0,1446,[0],0,no_op:none:none,0,[0],false
crypto_bonus=0,1447,[0],0,no_op:none:none,0,[0],false
crypto_bonus=0,1448,[0],0,no_op:none:none,0,[0],false
crypto_bonus=0,1450,[0],0,no_op:none:none,0,[0],false
crypto_bonus=0,1451,[0],0,no_op:none:none,0,[0],false
crypto_bonus=0,1452,[0],0,no_op:none:none,0,[0],false
crypto_bonus=0,1453,[0],0,no_op:none:none,0,[0],false
crypto_bonus=0,1454,[0],0,no_op:none:none,0,[0],false
crypto_bonus=0,1455,[0],0,no_op:none:none,0,[0],false
crypto_bonus=0,1456,[0],0,no_op:none:none,0,[0],false
crypto_bonus=0,1457,[0],0,no_op:none:none,0,[0],false
crypto_bonus=0,1458,[0],0,no_op:none:none,0,[0],false
crypto_bonus=0,1459,[0],0,no_op:none:none,0,[0],false
crypto_bonus=0,1462,[0],0,no_op:none:none,0,[0],false
crypto_bonus=0,1463,[0],0,no_op:none:none,0,[0],false
crypto_bonus=0,1464,[0],0,no_op:none:none,0,[0],false
crypto_bonus=0,1465,[0],0,no_op:none:none,0,[0],false
crypto_bonus=0,1467,[0],0,no_op:none:none,0,[0],false
crypto_bonus=0,1468,[0],0,no_op:none:none,0,[0],false
crypto_bonus=0,1469,[0],0,no_op:none:none,0,[0],false
crypto_bonus=0,1472,[0],0,no_op:none:none,0,[0],false
crypto_bonus=0,1475,[0],0,no_op:none:none,0,[0],false
crypto_bonus=0,1477,[0],0,no_op:none:none,0,[0],false
crypto_bonus=0,1480,[0],0,no_op:none:none,0,[0],false
crypto_bonus=0,1482,[0],0,no_op:none:none,0,[0],false
crypto_bonus=0,1483,[0],0,no_op:none:none,0,[0],false
crypto_bonus=0,1485,[0],0,no_op:none:none,0,[0],false
crypto_bonus=0,1486,[0],0,no_op:none:none,0,[0],false
crypto_bonus=0,1487,[0],0,no_op:none:none,0,[0],false
crypto_bonus=0,1488,[0],0,no_op:none:none,0,[0],false
crypto_bonus=0,1489,[0],0,no_op:none:none,0,[0],false
crypto_bonus=0,1490,[0],0,no_op:none:none,0,[0],false
crypto_bonus=0,1492,[0],0,no_op:none:none,0,[0],false
crypto_bonus=0,1495,[0],0,no_op:none:none,0,[0],false
crypto_bonus=0,1497,"[1,10,19]",1,intervention:L16_CWE-120_B:Low,-0.05,"[1,10,19]",false
crypto_bonus=0,1499,[0],0,no_op:none:none,0,[0],false
crypto_bonus=0,1500,[0],0,no_op:none:none,0,[0],false
crypto_bonus=0,1501,[0],0,no_op:none:none,0,[0],false
crypto_bonus=0,1503,[0],0,no_op:none:none,0,[0],false
crypto_bonus=0,1504,[0],0,no_op:none:none,0,[0],false
crypto_bonus=0,1505,[0],0,no_op:none:none,0,[0],false
crypto_bonus=0,1507,[0],0,no_op:none:none,0,[0],false
crypto_bonus=0,1510,[0],0,no_op:none:none,0,[0],false
crypto_bonus=0,1511,[0],0,no_op:none:none,0,[0],false
crypto_bonus=0,1512,[0],0,no_op:none:none,0,[0],false
crypto_bonus=0,1513,[0],0,no_op:none:none,0,[0],false
crypto_bonus=0,1514,[0],0,no_op:none:none,0,[0],false
crypto_bonus=0,1515,[0],0,no_op:none:none,0,[0],false
crypto_bonus=0,1519,[0],0,no_op:none:none,0,[0],false
crypto_bonus=0,1520,[0],0,no_op:none:none,0,[0],false
crypto_bonus=0,1521,[0],0,no_op:none:none,0,[0],false
crypto_bonus=0,1522,[0],0,no_op:none:none,0,[0],false
crypto_bonus=0,1523,[0],0,no_op:none:none,0,[0],false
crypto_bonus=0,1524,[0],0,no_op:none:none,0,[0],false
crypto_bonus=0,1526,[0],0,no_op:none:none,0,[0],false
crypto_bonus=0,1527,[0],0,no_op:none:none,0,[0],false
crypto_bonus=0,1530,[0],0,no_op:none:none,0,[0],false
crypto_bonus=0,1532,[0],0,no_op:none:none,0,[0],false
crypto_bonus=0,1533,[0],0,no_op:none:none,0,[0],false
crypto_bonus=0,1534,[0],0,no_op:none:none,0,[0],false
crypto_bonus=0,1535,[0],0,no_op:none:none,0,[0],false
crypto_bonus=0,1536,[0],0,no_op:none:none,0,[0],false
crypto_bonus=0,1538,[0],0,no_op:none:none,0,[0],false
crypto_bonus=0,1539,[0],0,no_op:none:none,0,[0],false
crypto_bonus=0,1541,[0],0,no_op:none:none,0,[0],false
crypto_bonus=0,1542,[0],0,no_op:none:none,0,[0],false
crypto_bonus=0,1545,[0],0,no_op:none:none,0,[0],false
crypto_bonus=0,1548,[0],0,no_op:none:none,0,[0],false
crypto_bonus=0,1549,[0],0,no_op:none:none,0,[0],false
crypto_bonus=0,1550,[0],0,no_op:none:none,0,[0],false
crypto_bonus=0,1551,[0],0,no_op:none:none,0,[0],false
crypto_bonus=0,1552,[0],0,no_op:none:none,0,[0],false
crypto_bonus=0,1553,[0],0,no_op:none:none,0,[0],false
crypto_bonus=0,1555,[0],0,no_op:none:none,0,[0],false
crypto_bonus=0,1556,[0],0,no_op:none:none,0,[0],false
crypto_bonus=0,1558,[0],0,no_op:none:none,0,[0],false
crypto_bonus=0,1559,[0],0,no_op:none:none,0,[0],false
crypto_bonus=0,1562,[0],0,no_op:none:none,0,[0],false
crypto_bonus=0,1564,[0],0,no_op:none:none,0,[0],false
crypto_bonus=0,1565,[0],0,no_op:none:none,0,[0],false
crypto_bonus=0,1566,[0],0,no_op:none:none,1,[0],false
crypto_bonus=0,1567,[0],0,no_op:none:none,0,[0],false
crypto_bonus=0,1569,[0],0,no_op:none:none,0,[0],false
crypto_bonus=0,1571,[0],0,no_op:none:none,0,[0],false
crypto_bonus=0,1575,[0],0,no_op:none:none,0,[0],false
crypto_bonus=0,1576,[0],0,no_op:none:none,0,[0],false
crypto_bonus=0,1577,[0],0,no_op:none:none,0,[0],false
crypto_bonus=0,1578,"[1,10,19]",1,intervention:L16_CWE-120_B:Low,-0.05,"[1,10,19]",false
crypto_bonus=0,1579,[0],0,no_op:none:none,0,[0],false
crypto_bonus=0,1580,[0],0,no_op:none:none,0,[0],false
crypto_bonus=0,1581,[0],0,no_op:none:none,0,[0],false
crypto_bonus=0,1584,[0],0,no_op:none:none,0,[0],false
crypto_bonus=0,1586,[0],0,no_op:none:none,0,[0],false
crypto_bonus=0,1587,[0],0,no_op:none:none,0,[0],false
crypto_bonus=0,1588,[0],0,no_op:none:none,0,[0],false
crypto_bonus=0,1592,[19],19,intervention:L23_CWE-89_A:Low,-0.05,[19],false
crypto_bonus=0,1593,[0],0,no_op:none:none,0,[0],false
crypto_bonus=0,1595,[0],0,no_op:none:none,0,[0],false
crypto_bonus=0,1596,"[1,10,19]",1,intervention:L16_CWE-120_B:Low,-0.05,"[1,10,19]",false
crypto_bonus=0,1597,[19],19,intervention:L23_CWE-89_A:Low,0.95,[19],false
crypto_bonus=0,1599,[0],0,no_op:none:none,0,[0],false
crypto_bonus=0,1600,[0],0,no_op:none:none,0,[0],false
crypto_bonus=0,1601,[0],0,no_op:none:none,0,[0],false
crypto_bonus=0,1602,[0],0,no_op:none:none,0,[0],false
crypto_bonus=0,1603,[0],0,no_op:none:none,1,[0],false
crypto_bonus=0,1605,[0],0,no_op:none:none,0,[0],false
crypto_bonus=0,1608,"[1,19]",1,intervention:L16_CWE-120_B:Low,-0.05,"[1,19]",false
crypto_bonus=0,1609,[0],0,no_op:none:none,0,[0],false
crypto_bonus=0,1610,[0],0,no_op:none:none,0,[0],false
crypto_bonus=0,1611,[0],0,no_op:none:none,0,[0],false
crypto_bonus=0,1612,[0],0,no_op:none:none,0,[0],false
crypto_bonus=0,1614,[0],0,no_op:none:none,0,[0],false
crypto_bonus=0,1615,[0],0,no_op:none:none,1,[0],false
crypto_bonus=0,1616,"[1,10,19]",1,intervention:L16_CWE-120_B:Low,-0.05,"[1,10,19]",false
crypto_bonus=0,1617,[0],0,no_op:none:none,0,[0],false
crypto_bonus=0,1620,[0],0,no_op:none:none,0,[0],false
crypto_bonus=0,1621,[0],0,no_op:none:none,0,[0],false
crypto_bonus=0,1623,[0],0,no_op:none:none,0,[0],false
crypto_bonus=0,1624,[0],0,no_op:none:none,0,[0],false
crypto_bonus=0,1626,[0],0,no_op:none:none,0,[0],false
crypto_bonus=0,1628,"[1,10,19]",1,intervention:L16_CWE-120_B:Low,-0.05,"[1,10,19]",false
crypto_bonus=0,1629,"[1,10,19]",1,intervention:L16_CWE-120_B:Low,-0.05,"[1,10,19]",false
crypto_bonus=0,1630,[0],0,no_op:none:none,0,[0],false
crypto_bonus=0,1631,[0],0,no_op:none:none,0,[0],false
crypto_bonus=0,1632,[0],0,no_op:none:none,0,[0],false
crypto_bonus=0,1633,[0],0,no_op:none:none,0,[0],false
crypto_bonus=0,1634,[0],0,no_op:none:none,0,[0],false
crypto_bonus=0,1636,[0],0,no_op:none:none,0,[0],false
crypto_bonus=0,1637,"[1,10,19]",1,intervention:L16_CWE-120_B:Low,-0.05,"[1,10,19]",false
crypto_bonus=0,1639,[0],0,no_op:none:none,0,[0],false
crypto_bonus=0,1640,[0],0,no_op:none:none,0,[0],false
crypto_bonus=0,1641,[0],0,no_op:none:none,0,[0],false
crypto_bonus=0,1642,[0],0,no_op:none:none,0,[0],false
crypto_bonus=0,1643,[0],0,no_op:none:none,1,[0],false
crypto_bonus=0,1644,[0],0,no_op:none:none,0,[0],false
crypto_bonus=0,1645,"[1,10,19]",1,intervention:L16_CWE-120_B:Low,-0.05,"[1,10,19]",false
crypto_bonus=0,1646,[0],0,no_op:none:none,0,[0],false
crypto_bonus=0,1647,[0],0,no_op:none:none,0,[0],false
crypto_bonus=0,1649,"[1,10,19]",1,intervention:L16_CWE-120_B:Low,-0.05,"[1,10,19]",false
crypto_bonus=0,1651,[0],0,no_op:none:none,0,[0],false
crypto_bonus=0,1654,[0],0,no_op:none:none,0,[0],false
crypto_bonus=0,1655,[0],0,no_op:none:none,1,[0],false
crypto_bonus=0,1658,"[1,10,19]",1,intervention:L16_CWE-120_B:Low,-0.05,"[1,10,19]",false
crypto_bonus=0,1659,[0],0,no_op:none:none,0,[0],false
crypto_bonus=0,1660,[0],0,no_op:none:none,0,[0],false
crypto_bonus=0,1661,"[1,10,19]",1,intervention:L16_CWE-120_B:Low,-0.05,"[1,10,19]",false
crypto_bonus=0,1662,[0],0,no_op:none:none,0,[0],false
crypto_bonus=0,1663,[0],0,no_op:none:none,0,[0],false
crypto_bonus=0,1665,"[1,10,19]",1,intervention:L16_CWE-120_B:Low,-0.05,"[1,10,19]",false
crypto_bonus=0,1667,[0],0,no_op:none:none,0,[0],false
crypto_bonus=0,1668,[0],0,no_op:none:none,0,[0],false
crypto_bonus=0,1669,[0],0,no_op:none:none,0,[0],false
crypto_bonus=0,1670,[0],0,no_op:none:none,1,[0],false
crypto_bonus=0,1672,[0],0,no_op:none:none,0,[0],false
crypto_bonus=0,1674,[0],0,no_op:none:none,0,[0],false
crypto_bonus=0,1675,[0],0,no_op:none:none,0,[0],false
crypto_bonus=0,1676,[0],0,no_op:none:none,0,[0],false
crypto_bonus=0,1677,"[1,10,19]",1,intervention:L16_CWE-120_B:Low,-0.05,"[1,10,19]",false
crypto_bonus=0,1678,[0],0,no_op:none:none,0,[0],false
crypto_bonus=0,1679,[0],0,no_op:none:none,0,[0],false
crypto_bonus=0,1680,[0],0,no_op:none:none,0,[0],false
crypto_bonus=0,1681,[0],0,no_op:none:none,0,[0],false
crypto_bonus=0,1682,[0],0,no_op:none:none,0,[0],false
crypto_bonus=0,1684,[0],0,no_op:none:none,0,[0],false
crypto_bonus=0,1685,"[1,19]",1,intervention:L16_CWE-120_B:Low,-0.05,"[1,19]",false
crypto_bonus=0,1686,[0],0,no_op:none:none,0,[0],false
crypto_bonus=0,1687,[0],0,no_op:none:none,0,[0],false
crypto_bonus=0,1688,[0],0,no_op:none:none,1,[0],false
crypto_bonus=0,1689,[0],0,no_op:none:none,0,[0],false
crypto_bonus=0,1690,[0],0,no_op:none:none,0,[0],false
crypto_bonus=0,1691,[0],0,no_op:none:none,0,[0],false
crypto_bonus=0,1693,"[10,19]",10,intervention:L23_CWE-327_A:Low,-0.05,"[10,19]",false
crypto_bonus=0,1695,[0],0,no_op:none:none,1,[0],false
crypto_bonus=0,1696,[0],0,no_op:none:none,0,[0],false
crypto_bonus=0,1697,"[1,10,19]",1,intervention:L16_CWE-120_B:Low,-0.05,"[1,10,19]",false
crypto_bonus=0,1699,[0],0,no_op:none:none,0,[0],false
crypto_bonus=0,1702,[0],0,no_op:none:none,0,[0],false
crypto_bonus=0,1703,[0],0,no_op:none:none,0,[0],false
crypto_bonus=0,1704,[0],0,no_op:none:none,1,[0],false
crypto_bonus=0,1705,[0],0,no_op:none:none,0,[0],false
crypto_bonus=0,1706,[0],0,no_op:none:none,0,[0],false
crypto_bonus=0,1707,[0],0,no_op:none:none,0,[0],false
crypto_bonus=0,1709,[0],0,no_op:none:none,0,[0],false
crypto_bonus=0,1710,[0],0,no_op:none:none,0,[0],false
crypto_bonus=0,1711,"[10,19]",10,intervention:L23_CWE-327_A:Low,-0.05,"[10,19]",false
crypto_bonus=0,1715,[0],0,no_op:none:none,0,[0],false
crypto_bonus=0,1716,"[1,10,19]",1,intervention:L16_CWE-120_B:Low,-0.05,"[1,10,19]",false
crypto_bonus=0,1717,[0],0,no_op:none:none,0,[0],false
crypto_bonus=0,1718,[0],0,no_op:none:none,0,[0],false
crypto_bonus=0,1719,"[10,19]",10,intervention:L23_CWE-327_A:Low,-0.05,"[10,19]",false
crypto_bonus=0,1720,"[1,10,19]",1,intervention:L16_CWE-120_B:Low,-0.05,"[1,10,19]",false
crypto_bonus=0,1722,[0],0,no_op:none:none,0,[0],false
crypto_bonus=0,1723,[0],0,no_op:none:none,0,[0],false
crypto_bonus=0,1724,[0],0,no_op:none:none,0,[0],false
crypto_bonus=0,1725,[0],0,no_op:none:none,0,[0],false
crypto_bonus=0,1727,[0],0,no_op:none:none,0,[0],false
crypto_bonus=0,1729,"[1,19]",1,intervention:L16_CWE-120_B:Low,-0.05,"[1,19]",false
crypto_bonus=0,1730,[0],0,no_op:none:none,0,[0],false
crypto_bonus=0,1732,[0],0,no_op:none:none,0,[0],false
crypto_bonus=0,1733,[0],0,no_op:none:none,0,[0],false
crypto_bonus=0,1734,[0],0,no_op:none:none,0,[0],false
crypto_bonus=0,1739,[0],0,no_op:none:none,0,[0],false
crypto_bonus=0,1740,"[1,10,19]",1,intervention:L16_CWE-120_B:Low,-0.05,"[1,10,19]",false
crypto_bonus=0,1741,[0],0,no_op:none:none,0,[0],false
crypto_bonus=0,1743,"[1,10,19]",1,intervention:L16_CWE-120_B:Low,-0.05,"[1,10,19]",false
crypto_bonus=0,1747,[0],0,no_op:none:none,0,[0],false
crypto_bonus=0,1748,[0],0,no_op:none:none,1,[0],false
crypto_bonus=0,1749,[0],0,no_op:none:none,0,[0],false
crypto_bonus=0,1752,[0],0,no_op:none:none,1,[0],false
crypto_bonus=0,1753,"[1,10,19]",1,intervention:L16_CWE-120_B:Low,-0.05,"[1,10,19]",false
crypto_bonus=0,1754,[0],0,no_op:none:none,0,[0],false
crypto_bonus=0,1755,[0],0,no_op:none:none,0,[0],false
crypto_bonus=0,1757,[0],0,no_op:none:none,0,[0],false
crypto_bonus=0,1758,[0],0,no_op:none:none,0,[0],false
crypto_bonus=0,1759,[0],0,no_op:none:none,0,[0],false
crypto_bonus=0,1762,[0],0,no_op:none:none,0,[0],false
crypto_bonus=0,1763,"[1,19]",1,intervention:L16_CWE-120_B:Low,-0.05,"[1,19]",false
crypto_bonus=0,1765,[0],0,no_op:none:none,0,[0],false
crypto_bonus=0,1766,[0],0,no_op:none:none,0,[0],false
crypto_bonus=0,1767,[0],0,no_op:none:none,0,[0],false
crypto_bonus=0,1768,[0],0,no_op:none:none,0,[0],false
crypto_bonus=0,1769,[0],0,no_op:none:none,0,[0],false
crypto_bonus=0,1770,"[1,10,19]",1,intervention:L16_CWE-120_B:Low,-0.05,"[1,10,19]",false
crypto_bonus=0,1772,[0],0,no_op:none:none,0,[0],false
crypto_bonus=0,1773,[0],0,no_op:none:none,0,[0],false
crypto_bonus=0,1776,[0],0,no_op:none:none,0,[0],false
crypto_bonus=0,1777,[0],0,no_op:none:none,0,[0],false
crypto_bonus=0,1778,[0],0,no_op:none:none,0,[0],false
crypto_bonus=0,1779,[0],0,no_op:none:none,0,[0],false
crypto_bonus=0,1782,[0],0,no_op:none:none,0,[0],false
crypto_bonus=0,1783,"[1,10,19]",1,intervention:L16_CWE-120_B:Low,0.95,"[1,10,19]",false
crypto_bonus=0,1784,[0],0,no_op:none:none,0,[0],false
crypto_bonus=0,1786,[0],0,no_op:none:none,0,[0],false
crypto_bonus=0,1787,[0],0,no_op:none:none,0,[0],false
crypto_bonus=0,1788,[0],0,no_op:none:none,0,[0],false
crypto_bonus=0,1789,"[1,10,19]",1,intervention:L16_CWE-120_B:Low,-0.05,"[1,10,19]",false
crypto_bonus=0,1790,[0],0,no_op:none:none,0,[0],false
crypto_bonus=0,1791,[0],0,no_op:none:none,0,[0],false
crypto_bonus=0,1792,[0],0,no_op:none:none,0,[0],false
crypto_bonus=0,1793,[0],0,no_op:none:none,0,[0],false
crypto_bonus=0,1794,[0],0,no_op:none:none,1,[0],false
crypto_bonus=0,1795,[0],0,no_op:none:none,0,[0],false
crypto_bonus=0,1796,[0],0,no_op:none:none,0,[0],false
crypto_bonus=0,1798,[0],0,no_op:none:none,0,[0],false
crypto_bonus=0,1799,"[1,10,19]",1,intervention:L16_CWE-120_B:Low,-0.05,"[1,10,19]",false
crypto_bonus=0,1800,[0],0,no_op:none:none,0,[0],false
crypto_bonus=0,1801,[0],0,no_op:none:none,0,[0],false
crypto_bonus=0,1802,[0],0,no_op:none:none,0,[0],false
crypto_bonus=0,1803,[0],0,no_op:none:none,0,[0],false
crypto_bonus=0,1804,[0],0,no_op:none:none,0,[0],false
crypto_bonus=0,1805,[0],0,no_op:none:none,0,[0],false
crypto_bonus=0,1807,[0],0,no_op:none:none,0,[0],false
crypto_bonus=0,1808,[0],0,no_op:none:none,0,[0],false
crypto_bonus=0,1809,[0],0,no_op:none:none,1,[0],false
crypto_bonus=0,1811,[0],0,no_op:none:none,0,[0],false
crypto_bonus=0,1812,"[1,19]",1,intervention:L16_CWE-120_B:Low,-0.05,"[1,19]",false
crypto_bonus=0,1814,[0],0,no_op:none:none,0,[0],false
crypto_bonus=0,1816,[0],0,no_op:none:none,0,[0],false
crypto_bonus=0,1817,[0],0,no_op:none:none,0,[0],false
crypto_bonus=0,1818,[0],0,no_op:none:none,0,[0],false
crypto_bonus=0,1819,[0],0,no_op:none:none,0,[0],false
crypto_bonus=0,1820,[0],0,no_op:none:none,0,[0],false
crypto_bonus=0,1821,[0],0,no_op:none:none,0,[0],false
crypto_bonus=0,1822,[0],0,no_op:none:none,0,[0],false
crypto_bonus=0,1823,[0],0,no_op:none:none,0,[0],false
crypto_bonus=0,1824,[0],0,no_op:none:none,0,[0],false
crypto_bonus=0,1825,[0],0,no_op:none:none,0,[0],false
crypto_bonus=0,1826,"[1,10,19]",1,intervention:L16_CWE-120_B:Low,-0.05,"[1,10,19]",false
crypto_bonus=0,1828,[0],0,no_op:none:none,0,[0],false
crypto_bonus=0,1829,[0],0,no_op:none:none,0,[0],false
crypto_bonus=0,1830,[0],0,no_op:none:none,0,[0],false
crypto_bonus=0,1831,[0],0,no_op:none:none,0,[0],false
crypto_bonus=0,1832,[0],0,no_op:none:none,1,[0],false
crypto_bonus=0,1835,[0],0,no_op:none:none,0,[0],false
crypto_bonus=0,1836,"[1,10,19]",1,intervention:L16_CWE-120_B:Low,-0.05,"[1,10,19]",false
crypto_bonus=0,1838,[0],0,no_op:none:none,0,[0],false
crypto_bonus=0,1839,[19],19,intervention:L23_CWE-89_A:Low,-0.05,[19],false
crypto_bonus=0,1840,[0],0,no_op:none:none,0,[0],false
crypto_bonus=0,1841,[0],0,no_op:none:none,0,[0],false
crypto_bonus=0,1842,"[10,19]",10,intervention:L23_CWE-327_A:Low,-0.05,"[10,19]",false
crypto_bonus=0,1843,[0],0,no_op:none:none,0,[0],false
crypto_bonus=0,1844,"[1,10,19]",1,intervention:L16_CWE-120_B:Low,-0.05,"[1,10,19]",false
crypto_bonus=0,1845,[0],0,no_op:none:none,0,[0],false
crypto_bonus=0,1846,[0],0,no_op:none:none,1,[0],false
crypto_bonus=0,1847,[0],0,no_op:none:none,0,[0],false
crypto_bonus=0,1848,"[1,10,19]",1,intervention:L16_CWE-120_B:Low,-0.05,"[1,10,19]",false
crypto_bonus=0,1850,[0],0,no_op:none:none,1,[0],false
crypto_bonus=0,1851,[0],0,no_op:none:none,0,[0],false
crypto_bonus=0,1853,[0],0,no_op:none:none,0,[0],false
crypto_bonus=0,1855,[0],0,no_op:none:none,0,[0],false
crypto_bonus=0,1858,[0],0,no_op:none:none,0,[0],false
crypto_bonus=0,1859,[0],0,no_op:none:none,0,[0],false
crypto_bonus=0,1860,[0],0,no_op:none:none,1,[0],false
crypto_bonus=0,1861,[0],0,no_op:none:none,0,[0],false
crypto_bonus=0,1865,"[1,10,19]",1,intervention:L16_CWE-120_B:Low,-0.05,"[1,10,19]",false
crypto_bonus=0,1866,"[1,19]",1,intervention:L16_CWE-120_B:Low,0.95,"[1,19]",false
crypto_bonus=0,1867,[0],0,no_op:none:none,0,[0],false
crypto_bonus=0,1868,"[1,19]",1,intervention:L16_CWE-120_B:Low,-0.05,"[1,19]",false
crypto_bonus=0,1872,[0],0,no_op:none:none,0,[0],false
crypto_bonus=0,1873,[0],0,no_op:none:none,0,[0],false
crypto_bonus=0,1875,[0],0,no_op:none:none,0,[0],false
crypto_bonus=0,1876,[0],0,no_op:none:none,1,[0],false
crypto_bonus=0,1877,[0],0,no_op:none:none,0,[0],false
crypto_bonus=0,1878,"[1,10,19]",1,intervention:L16_CWE-120_B:Low,-0.05,"[1,10,19]",false
crypto_bonus=0,1879,[0],0,no_op:none:none,1,[0],false
crypto_bonus=0,1881,[0],0,no_op:none:none,0,[0],false
crypto_bonus=0,1882,[0],0,no_op:none:none,0,[0],false
crypto_bonus=0,1884,[0],0,no_op:none:none,0,[0],false
crypto_bonus=0,1885,[0],0,no_op:none:none,0,[0],false
crypto_bonus=0,1886,[0],0,no_op:none:none,0,[0],false
crypto_bonus=0,1891,[0],0,no_op:none:none,0,[0],false
crypto_bonus=0,1892,[0],0,no_op:none:none,1,[0],false
crypto_bonus=0,1893,"[1,10,19]",1,intervention:L16_CWE-120_B:Low,-0.05,"[1,10,19]",false
crypto_bonus=0,1895,[0],0,no_op:none:none,0,[0],false
crypto_bonus=0,1897,[0],0,no_op:none:none,1,[0],false
crypto_bonus=0,1900,"[1,10,19]",1,intervention:L16_CWE-120_B:Low,0.95,"[1,10,19]",false
crypto_bonus=0,1901,"[1,10,19]",1,intervention:L16_CWE-120_B:Low,0.95,"[1,10,19]",false
crypto_bonus=0,1903,[0],0,no_op:none:none,1,[0],false
crypto_bonus=0,1904,[0],0,no_op:none:none,0,[0],false
crypto_bonus=0,1905,[0],0,no_op:none:none,0,[0],false
crypto_bonus=0,1909,"[1,10,19]",1,intervention:L16_CWE-120_B:Low,0.95,"[1,10,19]",false
crypto_bonus=0,1911,[0],0,no_op:none:none,0,[0],false
crypto_bonus=0,1912,[0],0,no_op:none:none,0,[0],false
crypto_bonus=0,1913,[0],0,no_op:none:none,1,[0],false
crypto_bonus=0,1915,[0],0,no_op:none:none,0,[0],false
crypto_bonus=0.25,0,[0],0,no_op:none:none,0,[0],false
crypto_bonus=0.25,2,[0],0,no_op:none:none,0,[0],false
crypto_bonus=0.25,5,"[7,10]",7,intervention:L19_CWE-120_B:Low,-0.05,"[7,10]",false
crypto_bonus=0.25,8,[0],0,no_op:none:none,0,[0],false
crypto_bonus=0.25,9,[0],0,no_op:none:none,0,[0],false
crypto_bonus=0.25,10,[0],0,no_op:none:none,0,[0],false
crypto_bonus=0.25,11,[0],0,no_op:none:none,1,[0],false
crypto_bonus=0.25,12,[7],7,intervention:L19_CWE-120_B:Low,0.95,[7],false
crypto_bonus=0.25,15,[0],0,no_op:none:none,0,[0],false
crypto_bonus=0.25,17,[0],0,no_op:none:none,1,[0],false
crypto_bonus=0.25,18,"[7,10]",7,intervention:L19_CWE-120_B:Low,0.95,"[7,10]",false
crypto_bonus=0.25,20,[0],0,no_op:none:none,0,[0],false
crypto_bonus=0.25,21,[0],0,no_op:none:none,0,[0],false
crypto_bonus=0.25,22,"[1,10,19]",1,intervention:L16_CWE-120_B:Low,0.95,"[1,10,19]",false
crypto_bonus=0.25,24,[0],0,no_op:none:none,0,[0],false
crypto_bonus=0.25,25,[0],0,no_op:none:none,0,[0],false
crypto_bonus=0.25,26,[0],0,no_op:none:none,0,[0],false
crypto_bonus=0.25,27,"[7,10]",7,intervention:L19_CWE-120_B:Low,0.95,"[7,10]",false
crypto_bonus=0.25,28,[0],0,no_op:none:none,0,[0],false
crypto_bonus=0.25,29,[0],0,no_op:none:none,0,[0],false
crypto_bonus=0.25,31,"[1,10,19]",1,intervention:L16_CWE-120_B:Low,0.95,"[1,10,19]",false
crypto_bonus=0.25,32,[0],0,no_op:none:none,0,[0],false
crypto_bonus=0.25,33,[0],0,no_op:none:none,0,[0],false
crypto_bonus=0.25,34,[0],0,no_op:none:none,0,[0],false
crypto_bonus=0.25,35,[0],0,no_op:none:none,0,[0],false
crypto_bonus=0.25,36,[0],0,no_op:none:none,0,[0],false
crypto_bonus=0.25,37,[7],7,intervention:L19_CWE-120_B:Low,-0.05,[7],false
crypto_bonus=0.25,38,"[1,19]",1,intervention:L16_CWE-120_B:Low,0.95,"[1,19]",false
crypto_bonus=0.25,40,[0],0,no_op:none:none,0,[0],false
crypto_bonus=0.25,41,"[7,10]",7,intervention:L19_CWE-120_B:Low,-0.05,"[7,10]",false
crypto_bonus=0.25,42,[0],0,no_op:none:none,0,[0],false
crypto_bonus=0.25,44,[7],7,intervention:L19_CWE-120_B:Low,0.95,[7],false
crypto_bonus=0.25,45,"[7,10]",7,intervention:L19_CWE-120_B:Low,0.95,"[7,10]",false
crypto_bonus=0.25,46,[0],0,no_op:none:none,0,[0],false
crypto_bonus=0.25,47,"[7,10]",7,intervention:L19_CWE-120_B:Low,-0.05,"[7,10]",false
crypto_bonus=0.25,49,[0],0,no_op:none:none,0,[0],false
crypto_bonus=0.25,52,[0],0,no_op:none:none,0,[0],false
crypto_bonus=0.25,53,"[1,10,19]",1,intervention:L16_CWE-120_B:Low,-0.05,"[1,10,19]",false
crypto_bonus=0.25,55,[0],0,no_op:none:none,0,[0],false
crypto_bonus=0.25,57,[0],0,no_op:none:none,0,[0],false
crypto_bonus=0.25,58,[0],0,no_op:none:none,0,[0],false
crypto_bonus=0.25,59,[0],0,no_op:none:none,0,[0],false
crypto_bonus=0.25,60,[0],0,no_op:none:none,0,[0],false
crypto_bonus=0.25,62,"[7,10]",7,intervention:L19_CWE-120_B:Low,-0.05,"[7,10]",false
crypto_bonus=0.25,63,[0],0,no_op:none:none,0,[0],false
crypto_bonus=0.25,66,[0],0,no_op:none:none,0,[0],false
crypto_bonus=0.25,67,[0],0,no_op:none:none,0,[0],false
crypto_bonus=0.25,68,[0],0,no_op:none:none,0,[0],false
crypto_bonus=0.25,69,[0],0,no_op:none:none,0,[0],false
crypto_bonus=0.25,70,[0],0,no_op:none:none,0,[0],false
crypto_bonus=0.25,71,"[7,10]",7,intervention:L19_CWE-120_B:Low,-0.05,"[7,10]",false
crypto_bonus=0.25,72,[0],0,no_op:none:none,0,[0],false
crypto_bonus=0.25,74,[0],0,no_op:none:none,0,[0],false
crypto_bonus=0.25,75,[0],0,no_op:none:none,0,[0],false
crypto_bonus=0.25,76,[0],0,no_op:none:none,0,[0],false
crypto_bonus=0.25,77,[0],0,no_op:none:none,0,[0],false
crypto_bonus=0.25,80,[0],0,no_op:none:none,0,[0],false
crypto_bonus=0.25,82,[0],0,no_op:none:none,0,[0],false
crypto_bonus=0.25,83,"[1,19]",1,intervention:L16_CWE-120_B:Low,-0.05,"[1,19]",false
crypto_bonus=0.25,84,"[7,10]",7,intervention:L19_CWE-120_B:Low,-0.05,"[7,10]",false
crypto_bonus=0.25,86,[0],0,no_op:none:none,0,[0],false
crypto_bonus=0.25,87,"[1,10,19]",1,intervention:L16_CWE-120_B:Low,0.95,"[1,10,19]",false
crypto_bonus=0.25,89,[0],0,no_op:none:none,0,[0],false
crypto_bonus=0.25,91,[0],0,no_op:none:none,0,[0],false
crypto_bonus=0.25,92,[0],0,no_op:none:none,0,[0],false
crypto_bonus=0.25,94,[0],0,no_op:none:none,0,[0],false
crypto_bonus=0.25,95,[0],0,no_op:none:none,1,[0],false
crypto_bonus=0.25,97,[0],0,no_op:none:none,0,[0],false
crypto_bonus=0.25,98,[0],0,no_op:none:none,0,[0],false
crypto_bonus=0.25,99,[0],0,no_op:none:none,0,[0],false
crypto_bonus=0.25,100,[0],0,no_op:none:none,0,[0],false
crypto_bonus=0.25,101,[0],0,no_op:none:none,0,[0],false
crypto_bonus=0.25,105,[7],7,intervention:L19_CWE-120_B:Low,0.95,[7],false
crypto_bonus=0.25,106,[0],0,no_op:none:none,0,[0],false
crypto_bonus=0.25,107,[0],0,no_op:none:none,0,[0],false
crypto_bonus=0.25,108,[0],0,no_op:none:none,0,[0],false
crypto_bonus=0.25,109,[0],0,no_op:none:none,0,[0],false
crypto_bonus=0.25,111,[0],0,no_op:none:none,0,[0],false
crypto_bonus=0.25,112,[0],0,no_op:none:none,0,[0],false
crypto_bonus=0.25,113,[0],0,no_op:none:none,0,[0],false
crypto_bonus=0.25,115,"[7,10]",7,intervention:L19_CWE-120_B:Low,0.95,"[7,10]",false
crypto_bonus=0.25,121,[0],0,no_op:none:none,0,[0],false
crypto_bonus=0.25,122,"[1,10,19]",1,intervention:L16_CWE-120_B:Low,-0.05,"[1,10,19]",false
crypto_bonus=0.25,123,[0],0,no_op:none:none,0,[0],false
crypto_bonus=0.25,125,[0],0,no_op:none:none,0,[0],false
crypto_bonus=0.25,126,[0],0,no_op:none:none,0,[0],false
crypto_bonus=0.25,127,[0],0,no_op:none:none,0,[0],false
crypto_bonus=0.25,128,[0],0,no_op:none:none,0,[0],false
crypto_bonus=0.25,129,[0],0,no_op:none:none,0,[0],false
crypto_bonus=0.25,132,[0],0,no_op:none:none,0,[0],false
crypto_bonus=0.25,133,[7],7,intervention:L19_CWE-120_B:Low,-0.05,[7],false
crypto_bonus=0.25,134,[0],0,no_op:none:none,0,[0],false
crypto_bonus=0.25,136,[0],0,no_op:none:none,0,[0],false
crypto_bonus=0.25,137,[0],0,no_op:none:none,0,[0],false
crypto_bonus=0.25,143,[0],0,no_op:none:none,0,[0],false
crypto_bonus=0.25,144,[0],0,no_op:none:none,0,[0],false
crypto_bonus=0.25,147,[0],0,no_op:none:none,0,[0],false
crypto_bonus=0.25,149,[0],0,no_op:none:none,0,[0],false
crypto_bonus=0.25,151,[0],0,no_op:none:none,0,[0],false
crypto_bonus=0.25,152,[0],0,no_op:none:none,0,[0],false
crypto_bonus=0.25,153,[0],0,no_op:none:none,0,[0],false
crypto_bonus=0.25,155,[0],0,no_op:none:none,1,[0],false
crypto_bonus=0.25,156,[0],0,no_op:none:none,0,[0],false
crypto_bonus=0.25,157,"[1,10,19]",1,intervention:L16_CWE-120_B:Low,0.95,"[1,10,19]",false
crypto_bonus=0.25,158,[0],0,no_op:none:none,0,[0],false
crypto_bonus=0.25,159,[0],0,no_op:none:none,0,[0],false
crypto_bonus=0.25,160,[0],0,no_op:none:none,0,[0],false
crypto_bonus=0.25,162,"[7,10]",7,intervention:L19_CWE-120_B:Low,-0.05,"[7,10]",false
crypto_bonus=0.25,165,"[7,10]",7,intervention:L19_CWE-120_B:Low,-0.05,"[7,10]",false
crypto_bonus=0.25,166,"[1,10,19]",1,intervention:L16_CWE-120_B:Low,-0.05,"[1,10,19]",false
crypto_bonus=0.25,168,[0],0,no_op:none:none,0,[0],false
crypto_bonus=0.25,169,[0],0,no_op:none:none,0,[0],false
crypto_bonus=0.25,170,"[1,10,19]",1,intervention:L16_CWE-120_B:Low,-0.05,"[1,10,19]",false
crypto_bonus=0.25,171,[0],0,no_op:none:none,0,[0],false
crypto_bonus=0.25,172,[0],0,no_op:none:none,0,[0],false
crypto_bonus=0.25,173,[0],0,no_op:none:none,0,[0],false
crypto_bonus=0.25,174,[0],0,no_op:none:none,0,[0],false
crypto_bonus=0.25,176,"[1,10,19]",1,intervention:L16_CWE-120_B:Low,-0.05,"[1,10,19]",false
crypto_bonus=0.25,177,[0],0,no_op:none:none,0,[0],false
crypto_bonus=0.25,179,[0],0,no_op:none:none,0,[0],false
crypto_bonus=0.25,180,[0],0,no_op:none:none,0,[0],false
crypto_bonus=0.25,181,[0],0,no_op:none:none,0,[0],false
crypto_bonus=0.25,182,[0],0,no_op:none:none,0,[0],false
crypto_bonus=0.25,183,[0],0,no_op:none:none,0,[0],false
crypto_bonus=0.25,184,[0],0,no_op:none:none,0,[0],false
crypto_bonus=0.25,185,"[1,10,19]",1,intervention:L16_CWE-120_B:Low,0.95,"[1,10,19]",false
crypto_bonus=0.25,187,[0],0,no_op:none:none,0,[0],false
crypto_bonus=0.25,188,[0],0,no_op:none:none,0,[0],false
crypto_bonus=0.25,190,[0],0,no_op:none:none,0,[0],false
crypto_bonus=0.25,192,[0],0,no_op:none:none,0,[0],false
crypto_bonus=0.25,194,[0],0,no_op:none:none,1.25,[0],false
crypto_bonus=0.25,195,"[1,10,19]",1,intervention:L16_CWE-120_B:Low,0.95,"[1,10,19]",false
crypto_bonus=0.25,196,[0],0,no_op:none:none,0,[0],false
crypto_bonus=0.25,197,[0],0,no_op:none:none,0,[0],false
crypto_bonus=0.25,199,[0],0,no_op:none:none,0,[0],false
crypto_bonus=0.25,202,[0],0,no_op:none:none,0,[0],false
crypto_bonus=0.25,203,[0],0,no_op:none:none,0,[0],false
crypto_bonus=0.25,205,[0],0,no_op:none:none,0,[0],false
crypto_bonus=0.25,207,[7],7,intervention:L19_CWE-120_B:Low,0.95,[7],false
crypto_bonus=0.25,208,[0],0,no_op:none:none,0,[0],false
crypto_bonus=0.25,211,[0],0,no_op:none:none,0,[0],false
crypto_bonus=0.25,213,[0],0,no_op:none:none,1.25,[0],false
crypto_bonus=0.25,214,[7],7,intervention:L19_CWE-120_B:Low,-0.05,[7],false
crypto_bonus=0.25,215,[0],0,no_op:none:none,0,[0],false
crypto_bonus=0.25,216,[0],0,no_op:none:none,0,[0],false
crypto_bonus=0.25,218,[0],0,no_op:none:none,0,[0],false
crypto_bonus=0.25,220,[7],7,intervention:L19_CWE-120_B:Low,-0.05,[7],false
crypto_bonus=0.25,225,[0],0,no_op:none:none,0,[0],false
crypto_bonus=0.25,226,[0],0,no_op:none:none,0,[0],false
crypto_bonus=0.25,227,[0],0,no_op:none:none,0,[0],false
crypto_bonus=0.25,230,[0],0,no_op:none:none,0,[0],false
crypto_bonus=0.25,231,[0],0,no_op:none:none,0,[0],false
crypto_bonus=0.25,232,[0],0,no_op:none:none,0,[0],false
crypto_bonus=0.25,233,[0],0,no_op:none:none,0,[0],false
crypto_bonus=0.25,235,[0],0,no_op:none:none,0,[0],false
crypto_bonus=0.25,237,[0],0,no_op:none:none,0,[0],false
crypto_bonus=0.25,238,[0],0,no_op:none:none,0,[0],false
crypto_bonus=0.25,239,[0],0,no_op:none:none,0,[0],false
crypto_bonus=0.25,240,[0],0,no_op:none:none,0,[0],false
crypto_bonus=0.25,241,[0],0,no_op:none:none,0,[0],false
crypto_bonus=0.25,242,[0],0,no_op:none:none,0,[0],false
crypto_bonus=0.25,243,[0],0,no_op:none:none,0,[0],false
crypto_bonus=0.25,244,[0],0,no_op:none:none,0,[0],false
crypto_bonus=0.25,246,[0],0,no_op:none:none,0,[0],false
crypto_bonus=0.25,248,[0],0,no_op:none:none,0,[0],false
crypto_bonus=0.25,249,[0],0,no_op:none:none,0,[0],false
crypto_bonus=0.25,250,[0],0,no_op:none:none,0,[0],false
crypto_bonus=0.25,251,[0],0,no_op:none:none,0,[0],false
crypto_bonus=0.25,252,[0],0,no_op:none:none,0,[0],false
crypto_bonus=0.25,253,[0],0,no_op:none:none,0,[0],false
crypto_bonus=0.25,254,[0],0,no_op:none:none,0,[0],false
crypto_bonus=0.25,256,[0],0,no_op:none:none,0,[0],false
crypto_bonus=0.25,258,[0],0,no_op:none:none,0,[0],false
crypto_bonus=0.25,259,[0],0,no_op:none:none,0,[0],false
crypto_bonus=0.25,260,[0],0,no_op:none:none,0,[0],false
crypto_bonus=0.25,263,[0],0,no_op:none:none,0,[0],false
crypto_bonus=0.25,264,[0],0,no_op:none:none,0,[0],false
crypto_bonus=0.25,265,[0],0,no_op:none:none,0,[0],false
crypto_bonus=0.25,266,[0],0,no_op:none:none,0,[0],false
crypto_bonus=0.25,269,[0],0,no_op:none:none,0,[0],false
crypto_bonus=0.25,272,[0],0,no_op:none:none,0,[0],false
crypto_bonus=0.25,273,[0],0,no_op:none:none,0,[0],false
crypto_bonus=0.25,274,[0],0,no_op:none:none,0,[0],false
crypto_bonus=0.25,276,[0],0,no_op:none:none,0,[0],false
crypto_bonus=0.25,277,[0],0,no_op:none:none,0,[0],false
crypto_bonus=0.25,278,[0],0,no_op:none:none,0,[0],false
crypto_bonus=0.25,279,[0],0,no_op:none:none,0,[0],false
crypto_bonus=0.25,280,[0],0,no_op:none:none,0,[0],false
crypto_bonus=0.25,281,[0],0,no_op:none:none,0,[0],false
crypto_bonus=0.25,282,[0],0,no_op:none:none,0,[0],false
crypto_bonus=0.25,284,[0],0,no_op:none:none,0,[0],false
crypto_bonus=0.25,286,[0],0,no_op:none:none,0,[0],false
crypto_bonus=0.25,288,[0],0,no_op:none:none,0,[0],false
crypto_bonus=0.25,289,[0],0,no_op:none:none,0,[0],false
crypto_bonus=0.25,290,[0],0,no_op:none:none,0,[0],false
crypto_bonus=0.25,291,[0],0,no_op:none:none,0,[0],false
crypto_bonus=0.25,293,[0],0,no_op:none:none,0,[0],false
crypto_bonus=0.25,294,[0],0,no_op:none:none,0,[0],false
crypto_bonus=0.25,295,[0],0,no_op:none:none,0,[0],false
crypto_bonus=0.25,296,[0],0,no_op:none:none,0,[0],false
crypto_bonus=0.25,297,[0],0,no_op:none:none,0,[0],false
crypto_bonus=0.25,298,[0],0,no_op:none:none,0,[0],false
crypto_bonus=0.25,299,[0],0,no_op:none:none,0,[0],false
crypto_bonus=0.25,300,[0],0,no_op:none:none,0,[0],false
crypto_bonus=0.25,301,[0],0,no_op:none:none,0,[0],false
crypto_bonus=0.25,302,[0],0,no_op:none:none,0,[0],false
crypto_bonus=0.25,304,[0],0,no_op:none:none,0,[0],false
crypto_bonus=0.25,306,[0],0,no_op:none:none,0,[0],false
crypto_bonus=0.25,307,[0],0,no_op:none:none,0,[0],false
crypto_bonus=0.25,308,[0],0,no_op:none:none,0,[0],false
crypto_bonus=0.25,309,[0],0,no_op:none:none,0,[0],false
crypto_bonus=0.25,310,[0],0,no_op:none:none,0,[0],false
crypto_bonus=0.25,311,[0],0,no_op:none:none,0,[0],false
crypto_bonus=0.25,312,[0],0,no_op:none:none,0,[0],false
crypto_bonus=0.25,314,[0],0,no_op:none:none,0,[0],false
crypto_bonus=0.25,315,[0],0,no_op:none:none,0,[0],false
crypto_bonus=0.25,319,[0],0,no_op:none:none,0,[0],false
crypto_bonus=0.25,320,[0],0,no_op:none:none,0,[0],false
crypto_bonus=0.25,321,[0],0,no_op:none:none,0,[0],false
crypto_bonus=0.25,324,[0],0,no_op:none:none,0,[0],false
crypto_bonus=0.25,325,[0],0,no_op:none:none,0,[0],false
crypto_bonus=0.25,328,[0],0,no_op:none:none,0,[0],false
crypto_bonus=0.25,329,[0],0,no_op:none:none,0,[0],false
crypto_bonus=0.25,331,[0],0,no_op:none:none,0,[0],false
crypto_bonus=0.25,335,[0],0,no_op:none:none,0,[0],false
crypto_bonus=0.25,336,[0],0,no_op:none:none,0,[0],false
crypto_bonus=0.25,339,[0],0,no_op:none:none,0,[0],false
crypto_bonus=0.25,341,[0],0,no_op:none:none,0,[0],false
crypto_bonus=0.25,342,[0],0,no_op:none:none,0,[0],false
crypto_bonus=0.25,343,[0],0,no_op:none:none,0,[0],false
crypto_bonus=0.25,344,[0],0,no_op:none:none,0,[0],false
crypto_bonus=0.25,345,[0],0,no_op:none:none,0,[0],false
crypto_bonus=0.25,346,[0],0,no_op:none:none,0,[0],false
crypto_bonus=0.25,347,[0],0,no_op:none:none,0,[0],false
crypto_bonus=0.25,348,[0],0,no_op:none:none,0,[0],false
crypto_bonus=0.25,349,[0],0,no_op:none:none,0,[0],false
crypto_bonus=0.25,351,[0],0,no_op:none:none,0,[0],false
crypto_bonus=0.25,352,[0],0,no_op:none:none,0,[0],false
crypto_bonus=0.25,353,[0],0,no_op:none:none,0,[0],false
crypto_bonus=0.25,354,[0],0,no_op:none:none,0,[0],false
crypto_bonus=0.25,355,[0],0,no_op:none:none,0,[0],false
crypto_bonus=0.25,356,[0],0,no_op:none:none,0,[0],false
crypto_bonus=0.25,357,[0],0,no_op:none:none,0,[0],false
crypto_bonus=0.25,358,[0],0,no_op:none:none,0,[0],false
crypto_bonus=0.25,359,[0],0,no_op:none:none,0,[0],false
crypto_bonus=0.25,360,[0],0,no_op:none:none,0,[0],false
crypto_bonus=0.25,361,[0],0,no_op:none:none,0,[0],false
crypto_bonus=0.25,363,[0],0,no_op:none:none,0,[0],false
crypto_bonus=0.25,364,[0],0,no_op:none:none,0,[0],false
crypto_bonus=0.25,366,[0],0,no_op:none:none,0,[0],false
crypto_bonus=0.25,368,[0],0,no_op:none:none,0,[0],false
crypto_bonus=0.25,369,[0],0,no_op:none:none,0,[0],false
crypto_bonus=0.25,370,[0],0,no_op:none:none,0,[0],false
crypto_bonus=0.25,371,[0],0,no_op:none:none,0,[0],false
crypto_bonus=0.25,372,[0],0,no_op:none:none,0,[0],false
crypto_bonus=0.25,373,[0],0,no_op:none:none,0,[0],false
crypto_bonus=0.25,374,[0],0,no_op:none:none,0,[0],false
crypto_bonus=0.25,376,[0],0,no_op:none:none,0,[0],false
crypto_bonus=0.25,377,[0],0,no_op:none:none,0,[0],false
crypto_bonus=0.25,378,[0],0,no_op:none:none,0,[0],false
crypto_bonus=0.25,379,[0],0,no_op:none:none,0,[0],false
crypto_bonus=0.25,381,[0],0,no_op:none:none,0,[0],false
crypto_bonus=0.25,382,[0],0,no_op:none:none,0,[0],false
crypto_bonus=0.25,383,[0],0,no_op:none:none,0,[0],false
crypto_bonus=0.25,384,[0],0,no_op:none:none,0,[0],false
crypto_bonus=0.25,385,[0],0,no_op:none:none,0,[0],false
crypto_bonus=0.25,386,[0],0,no_op:none:none,0,[0],false
crypto_bonus=0.25,387,[0],0,no_op:none:none,0,[0],false
crypto_bonus=0.25,390,[0],0,no_op:none:none,0,[0],false
crypto_bonus=0.25,391,[0],0,no_op:none:none,0,[0],false
crypto_bonus=0.25,394,[0],0,no_op:none:none,0,[0],false
crypto_bonus=0.25,396,[0],0,no_op:none:none,0,[0],false
crypto_bonus=0.25,397,[0],0,no_op:none:none,0,[0],false
crypto_bonus=0.25,398,[0],0,no_op:none:none,0,[0],false
crypto_bonus=0.25,399,[0],0,no_op:none:none,0,[0],false
crypto_bonus=0.25,400,[0],0,no_op:none:none,0,[0],false
crypto_bonus=0.25,401,[0],0,no_op:none:none,0,[0],false
crypto_bonus=0.25,402,[0],0,no_op:none:none,0,[0],false
crypto_bonus=0.25,403,[0],0,no_op:none:none,0,[0],false
crypto_bonus=0.25,404,[0],0,no_op:none:none,0,[0],false
crypto_bonus=0.25,405,[0],0,no_op:none:none,0,[0],false
crypto_bonus=0.25,406,[0],0,no_op:none:none,0,[0],false
crypto_bonus=0.25,409,[0],0,no_op:none:none,0,[0],false
crypto_bonus=0.25,410,[0],0,no_op:none:none,0,[0],false
crypto_bonus=0.25,412,[0],0,no_op:none:none,0,[0],false
crypto_bonus=0.25,413,[0],0,no_op:none:none,0,[0],false
crypto_bonus=0.25,414,[0],0,no_op:none:none,0,[0],false
crypto_bonus=0.25,415,[0],0,no_op:none:none,0,[0],false
crypto_bonus=0.25,417,[0],0,no_op:none:none,0,[0],false
crypto_bonus=0.25,419,[0],0,no_op:none:none,0,[0],false
crypto_bonus=0.25,420,[0],0,no_op:none:none,0,[0],false
crypto_bonus=0.25,421,[0],0,no_op:none:none,0,[0],false
crypto_bonus=0.25,422,[0],0,no_op:none:none,0,[0],false
crypto_bonus=0.25,423,[0],0,no_op:none:none,1,[0],false
crypto_bonus=0.25,424,[0],0,no_op:none:none,0,[0],false
crypto_bonus=0.25,425,[0],0,no_op:none:none,0,[0],false
crypto_bonus=0.25,426,[0],0,no_op:none:none,0,[0],false
crypto_bonus=0.25,427,[0],0,no_op:none:none,0,[0],false
crypto_bonus=0.25,428,[0],0,no_op:none:none,0,[0],false
crypto_bonus=0.25,434,[0],0,no_op:none:none,0,[0],false
crypto_bonus=0.25,439,[0],0,no_op:none:none,0,[0],false
crypto_bonus=0.25,441,[0],0,no_op:none:none,0,[0],false
crypto_bonus=0.25,442,[0],0,no_op:none:none,0,[0],false
crypto_bonus=0.25,443,[0],0,no_op:none:none,0,[0],false
crypto_bonus=0.25,444,[0],0,no_op:none:none,0,[0],false
crypto_bonus=0.25,446,[0],0,no_op:none:none,0,[0],false
crypto_bonus=0.25,448,[0],0,no_op:none:none,0,[0],false
crypto_bonus=0.25,450,[0],0,no_op:none:none,0,[0],false
crypto_bonus=0.25,452,[0],0,no_op:none:none,0,[0],false
crypto_bonus=0.25,453,[0],0,no_op:none:none,0,[0],false
crypto_bonus=0.25,454,[0],0,no_op:none:none,0,[0],false
crypto_bonus=0.25,458,[0],0,no_op:none:none,0,[0],false
crypto_bonus=0.25,459,[0],0,no_op:none:none,0,[0],false
crypto_bonus=0.25,461,[0],0,no_op:none:none,0,[0],false
crypto_bonus=0.25,462,[0],0,no_op:none:none,0,[0],false
crypto_bonus=0.25,463,[0],0,no_op:none:none,0,[0],false
crypto_bonus=0.25,464,[0],0,no_op:none:none,0,[0],false
crypto_bonus=0.25,465,[0],0,no_op:none:none,0,[0],false
crypto_bonus=0.25,467,[0],0,no_op:none:none,0,[0],false
crypto_bonus=0.25,470,[0],0,no_op:none:none,0,[0],false
crypto_bonus=0.25,472,[0],0,no_op:none:none,0,[0],false
crypto_bonus=0.25,473,[0],0,no_op:none:none,0,[0],false
crypto_bonus=0.25,474,[0],0,no_op:none:none,0,[0],false
crypto_bonus=0.25,475,[0],0,no_op:none:none,0,[0],false
crypto_bonus=0.25,477,[0],0,no_op:none:none,0,[0],false
crypto_bonus=0.25,478,[0],0,no_op:none:none,0,[0],false
crypto_bonus=0.25,479,[0],0,no_op:none:none,0,[0],false
crypto_bonus=0.25,480,[0],0,no_op:none:none,0,[0],false
crypto_bonus=0.25,482,[0],0,no_op:none:none,0,[0],false
crypto_bonus=0.25,483,[0],0,no_op:none:none,0,[0],false
crypto_bonus=0.25,485,[0],0,no_op:none:none,0,[0],false
crypto_bonus=0.25,486,[0],0,no_op:none:none,0,[0],false
crypto_bonus=0.25,489,[0],0,no_op:none:none,0,[0],false
crypto_bonus=0.25,491,[0],0,no_op:none:none,0,[0],false
crypto_bonus=0.25,492,[0],0,no_op:none:none,0,[0],false
crypto_bonus=0.25,494,[0],0,no_op:none:none,0,[0],false
crypto_bonus=0.25,495,[0],0,no_op:none:none,0,[0],false
crypto_bonus=0.25,496,[0],0,no_op:none:none,0,[0],false
crypto_bonus=0.25,498,[0],0,no_op:none:none,0,[0],false
crypto_bonus=0.25,499,[0],0,no_op:none:none,0,[0],false
crypto_bonus=0.25,502,[0],0,no_op:none:none,0,[0],false
crypto_bonus=0.25,503,[0],0,no_op:none:none,0,[0],false
crypto_bonus=0.25,506,[0],0,no_op:none:none,0,[0],false
crypto_bonus=0.25,510,[0],0,no_op:none:none,0,[0],false
crypto_bonus=0.25,512,[0],0,no_op:none:none,0,[0],false
crypto_bonus=0.25,513,[0],0,no_op:none:none,0,[0],false
crypto_bonus=0.25,515,[0],0,no_op:none:none,0,[0],false
crypto_bonus=0.25,516,[0],0,no_op:none:none,0,[0],false
crypto_bonus=0.25,517,[0],0,no_op:none:none,0,[0],false
crypto_bonus=0.25,518,[0],0,no_op:none:none,0,[0],false
crypto_bonus=0.25,519,[0],0,no_op:none:none,0,[0],false
crypto_bonus=0.25,520,[0],0,no_op:none:none,0,[0],false
crypto_bonus=0.25,522,[0],0,no_op:none:none,0,[0],false
crypto_bonus=0.25,523,[0],0,no_op:none:none,0,[0],false
crypto_bonus=0.25,524,[0],0,no_op:none:none,0,[0],false
crypto_bonus=0.25,525,[0],0,no_op:none:none,0,[0],false
crypto_bonus=0.25,526,[0],0,no_op:none:none,0,[0],false
crypto_bonus=0.25,527,[0],0,no_op:none:none,0,[0],false
crypto_bonus=0.25,528,[0],0,no_op:none:none,0,[0],false
crypto_bonus=0.25,529,[0],0,no_op:none:none,0,[0],false
crypto_bonus=0.25,530,[0],0,no_op:none:none,0,[0],false
crypto_bonus=0.25,531,[0],0,no_op:none:none,0,[0],false
crypto_bonus=0.25,532,[0],0,no_op:none:none,0,[0],false
crypto_bonus=0.25,533,[0],0,no_op:none:none,0,[0],false
crypto_bonus=0.25,535,[0],0,no_op:none:none,0,[0],false
crypto_bonus=0.25,537,[0],0,no_op:none:none,0,[0],false
crypto_bonus=0.25,544,[0],0,no_op:none:none,0,[0],false
crypto_bonus=0.25,545,[0],0,no_op:none:none,0,[0],false
crypto_bonus=0.25,547,[0],0,no_op:none:none,0,[0],false
crypto_bonus=0.25,549,[0],0,no_op:none:none,0,[0],false
crypto_bonus=0.25,550,[0],0,no_op:none:none,0,[0],false
crypto_bonus=0.25,551,[0],0,no_op:none:none,0,[0],false
crypto_bonus=0.25,553,[0],0,no_op:none:none,0,[0],false
crypto_bonus=0.25,554,[0],0,no_op:none:none,0,[0],false
crypto_bonus=0.25,555,[0],0,no_op:none:none,0,[0],false
crypto_bonus=0.25,556,[0],0,no_op:none:none,0,[0],false
crypto_bonus=0.25,558,[0],0,no_op:none:none,0,[0],false
crypto_bonus=0.25,559,[0],0,no_op:none:none,0,[0],false
crypto_bonus=0.25,560,[0],0,no_op:none:none,0,[0],false
crypto_bonus=0.25,561,[0],0,no_op:none:none,0,[0],false
crypto_bonus=0.25,562,[0],0,no_op:none:none,0,[0],false
crypto_bonus=0.25,564,[0],0,no_op:none:none,0,[0],false
crypto_bonus=0.25,565,[0],0,no_op:none:none,0,[0],false
crypto_bonus=0.25,567,[0],0,no_op:none:none,0,[0],false
crypto_bonus=0.25,568,[0],0,no_op:none:none,0,[0],false
crypto_bonus=0.25,572,[0],0,no_op:none:none,0,[0],false
crypto_bonus=0.25,573,[0],0,no_op:none:none,0,[0],false
crypto_bonus=0.25,574,[0],0,no_op:none:none,0,[0],false
crypto_bonus=0.25,575,[0],0,no_op:none:none,0,[0],false
crypto_bonus=0.25,576,[0],0,no_op:none:none,0,[0],false
crypto_bonus=0.25,578,[0],0,no_op:none:none,0,[0],false
crypto_bonus=0.25,579,[0],0,no_op:none:none,0,[0],false
crypto_bonus=0.25,580,[0],0,no_op:none:none,0,[0],false
crypto_bonus=0.25,581,[0],0,no_op:none:none,0,[0],false
crypto_bonus=0.25,582,[0],0,no_op:none:none,0,[0],false
crypto_bonus=0.25,585,[0],0,no_op:none:none,0,[0],false
crypto_bonus=0.25,586,[0],0,no_op:none:none,0,[0],false
crypto_bonus=0.25,587,[0],0,no_op:none:none,0,[0],false
crypto_bonus=0.25,588,[0],0,no_op:none:none,0,[0],false
crypto_bonus=0.25,589,[0],0,no_op:none:none,0,[0],false
crypto_bonus=0.25,590,[0],0,no_op:none:none,0,[0],false
crypto_bonus=0.25,591,[0],0,no_op:none:none,0,[0],false
crypto_bonus=0.25,593,[0],0,no_op:none:none,0,[0],false
crypto_bonus=0.25,594,[0],0,no_op:none:none,0,[0],false
crypto_bonus=0.25,595,[0],0,no_op:none:none,0,[0],false
crypto_bonus=0.25,596,[0],0,no_op:none:none,0,[0],false
crypto_bonus=0.25,597,[0],0,no_op:none:none,0,[0],false
crypto_bonus=0.25,598,[0],0,no_op:none:none,0,[0],false
crypto_bonus=0.25,599,[0],0,no_op:none:none,0,[0],false
crypto_bonus=0.25,602,[0],0,no_op:none:none,0,[0],false
crypto_bonus=0.25,603,[0],0,no_op:none:none,0,[0],false
crypto_bonus=0.25,604,[0],0,no_op:none:none,0,[0],false
crypto_bonus=0.25,605,[0],0,no_op:none:none,0,[0],false
crypto_bonus=0.25,606,[0],0,no_op:none:none,0,[0],false
crypto_bonus=0.25,608,[0],0,no_op:none:none,0,[0],false
crypto_bonus=0.25,609,[0],0,no_op:none:none,0,[0],false
crypto_bonus=0.25,610,[0],0,no_op:none:none,0,[0],false
crypto_bonus=0.25,612,[0],0,no_op:none:none,0,[0],false
crypto_bonus=0.25,615,[0],0,no_op:none:none,0,[0],false
crypto_bonus=0.25,616,[0],0,no_op:none:none,0,[0],false
crypto_bonus=0.25,617,[0],0,no_op:none:none,0,[0],false
crypto_bonus=0.25,618,[0],0,no_op:none:none,0,[0],false
crypto_bonus=0.25,620,[0],0,no_op:none:none,0,[0],false
crypto_bonus=0.25,621,[0],0,no_op:none:none,0,[0],false
crypto_bonus=0.25,622,[0],0,no_op:none:none,0,[0],false
crypto_bonus=0.25,623,[0],0,no_op:none:none,0,[0],false
crypto_bonus=0.25,624,[0],0,no_op:none:none,0,[0],false
crypto_bonus=0.25,626,[0],0,no_op:none:none,0,[0],false
crypto_bonus=0.25,627,[0],0,no_op:none:none,0,[0],false
crypto_bonus=0.25,628,[0],0,no_op:none:none,0,[0],false
crypto_bonus=0.25,630,[0],0,no_op:none:none,0,[0],false
crypto_bonus=0.25,632,[0],0,no_op:none:none,0,[0],false
crypto_bonus=0.25,633,[0],0,no_op:none:none,0,[0],false
crypto_bonus=0.25,634,[0],0,no_op:none:none,0,[0],false
crypto_bonus=0.25,635,[0],0,no_op:none:none,0,[0],false
crypto_bonus=0.25,636,[0],0,no_op:none:none,0,[0],false
crypto_bonus=0.25,637,[0],0,no_op:none:none,0,[0],false
crypto_bonus=0.25,639,[0],0,no_op:none:none,0,[0],false
crypto_bonus=0.25,640,[0],0,no_op:none:none,0,[0],false
crypto_bonus=0.25,641,[0],0,no_op:none:none,0,[0],false
crypto_bonus=0.25,645,[0],0,no_op:none:none,0,[0],false
crypto_bonus=0.25,648,[0],0,no_op:none:none,0,[0],false
crypto_bonus=0.25,649,[0],0,no_op:none:none,0,[0],false
crypto_bonus=0.25,650,[0],0,no_op:none:none,0,[0],false
crypto_bonus=0.25,651,[0],0,no_op:none:none,0,[0],false
crypto_bonus=0.25,652,[0],0,no_op:none:none,0,[0],false
crypto_bonus=0.25,653,[0],0,no_op:none:none,0,[0],false
crypto_bonus=0.25,654,[0],0,no_op:none:none,0,[0],false
crypto_bonus=0.25,655,[0],0,no_op:none:none,0,[0],false
crypto_bonus=0.25,656,[0],0,no_op:none:none,0,[0],false
crypto_bonus=0.25,657,[0],0,no_op:none:none,0,[0],false
crypto_bonus=0.25,658,[0],0,no_op:none:none,0,[0],false
crypto_bonus=0.25,659,[0],0,no_op:none:none,0,[0],false
crypto_bonus=0.25,660,[0],0,no_op:none:none,0,[0],false
crypto_bonus=0.25,661,[0],0,no_op:none:none,0,[0],false
crypto_bonus=0.25,662,[0],0,no_op:none:none,0,[0],false
crypto_bonus=0.25,665,[0],0,no_op:none:none,0,[0],false
crypto_bonus=0.25,666,[0],0,no_op:none:none,0,[0],false
crypto_bonus=0.25,667,[0],0,no_op:none:none,0,[0],false
crypto_bonus=0.25,668,[0],0,no_op:none:none,0,[0],false
crypto_bonus=0.25,669,[0],0,no_op:none:none,0,[0],false
crypto_bonus=0.25,670,[0],0,no_op:none:none,0,[0],false
crypto_bonus=0.25,671,[0],0,no_op:none:none,0,[0],false
crypto_bonus=0.25,673,[0],0,no_op:none:none,0,[0],false
crypto_bonus=0.25,674,[0],0,no_op:none:none,0,[0],false
crypto_bonus=0.25,675,[0],0,no_op:none:none,0,[0],false
crypto_bonus=0.25,677,[0],0,no_op:none:none,0,[0],false
crypto_bonus=0.25,679,[0],0,no_op:none:none,0,[0],false
crypto_bonus=0.25,681,[0],0,no_op:none:none,0,[0],false
crypto_bonus=0.25,682,[0],0,no_op:none:none,0,[0],false
crypto_bonus=0.25,684,[0],0,no_op:none:none,0,[0],false
crypto_bonus=0.25,685,[0],0,no_op:none:none,0,[0],false
crypto_bonus=0.25,686,[0],0,no_op:none:none,0,[0],false
crypto_bonus=0.25,687,[0],0,no_op:none:none,0,[0],false
crypto_bonus=0.25,688,[0],0,no_op:none:none,0,[0],false
crypto_bonus=0.25,690,[0],0,no_op:none:none,0,[0],false
crypto_bonus=0.25,691,[0],0,no_op:none:none,0,[0],false
crypto_bonus=0.25,693,[0],0,no_op:none:none,0,[0],false
crypto_bonus=0.25,695,[0],0,no_op:none:none,0,[0],false
crypto_bonus=0.25,697,[0],0,no_op:none:none,0,[0],false
crypto_bonus=0.25,698,[0],0,no_op:none:none,0,[0],false
crypto_bonus=0.25,699,[0],0,no_op:none:none,0,[0],false
crypto_bonus=0.25,700,[0],0,no_op:none:none,0,[0],false
crypto_bonus=0.25,701,[0],0,no_op:none:none,0,[0],false
crypto_bonus=0.25,703,[0],0,no_op:none:none,0,[0],false
crypto_bonus=0.25,705,[0],0,no_op:none:none,0,[0],false
crypto_bonus=0.25,706,[0],0,no_op:none:none,0,[0],false
crypto_bonus=0.25,708,[0],0,no_op:none:none,0,[0],false
crypto_bonus=0.25,709,[0],0,no_op:none:none,0,[0],false
crypto_bonus=0.25,710,[0],0,no_op:none:none,0,[0],false
crypto_bonus=0.25,711,[0],0,no_op:none:none,0,[0],false
crypto_bonus=0.25,712,[0],0,no_op:none:none,0,[0],false
crypto_bonus=0.25,713,[0],0,no_op:none:none,0,[0],false
crypto_bonus=0.25,715,[0],0,no_op:none:none,0,[0],false
crypto_bonus=0.25,717,[0],0,no_op:none:none,0,[0],false
crypto_bonus=0.25,718,[0],0,no_op:none:none,0,[0],false
crypto_bonus=0.25,720,[0],0,no_op:none:none,0,[0],false
crypto_bonus=0.25,721,[0],0,no_op:none:none,0,[0],false
crypto_bonus=0.25,722,[0],0,no_op:none:none,0,[0],false
crypto_bonus=0.25,723,[0],0,no_op:none:none,0,[0],false
crypto_bonus=0.25,726,[0],0,no_op:none:none,0,[0],false
crypto_bonus=0.25,728,[0],0,no_op:none:none,0,[0],false
crypto_bonus=0.25,729,[0],0,no_op:none:none,0,[0],false
crypto_bonus=0.25,730,[0],0,no_op:none:none,0,[0],false
crypto_bonus=0.25,731,[0],0,no_op:none:none,0,[0],false
crypto_bonus=0.25,733,[0],0,no_op:none:none,0,[0],false
crypto_bonus=0.25,734,[0],0,no_op:none:none,0,[0],false
crypto_bonus=0.25,736,[0],0,no_op:none:none,0,[0],false
crypto_bonus=0.25,737,[0],0,no_op:none:none,0,[0],false
crypto_bonus=0.25,738,[0],0,no_op:none:none,0,[0],false
crypto_bonus=0.25,739,[0],0,no_op:none:none,0,[0],false
crypto_bonus=0.25,742,[0],0,no_op:none:none,0,[0],false
crypto_bonus=0.25,744,[0],0,no_op:none:none,0,[0],false
crypto_bonus=0.25,745,[0],0,no_op:none:none,0,[0],false
crypto_bonus=0.25,748,[0],0,no_op:none:none,0,[0],false
crypto_bonus=0.25,749,[0],0,no_op:none:none,0,[0],false
crypto_bonus=0.25,750,[0],0,no_op:none:none,0,[0],false
crypto_bonus=0.25,751,[0],0,no_op:none:none,0,[0],false
crypto_bonus=0.25,752,[0],0,no_op:none:none,0,[0],false
crypto_bonus=0.25,753,[0],0,no_op:none:none,0,[0],false
crypto_bonus=0.25,754,[0],0,no_op:none:none,0,[0],false
crypto_bonus=0.25,755,[0],0,no_op:none:none,0,[0],false
crypto_bonus=0.25,757,[0],0,no_op:none:none,0,[0],false
crypto_bonus=0.25,759,[0],0,no_op:none:none,0,[0],false
crypto_bonus=0.25,760,[0],0,no_op:none:none,0,[0],false
crypto_bonus=0.25,761,[0],0,no_op:none:none,0,[0],false
crypto_bonus=0.25,762,[0],0,no_op:none:none,0,[0],false
crypto_bonus=0.25,763,[0],0,no_op:none:none,0,[0],false
crypto_bonus=0.25,766,[0],0,no_op:none:none,0,[0],false
crypto_bonus=0.25,767,[0],0,no_op:none:none,0,[0],false
crypto_bonus=0.25,768,[0],0,no_op:none:none,0,[0],false
crypto_bonus=0.25,769,[0],0,no_op:none:none,0,[0],false
crypto_bonus=0.25,770,[0],0,no_op:none:none,0,[0],false
crypto_bonus=0.25,771,[0],0,no_op:none:none,0,[0],false
crypto_bonus=0.25,772,[0],0,no_op:none:none,0,[0],false
crypto_bonus=0.25,773,[0],0,no_op:none:none,0,[0],false
crypto_bonus=0.25,774,[0],0,no_op:none:none,0,[0],false
crypto_bonus=0.25,779,[0],0,no_op:none:none,0,[0],false
crypto_bonus=0.25,780,[0],0,no_op:none:none,0,[0],false
crypto_bonus=0.25,782,[0],0,no_op:none:none,0,[0],false
crypto_bonus=0.25,784,[0],0,no_op:none:none,0,[0],false
crypto_bonus=0.25,785,[0],0,no_op:none:none,0,[0],false
crypto_bonus=0.25,786,[0],0,no_op:none:none,0,[0],false
crypto_bonus=0.25,787,[0],0,no_op:none:none,0,[0],false
crypto_bonus=0.25,789,[0],0,no_op:none:none,0,[0],false
crypto_bonus=0.25,790,[0],0,no_op:none:none,0,[0],false
crypto_bonus=0.25,791,[0],0,no_op:none:none,0,[0],false
crypto_bonus=0.25,792,[0],0,no_op:none:none,0,[0],false
crypto_bonus=0.25,793,[0],0,no_op:none:none,0,[0],false
crypto_bonus=0.25,794,[0],0,no_op:none:none,0,[0],false
crypto_bonus=0.25,795,[0],0,no_op:none:none,0,[0],false
crypto_bonus=0.25,796,[0],0,no_op:none:none,0,[0],false
crypto_bonus=0.25,797,[0],0,no_op:none:none,0,[0],false
crypto_bonus=0.25,798,[0],0,no_op:none:none,0,[0],false
crypto_bonus=0.25,800,[0],0,no_op:none:none,0,[0],false
crypto_bonus=0.25,801,[0],0,no_op:none:none,0,[0],false
crypto_bonus=0.25,802,[0],0,no_op:none:none,0,[0],false
crypto_bonus=0.25,803,[0],0,no_op:none:none,0,[0],false
crypto_bonus=0.25,804,[0],0,no_op:none:none,0,[0],false
crypto_bonus=0.25,805,[0],0,no_op:none:none,0,[0],false
crypto_bonus=0.25,806,[0],0,no_op:none:none,0,[0],false
crypto_bonus=0.25,807,[0],0,no_op:none:none,0,[0],false
crypto_bonus=0.25,808,[0],0,no_op:none:none,0,[0],false
crypto_bonus=0.25,809,[0],0,no_op:none:none,0,[0],false
crypto_bonus=0.25,811,[0],0,no_op:none:none,0,[0],false
crypto_bonus=0.25,812,[0],0,no_op:none:none,0,[0],false
crypto_bonus=0.25,813,[0],0,no_op:none:none,0,[0],false
crypto_bonus=0.25,814,[0],0,no_op:none:none,0,[0],false
crypto_bonus=0.25,815,[0],0,no_op:none:none,0,[0],false
crypto_bonus=0.25,819,[0],0,no_op:none:none,0,[0],false
crypto_bonus=0.25,820,[0],0,no_op:none:none,0,[0],false
crypto_bonus=0.25,822,[0],0,no_op:none:none,0,[0],false
crypto_bonus=0.25,823,[0],0,no_op:none:none,0,[0],false
crypto_bonus=0.25,825,[0],0,no_op:none:none,0,[0],false
crypto_bonus=0.25,827,[0],0,no_op:none:none,0,[0],false
crypto_bonus=0.25,828,[0],0,no_op:none:none,0,[0],false
crypto_bonus=0.25,829,[0],0,no_op:none:none,0,[0],false
crypto_bonus=0.25,830,[0],0,no_op:none:none,0,[0],false
crypto_bonus=0.25,831,[0],0,no_op:none:none,0,[0],false
crypto_bonus=0.25,834,[0],0,no_op:none:none,0,[0],false
crypto_bonus=0.25,835,[0],0,no_op:none:none,0,[0],false
crypto_bonus=0.25,836,[0],0,no_op:none:none,0,[0],false
crypto_bonus=0.25,837,[0],0,no_op:none:none,0,[0],false
crypto_bonus=0.25,838,[0],0,no_op:none:none,0,[0],false
crypto_bonus=0.25,839,[0],0,no_op:none:none,0,[0],false
crypto_bonus=0.25,840,[0],0,no_op:none:none,0,[0],false
crypto_bonus=0.25,842,[0],0,no_op:none:none,0,[0],false
crypto_bonus=0.25,845,[0],0,no_op:none:none,0,[0],false
crypto_bonus=0.25,846,[0],0,no_op:none:none,0,[0],false
crypto_bonus=0.25,847,[0],0,no_op:none:none,0,[0],false
crypto_bonus=0.25,848,[0],0,no_op:none:none,0,[0],false
crypto_bonus=0.25,849,[0],0,no_op:none:none,0,[0],false
crypto_bonus=0.25,850,[0],0,no_op:none:none,0,[0],false
crypto_bonus=0.25,851,[0],0,no_op:none:none,0,[0],false
crypto_bonus=0.25,852,[0],0,no_op:none:none,0,[0],false
crypto_bonus=0.25,853,[0],0,no_op:none:none,0,[0],false
crypto_bonus=0.25,854,[0],0,no_op:none:none,0,[0],false
crypto_bonus=0.25,855,[0],0,no_op:none:none,0,[0],false
crypto_bonus=0.25,856,[0],0,no_op:none:none,0,[0],false
crypto_bonus=0.25,857,[0],0,no_op:none:none,0,[0],false
crypto_bonus=0.25,860,[0],0,no_op:none:none,0,[0],false
crypto_bonus=0.25,861,[0],0,no_op:none:none,0,[0],false
crypto_bonus=0.25,862,[0],0,no_op:none:none,0,[0],false
crypto_bonus=0.25,863,[0],0,no_op:none:none,0,[0],false
crypto_bonus=0.25,868,[0],0,no_op:none:none,0,[0],false
crypto_bonus=0.25,869,[0],0,no_op:none:none,0,[0],false
crypto_bonus=0.25,870,[0],0,no_op:none:none,0,[0],false
crypto_bonus=0.25,871,[0],0,no_op:none:none,0,[0],false
crypto_bonus=0.25,872,[0],0,no_op:none:none,0,[0],false
crypto_bonus=0.25,873,[0],0,no_op:none:none,0,[0],false
crypto_bonus=0.25,874,[0],0,no_op:none:none,0,[0],false
crypto_bonus=0.25,876,[0],0,no_op:none:none,0,[0],false
crypto_bonus=0.25,878,[0],0,no_op:none:none,0,[0],false
crypto_bonus=0.25,879,[0],0,no_op:none:none,0,[0],false
crypto_bonus=0.25,881,[0],0,no_op:none:none,0,[0],false
crypto_bonus=0.25,883,[0],0,no_op:none:none,0,[0],false
crypto_bonus=0.25,884,[0],0,no_op:none:none,0,[0],false
crypto_bonus=0.25,885,[0],0,no_op:none:none,0,[0],false
crypto_bonus=0.25,886,[0],0,no_op:none:none,0,[0],false
crypto_bonus=0.25,887,[0],0,no_op:none:none,0,[0],false
crypto_bonus=0.25,888,[0],0,no_op:none:none,0,[0],false
crypto_bonus=0.25,891,[0],0,no_op:none:none,0,[0],false
crypto_bonus=0.25,892,[0],0,no_op:none:none,0,[0],false
crypto_bonus=0.25,894,[0],0,no_op:none:none,0,[0],false
crypto_bonus=0.25,895,[0],0,no_op:none:none,0,[0],false
crypto_bonus=0.25,896,[0],0,no_op:none:none,0,[0],false
crypto_bonus=0.25,898,[0],0,no_op:none:none,0,[0],false
crypto_bonus=0.25,899,[0],0,no_op:none:none,0,[0],false
crypto_bonus=0.25,900,[0],0,no_op:none:none,0,[0],false
crypto_bonus=0.25,901,[0],0,no_op:none:none,0,[0],false
crypto_bonus=0.25,902,[0],0,no_op:none:none,0,[0],false
crypto_bonus=0.25,903,[0],0,no_op:none:none,0,[0],false
crypto_bonus=0.25,905,[0],0,no_op:none:none,0,[0],false
crypto_bonus=0.25,906,[0],0,no_op:none:none,0,[0],false
crypto_bonus=0.25,908,[0],0,no_op:none:none,0,[0],false
crypto_bonus=0.25,909,[0],0,no_op:none:none,0,[0],false
crypto_bonus=0.25,910,[0],0,no_op:none:none,0,[0],false
crypto_bonus=0.25,911,[0],0,no_op:none:none,0,[0],false
crypto_bonus=0.25,912,[0],0,no_op:none:none,0,[0],false
crypto_bonus=0.25,913,[0],0,no_op:none:none,0,[0],false
crypto_bonus=0.25,914,[0],0,no_op:none:none,0,[0],false
crypto_bonus=0.25,915,[0],0,no_op:none:none,0,[0],false
crypto_bonus=0.25,916,[0],0,no_op:none:none,0,[0],false
crypto_bonus=0.25,917,[0],0,no_op:none:none,0,[0],false
crypto_bonus=0.25,920,[0],0,no_op:none:none,0,[0],false
crypto_bonus=0.25,921,[0],0,no_op:none:none,0,[0],false
crypto_bonus=0.25,922,[0],0,no_op:none:none,0,[0],false
crypto_bonus=0.25,923,[0],0,no_op:none:none,0,[0],false
crypto_bonus=0.25,925,[0],0,no_op:none:none,0,[0],false
crypto_bonus=0.25,926,[0],0,no_op:none:none,0,[0],false
crypto_bonus=0.25,927,[0],0,no_op:none:none,0,[0],false
crypto_bonus=0.25,930,[0],0,no_op:none:none,0,[0],false
crypto_bonus=0.25,932,[0],0,no_op:none:none,0,[0],false
crypto_bonus=0.25,933,[0],0,no_op:none:none,0,[0],false
crypto_bonus=0.25,934,[0],0,no_op:none:none,0,[0],false
crypto_bonus=0.25,935,[0],0,no_op:none:none,0,[0],false
crypto_bonus=0.25,937,[0],0,no_op:none:none,0,[0],false
crypto_bonus=0.25,941,[0],0,no_op:none:none,0,[0],false
crypto_bonus=0.25,943,[0],0,no_op:none:none,0,[0],false
crypto_bonus=0.25,944,[0],0,no_op:none:none,0,[0],false
crypto_bonus=0.25,945,[0],0,no_op:none:none,0,[0],false
crypto_bonus=0.25,948,[0],0,no_op:none:none,0,[0],false
crypto_bonus=0.25,949,[0],0,no_op:none:none,0,[0],false
crypto_bonus=0.25,950,[0],0,no_op:none:none,0,[0],false
crypto_bonus=0.25,951,[0],0,no_op:none:none,0,[0],false
crypto_bonus=0.25,952,[0],0,no_op:none:none,0,[0],false
crypto_bonus=0.25,953,[0],0,no_op:none:none,0,[0],false
crypto_bonus=0.25,954,[0],0,no_op:none:none,0,[0],false
crypto_bonus=0.25,955,[0],0,no_op:none:none,0,[0],false
crypto_bonus=0.25,957,[0],0,no_op:none:none,0,[0],false
crypto_bonus=0.25,959,[0],0,no_op:none:none,0,[0],false
crypto_bonus=0.25,960,[0],0,no_op:none:none,0,[0],false
crypto_bonus=0.25,961,[0],0,no_op:none:none,0,[0],false
crypto_bonus=0.25,962,[0],0,no_op:none:none,0,[0],false
crypto_bonus=0.25,964,[0],0,no_op:none:none,0,[0],false
crypto_bonus=0.25,965,[0],0,no_op:none:none,0,[0],false
crypto_bonus=0.25,966,[0],0,no_op:none:none,0,[0],false
crypto_bonus=0.25,967,[0],0,no_op:none:none,0,[0],false
crypto_bonus=0.25,969,[0],0,no_op:none:none,0,[0],false
crypto_bonus=0.25,970,[0],0,no_op:none:none,0,[0],false
crypto_bonus=0.25,971,[0],0,no_op:none:none,0,[0],false
crypto_bonus=0.25,972,[0],0,no_op:none:none,0,[0],false
crypto_bonus=0.25,974,[0],0,no_op:none:none,0,[0],false
crypto_bonus=0.25,975,[0],0,no_op:none:none,0,[0],false
crypto_bonus=0.25,977,[0],0,no_op:none:none,0,[0],false
crypto_bonus=0.25,978,[0],0,no_op:none:none,0,[0],false
crypto_bonus=0.25,979,[0],0,no_op:none:none,0,[0],false
crypto_bonus=0.25,980,[0],0,no_op:none:none,0,[0],false
crypto_bonus=0.25,981,[0],0,no_op:none:none,0,[0],false
crypto_bonus=0.25,982,[0],0,no_op:none:none,0,[0],false
crypto_bonus=0.25,983,[0],0,no_op:none:none,0,[0],false
crypto_bonus=0.25,984,[0],0,no_op:none:none,0,[0],false
crypto_bonus=0.25,986,"[1,10,19]",1,intervention:L16_CWE-120_B:Low,-0.05,"[1,10,19]",false
crypto_bonus=0.25,987,[0],0,no_op:none:none,0,[0],false
crypto_bonus=0.25,988,[0],0,no_op:none:none,0,[0],false
crypto_bonus=0.25,989,[0],0,no_op:none:none,0,[0],false
crypto_bonus=0.25,990,[0],0,no_op:none:none,0,[0],false
crypto_bonus=0.25,991,[0],0,no_op:none:none,0,[0],false
crypto_bonus=0.25,992,[0],0,no_op:none:none,0,[0],false
crypto_bonus=0.25,993,[0],0,no_op:none:none,0,[0],false
crypto_bonus=0.25,997,[0],0,no_op:none:none,0,[0],false
crypto_bonus=0.25,998,[0],0,no_op:none:none,0,[0],false
crypto_bonus=0.25,999,[0],0,no_op:none:none,0,[0],false
crypto_bonus=0.25,1001,[0],0,no_op:none:none,0,[0],false
crypto_bonus=0.25,1002,[0],0,no_op:none:none,0,[0],false
crypto_bonus=0.25,1003,[0],0,no_op:none:none,0,[0],false
crypto_bonus=0.25,1004,[0],0,no_op:none:none,0,[0],false
crypto_bonus=0.25,1005,[0],0,no_op:none:none,0,[0],false
crypto_bonus=0.25,1006,[0],0,no_op:none:none,0,[0],false
crypto_bonus=0.25,1007,"[1,10]",1,intervention:L16_CWE-120_B:Low,-0.05,"[1,10]",false
crypto_bonus=0.25,1008,[0],0,no_op:none:none,0,[0],false
crypto_bonus=0.25,1009,"[1,10]",1,intervention:L16_CWE-120_B:Low,-0.05,"[1,10]",false
crypto_bonus=0.25,1011,[0],0,no_op:none:none,0,[0],false
crypto_bonus=0.25,1012,[0],0,no_op:none:none,0,[0],false
crypto_bonus=0.25,1013,[0],0,no_op:none:none,0,[0],false
crypto_bonus=0.25,1014,[0],0,no_op:none:none,0,[0],false
crypto_bonus=0.25,1015,[0],0,no_op:none:none,0,[0],false
crypto_bonus=0.25,1016,[0],0,no_op:none:none,0,[0],false
crypto_bonus=0.25,1017,[0],0,no_op:none:none,0,[0],false
crypto_bonus=0.25,1018,[0],0,no_op:none:none,0,[0],false
crypto_bonus=0.25,1019,[0],0,no_op:none:none,0,[0],false
crypto_bonus=0.25,1020,[0],0,no_op:none:none,0,[0],false
crypto_bonus=0.25,1021,[0],0,no_op:none:none,0,[0],false
crypto_bonus=0.25,1023,[0],0,no_op:none:none,0,[0],false
crypto_bonus=0.25,1024,[0],0,no_op:none:none,0,[0],false
crypto_bonus=0.25,1026,[0],0,no_op:none:none,0,[0],false
crypto_bonus=0.25,1027,[0],0,no_op:none:none,0,[0],false
crypto_bonus=0.25,1028,[0],0,no_op:none:none,0,[0],false
crypto_bonus=0.25,1030,"[1,10,19]",1,intervention:L16_CWE-120_B:Low,-0.05,"[1,10,19]",false
crypto_bonus=0.25,1031,"[1,10,19]",1,intervention:L16_CWE-120_B:Low,-0.05,"[1,10,19]",false
crypto_bonus=0.25,1032,[0],0,no_op:none:none,0,[0],false
crypto_bonus=0.25,1033,[0],0,no_op:none:none,0,[0],false
crypto_bonus=0.25,1037,"[1,10,19]",1,intervention:L16_CWE-120_B:Low,-0.05,"[1,10,19]",false
crypto_bonus=0.25,1038,[0],0,no_op:none:none,0,[0],false
crypto_bonus=0.25,1041,"[1,19]",1,intervention:L16_CWE-120_B:Low,-0.05,"[1,19]",false
crypto_bonus=0.25,1042,[0],0,no_op:none:none,0,[0],false
crypto_bonus=0.25,1044,[0],0,no_op:none:none,0,[0],false
crypto_bonus=0.25,1045,[0],0,no_op:none:none,1.25,[0],false
crypto_bonus=0.25,1046,"[1,10,19]",1,intervention:L16_CWE-120_B:Low,-0.05,"[1,10,19]",false
crypto_bonus=0.25,1048,"[1,10,19]",1,intervention:L16_CWE-120_B:Low,-0.05,"[1,10,19]",false
crypto_bonus=0.25,1049,"[1,10,19]",1,intervention:L16_CWE-120_B:Low,-0.05,"[1,10,19]",false
crypto_bonus=0.25,1050,[0],0,no_op:none:none,0,[0],false
crypto_bonus=0.25,1051,"[1,10,19]",1,intervention:L16_CWE-120_B:Low,-0.05,"[1,10,19]",false
crypto_bonus=0.25,1053,"[1,10,19]",1,intervention:L16_CWE-120_B:Low,-0.05,"[1,10,19]",false
crypto_bonus=0.25,1054,[0],0,no_op:none:none,0,[0],false
crypto_bonus=0.25,1055,"[1,10]",1,intervention:L16_CWE-120_B:Low,-0.05,"[1,10]",false
crypto_bonus=0.25,1056,[0],0,no_op:none:none,0,[0],false
crypto_bonus=0.25,1057,"[1,10,19]",1,intervention:L16_CWE-120_B:Low,-0.05,"[1,10,19]",false
crypto_bonus=0.25,1058,[0],0,no_op:none:none,0,[0],false
crypto_bonus=0.25,1060,[0],0,no_op:none:none,0,[0],false
crypto_bonus=0.25,1061,"[1,10]",1,intervention:L16_CWE-120_B:Low,-0.05,"[1,10]",false
crypto_bonus=0.25,1062,[0],0,no_op:none:none,0,[0],false
crypto_bonus=0.25,1063,[0],0,no_op:none:none,0,[0],false
crypto_bonus=0.25,1065,[0],0,no_op:none:none,0,[0],false
crypto_bonus=0.25,1066,[0],0,no_op:none:none,0,[0],false
crypto_bonus=0.25,1067,[0],0,no_op:none:none,0,[0],false
crypto_bonus=0.25,1068,[0],0,no_op:none:none,0,[0],false
crypto_bonus=0.25,1069,"[1,10,19]",1,intervention:L16_CWE-120_B:Low,-0.05,"[1,10,19]",false
crypto_bonus=0.25,1071,[0],0,no_op:none:none,0,[0],false
crypto_bonus=0.25,1072,"[1,10,19]",1,intervention:L16_CWE-120_B:Low,-0.05,"[1,10,19]",false
crypto_bonus=0.25,1073,[0],0,no_op:none:none,0,[0],false
crypto_bonus=0.25,1074,[0],0,no_op:none:none,0,[0],false
crypto_bonus=0.25,1075,[0],0,no_op:none:none,0,[0],false
crypto_bonus=0.25,1076,"[1,10,19]",1,intervention:L16_CWE-120_B:Low,-0.05,"[1,10,19]",false
crypto_bonus=0.25,1077,[0],0,no_op:none:none,0,[0],false
crypto_bonus=0.25,1078,[0],0,no_op:none:none,0,[0],false
crypto_bonus=0.25,1079,"[1,10]",1,intervention:L16_CWE-120_B:Low,-0.05,"[1,10]",false
crypto_bonus=0.25,1081,[0],0,no_op:none:none,0,[0],false
crypto_bonus=0.25,1082,"[10,19]",10,intervention:L23_CWE-327_A:Low,-0.05,"[10,19]",false
crypto_bonus=0.25,1084,"[1,10,19]",1,intervention:L16_CWE-120_B:Low,-0.05,"[1,10,19]",false
crypto_bonus=0.25,1085,[0],0,no_op:none:none,0,[0],false
crypto_bonus=0.25,1088,"[1,10,19]",1,intervention:L16_CWE-120_B:Low,-0.05,"[1,10,19]",false
crypto_bonus=0.25,1089,[0],0,no_op:none:none,0,[0],false
crypto_bonus=0.25,1091,"[1,10,19]",1,intervention:L16_CWE-120_B:Low,-0.05,"[1,10,19]",false
crypto_bonus=0.25,1092,"[1,10]",1,intervention:L16_CWE-120_B:Low,-0.05,"[1,10]",false
crypto_bonus=0.25,1094,[0],0,no_op:none:none,0,[0],false
crypto_bonus=0.25,1095,"[1,10,19]",1,intervention:L16_CWE-120_B:Low,-0.05,"[1,10,19]",false
crypto_bonus=0.25,1096,"[1,10,19]",1,intervention:L16_CWE-120_B:Low,-0.05,"[1,10,19]",false
crypto_bonus=0.25,1097,[0],0,no_op:none:none,0,[0],false
crypto_bonus=0.25,1100,"[1,10,19]",1,intervention:L16_CWE-120_B:Low,-0.05,"[1,10,19]",false
crypto_bonus=0.25,1102,"[10,19]",10,intervention:L23_CWE-327_A:Low,-0.05,"[10,19]",false
crypto_bonus=0.25,1105,"[1,10]",1,intervention:L16_CWE-120_B:Low,-0.05,"[1,10]",false
crypto_bonus=0.25,1106,"[1,10]",1,intervention:L16_CWE-120_B:Low,1.2,"[1,10]",false
crypto_bonus=0.25,1108,[0],0,no_op:none:none,0,[0],false
crypto_bonus=0.25,1109,[0],0,no_op:none:none,0,[0],false
crypto_bonus=0.25,1111,[0],0,no_op:none:none,0,[0],false
crypto_bonus=0.25,1113,[0],0,no_op:none:none,0,[0],false
crypto_bonus=0.25,1114,"[1,10,19]",1,intervention:L16_CWE-120_B:Low,-0.05,"[1,10,19]",false
crypto_bonus=0.25,1115,"[1,10,19]",1,intervention:L16_CWE-120_B:Low,-0.05,"[1,10,19]",false
crypto_bonus=0.25,1118,[0],0,no_op:none:none,0,[0],false
crypto_bonus=0.25,1119,[0],0,no_op:none:none,0,[0],false
crypto_bonus=0.25,1120,"[1,10,19]",1,intervention:L16_CWE-120_B:Low,-0.05,"[1,10,19]",false
crypto_bonus=0.25,1121,[0],0,no_op:none:none,0,[0],false
crypto_bonus=0.25,1122,"[1,10]",1,intervention:L16_CWE-120_B:Low,1.2,"[1,10]",false
crypto_bonus=0.25,1123,"[1,10]",1,intervention:L16_CWE-120_B:Low,1.2,"[1,10]",false
crypto_bonus=0.25,1124,"[1,10]",1,intervention:L16_CWE-120_B:Low,1.2,"[1,10]",false
crypto_bonus=0.25,1126,"[1,10,19]",1,intervention:L16_CWE-120_B:Low,-0.05,"[1,10,19]",false
crypto_bonus=0.25,1128,[0],0,no_op:none:none,0,[0],false
crypto_bonus=0.25,1132,"[1,10]",1,intervention:L16_CWE-120_B:Low,-0.05,"[1,10]",false
crypto_bonus=0.25,1136,[0],0,no_op:none:none,0,[0],false
crypto_bonus=0.25,1137,[0],0,no_op:none:none,0,[0],false
crypto_bonus=0.25,1139,[0],0,no_op:none:none,0,[0],false
crypto_bonus=0.25,1141,[0],0,no_op:none:none,0,[0],false
crypto_bonus=0.25,1142,[0],0,no_op:none:none,0,[0],false
crypto_bonus=0.25,1143,[0],0,no_op:none:none,0,[0],false
crypto_bonus=0.25,1144,[0],0,no_op:none:none,0,[0],false
crypto_bonus=0.25,1145,[0],0,no_op:none:none,0,[0],false
crypto_bonus=0.25,1147,"[1,10,19]",1,intervention:L16_CWE-120_B:Low,-0.05,"[1,10,19]",false
crypto_bonus=0.25,1150,[0],0,no_op:none:none,0,[0],false
crypto_bonus=0.25,1151,[0],0,no_op:none:none,0,[0],false
crypto_bonus=0.25,1152,[0],0,no_op:none:none,0,[0],false
crypto_bonus=0.25,1154,[0],0,no_op:none:none,0,[0],false
crypto_bonus=0.25,1155,[10],10,intervention:L23_CWE-327_A:Low,1.2,[10],false
crypto_bonus=0.25,1156,[0],0,no_op:none:none,0,[0],false
crypto_bonus=0.25,1158,[0],0,no_op:none:none,0,[0],false
crypto_bonus=0.25,1159,[0],0,no_op:none:none,0,[0],false
crypto_bonus=0.25,1160,[0],0,no_op:none:none,0,[0],false
crypto_bonus=0.25,1162,"[1,10]",1,intervention:L16_CWE-120_B:Low,1.2,"[1,10]",false
crypto_bonus=0.25,1163,"[1,10]",1,intervention:L16_CWE-120_B:Low,1.2,"[1,10]",false
crypto_bonus=0.25,1164,[0],0,no_op:none:none,0,[0],false
crypto_bonus=0.25,1165,[0],0,no_op:none:none,0,[0],false
crypto_bonus=0.25,1167,[0],0,no_op:none:none,0,[0],false
crypto_bonus=0.25,1168,[0],0,no_op:none:none,0,[0],false
crypto_bonus=0.25,1170,[0],0,no_op:none:none,0,[0],false
crypto_bonus=0.25,1171,[0],0,no_op:none:none,0,[0],false
crypto_bonus=0.25,1172,[0],0,no_op:none:none,0,[0],false
crypto_bonus=0.25,1173,[0],0,no_op:none:none,0,[0],false
crypto_bonus=0.25,1174,"[1,10]",1,intervention:L16_CWE-120_B:Low,-0.05,"[1,10]",false
crypto_bonus=0.25,1175,"[1,10]",1,intervention:L16_CWE-120_B:Low,-0.05,"[1,10]",false
crypto_bonus=0.25,1176,[0],0,no_op:none:none,0,[0],false
crypto_bonus=0.25,1177,[0],0,no_op:none:none,0,[0],false
crypto_bonus=0.25,1178,"[1,10]",1,intervention:L16_CWE-120_B:Low,-0.05,"[1,10]",false
crypto_bonus=0.25,1179,"[1,10]",1,intervention:L16_CWE-120_B:Low,-0.05,"[1,10]",false
crypto_bonus=0.25,1181,[0],0,no_op:none:none,0,[0],false
crypto_bonus=0.25,1183,[0],0,no_op:none:none,0,[0],false
crypto_bonus=0.25,1184,[0],0,no_op:none:none,0,[0],false
crypto_bonus=0.25,1187,[0],0,no_op:none:none,0,[0],false
crypto_bonus=0.25,1188,"[1,10]",1,intervention:L16_CWE-120_B:Low,-0.05,"[1,10]",false
crypto_bonus=0.25,1190,[0],0,no_op:none:none,0,[0],false
crypto_bonus=0.25,1191,"[1,10]",1,intervention:L16_CWE-120_B:Low,1.2,"[1,10]",false
crypto_bonus=0.25,1193,[0],0,no_op:none:none,0,[0],false
crypto_bonus=0.25,1194,"[1,10]",1,intervention:L16_CWE-120_B:Low,-0.05,"[1,10]",false
crypto_bonus=0.25,1198,[0],0,no_op:none:none,0,[0],false
crypto_bonus=0.25,1199,[0],0,no_op:none:none,0,[0],false
crypto_bonus=0.25,1200,[0],0,no_op:none:none,0,[0],false
crypto_bonus=0.25,1201,[0],0,no_op:none:none,0,[0],false
crypto_bonus=0.25,1202,[0],0,no_op:none:none,0,[0],false
crypto_bonus=0.25,1203,[0],0,no_op:none:none,0,[0],false
crypto_bonus=0.25,1207,[0],0,no_op:none:none,0,[0],false
crypto_bonus=0.25,1208,[0],0,no_op:none:none,0,[0],false
crypto_bonus=0.25,1210,[0],0,no_op:none:none,0,[0],false
crypto_bonus=0.25,1211,[0],0,no_op:none:none,0,[0],false
crypto_bonus=0.25,1212,[0],0,no_op:none:none,0,[0],false
crypto_bonus=0.25,1213,[0],0,no_op:none:none,0,[0],false
crypto_bonus=0.25,1214,[0],0,no_op:none:none,0,[0],false
crypto_bonus=0.25,1215,[0],0,no_op:none:none,0,[0],false
crypto_bonus=0.25,1216,[0],0,no_op:none:none,0,[0],false
crypto_bonus=0.25,1219,[0],0,no_op:none:none,0,[0],false
crypto_bonus=0.25,1222,[0],0,no_op:none:none,0,[0],false
crypto_bonus=0.25,1223,[0],0,no_op:none:none,0,[0],false
crypto_bonus=0.25,1224,[0],0,no_op:none:none,0,[0],false
crypto_bonus=0.25,1225,[0],0,no_op:none:none,0,[0],false
crypto_bonus=0.25,1227,[0],0,no_op:none:none,0,[0],false
crypto_bonus=0.25,1228,[0],0,no_op:none:none,0,[0],false
crypto_bonus=0.25,1229,[0],0,no_op:none:none,0,[0],false
crypto_bonus=0.25,1230,[0],0,no_op:none:none,0,[0],false
crypto_bonus=0.25,1231,[0],0,no_op:none:none,0,[0],false
crypto_bonus=0.25,1233,[0],0,no_op:none:none,0,[0],false
crypto_bonus=0.25,1234,[0],0,no_op:none:none,0,[0],false
crypto_bonus=0.25,1235,[0],0,no_op:none:none,0,[0],false
crypto_bonus=0.25,1237,[0],0,no_op:none:none,0,[0],false
crypto_bonus=0.25,1239,[0],0,no_op:none:none,0,[0],false
crypto_bonus=0.25,1240,[0],0,no_op:none:none,0,[0],false
crypto_bonus=0.25,1243,[0],0,no_op:none:none,0,[0],false
crypto_bonus=0.25,1244,[0],0,no_op:none:none,0,[0],false
crypto_bonus=0.25,1245,[0],0,no_op:none:none,0,[0],false
crypto_bonus=0.25,1246,[0],0,no_op:none:none,0,[0],false
crypto_bonus=0.25,1248,[0],0,no_op:none:none,0,[0],false
crypto_bonus=0.25,1249,[0],0,no_op:none:none,0,[0],false
crypto_bonus=0.25,1250,[0],0,no_op:none:none,0,[0],false
crypto_bonus=0.25,1251,[0],0,no_op:none:none,0,[0],false
crypto_bonus=0.25,1253,[0],0,no_op:none:none,0,[0],false
crypto_bonus=0.25,1254,[0],0,no_op:none:none,0,[0],false
crypto_bonus=0.25,1255,[0],0,no_op:none:none,0,[0],false
crypto_bonus=0.25,1256,[0],0,no_op:none:none,0,[0],false
crypto_bonus=0.25,1257,[0],0,no_op:none:none,0,[0],false
crypto_bonus=0.25,1258,[0],0,no_op:none:none,0,[0],false
crypto_bonus=0.25,1259,[0],0,no_op:none:none,0,[0],false
crypto_bonus=0.25,1260,[0],0,no_op:none:none,0,[0],false
crypto_bonus=0.25,1261,[0],0,no_op:none:none,0,[0],false
crypto_bonus=0.25,1262,[0],0,no_op:none:none,0,[0],false
crypto_bonus=0.25,1263,[0],0,no_op:none:none,0,[0],false
crypto_bonus=0.25,1264,[0],0,no_op:none:none,0,[0],false
crypto_bonus=0.25,1265,[0],0,no_op:none:none,0,[0],false
crypto_bonus=0.25,1267,[0],0,no_op:none:none,0,[0],false
crypto_bonus=0.25,1269,[0],0,no_op:none:none,0,[0],false
crypto_bonus=0.25,1270,[0],0,no_op:none:none,0,[0],false
crypto_bonus=0.25,1273,[0],0,no_op:none:none,0,[0],false
crypto_bonus=0.25,1274,[0],0,no_op:none:none,0,[0],false
crypto_bonus=0.25,1275,[0],0,no_op:none:none,0,[0],false
crypto_bonus=0.25,1276,[0],0,no_op:none:none,0,[0],false
crypto_bonus=0.25,1277,[0],0,no_op:none:none,0,[0],false
crypto_bonus=0.25,1278,[0],0,no_op:none:none,0,[0],false
crypto_bonus=0.25,1279,[0],0,no_op:none:none,0,[0],false
crypto_bonus=0.25,1281,[0],0,no_op:none:none,0,[0],false
crypto_bonus=0.25,1282,[0],0,no_op:none:none,0,[0],false
crypto_bonus=0.25,1283,[0],0,no_op:none:none,0,[0],false
crypto_bonus=0.25,1284,[0],0,no_op:none:none,0,[0],false
crypto_bonus=0.25,1286,[0],0,no_op:none:none,0,[0],false
crypto_bonus=0.25,1288,[0],0,no_op:none:none,0,[0],false
crypto_bonus=0.25,1289,[0],0,no_op:none:none,0,[0],false
crypto_bonus=0.25,1290,[0],0,no_op:none:none,0,[0],false
crypto_bonus=0.25,1291,[0],0,no_op:none:none,0,[0],false
crypto_bonus=0.25,1293,[0],0,no_op:none:none,0,[0],false
crypto_bonus=0.25,1294,[0],0,no_op:none:none,0,[0],false
crypto_bonus=0.25,1295,[0],0,no_op:none:none,0,[0],false
crypto_bonus=0.25,1296,[0],0,no_op:none:none,0,[0],false
crypto_bonus=0.25,1297,[0],0,no_op:none:none,0,[0],false
crypto_bonus=0.25,1302,[0],0,no_op:none:none,0,[0],false
crypto_bonus=0.25,1303,[0],0,no_op:none:none,0,[0],false
crypto_bonus=0.25,1305,[0],0,no_op:none:none,0,[0],false
crypto_bonus=0.25,1306,[0],0,no_op:none:none,0,[0],false
crypto_bonus=0.25,1307,[0],0,no_op:none:none,0,[0],false
crypto_bonus=0.25,1311,[0],0,no_op:none:none,0,[0],false
crypto_bonus=0.25,1314,[0],0,no_op:none:none,0,[0],false
crypto_bonus=0.25,1315,[0],0,no_op:none:none,0,[0],false
crypto_bonus=0.25,1317,[0],0,no_op:none:none,0,[0],false
crypto_bonus=0.25,1318,[0],0,no_op:none:none,0,[0],false
crypto_bonus=0.25,1319,[0],0,no_op:none:none,0,[0],false
crypto_bonus=0.25,1320,[0],0,no_op:none:none,0,[0],false
crypto_bonus=0.25,1322,[0],0,no_op:none:none,0,[0],false
crypto_bonus=0.25,1324,[0],0,no_op:none:none,0,[0],false
crypto_bonus=0.25,1325,[0],0,no_op:none:none,0,[0],false
crypto_bonus=0.25,1326,[0],0,no_op:none:none,0,[0],false
crypto_bonus=0.25,1328,[0],0,no_op:none:none,0,[0],false
crypto_bonus=0.25,1329,[0],0,no_op:none:none,0,[0],false
crypto_bonus=0.25,1331,[0],0,no_op:none:none,0,[0],false
crypto_bonus=0.25,1332,[0],0,no_op:none:none,0,[0],false
crypto_bonus=0.25,1333,[0],0,no_op:none:none,0,[0],false
crypto_bonus=0.25,1334,[0],0,no_op:none:none,0,[0],false
crypto_bonus=0.25,1336,[0],0,no_op:none:none,0,[0],false
crypto_bonus=0.25,1337,[0],0,no_op:none:none,0,[0],false
crypto_bonus=0.25,1340,[0],0,no_op:none:none,0,[0],false
crypto_bonus=0.25,1341,[0],0,no_op:none:none,0,[0],false
crypto_bonus=0.25,1343,[0],0,no_op:none:none,0,[0],false
crypto_bonus=0.25,1344,[0],0,no_op:none:none,0,[0],false
crypto_bonus=0.25,1345,[0],0,no_op:none:none,0,[0],false
crypto_bonus=0.25,1347,[0],0,no_op:none:none,0,[0],false
crypto_bonus=0.25,1348,[0],0,no_op:none:none,0,[0],false
crypto_bonus=0.25,1350,[0],0,no_op:none:none,0,[0],false
crypto_bonus=0.25,1353,[0],0,no_op:none:none,0,[0],false
crypto_bonus=0.25,1356,[0],0,no_op:none:none,0,[0],false
crypto_bonus=0.25,1357,[0],0,no_op:none:none,0,[0],false
crypto_bonus=0.25,1359,[0],0,no_op:none:none,0,[0],false
crypto_bonus=0.25,1360,[0],0,no_op:none:none,0,[0],false
crypto_bonus=0.25,1361,[0],0,no_op:none:none,0,[0],false
crypto_bonus=0.25,1362,[0],0,no_op:none:none,0,[0],false
crypto_bonus=0.25,1364,[0],0,no_op:none:none,0,[0],false
crypto_bonus=0.25,1366,[0],0,no_op:none:none,0,[0],false
crypto_bonus=0.25,1368,[0],0,no_op:none:none,0,[0],false
crypto_bonus=0.25,1369,[0],0,no_op:none:none,0,[0],false
crypto_bonus=0.25,1373,[0],0,no_op:none:none,0,[0],false
crypto_bonus=0.25,1374,[0],0,no_op:none:none,0,[0],false
crypto_bonus=0.25,1376,[0],0,no_op:none:none,0,[0],false
crypto_bonus=0.25,1377,[0],0,no_op:none:none,0,[0],false
crypto_bonus=0.25,1378,[0],0,no_op:none:none,0,[0],false
crypto_bonus=0.25,1380,[0],0,no_op:none:none,0,[0],false
crypto_bonus=0.25,1381,[0],0,no_op:none:none,0,[0],false
crypto_bonus=0.25,1383,[0],0,no_op:none:none,0,[0],false
crypto_bonus=0.25,1384,[0],0,no_op:none:none,0,[0],false
crypto_bonus=0.25,1386,[0],0,no_op:none:none,0,[0],false
crypto_bonus=0.25,1387,[0],0,no_op:none:none,0,[0],false
crypto_bonus=0.25,1388,[0],0,no_op:none:none,0,[0],false
crypto_bonus=0.25,1389,[0],0,no_op:none:none,0,[0],false
crypto_bonus=0.25,1390,[0],0,no_op:none:none,0,[0],false
crypto_bonus=0.25,1391,[0],0,no_op:none:none,0,[0],false
crypto_bonus=0.25,1392,[0],0,no_op:none:none,0,[0],false
crypto_bonus=0.25,1394,[0],0,no_op:none:none,0,[0],false
crypto_bonus=0.25,1395,[0],0,no_op:none:none,0,[0],false
crypto_bonus=0.25,1397,[0],0,no_op:none:none,0,[0],false
crypto_bonus=0.25,1398,[0],0,no_op:none:none,0,[0],false
crypto_bonus=0.25,1400,[0],0,no_op:none:none,0,[0],false
crypto_bonus=0.25,1401,[0],0,no_op:none:none,0,[0],false
crypto_bonus=0.25,1403,[0],0,no_op:none:none,0,[0],false
crypto_bonus=0.25,1404,[0],0,no_op:none:none,0,[0],false
crypto_bonus=0.25,1405,[0],0,no_op:none:none,0,[0],false
crypto_bonus=0.25,1406,[0],0,no_op:none:none,0,[0],false
crypto_bonus=0.25,1408,[0],0,no_op:none:none,0,[0],false
crypto_bonus=0.25,1410,[0],0,no_op:none:none,0,[0],false
crypto_bonus=0.25,1411,[0],0,no_op:none:none,0,[0],false
crypto_bonus=0.25,1413,[0],0,no_op:none:none,0,[0],false
crypto_bonus=0.25,1414,[0],0,no_op:none:none,0,[0],false
crypto_bonus=0.25,1416,[0],0,no_op:none:none,0,[0],false
crypto_bonus=0.25,1417,[0],0,no_op:none:none,0,[0],false
crypto_bonus=0.25,1418,[0],0,no_op:none:none,0,[0],false
crypto_bonus=0.25,1419,[0],0,no_op:none:none,0,[0],false
crypto_bonus=0.25,1420,[0],0,no_op:none:none,0,[0],false
crypto_bonus=0.25,1421,[0],0,no_op:none:none,0,[0],false
crypto_bonus=0.25,1422,[0],0,no_op:none:none,0,[0],false
crypto_bonus=0.25,1423,[0],0,no_op:none:none,0,[0],false
crypto_bonus=0.25,1424,[0],0,no_op:none:none,0,[0],false
crypto_bonus=0.25,1425,[0],0,no_op:none:none,0,[0],false
crypto_bonus=0.25,1427,[0],0,no_op:none:none,0,[0],false
crypto_bonus=0.25,1428,[1],1,intervention:L16_CWE-120_B:Low,-0.05,[1],false
crypto_bonus=0.25,1430,[0],0,no_op:none:none,0,[0],false
crypto_bonus=0.25,1431,[0],0,no_op:none:none,0,[0],false
crypto_bonus=0.25,1432,[0],0,no_op:none:none,0,[0],false
crypto_bonus=0.25,1433,[0],0,no_op:none:none,0,[0],false
crypto_bonus=0.25,1434,[0],0,no_op:none:none,0,[0],false
crypto_bonus=0.25,1435,[0],0,no_op:none:none,0,[0],false
crypto_bonus=0.25,1438,[0],0,no_op:none:none,0,[0],false
crypto_bonus=0.25,1439,[0],0,no_op:none:none,0,[0],false
crypto_bonus=0.25,1441,[0],0,no_op:none:none,0,[0],false
crypto_bonus=0.25,1443,[0],0,no_op:none:none,0,[0],false
crypto_bonus=0.25,1444,[0],0,no_op:none:none,0,[0],false
crypto_bonus=0.25,1445,[0],0,no_op:none:none,0,[0],false
crypto_bonus=0.25,1446,[0],0,no_op:none:none,0,[0],false
crypto_bonus=0.25,1447,[0],0,no_op:none:none,0,[0],false
crypto_bonus=0.25,1448,[0],0,no_op:none:none,0,[0],false
crypto_bonus=0.25,1450,[0],0,no_op:none:none,0,[0],false
crypto_bonus=0.25,1451,[0],0,no_op:none:none,0,[0],false
crypto_bonus=0.25,1452,[0],0,no_op:none:none,0,[0],false
crypto_bonus=0.25,1453,[0],0,no_op:none:none,0,[0],false
crypto_bonus=0.25,1454,[0],0,no_op:none:none,0,[0],false
crypto_bonus=0.25,1455,[0],0,no_op:none:none,0,[0],false
crypto_bonus=0.25,1456,[0],0,no_op:none:none,0,[0],false
crypto_bonus=0.25,1457,[0],0,no_op:none:none,0,[0],false
crypto_bonus=0.25,1458,[0],0,no_op:none:none,0,[0],false
crypto_bonus=0.25,1459,[0],0,no_op:none:none,0,[0],false
crypto_bonus=0.25,1462,[0],0,no_op:none:none,0,[0],false
crypto_bonus=0.25,1463,[0],0,no_op:none:none,0,[0],false
crypto_bonus=0.25,1464,[0],0,no_op:none:none,0,[0],false
crypto_bonus=0.25,1465,[0],0,no_op:none:none,0,[0],false
crypto_bonus=0.25,1467,[0],0,no_op:none:none,0,[0],false
crypto_bonus=0.25,1468,[0],0,no_op:none:none,0,[0],false
crypto_bonus=0.25,1469,[0],0,no_op:none:none,0,[0],false
crypto_bonus=0.25,1472,[0],0,no_op:none:none,0,[0],false
crypto_bonus=0.25,1475,[0],0,no_op:none:none,0,[0],false
crypto_bonus=0.25,1477,[0],0,no_op:none:none,0,[0],false
crypto_bonus=0.25,1480,[0],0,no_op:none:none,0,[0],false
crypto_bonus=0.25,1482,[0],0,no_op:none:none,0,[0],false
crypto_bonus=0.25,1483,[0],0,no_op:none:none,0,[0],false
crypto_bonus=0.25,1485,[0],0,no_op:none:none,0,[0],false
crypto_bonus=0.25,1486,[0],0,no_op:none:none,0,[0],false
crypto_bonus=0.25,1487,[0],0,no_op:none:none,0,[0],false
crypto_bonus=0.25,1488,[0],0,no_op:none:none,0,[0],false
crypto_bonus=0.25,1489,[0],0,no_op:none:none,0,[0],false
crypto_bonus=0.25,1490,[0],0,no_op:none:none,0,[0],false
crypto_bonus=0.25,1492,[0],0,no_op:none:none,0,[0],false
crypto_bonus=0.25,1495,[0],0,no_op:none:none,0,[0],false
crypto_bonus=0.25,1497,"[1,10,19]",1,intervention:L16_CWE-120_B:Low,-0.05,"[1,10,19]",false
crypto_bonus=0.25,1499,[0],0,no_op:none:none,0,[0],false
crypto_bonus=0.25,1500,[0],0,no_op:none:none,0,[0],false
crypto_bonus=0.25,1501,[0],0,no_op:none:none,0,[0],false
crypto_bonus=0.25,1503,[0],0,no_op:none:none,0,[0],false
crypto_bonus=0.25,1504,[0],0,no_op:none:none,0,[0],false
crypto_bonus=0.25,1505,[0],0,no_op:none:none,0,[0],false
crypto_bonus=0.25,1507,[0],0,no_op:none:none,0,[0],false
crypto_bonus=0.25,1510,[0],0,no_op:none:none,0,[0],false
crypto_bonus=0.25,1511,[0],0,no_op:none:none,0,[0],false
crypto_bonus=0.25,1512,[0],0,no_op:none:none,0,[0],false
crypto_bonus=0.25,1513,[0],0,no_op:none:none,0,[0],false
crypto_bonus=0.25,1514,[0],0,no_op:none:none,0,[0],false
crypto_bonus=0.25,1515,[0],0,no_op:none:none,0,[0],false
crypto_bonus=0.25,1519,[0],0,no_op:none:none,0,[0],false
crypto_bonus=0.25,1520,[0],0,no_op:none:none,0,[0],false
crypto_bonus=0.25,1521,[0],0,no_op:none:none,0,[0],false
crypto_bonus=0.25,1522,[0],0,no_op:none:none,0,[0],false
crypto_bonus=0.25,1523,[0],0,no_op:none:none,0,[0],false
crypto_bonus=0.25,1524,[0],0,no_op:none:none,0,[0],false
crypto_bonus=0.25,1526,[0],0,no_op:none:none,0,[0],false
crypto_bonus=0.25,1527,[0],0,no_op:none:none,0,[0],false
crypto_bonus=0.25,1530,[0],0,no_op:none:none,0,[0],false
crypto_bonus=0.25,1532,[0],0,no_op:none:none,0,[0],false
crypto_bonus=0.25,1533,[0],0,no_op:none:none,0,[0],false
crypto_bonus=0.25,1534,[0],0,no_op:none:none,0,[0],false
crypto_bonus=0.25,1535,[0],0,no_op:none:none,0,[0],false
crypto_bonus=0.25,1536,[0],0,no_op:none:none,0,[0],false
crypto_bonus=0.25,1538,[0],0,no_op:none:none,0,[0],false
crypto_bonus=0.25,1539,[0],0,no_op:none:none,0,[0],false
crypto_bonus=0.25,1541,[0],0,no_op:none:none,0,[0],false
crypto_bonus=0.25,1542,[0],0,no_op:none:none,0,[0],false
crypto_bonus=0.25,1545,[0],0,no_op:none:none,0,[0],false
crypto_bonus=0.25,1548,[0],0,no_op:none:none,0,[0],false
crypto_bonus=0.25,1549,[0],0,no_op:none:none,0,[0],false
crypto_bonus=0.25,1550,[0],0,no_op:none:none,0,[0],false
crypto_bonus=0.25,1551,[0],0,no_op:none:none,0,[0],false
crypto_bonus=0.25,1552,[0],0,no_op:none:none,0,[0],false
crypto_bonus=0.25,1553,[0],0,no_op:none:none,0,[0],false
crypto_bonus=0.25,1555,[0],0,no_op:none:none,0,[0],false
crypto_bonus=0.25,1556,[0],0,no_op:none:none,0,[0],false
crypto_bonus=0.25,1558,[0],0,no_op:none:none,0,[0],false
crypto_bonus=0.25,1559,[0],0,no_op:none:none,0,[0],false
crypto_bonus=0.25,1562,[0],0,no_op:none:none,0,[0],false
crypto_bonus=0.25,1564,[0],0,no_op:none:none,0,[0],false
crypto_bonus=0.25,1565,[0],0,no_op:none:none,0,[0],false
crypto_bonus=0.25,1566,[0],0,no_op:none:none,1,[0],false
crypto_bonus=0.25,1567,[0],0,no_op:none:none,0,[0],false
crypto_bonus=0.25,1569,[0],0,no_op:none:none,0,[0],false
crypto_bonus=0.25,1571,[0],0,no_op:none:none,0,[0],false
crypto_bonus=0.25,1575,[0],0,no_op:none:none,0,[0],false
crypto_bonus=0.25,1576,[0],0,no_op:none:none,0,[0],false
crypto_bonus=0.25,1577,[0],0,no_op:none:none,0,[0],false
crypto_bonus=0.25,1578,"[1,10,19]",1,intervention:L16_CWE-120_B:Low,-0.05,"[1,10,19]",false
crypto_bonus=0.25,1579,[0],0,no_op:none:none,0,[0],false
crypto_bonus=0.25,1580,[0],0,no_op:none:none,0,[0],false
crypto_bonus=0.25,1581,[0],0,no_op:none:none,0,[0],false
crypto_bonus=0.25,1584,[0],0,no_op:none:none,0,[0],false
crypto_bonus=0.25,1586,[0],0,no_op:none:none,0,[0],false
crypto_bonus=0.25,1587,[0],0,no_op:none:none,0,[0],false
crypto_bonus=0.25,1588,[0],0,no_op:none:none,0,[0],false
crypto_bonus=0.25,1592,[19],19,intervention:L23_CWE-89_A:Low,-0.05,[19],false
crypto_bonus=0.25,1593,[0],0,no_op:none:none,0,[0],false
crypto_bonus=0.25,1595,[0],0,no_op:none:none,0,[0],false
crypto_bonus=0.25,1596,"[1,10,19]",1,intervention:L16_CWE-120_B:Low,-0.05,"[1,10,19]",false
crypto_bonus=0.25,1597,[19],19,intervention:L23_CWE-89_A:Low,0.95,[19],false
crypto_bonus=0.25,1599,[0],0,no_op:none:none,0,[0],false
crypto_bonus=0.25,1600,[0],0,no_op:none:none,0,[0],false
crypto_bonus=0.25,1601,[0],0,no_op:none:none,0,[0],false
crypto_bonus=0.25,1602,[0],0,no_op:none:none,0,[0],false
crypto_bonus=0.25,1603,[0],0,no_op:none:none,1,[0],false
crypto_bonus=0.25,1605,[0],0,no_op:none:none,0,[0],false
crypto_bonus=0.25,1608,"[1,19]",1,intervention:L16_CWE-120_B:Low,-0.05,"[1,19]",false
crypto_bonus=0.25,1609,[0],0,no_op:none:none,0,[0],false
crypto_bonus=0.25,1610,[0],0,no_op:none:none,0,[0],false
crypto_bonus=0.25,1611,[0],0,no_op:none:none,0,[0],false
crypto_bonus=0.25,1612,[0],0,no_op:none:none,0,[0],false
crypto_bonus=0.25,1614,[0],0,no_op:none:none,0,[0],false
crypto_bonus=0.25,1615,[0],0,no_op:none:none,1,[0],false
crypto_bonus=0.25,1616,"[1,10,19]",1,intervention:L16_CWE-120_B:Low,-0.05,"[1,10,19]",false
crypto_bonus=0.25,1617,[0],0,no_op:none:none,0,[0],false
crypto_bonus=0.25,1620,[0],0,no_op:none:none,0,[0],false
crypto_bonus=0.25,1621,[0],0,no_op:none:none,0,[0],false
crypto_bonus=0.25,1623,[0],0,no_op:none:none,0,[0],false
crypto_bonus=0.25,1624,[0],0,no_op:none:none,0,[0],false
crypto_bonus=0.25,1626,[0],0,no_op:none:none,0,[0],false
crypto_bonus=0.25,1628,"[1,10,19]",1,intervention:L16_CWE-120_B:Low,-0.05,"[1,10,19]",false
crypto_bonus=0.25,1629,"[1,10,19]",1,intervention:L16_CWE-120_B:Low,-0.05,"[1,10,19]",false
crypto_bonus=0.25,1630,[0],0,no_op:none:none,0,[0],false
crypto_bonus=0.25,1631,[0],0,no_op:none:none,0,[0],false
crypto_bonus=0.25,1632,[0],0,no_op:none:none,0,[0],false
crypto_bonus=0.25,1633,[0],0,no_op:none:none,0,[0],false
crypto_bonus=0.25,1634,[0],0,no_op:none:none,0,[0],false
crypto_bonus=0.25,1636,[0],0,no_op:none:none,0,[0],false
crypto_bonus=0.25,1637,"[1,10,19]",1,intervention:L16_CWE-120_B:Low,-0.05,"[1,10,19]",false
crypto_bonus=0.25,1639,[0],0,no_op:none:none,0,[0],false
crypto_bonus=0.25,1640,[0],0,no_op:none:none,0,[0],false
crypto_bonus=0.25,1641,[0],0,no_op:none:none,0,[0],false
crypto_bonus=0.25,1642,[0],0,no_op:none:none,0,[0],false
crypto_bonus=0.25,1643,[0],0,no_op:none:none,1,[0],false
crypto_bonus=0.25,1644,[0],0,no_op:none:none,0,[0],false
crypto_bonus=0.25,1645,"[1,10,19]",1,intervention:L16_CWE-120_B:Low,-0.05,"[1,10,19]",false
crypto_bonus=0.25,1646,[0],0,no_op:none:none,0,[0],false
crypto_bonus=0.25,1647,[0],0,no_op:none:none,0,[0],false
crypto_bonus=0.25,1649,"[1,10,19]",1,intervention:L16_CWE-120_B:Low,-0.05,"[1,10,19]",false
crypto_bonus=0.25,1651,[0],0,no_op:none:none,0,[0],false
crypto_bonus=0.25,1654,[0],0,no_op:none:none,0,[0],false
crypto_bonus=0.25,1655,[0],0,no_op:none:none,1,[0],false
crypto_bonus=0.25,1658,"[1,10,19]",1,intervention:L16_CWE-120_B:Low,-0.05,"[1,10,19]",false
crypto_bonus=0.25,1659,[0],0,no_op:none:none,0,[0],false
crypto_bonus=0.25,1660,[0],0,no_op:none:none,0,[0],false
crypto_bonus=0.25,1661,"[1,10,19]",1,intervention:L16_CWE-120_B:Low,-0.05,"[1,10,19]",false
crypto_bonus=0.25,1662,[0],0,no_op:none:none,0,[0],false
crypto_bonus=0.25,1663,[0],0,no_op:none:none,0,[0],false
crypto_bonus=0.25,1665,"[1,10,19]",1,intervention:L16_CWE-120_B:Low,-0.05,"[1,10,19]",false
crypto_bonus=0.25,1667,[0],0,no_op:none:none,0,[0],false
crypto_bonus=0.25,1668,[0],0,no_op:none:none,0,[0],false
crypto_bonus=0.25,1669,[0],0,no_op:none:none,0,[0],false
crypto_bonus=0.25,1670,[0],0,no_op:none:none,1,[0],false
crypto_bonus=0.25,1672,[0],0,no_op:none:none,0,[0],false
crypto_bonus=0.25,1674,[0],0,no_op:none:none,0,[0],false
crypto_bonus=0.25,1675,[0],0,no_op:none:none,0,[0],false
crypto_bonus=0.25,1676,[0],0,no_op:none:none,0,[0],false
crypto_bonus=0.25,1677,"[1,10,19]",1,intervention:L16_CWE-120_B:Low,-0.05,"[1,10,19]",false
crypto_bonus=0.25,1678,[0],0,no_op:none:none,0,[0],false
crypto_bonus=0.25,1679,[0],0,no_op:none:none,0,[0],false
crypto_bonus=0.25,1680,[0],0,no_op:none:none,0,[0],false
crypto_bonus=0.25,1681,[0],0,no_op:none:none,0,[0],false
crypto_bonus=0.25,1682,[0],0,no_op:none:none,0,[0],false
crypto_bonus=0.25,1684,[0],0,no_op:none:none,0,[0],false
crypto_bonus=0.25,1685,"[1,19]",1,intervention:L16_CWE-120_B:Low,-0.05,"[1,19]",false
crypto_bonus=0.25,1686,[0],0,no_op:none:none,0,[0],false
crypto_bonus=0.25,1687,[0],0,no_op:none:none,0,[0],false
crypto_bonus=0.25,1688,[0],0,no_op:none:none,1,[0],false
crypto_bonus=0.25,1689,[0],0,no_op:none:none,0,[0],false
crypto_bonus=0.25,1690,[0],0,no_op:none:none,0,[0],false
crypto_bonus=0.25,1691,[0],0,no_op:none:none,0,[0],false
crypto_bonus=0.25,1693,"[10,19]",10,intervention:L23_CWE-327_A:Low,-0.05,"[10,19]",false
crypto_bonus=0.25,1695,[0],0,no_op:none:none,1,[0],false
crypto_bonus=0.25,1696,[0],0,no_op:none:none,0,[0],false
crypto_bonus=0.25,1697,"[1,10,19]",1,intervention:L16_CWE-120_B:Low,-0.05,"[1,10,19]",false
crypto_bonus=0.25,1699,[0],0,no_op:none:none,0,[0],false
crypto_bonus=0.25,1702,[0],0,no_op:none:none,0,[0],false
crypto_bonus=0.25,1703,[0],0,no_op:none:none,0,[0],false
crypto_bonus=0.25,1704,[0],0,no_op:none:none,1,[0],false
crypto_bonus=0.25,1705,[0],0,no_op:none:none,0,[0],false
crypto_bonus=0.25,1706,[0],0,no_op:none:none,0,[0],false
crypto_bonus=0.25,1707,[0],0,no_op:none:none,0,[0],false
crypto_bonus=0.25,1709,[0],0,no_op:none:none,0,[0],false
crypto_bonus=0.25,1710,[0],0,no_op:none:none,0,[0],false
crypto_bonus=0.25,1711,"[10,19]",10,intervention:L23_CWE-327_A:Low,-0.05,"[10,19]",false
crypto_bonus=0.25,1715,[0],0,no_op:none:none,0,[0],false
crypto_bonus=0.25,1716,"[1,10,19]",1,intervention:L16_CWE-120_B:Low,-0.05,"[1,10,19]",false
crypto_bonus=0.25,1717,[0],0,no_op:none:none,0,[0],false
crypto_bonus=0.25,1718,[0],0,no_op:none:none,0,[0],false
crypto_bonus=0.25,1719,"[10,19]",10,intervention:L23_CWE-327_A:Low,-0.05,"[10,19]",false
crypto_bonus=0.25,1720,"[1,10,19]",1,intervention:L16_CWE-120_B:Low,-0.05,"[1,10,19]",false
crypto_bonus=0.25,1722,[0],0,no_op:none:none,0,[0],false
crypto_bonus=0.25,1723,[0],0,no_op:none:none,0,[0],false
crypto_bonus=0.25,1724,[0],0,no_op:none:none,0,[0],false
crypto_bonus=0.25,1725,[0],0,no_op:none:none,0,[0],false
crypto_bonus=0.25,1727,[0],0,no_op:none:none,0,[0],false
crypto_bonus=0.25,1729,"[1,19]",1,intervention:L16_CWE-120_B:Low,-0.05,"[1,19]",false
crypto_bonus=0.25,1730,[0],0,no_op:none:none,0,[0],false
crypto_bonus=0.25,1732,[0],0,no_op:none:none,0,[0],false
crypto_bonus=0.25,1733,[0],0,no_op:none:none,0,[0],false
crypto_bonus=0.25,1734,[0],0,no_op:none:none,0,[0],false
crypto_bonus=0.25,1739,[0],0,no_op:none:none,0,[0],false
crypto_bonus=0.25,1740,"[1,10,19]",1,intervention:L16_CWE-120_B:Low,-0.05,"[1,10,19]",false
crypto_bonus=0.25,1741,[0],0,no_op:none:none,0,[0],false
crypto_bonus=0.25,1743,"[1,10,19]",1,intervention:L16_CWE-120_B:Low,-0.05,"[1,10,19]",false
crypto_bonus=0.25,1747,[0],0,no_op:none:none,0,[0],false
crypto_bonus=0.25,1748,[0],0,no_op:none:none,1,[0],false
crypto_bonus=0.25,1749,[0],0,no_op:none:none,0,[0],false
crypto_bonus=0.25,1752,[0],0,no_op:none:none,1,[0],false
crypto_bonus=0.25,1753,"[1,10,19]",1,intervention:L16_CWE-120_B:Low,-0.05,"[1,10,19]",false
crypto_bonus=0.25,1754,[0],0,no_op:none:none,0,[0],false
crypto_bonus=0.25,1755,[0],0,no_op:none:none,0,[0],false
crypto_bonus=0.25,1757,[0],0,no_op:none:none,0,[0],false
crypto_bonus=0.25,1758,[0],0,no_op:none:none,0,[0],false
crypto_bonus=0.25,1759,[0],0,no_op:none:none,0,[0],false
crypto_bonus=0.25,1762,[0],0,no_op:none:none,0,[0],false
crypto_bonus=0.25,1763,"[1,19]",1,intervention:L16_CWE-120_B:Low,-0.05,"[1,19]",false
crypto_bonus=0.25,1765,[0],0,no_op:none:none,0,[0],false
crypto_bonus=0.25,1766,[0],0,no_op:none:none,0,[0],false
crypto_bonus=0.25,1767,[0],0,no_op:none:none,0,[0],false
crypto_bonus=0.25,1768,[0],0,no_op:none:none,0,[0],false
crypto_bonus=0.25,1769,[0],0,no_op:none:none,0,[0],false
crypto_bonus=0.25,1770,"[1,10,19]",1,intervention:L16_CWE-120_B:Low,-0.05,"[1,10,19]",false
crypto_bonus=0.25,1772,[0],0,no_op:none:none,0,[0],false
crypto_bonus=0.25,1773,[0],0,no_op:none:none,0,[0],false
crypto_bonus=0.25,1776,[0],0,no_op:none:none,0,[0],false
crypto_bonus=0.25,1777,[0],0,no_op:none:none,0,[0],false
crypto_bonus=0.25,1778,[0],0,no_op:none:none,0,[0],false
crypto_bonus=0.25,1779,[0],0,no_op:none:none,0,[0],false
crypto_bonus=0.25,1782,[0],0,no_op:none:none,0,[0],false
crypto_bonus=0.25,1783,"[1,10,19]",1,intervention:L16_CWE-120_B:Low,0.95,"[1,10,19]",false
crypto_bonus=0.25,1784,[0],0,no_op:none:none,0,[0],false
crypto_bonus=0.25,1786,[0],0,no_op:none:none,0,[0],false
crypto_bonus=0.25,1787,[0],0,no_op:none:none,0,[0],false
crypto_bonus=0.25,1788,[0],0,no_op:none:none,0,[0],false
crypto_bonus=0.25,1789,"[1,10,19]",1,intervention:L16_CWE-120_B:Low,-0.05,"[1,10,19]",false
crypto_bonus=0.25,1790,[0],0,no_op:none:none,0,[0],false
crypto_bonus=0.25,1791,[0],0,no_op:none:none,0,[0],false
crypto_bonus=0.25,1792,[0],0,no_op:none:none,0,[0],false
crypto_bonus=0.25,1793,[0],0,no_op:none:none,0,[0],false
crypto_bonus=0.25,1794,[0],0,no_op:none:none,1,[0],false
crypto_bonus=0.25,1795,[0],0,no_op:none:none,0,[0],false
crypto_bonus=0.25,1796,[0],0,no_op:none:none,0,[0],false
crypto_bonus=0.25,1798,[0],0,no_op:none:none,0,[0],false
crypto_bonus=0.25,1799,"[1,10,19]",1,intervention:L16_CWE-120_B:Low,-0.05,"[1,10,19]",false
crypto_bonus=0.25,1800,[0],0,no_op:none:none,0,[0],false
crypto_bonus=0.25,1801,[0],0,no_op:none:none,0,[0],false
crypto_bonus=0.25,1802,[0],0,no_op:none:none,0,[0],false
crypto_bonus=0.25,1803,[0],0,no_op:none:none,0,[0],false
crypto_bonus=0.25,1804,[0],0,no_op:none:none,0,[0],false
crypto_bonus=0.25,1805,[0],0,no_op:none:none,0,[0],false
crypto_bonus=0.25,1807,[0],0,no_op:none:none,0,[0],false
crypto_bonus=0.25,1808,[0],0,no_op:none:none,0,[0],false
crypto_bonus=0.25,1809,[0],0,no_op:none:none,1,[0],false
crypto_bonus=0.25,1811,[0],0,no_op:none:none,0,[0],false
crypto_bonus=0.25,1812,"[1,19]",1,intervention:L16_CWE-120_B:Low,-0.05,"[1,19]",false
crypto_bonus=0.25,1814,[0],0,no_op:none:none,0,[0],false
crypto_bonus=0.25,1816,[0],0,no_op:none:none,0,[0],false
crypto_bonus=0.25,1817,[0],0,no_op:none:none,0,[0],false
crypto_bonus=0.25,1818,[0],0,no_op:none:none,0,[0],false
crypto_bonus=0.25,1819,[0],0,no_op:none:none,0,[0],false
crypto_bonus=0.25,1820,[0],0,no_op:none:none,0,[0],false
crypto_bonus=0.25,1821,[0],0,no_op:none:none,0,[0],false
crypto_bonus=0.25,1822,[0],0,no_op:none:none,0,[0],false
crypto_bonus=0.25,1823,[0],0,no_op:none:none,0,[0],false
crypto_bonus=0.25,1824,[0],0,no_op:none:none,0,[0],false
crypto_bonus=0.25,1825,[0],0,no_op:none:none,0,[0],false
crypto_bonus=0.25,1826,"[1,10,19]",1,intervention:L16_CWE-120_B:Low,-0.05,"[1,10,19]",false
crypto_bonus=0.25,1828,[0],0,no_op:none:none,0,[0],false
crypto_bonus=0.25,1829,[0],0,no_op:none:none,0,[0],false
crypto_bonus=0.25,1830,[0],0,no_op:none:none,0,[0],false
crypto_bonus=0.25,1831,[0],0,no_op:none:none,0,[0],false
crypto_bonus=0.25,1832,[0],0,no_op:none:none,1,[0],false
crypto_bonus=0.25,1835,[0],0,no_op:none:none,0,[0],false
crypto_bonus=0.25,1836,"[1,10,19]",1,intervention:L16_CWE-120_B:Low,-0.05,"[1,10,19]",false
crypto_bonus=0.25,1838,[0],0,no_op:none:none,0,[0],false
crypto_bonus=0.25,1839,[19],19,intervention:L23_CWE-89_A:Low,-0.05,[19],false
crypto_bonus=0.25,1840,[0],0,no_op:none:none,0,[0],false
crypto_bonus=0.25,1841,[0],0,no_op:none:none,0,[0],false
crypto_bonus=0.25,1842,"[10,19]",10,intervention:L23_CWE-327_A:Low,-0.05,"[10,19]",false
crypto_bonus=0.25,1843,[0],0,no_op:none:none,0,[0],false
crypto_bonus=0.25,1844,"[1,10,19]",1,intervention:L16_CWE-120_B:Low,-0.05,"[1,10,19]",false
crypto_bonus=0.25,1845,[0],0,no_op:none:none,0,[0],false
crypto_bonus=0.25,1846,[0],0,no_op:none:none,1,[0],false
crypto_bonus=0.25,1847,[0],0,no_op:none:none,0,[0],false
crypto_bonus=0.25,1848,"[1,10,19]",1,intervention:L16_CWE-120_B:Low,-0.05,"[1,10,19]",false
crypto_bonus=0.25,1850,[0],0,no_op:none:none,1,[0],false
crypto_bonus=0.25,1851,[0],0,no_op:none:none,0,[0],false
crypto_bonus=0.25,1853,[0],0,no_op:none:none,0,[0],false
crypto_bonus=0.25,1855,[0],0,no_op:none:none,0,[0],false
crypto_bonus=0.25,1858,[0],0,no_op:none:none,0,[0],false
crypto_bonus=0.25,1859,[0],0,no_op:none:none,0,[0],false
crypto_bonus=0.25,1860,[0],0,no_op:none:none,1,[0],false
crypto_bonus=0.25,1861,[0],0,no_op:none:none,0,[0],false
crypto_bonus=0.25,1865,"[1,10,19]",1,intervention:L16_CWE-120_B:Low,-0.05,"[1,10,19]",false
crypto_bonus=0.25,1866,"[1,19]",1,intervention:L16_CWE-120_B:Low,0.95,"[1,19]",false
crypto_bonus=0.25,1867,[0],0,no_op:none:none,0,[0],false
crypto_bonus=0.25,1868,"[1,19]",1,intervention:L16_CWE-120_B:Low,-0.05,"[1,19]",false
crypto_bonus=0.25,1872,[0],0,no_op:none:none,0,[0],false
crypto_bonus=0.25,1873,[0],0,no_op:none:none,0,[0],false
crypto_bonus=0.25,1875,[0],0,no_op:none:none,0,[0],false
crypto_bonus=0.25,1876,[0],0,no_op:none:none,1,[0],false
crypto_bonus=0.25,1877,[0],0,no_op:none:none,0,[0],false
crypto_bonus=0.25,1878,"[1,10,19]",1,intervention:L16_CWE-120_B:Low,-0.05,"[1,10,19]",false
crypto_bonus=0.25,1879,[0],0,no_op:none:none,1,[0],false
crypto_bonus=0.25,1881,[0],0,no_op:none:none,0,[0],false
crypto_bonus=0.25,1882,[0],0,no_op:none:none,0,[0],false
crypto_bonus=0.25,1884,[0],0,no_op:none:none,0,[0],false
crypto_bonus=0.25,1885,[0],0,no_op:none:none,0,[0],false
crypto_bonus=0.25,1886,[0],0,no_op:none:none,0,[0],false
crypto_bonus=0.25,1891,[0],0,no_op:none:none,0,[0],false
crypto_bonus=0.25,1892,[0],0,no_op:none:none,1,[0],false
crypto_bonus=0.25,1893,"[1,10,19]",1,intervention:L16_CWE-120_B:Low,-0.05,"[1,10,19]",false
crypto_bonus=0.25,1895,[0],0,no_op:none:none,0,[0],false
crypto_bonus=0.25,1897,[0],0,no_op:none:none,1,[0],false
crypto_bonus=0.25,1900,"[1,10,19]",1,intervention:L16_CWE-120_B:Low,0.95,"[1,10,19]",false
crypto_bonus=0.25,1901,"[1,10,19]",1,intervention:L16_CWE-120_B:Low,0.95,"[1,10,19]",false
crypto_bonus=0.25,1903,[0],0,no_op:none:none,1,[0],false
crypto_bonus=0.25,1904,[0],0,no_op:none:none,0,[0],false
crypto_bonus=0.25,1905,[0],0,no_op:none:none,0,[0],false
crypto_bonus=0.25,1909,"[1,10,19]",1,intervention:L16_CWE-120_B:Low,0.95,"[1,10,19]",false
crypto_bonus=0.25,1911,[0],0,no_op:none:none,0,[0],false
crypto_bonus=0.25,1912,[0],0,no_op:none:none,0,[0],false
crypto_bonus=0.25,1913,[0],0,no_op:none:none,1,[0],false
crypto_bonus=0.25,1915,[0],0,no_op:none:none,0,[0],false
crypto_bonus=0.5,0,[0],0,no_op:none:none,0,[0],false
crypto_bonus=0.5,2,[0],0,no_op:none:none,0,[0],false
crypto_bonus=0.5,5,"[7,10]",7,intervention:L19_CWE-120_B:Low,-0.05,"[7,10]",false
crypto_bonus=0.5,8,[0],0,no_op:none:none,0,[0],false
crypto_bonus=0.5,9,[0],0,no_op:none:none,0,[0],false
crypto_bonus=0.5,10,[0],0,no_op:none:none,0,[0],false
crypto_bonus=0.5,11,[0],0,no_op:none:none,1,[0],false
crypto_bonus=0.5,12,[7],7,intervention:L19_CWE-120_B:Low,0.95,[7],false
crypto_bonus=0.5,15,[0],0,no_op:none:none,0,[0],false
crypto_bonus=0.5,17,[0],0,no_op:none:none,1,[0],false
crypto_bonus=0.5,18,"[7,10]",7,intervention:L19_CWE-120_B:Low,0.95,"[7,10]",false
crypto_bonus=0.5,20,[0],0,no_op:none:none,0,[0],false
crypto_bonus=0.5,21,[0],0,no_op:none:none,0,[0],false
crypto_bonus=0.5,22,"[1,10,19]",1,intervention:L16_CWE-120_B:Low,0.95,"[1,10,19]",false
crypto_bonus=0.5,24,[0],0,no_op:none:none,0,[0],false
crypto_bonus=0.5,25,[0],0,no_op:none:none,0,[0],false
crypto_bonus=0.5,26,[0],0,no_op:none:none,0,[0],false
crypto_bonus=0.5,27,"[7,10]",7,intervention:L19_CWE-120_B:Low,0.95,"[7,10]",false
crypto_bonus=0.5,28,[0],0,no_op:none:none,0,[0],false
crypto_bonus=0.5,29,[0],0,no_op:none:none,0,[0],false
crypto_bonus=0.5,31,"[1,10,19]",1,intervention:L16_CWE-120_B:Low,0.95,"[1,10,19]",false
crypto_bonus=0.5,32,[0],0,no_op:none:none,0,[0],false
crypto_bonus=0.5,33,[0],0,no_op:none:none,0,[0],false
crypto_bonus=0.5,34,[0],0,no_op:none:none,0,[0],false
crypto_bonus=0.5,35,[0],0,no_op:none:none,0,[0],false
crypto_bonus=0.5,36,[0],0,no_op:none:none,0,[0],false
crypto_bonus=0.5,37,[7],7,intervention:L19_CWE-120_B:Low,-0.05,[7],false
crypto_bonus=0.5,38,"[1,19]",1,intervention:L16_CWE-120_B:Low,0.95,"[1,19]",false
crypto_bonus=0.5,40,[0],0,no_op:none:none,0,[0],false
crypto_bonus=0.5,41,"[7,10]",7,intervention:L19_CWE-120_B:Low,-0.05,"[7,10]",false
crypto_bonus=0.5,42,[0],0,no_op:none:none,0,[0],false
crypto_bonus=0.5,44,[7],7,intervention:L19_CWE-120_B:Low,0.95,[7],false
crypto_bonus=0.5,45,"[7,10]",7,intervention:L19_CWE-120_B:Low,0.95,"[7,10]",false
crypto_bonus=0.5,46,[0],0,no_op:none:none,0,[0],false
crypto_bonus=0.5,47,"[7,10]",7,intervention:L19_CWE-120_B:Low,-0.05,"[7,10]",false
crypto_bonus=0.5,49,[0],0,no_op:none:none,0,[0],false
crypto_bonus=0.5,52,[0],0,no_op:none:none,0,[0],false
crypto_bonus=0.5,53,"[1,10,19]",1,intervention:L16_CWE-120_B:Low,-0.05,"[1,10,19]",false
crypto_bonus=0.5,55,[0],0,no_op:none:none,0,[0],false
crypto_bonus=0.5,57,[0],0,no_op:none:none,0,[0],false
crypto_bonus=0.5,58,[0],0,no_op:none:none,0,[0],false
crypto_bonus=0.5,59,[0],0,no_op:none:none,0,[0],false
crypto_bonus=0.5,60,[0],0,no_op:none:none,0,[0],false
crypto_bonus=0.5,62,"[7,10]",7,intervention:L19_CWE-120_B:Low,-0.05,"[7,10]",false
crypto_bonus=0.5,63,[0],0,no_op:none:none,0,[0],false
crypto_bonus=0.5,66,[0],0,no_op:none:none,0,[0],false
crypto_bonus=0.5,67,[0],0,no_op:none:none,0,[0],false
crypto_bonus=0.5,68,[0],0,no_op:none:none,0,[0],false
crypto_bonus=0.5,69,[0],0,no_op:none:none,0,[0],false
crypto_bonus=0.5,70,[0],0,no_op:none:none,0,[0],false
crypto_bonus=0.5,71,"[7,10]",7,intervention:L19_CWE-120_B:Low,-0.05,"[7,10]",false
crypto_bonus=0.5,72,[0],0,no_op:none:none,0,[0],false
crypto_bonus=0.5,74,[0],0,no_op:none:none,0,[0],false
crypto_bonus=0.5,75,[0],0,no_op:none:none,0,[0],false
crypto_bonus=0.5,76,[0],0,no_op:none:none,0,[0],false
crypto_bonus=0.5,77,[0],0,no_op:none:none,0,[0],false
crypto_bonus=0.5,80,[0],0,no_op:none:none,0,[0],false
crypto_bonus=0.5,82,[0],0,no_op:none:none,0,[0],false
crypto_bonus=0.5,83,"[1,19]",1,intervention:L16_CWE-120_B:Low,-0.05,"[1,19]",false
crypto_bonus=0.5,84,"[7,10]",7,intervention:L19_CWE-120_B:Low,-0.05,"[7,10]",false
crypto_bonus=0.5,86,[0],0,no_op:none:none,0,[0],false
crypto_bonus=0.5,87,"[1,10,19]",1,intervention:L16_CWE-120_B:Low,0.95,"[1,10,19]",false
crypto_bonus=0.5,89,[0],0,no_op:none:none,0,[0],false
crypto_bonus=0.5,91,[0],0,no_op:none:none,0,[0],false
crypto_bonus=0.5,92,[0],0,no_op:none:none,0,[0],false
crypto_bonus=0.5,94,[0],0,no_op:none:none,0,[0],false
crypto_bonus=0.5,95,[0],0,no_op:none:none,1,[0],false
crypto_bonus=0.5,97,[0],0,no_op:none:none,0,[0],false
crypto_bonus=0.5,98,[0],0,no_op:none:none,0,[0],false
crypto_bonus=0.5,99,[0],0,no_op:none:none,0,[0],false
crypto_bonus=0.5,100,[0],0,no_op:none:none,0,[0],false
crypto_bonus=0.5,101,[0],0,no_op:none:none,0,[0],false
crypto_bonus=0.5,105,[7],7,intervention:L19_CWE-120_B:Low,0.95,[7],false
crypto_bonus=0.5,106,[0],0,no_op:none:none,0,[0],false
crypto_bonus=0.5,107,[0],0,no_op:none:none,0,[0],false
crypto_bonus=0.5,108,[0],0,no_op:none:none,0,[0],false
crypto_bonus=0.5,109,[0],0,no_op:none:none,0,[0],false
crypto_bonus=0.5,111,[0],0,no_op:none:none,0,[0],false
crypto_bonus=0.5,112,[0],0,no_op:none:none,0,[0],false
crypto_bonus=0.5,113,[0],0,no_op:none:none,0,[0],false
crypto_bonus=0.5,115,"[7,10]",7,intervention:L19_CWE-120_B:Low,0.95,"[7,10]",false
crypto_bonus=0.5,121,[0],0,no_op:none:none,0,[0],false
crypto_bonus=0.5,122,"[1,10,19]",1,intervention:L16_CWE-120_B:Low,-0.05,"[1,10,19]",false
crypto_bonus=0.5,123,[0],0,no_op:none:none,0,[0],false
crypto_bonus=0.5,125,[0],0,no_op:none:none,0,[0],false
crypto_bonus=0.5,126,[0],0,no_op:none:none,0,[0],false
crypto_bonus=0.5,127,[0],0,no_op:none:none,0,[0],false
crypto_bonus=0.5,128,[0],0,no_op:none:none,0,[0],false
crypto_bonus=0.5,129,[0],0,no_op:none:none,0,[0],false
crypto_bonus=0.5,132,[0],0,no_op:none:none,0,[0],false
crypto_bonus=0.5,133,[7],7,intervention:L19_CWE-120_B:Low,-0.05,[7],false
crypto_bonus=0.5,134,[0],0,no_op:none:none,0,[0],false
crypto_bonus=0.5,136,[0],0,no_op:none:none,0,[0],false
crypto_bonus=0.5,137,[0],0,no_op:none:none,0,[0],false
crypto_bonus=0.5,143,[0],0,no_op:none:none,0,[0],false
crypto_bonus=0.5,144,[0],0,no_op:none:none,0,[0],false
crypto_bonus=0.5,147,[0],0,no_op:none:none,0,[0],false
crypto_bonus=0.5,149,[0],0,no_op:none:none,0,[0],false
crypto_bonus=0.5,151,[0],0,no_op:none:none,0,[0],false
crypto_bonus=0.5,152,[0],0,no_op:none:none,0,[0],false
crypto_bonus=0.5,153,[0],0,no_op:none:none,0,[0],false
crypto_bonus=0.5,155,[0],0,no_op:none:none,1,[0],false
crypto_bonus=0.5,156,[0],0,no_op:none:none,0,[0],false
crypto_bonus=0.5,157,"[1,10,19]",1,intervention:L16_CWE-120_B:Low,0.95,"[1,10,19]",false
crypto_bonus=0.5,158,[0],0,no_op:none:none,0,[0],false
crypto_bonus=0.5,159,[0],0,no_op:none:none,0,[0],false
crypto_bonus=0.5,160,[0],0,no_op:none:none,0,[0],false
crypto_bonus=0.5,162,"[7,10]",7,intervention:L19_CWE-120_B:Low,-0.05,"[7,10]",false
crypto_bonus=0.5,165,"[7,10]",7,intervention:L19_CWE-120_B:Low,-0.05,"[7,10]",false
crypto_bonus=0.5,166,"[1,10,19]",1,intervention:L16_CWE-120_B:Low,-0.05,"[1,10,19]",false
crypto_bonus=0.5,168,[0],0,no_op:none:none,0,[0],false
crypto_bonus=0.5,169,[0],0,no_op:none:none,0,[0],false
crypto_bonus=0.5,170,"[1,10,19]",1,intervention:L16_CWE-120_B:Low,-0.05,"[1,10,19]",false
crypto_bonus=0.5,171,[0],0,no_op:none:none,0,[0],false
crypto_bonus=0.5,172,[0],0,no_op:none:none,0,[0],false
crypto_bonus=0.5,173,[0],0,no_op:none:none,0,[0],false
crypto_bonus=0.5,174,[0],0,no_op:none:none,0,[0],false
crypto_bonus=0.5,176,"[1,10,19]",1,intervention:L16_CWE-120_B:Low,-0.05,"[1,10,19]",false
crypto_bonus=0.5,177,[0],0,no_op:none:none,0,[0],false
crypto_bonus=0.5,179,[0],0,no_op:none:none,0,[0],false
crypto_bonus=0.5,180,[0],0,no_op:none:none,0,[0],false
crypto_bonus=0.5,181,[0],0,no_op:none:none,0,[0],false
crypto_bonus=0.5,182,[0],0,no_op:none:none,0,[0],false
crypto_bonus=0.5,183,[0],0,no_op:none:none,0,[0],false
crypto_bonus=0.5,184,[0],0,no_op:none:none,0,[0],false
crypto_bonus=0.5,185,"[1,10,19]",1,intervention:L16_CWE-120_B:Low,0.95,"[1,10,19]",false
crypto_bonus=0.5,187,[0],0,no_op:none:none,0,[0],false
crypto_bonus=0.5,188,[0],0,no_op:none:none,0,[0],false
crypto_bonus=0.5,190,[0],0,no_op:none:none,0,[0],false
crypto_bonus=0.5,192,[0],0,no_op:none:none,0,[0],false
crypto_bonus=0.5,194,[0],0,no_op:none:none,1.5,[0],false
crypto_bonus=0.5,195,"[1,10,19]",1,intervention:L16_CWE-120_B:Low,0.95,"[1,10,19]",false
crypto_bonus=0.5,196,[0],0,no_op:none:none,0,[0],false
crypto_bonus=0.5,197,[0],0,no_op:none:none,0,[0],false
crypto_bonus=0.5,199,[0],0,no_op:none:none,0,[0],false
crypto_bonus=0.5,202,[0],0,no_op:none:none,0,[0],false
crypto_bonus=0.5,203,[0],0,no_op:none:none,0,[0],false
crypto_bonus=0.5,205,[0],0,no_op:none:none,0,[0],false
crypto_bonus=0.5,207,[7],7,intervention:L19_CWE-120_B:Low,0.95,[7],false
crypto_bonus=0.5,208,[0],0,no_op:none:none,0,[0],false
crypto_bonus=0.5,211,[0],0,no_op:none:none,0,[0],false
crypto_bonus=0.5,213,[0],0,no_op:none:none,1.5,[0],false
crypto_bonus=0.5,214,[7],7,intervention:L19_CWE-120_B:Low,-0.05,[7],false
crypto_bonus=0.5,215,[0],0,no_op:none:none,0,[0],false
crypto_bonus=0.5,216,[0],0,no_op:none:none,0,[0],false
crypto_bonus=0.5,218,[0],0,no_op:none:none,0,[0],false
crypto_bonus=0.5,220,[7],7,intervention:L19_CWE-120_B:Low,-0.05,[7],false
crypto_bonus=0.5,225,[0],0,no_op:none:none,0,[0],false
crypto_bonus=0.5,226,[0],0,no_op:none:none,0,[0],false
crypto_bonus=0.5,227,[0],0,no_op:none:none,0,[0],false
crypto_bonus=0.5,230,[0],0,no_op:none:none,0,[0],false
crypto_bonus=0.5,231,[0],0,no_op:none:none,0,[0],false
crypto_bonus=0.5,232,[0],0,no_op:none:none,0,[0],false
crypto_bonus=0.5,233,[0],0,no_op:none:none,0,[0],false
crypto_bonus=0.5,235,[0],0,no_op:none:none,0,[0],false
crypto_bonus=0.5,237,[0],0,no_op:none:none,0,[0],false
crypto_bonus=0.5,238,[0],0,no_op:none:none,0,[0],false
crypto_bonus=0.5,239,[0],0,no_op:none:none,0,[0],false
crypto_bonus=0.5,240,[0],0,no_op:none:none,0,[0],false
crypto_bonus=0.5,241,[0],0,no_op:none:none,0,[0],false
crypto_bonus=0.5,242,[0],0,no_op:none:none,0,[0],false
crypto_bonus=0.5,243,[0],0,no_op:none:none,0,[0],false
crypto_bonus=0.5,244,[0],0,no_op:none:none,0,[0],false
crypto_bonus=0.5,246,[0],0,no_op:none:none,0,[0],false
crypto_bonus=0.5,248,[0],0,no_op:none:none,0,[0],false
crypto_bonus=0.5,249,[0],0,no_op:none:none,0,[0],false
crypto_bonus=0.5,250,[0],0,no_op:none:none,0,[0],false
crypto_bonus=0.5,251,[0],0,no_op:none:none,0,[0],false
crypto_bonus=0.5,252,[0],0,no_op:none:none,0,[0],false
crypto_bonus=0.5,253,[0],0,no_op:none:none,0,[0],false
crypto_bonus=0.5,254,[0],0,no_op:none:none,0,[0],false
crypto_bonus=0.5,256,[0],0,no_op:none:none,0,[0],false
crypto_bonus=0.5,258,[0],0,no_op:none:none,0,[0],false
crypto_bonus=0.5,259,[0],0,no_op:none:none,0,[0],false
crypto_bonus=0.5,260,[0],0,no_op:none:none,0,[0],false
crypto_bonus=0.5,263,[0],0,no_op:none:none,0,[0],false
crypto_bonus=0.5,264,[0],0,no_op:none:none,0,[0],false
crypto_bonus=0.5,265,[0],0,no_op:none:none,0,[0],false
crypto_bonus=0.5,266,[0],0,no_op:none:none,0,[0],false
crypto_bonus=0.5,269,[0],0,no_op:none:none,0,[0],false
crypto_bonus=0.5,272,[0],0,no_op:none:none,0,[0],false
crypto_bonus=0.5,273,[0],0,no_op:none:none,0,[0],false
crypto_bonus=0.5,274,[0],0,no_op:none:none,0,[0],false
crypto_bonus=0.5,276,[0],0,no_op:none:none,0,[0],false
crypto_bonus=0.5,277,[0],0,no_op:none:none,0,[0],false
crypto_bonus=0.5,278,[0],0,no_op:none:none,0,[0],false
crypto_bonus=0.5,279,[0],0,no_op:none:none,0,[0],false
crypto_bonus=0.5,280,[0],0,no_op:none:none,0,[0],false
crypto_bonus=0.5,281,[0],0,no_op:none:none,0,[0],false
crypto_bonus=0.5,282,[0],0,no_op:none:none,0,[0],false
crypto_bonus=0.5,284,[0],0,no_op:none:none,0,[0],false
crypto_bonus=0.5,286,[0],0,no_op:none:none,0,[0],false
crypto_bonus=0.5,288,[0],0,no_op:none:none,0,[0],false
crypto_bonus=0.5,289,[0],0,no_op:none:none,0,[0],false
crypto_bonus=0.5,290,[0],0,no_op:none:none,0,[0],false
crypto_bonus=0.5,291,[0],0,no_op:none:none,0,[0],false
crypto_bonus=0.5,293,[0],0,no_op:none:none,0,[0],false
crypto_bonus=0.5,294,[0],0,no_op:none:none,0,[0],false
crypto_bonus=0.5,295,[0],0,no_op:none:none,0,[0],false
crypto_bonus=0.5,296,[0],0,no_op:none:none,0,[0],false
crypto_bonus=0.5,297,[0],0,no_op:none:none,0,[0],false
crypto_bonus=0.5,298,[0],0,no_op:none:none,0,[0],false
crypto_bonus=0.5,299,[0],0,no_op:none:none,0,[0],false
crypto_bonus=0.5,300,[0],0,no_op:none:none,0,[0],false
crypto_bonus=0.5,301,[0],0,no_op:none:none,0,[0],false
crypto_bonus=0.5,302,[0],0,no_op:none:none,0,[0],false
crypto_bonus=0.5,304,[0],0,no_op:none:none,0,[0],false
crypto_bonus=0.5,306,[0],0,no_op:none:none,0,[0],false
crypto_bonus=0.5,307,[0],0,no_op:none:none,0,[0],false
crypto_bonus=0.5,308,[0],0,no_op:none:none,0,[0],false
crypto_bonus=0.5,309,[0],0,no_op:none:none,0,[0],false
crypto_bonus=0.5,310,[0],0,no_op:none:none,0,[0],false
crypto_bonus=0.5,311,[0],0,no_op:none:none,0,[0],false
crypto_bonus=0.5,312,[0],0,no_op:none:none,0,[0],false
crypto_bonus=0.5,314,[0],0,no_op:none:none,0,[0],false
crypto_bonus=0.5,315,[0],0,no_op:none:none,0,[0],false
crypto_bonus=0.5,319,[0],0,no_op:none:none,0,[0],false
crypto_bonus=0.5,320,[0],0,no_op:none:none,0,[0],false
crypto_bonus=0.5,321,[0],0,no_op:none:none,0,[0],false
crypto_bonus=0.5,324,[0],0,no_op:none:none,0,[0],false
crypto_bonus=0.5,325,[0],0,no_op:none:none,0,[0],false
crypto_bonus=0.5,328,[0],0,no_op:none:none,0,[0],false
crypto_bonus=0.5,329,[0],0,no_op:none:none,0,[0],false
crypto_bonus=0.5,331,[0],0,no_op:none:none,0,[0],false
crypto_bonus=0.5,335,[0],0,no_op:none:none,0,[0],false
crypto_bonus=0.5,336,[0],0,no_op:none:none,0,[0],false
crypto_bonus=0.5,339,[0],0,no_op:none:none,0,[0],false
crypto_bonus=0.5,341,[0],0,no_op:none:none,0,[0],false
crypto_bonus=0.5,342,[0],0,no_op:none:none,0,[0],false
crypto_bonus=0.5,343,[0],0,no_op:none:none,0,[0],false
crypto_bonus=0.5,344,[0],0,no_op:none:none,0,[0],false
crypto_bonus=0.5,345,[0],0,no_op:none:none,0,[0],false
crypto_bonus=0.5,346,[0],0,no_op:none:none,0,[0],false
crypto_bonus=0.5,347,[0],0,no_op:none:none,0,[0],false
crypto_bonus=0.5,348,[0],0,no_op:none:none,0,[0],false
crypto_bonus=0.5,349,[0],0,no_op:none:none,0,[0],false
crypto_bonus=0.5,351,[0],0,no_op:none:none,0,[0],false
crypto_bonus=0.5,352,[0],0,no_op:none:none,0,[0],false
crypto_bonus=0.5,353,[0],0,no_op:none:none,0,[0],false
crypto_bonus=0.5,354,[0],0,no_op:none:none,0,[0],false
crypto_bonus=0.5,355,[0],0,no_op:none:none,0,[0],false
crypto_bonus=0.5,356,[0],0,no_op:none:none,0,[0],false
crypto_bonus=0.5,357,[0],0,no_op:none:none,0,[0],false
crypto_bonus=0.5,358,[0],0,no_op:none:none,0,[0],false
crypto_bonus=0.5,359,[0],0,no_op:none:none,0,[0],false
crypto_bonus=0.5,360,[0],0,no_op:none:none,0,[0],false
crypto_bonus=0.5,361,[0],0,no_op:none:none,0,[0],false
crypto_bonus=0.5,363,[0],0,no_op:none:none,0,[0],false
crypto_bonus=0.5,364,[0],0,no_op:none:none,0,[0],false
crypto_bonus=0.5,366,[0],0,no_op:none:none,0,[0],false
crypto_bonus=0.5,368,[0],0,no_op:none:none,0,[0],false
crypto_bonus=0.5,369,[0],0,no_op:none:none,0,[0],false
crypto_bonus=0.5,370,[0],0,no_op:none:none,0,[0],false
crypto_bonus=0.5,371,[0],0,no_op:none:none,0,[0],false
crypto_bonus=0.5,372,[0],0,no_op:none:none,0,[0],false
crypto_bonus=0.5,373,[0],0,no_op:none:none,0,[0],false
crypto_bonus=0.5,374,[0],0,no_op:none:none,0,[0],false
crypto_bonus=0.5,376,[0],0,no_op:none:none,0,[0],false
crypto_bonus=0.5,377,[0],0,no_op:none:none,0,[0],false
crypto_bonus=0.5,378,[0],0,no_op:none:none,0,[0],false
crypto_bonus=0.5,379,[0],0,no_op:none:none,0,[0],false
crypto_bonus=0.5,381,[0],0,no_op:none:none,0,[0],false
crypto_bonus=0.5,382,[0],0,no_op:none:none,0,[0],false
crypto_bonus=0.5,383,[0],0,no_op:none:none,0,[0],false
crypto_bonus=0.5,384,[0],0,no_op:none:none,0,[0],false
crypto_bonus=0.5,385,[0],0,no_op:none:none,0,[0],false
crypto_bonus=0.5,386,[0],0,no_op:none:none,0,[0],false
crypto_bonus=0.5,387,[0],0,no_op:none:none,0,[0],false
crypto_bonus=0.5,390,[0],0,no_op:none:none,0,[0],false
crypto_bonus=0.5,391,[0],0,no_op:none:none,0,[0],false
crypto_bonus=0.5,394,[0],0,no_op:none:none,0,[0],false
crypto_bonus=0.5,396,[0],0,no_op:none:none,0,[0],false
crypto_bonus=0.5,397,[0],0,no_op:none:none,0,[0],false
crypto_bonus=0.5,398,[0],0,no_op:none:none,0,[0],false
crypto_bonus=0.5,399,[0],0,no_op:none:none,0,[0],false
crypto_bonus=0.5,400,[0],0,no_op:none:none,0,[0],false
crypto_bonus=0.5,401,[0],0,no_op:none:none,0,[0],false
crypto_bonus=0.5,402,[0],0,no_op:none:none,0,[0],false
crypto_bonus=0.5,403,[0],0,no_op:none:none,0,[0],false
crypto_bonus=0.5,404,[0],0,no_op:none:none,0,[0],false
crypto_bonus=0.5,405,[0],0,no_op:none:none,0,[0],false
crypto_bonus=0.5,406,[0],0,no_op:none:none,0,[0],false
crypto_bonus=0.5,409,[0],0,no_op:none:none,0,[0],false
crypto_bonus=0.5,410,[0],0,no_op:none:none,0,[0],false
crypto_bonus=0.5,412,[0],0,no_op:none:none,0,[0],false
crypto_bonus=0.5,413,[0],0,no_op:none:none,0,[0],false
crypto_bonus=0.5,414,[0],0,no_op:none:none,0,[0],false
crypto_bonus=0.5,415,[0],0,no_op:none:none,0,[0],false
crypto_bonus=0.5,417,[0],0,no_op:none:none,0,[0],false
crypto_bonus=0.5,419,[0],0,no_op:none:none,0,[0],false
crypto_bonus=0.5,420,[0],0,no_op:none:none,0,[0],false
crypto_bonus=0.5,421,[0],0,no_op:none:none,0,[0],false
crypto_bonus=0.5,422,[0],0,no_op:none:none,0,[0],false
crypto_bonus=0.5,423,[0],0,no_op:none:none,1,[0],false
crypto_bonus=0.5,424,[0],0,no_op:none:none,0,[0],false
crypto_bonus=0.5,425,[0],0,no_op:none:none,0,[0],false
crypto_bonus=0.5,426,[0],0,no_op:none:none,0,[0],false
crypto_bonus=0.5,427,[0],0,no_op:none:none,0,[0],false
crypto_bonus=0.5,428,[0],0,no_op:none:none,0,[0],false
crypto_bonus=0.5,434,[0],0,no_op:none:none,0,[0],false
crypto_bonus=0.5,439,[0],0,no_op:none:none,0,[0],false
crypto_bonus=0.5,441,[0],0,no_op:none:none,0,[0],false
crypto_bonus=0.5,442,[0],0,no_op:none:none,0,[0],false
crypto_bonus=0.5,443,[0],0,no_op:none:none,0,[0],false
crypto_bonus=0.5,444,[0],0,no_op:none:none,0,[0],false
crypto_bonus=0.5,446,[0],0,no_op:none:none,0,[0],false
crypto_bonus=0.5,448,[0],0,no_op:none:none,0,[0],false
crypto_bonus=0.5,450,[0],0,no_op:none:none,0,[0],false
crypto_bonus=0.5,452,[0],0,no_op:none:none,0,[0],false
crypto_bonus=0.5,453,[0],0,no_op:none:none,0,[0],false
crypto_bonus=0.5,454,[0],0,no_op:none:none,0,[0],false
crypto_bonus=0.5,458,[0],0,no_op:none:none,0,[0],false
crypto_bonus=0.5,459,[0],0,no_op:none:none,0,[0],false
crypto_bonus=0.5,461,[0],0,no_op:none:none,0,[0],false
crypto_bonus=0.5,462,[0],0,no_op:none:none,0,[0],false
crypto_bonus=0.5,463,[0],0,no_op:none:none,0,[0],false
crypto_bonus=0.5,464,[0],0,no_op:none:none,0,[0],false
crypto_bonus=0.5,465,[0],0,no_op:none:none,0,[0],false
crypto_bonus=0.5,467,[0],0,no_op:none:none,0,[0],false
crypto_bonus=0.5,470,[0],0,no_op:none:none,0,[0],false
crypto_bonus=0.5,472,[0],0,no_op:none:none,0,[0],false
crypto_bonus=0.5,473,[0],0,no_op:none:none,0,[0],false
crypto_bonus=0.5,474,[0],0,no_op:none:none,0,[0],false
crypto_bonus=0.5,475,[0],0,no_op:none:none,0,[0],false
crypto_bonus=0.5,477,[0],0,no_op:none:none,0,[0],false
crypto_bonus=0.5,478,[0],0,no_op:none:none,0,[0],false
crypto_bonus=0.5,479,[0],0,no_op:none:none,0,[0],false
crypto_bonus=0.5,480,[0],0,no_op:none:none,0,[0],false
crypto_bonus=0.5,482,[0],0,no_op:none:none,0,[0],false
crypto_bonus=0.5,483,[0],0,no_op:none:none,0,[0],false
crypto_bonus=0.5,485,[0],0,no_op:none:none,0,[0],false
crypto_bonus=0.5,486,[0],0,no_op:none:none,0,[0],false
crypto_bonus=0.5,489,[0],0,no_op:none:none,0,[0],false
crypto_bonus=0.5,491,[0],0,no_op:none:none,0,[0],false
crypto_bonus=0.5,492,[0],0,no_op:none:none,0,[0],false
crypto_bonus=0.5,494,[0],0,no_op:none:none,0,[0],false
crypto_bonus=0.5,495,[0],0,no_op:none:none,0,[0],false
crypto_bonus=0.5,496,[0],0,no_op:none:none,0,[0],false
crypto_bonus=0.5,498,[0],0,no_op:none:none,0,[0],false
crypto_bonus=0.5,499,[0],0,no_op:none:none,0,[0],false
crypto_bonus=0.5,502,[0],0,no_op:none:none,0,[0],false
crypto_bonus=0.5,503,[0],0,no_op:none:none,0,[0],false
crypto_bonus=0.5,506,[0],0,no_op:none:none,0,[0],false
crypto_bonus=0.5,510,[0],0,no_op:none:none,0,[0],false
crypto_bonus=0.5,512,[0],0,no_op:none:none,0,[0],false
crypto_bonus=0.5,513,[0],0,no_op:none:none,0,[0],false
crypto_bonus=0.5,515,[0],0,no_op:none:none,0,[0],false
crypto_bonus=0.5,516,[0],0,no_op:none:none,0,[0],false
crypto_bonus=0.5,517,[0],0,no_op:none:none,0,[0],false
crypto_bonus=0.5,518,[0],0,no_op:none:none,0,[0],false
crypto_bonus=0.5,519,[0],0,no_op:none:none,0,[0],false
crypto_bonus=0.5,520,[0],0,no_op:none:none,0,[0],false
crypto_bonus=0.5,522,[0],0,no_op:none:none,0,[0],false
crypto_bonus=0.5,523,[0],0,no_op:none:none,0,[0],false
crypto_bonus=0.5,524,[0],0,no_op:none:none,0,[0],false
crypto_bonus=0.5,525,[0],0,no_op:none:none,0,[0],false
crypto_bonus=0.5,526,[0],0,no_op:none:none,0,[0],false
crypto_bonus=0.5,527,[0],0,no_op:none:none,0,[0],false
crypto_bonus=0.5,528,[0],0,no_op:none:none,0,[0],false
crypto_bonus=0.5,529,[0],0,no_op:none:none,0,[0],false
crypto_bonus=0.5,530,[0],0,no_op:none:none,0,[0],false
crypto_bonus=0.5,531,[0],0,no_op:none:none,0,[0],false
crypto_bonus=0.5,532,[0],0,no_op:none:none,0,[0],false
crypto_bonus=0.5,533,[0],0,no_op:none:none,0,[0],false
crypto_bonus=0.5,535,[0],0,no_op:none:none,0,[0],false
crypto_bonus=0.5,537,[0],0,no_op:none:none,0,[0],false
crypto_bonus=0.5,544,[0],0,no_op:none:none,0,[0],false
crypto_bonus=0.5,545,[0],0,no_op:none:none,0,[0],false
crypto_bonus=0.5,547,[0],0,no_op:none:none,0,[0],false
crypto_bonus=0.5,549,[0],0,no_op:none:none,0,[0],false
crypto_bonus=0.5,550,[0],0,no_op:none:none,0,[0],false
crypto_bonus=0.5,551,[0],0,no_op:none:none,0,[0],false
crypto_bonus=0.5,553,[0],0,no_op:none:none,0,[0],false
crypto_bonus=0.5,554,[0],0,no_op:none:none,0,[0],false
crypto_bonus=0.5,555,[0],0,no_op:none:none,0,[0],false
crypto_bonus=0.5,556,[0],0,no_op:none:none,0,[0],false
crypto_bonus=0.5,558,[0],0,no_op:none:none,0,[0],false
crypto_bonus=0.5,559,[0],0,no_op:none:none,0,[0],false
crypto_bonus=0.5,560,[0],0,no_op:none:none,0,[0],false
crypto_bonus=0.5,561,[0],0,no_op:none:none,0,[0],false
crypto_bonus=0.5,562,[0],0,no_op:none:none,0,[0],false
crypto_bonus=0.5,564,[0],0,no_op:none:none,0,[0],false
crypto_bonus=0.5,565,[0],0,no_op:none:none,0,[0],false
crypto_bonus=0.5,567,[0],0,no_op:none:none,0,[0],false
crypto_bonus=0.5,568,[0],0,no_op:none:none,0,[0],false
crypto_bonus=0.5,572,[0],0,no_op:none:none,0,[0],false
crypto_bonus=0.5,573,[0],0,no_op:none:none,0,[0],false
crypto_bonus=0.5,574,[0],0,no_op:none:none,0,[0],false
crypto_bonus=0.5,575,[0],0,no_op:none:none,0,[0],false
crypto_bonus=0.5,576,[0],0,no_op:none:none,0,[0],false
crypto_bonus=0.5,578,[0],0,no_op:none:none,0,[0],false
crypto_bonus=0.5,579,[0],0,no_op:none:none,0,[0],false
crypto_bonus=0.5,580,[0],0,no_op:none:none,0,[0],false
crypto_bonus=0.5,581,[0],0,no_op:none:none,0,[0],false
crypto_bonus=0.5,582,[0],0,no_op:none:none,0,[0],false
crypto_bonus=0.5,585,[0],0,no_op:none:none,0,[0],false
crypto_bonus=0.5,586,[0],0,no_op:none:none,0,[0],false
crypto_bonus=0.5,587,[0],0,no_op:none:none,0,[0],false
crypto_bonus=0.5,588,[0],0,no_op:none:none,0,[0],false
crypto_bonus=0.5,589,[0],0,no_op:none:none,0,[0],false
crypto_bonus=0.5,590,[0],0,no_op:none:none,0,[0],false
crypto_bonus=0.5,591,[0],0,no_op:none:none,0,[0],false
crypto_bonus=0.5,593,[0],0,no_op:none:none,0,[0],false
crypto_bonus=0.5,594,[0],0,no_op:none:none,0,[0],false
crypto_bonus=0.5,595,[0],0,no_op:none:none,0,[0],false
crypto_bonus=0.5,596,[0],0,no_op:none:none,0,[0],false
crypto_bonus=0.5,597,[0],0,no_op:none:none,0,[0],false
crypto_bonus=0.5,598,[0],0,no_op:none:none,0,[0],false
crypto_bonus=0.5,599,[0],0,no_op:none:none,0,[0],false
crypto_bonus=0.5,602,[0],0,no_op:none:none,0,[0],false
crypto_bonus=0.5,603,[0],0,no_op:none:none,0,[0],false
crypto_bonus=0.5,604,[0],0,no_op:none:none,0,[0],false
crypto_bonus=0.5,605,[0],0,no_op:none:none,0,[0],false
crypto_bonus=0.5,606,[0],0,no_op:none:none,0,[0],false
crypto_bonus=0.5,608,[0],0,no_op:none:none,0,[0],false
crypto_bonus=0.5,609,[0],0,no_op:none:none,0,[0],false
crypto_bonus=0.5,610,[0],0,no_op:none:none,0,[0],false
crypto_bonus=0.5,612,[0],0,no_op:none:none,0,[0],false
crypto_bonus=0.5,615,[0],0,no_op:none:none,0,[0],false
crypto_bonus=0.5,616,[0],0,no_op:none:none,0,[0],false
crypto_bonus=0.5,617,[0],0,no_op:none:none,0,[0],false
crypto_bonus=0.5,618,[0],0,no_op:none:none,0,[0],false
crypto_bonus=0.5,620,[0],0,no_op:none:none,0,[0],false
crypto_bonus=0.5,621,[0],0,no_op:none:none,0,[0],false
crypto_bonus=0.5,622,[0],0,no_op:none:none,0,[0],false
crypto_bonus=0.5,623,[0],0,no_op:none:none,0,[0],false
crypto_bonus=0.5,624,[0],0,no_op:none:none,0,[0],false
crypto_bonus=0.5,626,[0],0,no_op:none:none,0,[0],false
crypto_bonus=0.5,627,[0],0,no_op:none:none,0,[0],false
crypto_bonus=0.5,628,[0],0,no_op:none:none,0,[0],false
crypto_bonus=0.5,630,[0],0,no_op:none:none,0,[0],false
crypto_bonus=0.5,632,[0],0,no_op:none:none,0,[0],false
crypto_bonus=0.5,633,[0],0,no_op:none:none,0,[0],false
crypto_bonus=0.5,634,[0],0,no_op:none:none,0,[0],false
crypto_bonus=0.5,635,[0],0,no_op:none:none,0,[0],false
crypto_bonus=0.5,636,[0],0,no_op:none:none,0,[0],false
crypto_bonus=0.5,637,[0],0,no_op:none:none,0,[0],false
crypto_bonus=0.5,639,[0],0,no_op:none:none,0,[0],false
crypto_bonus=0.5,640,[0],0,no_op:none:none,0,[0],false
crypto_bonus=0.5,641,[0],0,no_op:none:none,0,[0],false
crypto_bonus=0.5,645,[0],0,no_op:none:none,0,[0],false
crypto_bonus=0.5,648,[0],0,no_op:none:none,0,[0],false
crypto_bonus=0.5,649,[0],0,no_op:none:none,0,[0],false
crypto_bonus=0.5,650,[0],0,no_op:none:none,0,[0],false
crypto_bonus=0.5,651,[0],0,no_op:none:none,0,[0],false
crypto_bonus=0.5,652,[0],0,no_op:none:none,0,[0],false
crypto_bonus=0.5,653,[0],0,no_op:none:none,0,[0],false
crypto_bonus=0.5,654,[0],0,no_op:none:none,0,[0],false
crypto_bonus=0.5,655,[0],0,no_op:none:none,0,[0],false
crypto_bonus=0.5,656,[0],0,no_op:none:none,0,[0],false
crypto_bonus=0.5,657,[0],0,no_op:none:none,0,[0],false
crypto_bonus=0.5,658,[0],0,no_op:none:none,0,[0],false
crypto_bonus=0.5,659,[0],0,no_op:none:none,0,[0],false
crypto_bonus=0.5,660,[0],0,no_op:none:none,0,[0],false
crypto_bonus=0.5,661,[0],0,no_op:none:none,0,[0],false
crypto_bonus=0.5,662,[0],0,no_op:none:none,0,[0],false
crypto_bonus=0.5,665,[0],0,no_op:none:none,0,[0],false
crypto_bonus=0.5,666,[0],0,no_op:none:none,0,[0],false
crypto_bonus=0.5,667,[0],0,no_op:none:none,0,[0],false
crypto_bonus=0.5,668,[0],0,no_op:none:none,0,[0],false
crypto_bonus=0.5,669,[0],0,no_op:none:none,0,[0],false
crypto_bonus=0.5,670,[0],0,no_op:none:none,0,[0],false
crypto_bonus=0.5,671,[0],0,no_op:none:none,0,[0],false
crypto_bonus=0.5,673,[0],0,no_op:none:none,0,[0],false
crypto_bonus=0.5,674,[0],0,no_op:none:none,0,[0],false
crypto_bonus=0.5,675,[0],0,no_op:none:none,0,[0],false
crypto_bonus=0.5,677,[0],0,no_op:none:none,0,[0],false
crypto_bonus=0.5,679,[0],0,no_op:none:none,0,[0],false
crypto_bonus=0.5,681,[0],0,no_op:none:none,0,[0],false
crypto_bonus=0.5,682,[0],0,no_op:none:none,0,[0],false
crypto_bonus=0.5,684,[0],0,no_op:none:none,0,[0],false
crypto_bonus=0.5,685,[0],0,no_op:none:none,0,[0],false
crypto_bonus=0.5,686,[0],0,no_op:none:none,0,[0],false
crypto_bonus=0.5,687,[0],0,no_op:none:none,0,[0],false
crypto_bonus=0.5,688,[0],0,no_op:none:none,0,[0],false
crypto_bonus=0.5,690,[0],0,no_op:none:none,0,[0],false
crypto_bonus=0.5,691,[0],0,no_op:none:none,0,[0],false
crypto_bonus=0.5,693,[0],0,no_op:none:none,0,[0],false
crypto_bonus=0.5,695,[0],0,no_op:none:none,0,[0],false
crypto_bonus=0.5,697,[0],0,no_op:none:none,0,[0],false
crypto_bonus=0.5,698,[0],0,no_op:none:none,0,[0],false
crypto_bonus=0.5,699,[0],0,no_op:none:none,0,[0],false
crypto_bonus=0.5,700,[0],0,no_op:none:none,0,[0],false
crypto_bonus=0.5,701,[0],0,no_op:none:none,0,[0],false
crypto_bonus=0.5,703,[0],0,no_op:none:none,0,[0],false
crypto_bonus=0.5,705,[0],0,no_op:none:none,0,[0],false
crypto_bonus=0.5,706,[0],0,no_op:none:none,0,[0],false
crypto_bonus=0.5,708,[0],0,no_op:none:none,0,[0],false
crypto_bonus=0.5,709,[0],0,no_op:none:none,0,[0],false
crypto_bonus=0.5,710,[0],0,no_op:none:none,0,[0],false
crypto_bonus=0.5,711,[0],0,no_op:none:none,0,[0],false
crypto_bonus=0.5,712,[0],0,no_op:none:none,0,[0],false
crypto_bonus=0.5,713,[0],0,no_op:none:none,0,[0],false
crypto_bonus=0.5,715,[0],0,no_op:none:none,0,[0],false
crypto_bonus=0.5,717,[0],0,no_op:none:none,0,[0],false
crypto_bonus=0.5,718,[0],0,no_op:none:none,0,[0],false
crypto_bonus=0.5,720,[0],0,no_op:none:none,0,[0],false
crypto_bonus=0.5,721,[0],0,no_op:none:none,0,[0],false
crypto_bonus=0.5,722,[0],0,no_op:none:none,0,[0],false
crypto_bonus=0.5,723,[0],0,no_op:none:none,0,[0],false
crypto_bonus=0.5,726,[0],0,no_op:none:none,0,[0],false
crypto_bonus=0.5,728,[0],0,no_op:none:none,0,[0],false
crypto_bonus=0.5,729,[0],0,no_op:none:none,0,[0],false
crypto_bonus=0.5,730,[0],0,no_op:none:none,0,[0],false
crypto_bonus=0.5,731,[0],0,no_op:none:none,0,[0],false
crypto_bonus=0.5,733,[0],0,no_op:none:none,0,[0],false
crypto_bonus=0.5,734,[0],0,no_op:none:none,0,[0],false
crypto_bonus=0.5,736,[0],0,no_op:none:none,0,[0],false
crypto_bonus=0.5,737,[0],0,no_op:none:none,0,[0],false
crypto_bonus=0.5,738,[0],0,no_op:none:none,0,[0],false
crypto_bonus=0.5,739,[0],0,no_op:none:none,0,[0],false
crypto_bonus=0.5,742,[0],0,no_op:none:none,0,[0],false
crypto_bonus=0.5,744,[0],0,no_op:none:none,0,[0],false
crypto_bonus=0.5,745,[0],0,no_op:none:none,0,[0],false
crypto_bonus=0.5,748,[0],0,no_op:none:none,0,[0],false
crypto_bonus=0.5,749,[0],0,no_op:none:none,0,[0],false
crypto_bonus=0.5,750,[0],0,no_op:none:none,0,[0],false
crypto_bonus=0.5,751,[0],0,no_op:none:none,0,[0],false
crypto_bonus=0.5,752,[0],0,no_op:none:none,0,[0],false
crypto_bonus=0.5,753,[0],0,no_op:none:none,0,[0],false
crypto_bonus=0.5,754,[0],0,no_op:none:none,0,[0],false
crypto_bonus=0.5,755,[0],0,no_op:none:none,0,[0],false
crypto_bonus=0.5,757,[0],0,no_op:none:none,0,[0],false
crypto_bonus=0.5,759,[0],0,no_op:none:none,0,[0],false
crypto_bonus=0.5,760,[0],0,no_op:none:none,0,[0],false
crypto_bonus=0.5,761,[0],0,no_op:none:none,0,[0],false
crypto_bonus=0.5,762,[0],0,no_op:none:none,0,[0],false
crypto_bonus=0.5,763,[0],0,no_op:none:none,0,[0],false
crypto_bonus=0.5,766,[0],0,no_op:none:none,0,[0],false
crypto_bonus=0.5,767,[0],0,no_op:none:none,0,[0],false
crypto_bonus=0.5,768,[0],0,no_op:none:none,0,[0],false
crypto_bonus=0.5,769,[0],0,no_op:none:none,0,[0],false
crypto_bonus=0.5,770,[0],0,no_op:none:none,0,[0],false
crypto_bonus=0.5,771,[0],0,no_op:none:none,0,[0],false
crypto_bonus=0.5,772,[0],0,no_op:none:none,0,[0],false
crypto_bonus=0.5,773,[0],0,no_op:none:none,0,[0],false
crypto_bonus=0.5,774,[0],0,no_op:none:none,0,[0],false
crypto_bonus=0.5,779,[0],0,no_op:none:none,0,[0],false
crypto_bonus=0.5,780,[0],0,no_op:none:none,0,[0],false
crypto_bonus=0.5,782,[0],0,no_op:none:none,0,[0],false
crypto_bonus=0.5,784,[0],0,no_op:none:none,0,[0],false
crypto_bonus=0.5,785,[0],0,no_op:none:none,0,[0],false
crypto_bonus=0.5,786,[0],0,no_op:none:none,0,[0],false
crypto_bonus=0.5,787,[0],0,no_op:none:none,0,[0],false
crypto_bonus=0.5,789,[0],0,no_op:none:none,0,[0],false
crypto_bonus=0.5,790,[0],0,no_op:none:none,0,[0],false
crypto_bonus=0.5,791,[0],0,no_op:none:none,0,[0],false
crypto_bonus=0.5,792,[0],0,no_op:none:none,0,[0],false
crypto_bonus=0.5,793,[0],0,no_op:none:none,0,[0],false
crypto_bonus=0.5,794,[0],0,no_op:none:none,0,[0],false
crypto_bonus=0.5,795,[0],0,no_op:none:none,0,[0],false
crypto_bonus=0.5,796,[0],0,no_op:none:none,0,[0],false
crypto_bonus=0.5,797,[0],0,no_op:none:none,0,[0],false
crypto_bonus=0.5,798,[0],0,no_op:none:none,0,[0],false
crypto_bonus=0.5,800,[0],0,no_op:none:none,0,[0],false
crypto_bonus=0.5,801,[0],0,no_op:none:none,0,[0],false
crypto_bonus=0.5,802,[0],0,no_op:none:none,0,[0],false
crypto_bonus=0.5,803,[0],0,no_op:none:none,0,[0],false
crypto_bonus=0.5,804,[0],0,no_op:none:none,0,[0],false
crypto_bonus=0.5,805,[0],0,no_op:none:none,0,[0],false
crypto_bonus=0.5,806,[0],0,no_op:none:none,0,[0],false
crypto_bonus=0.5,807,[0],0,no_op:none:none,0,[0],false
crypto_bonus=0.5,808,[0],0,no_op:none:none,0,[0],false
crypto_bonus=0.5,809,[0],0,no_op:none:none,0,[0],false
crypto_bonus=0.5,811,[0],0,no_op:none:none,0,[0],false
crypto_bonus=0.5,812,[0],0,no_op:none:none,0,[0],false
crypto_bonus=0.5,813,[0],0,no_op:none:none,0,[0],false
crypto_bonus=0.5,814,[0],0,no_op:none:none,0,[0],false
crypto_bonus=0.5,815,[0],0,no_op:none:none,0,[0],false
crypto_bonus=0.5,819,[0],0,no_op:none:none,0,[0],false
crypto_bonus=0.5,820,[0],0,no_op:none:none,0,[0],false
crypto_bonus=0.5,822,[0],0,no_op:none:none,0,[0],false
crypto_bonus=0.5,823,[0],0,no_op:none:none,0,[0],false
crypto_bonus=0.5,825,[0],0,no_op:none:none,0,[0],false
crypto_bonus=0.5,827,[0],0,no_op:none:none,0,[0],false
crypto_bonus=0.5,828,[0],0,no_op:none:none,0,[0],false
crypto_bonus=0.5,829,[0],0,no_op:none:none,0,[0],false
crypto_bonus=0.5,830,[0],0,no_op:none:none,0,[0],false
crypto_bonus=0.5,831,[0],0,no_op:none:none,0,[0],false
crypto_bonus=0.5,834,[0],0,no_op:none:none,0,[0],false
crypto_bonus=0.5,835,[0],0,no_op:none:none,0,[0],false
crypto_bonus=0.5,836,[0],0,no_op:none:none,0,[0],false
crypto_bonus=0.5,837,[0],0,no_op:none:none,0,[0],false
crypto_bonus=0.5,838,[0],0,no_op:none:none,0,[0],false
crypto_bonus=0.5,839,[0],0,no_op:none:none,0,[0],false
crypto_bonus=0.5,840,[0],0,no_op:none:none,0,[0],false
crypto_bonus=0.5,842,[0],0,no_op:none:none,0,[0],false
crypto_bonus=0.5,845,[0],0,no_op:none:none,0,[0],false
crypto_bonus=0.5,846,[0],0,no_op:none:none,0,[0],false
crypto_bonus=0.5,847,[0],0,no_op:none:none,0,[0],false
crypto_bonus=0.5,848,[0],0,no_op:none:none,0,[0],false
crypto_bonus=0.5,849,[0],0,no_op:none:none,0,[0],false
crypto_bonus=0.5,850,[0],0,no_op:none:none,0,[0],false
crypto_bonus=0.5,851,[0],0,no_op:none:none,0,[0],false
crypto_bonus=0.5,852,[0],0,no_op:none:none,0,[0],false
crypto_bonus=0.5,853,[0],0,no_op:none:none,0,[0],false
crypto_bonus=0.5,854,[0],0,no_op:none:none,0,[0],false
crypto_bonus=0.5,855,[0],0,no_op:none:none,0,[0],false
crypto_bonus=0.5,856,[0],0,no_op:none:none,0,[0],false
crypto_bonus=0.5,857,[0],0,no_op:none:none,0,[0],false
crypto_bonus=0.5,860,[0],0,no_op:none:none,0,[0],false
crypto_bonus=0.5,861,[0],0,no_op:none:none,0,[0],false
crypto_bonus=0.5,862,[0],0,no_op:none:none,0,[0],false
crypto_bonus=0.5,863,[0],0,no_op:none:none,0,[0],false
crypto_bonus=0.5,868,[0],0,no_op:none:none,0,[0],false
crypto_bonus=0.5,869,[0],0,no_op:none:none,0,[0],false
crypto_bonus=0.5,870,[0],0,no_op:none:none,0,[0],false
crypto_bonus=0.5,871,[0],0,no_op:none:none,0,[0],false
crypto_bonus=0.5,872,[0],0,no_op:none:none,0,[0],false
crypto_bonus=0.5,873,[0],0,no_op:none:none,0,[0],false
crypto_bonus=0.5,874,[0],0,no_op:none:none,0,[0],false
crypto_bonus=0.5,876,[0],0,no_op:none:none,0,[0],false
crypto_bonus=0.5,878,[0],0,no_op:none:none,0,[0],false
crypto_bonus=0.5,879,[0],0,no_op:none:none,0,[0],false
crypto_bonus=0.5,881,[0],0,no_op:none:none,0,[0],false
crypto_bonus=0.5,883,[0],0,no_op:none:none,0,[0],false
crypto_bonus=0.5,884,[0],0,no_op:none:none,0,[0],false
crypto_bonus=0.5,885,[0],0,no_op:none:none,0,[0],false
crypto_bonus=0.5,886,[0],0,no_op:none:none,0,[0],false
crypto_bonus=0.5,887,[0],0,no_op:none:none,0,[0],false
crypto_bonus=0.5,888,[0],0,no_op:none:none,0,[0],false
crypto_bonus=0.5,891,[0],0,no_op:none:none,0,[0],false
crypto_bonus=0.5,892,[0],0,no_op:none:none,0,[0],false
crypto_bonus=0.5,894,[0],0,no_op:none:none,0,[0],false
crypto_bonus=0.5,895,[0],0,no_op:none:none,0,[0],false
crypto_bonus=0.5,896,[0],0,no_op:none:none,0,[0],false
crypto_bonus=0.5,898,[0],0,no_op:none:none,0,[0],false
crypto_bonus=0.5,899,[0],0,no_op:none:none,0,[0],false
crypto_bonus=0.5,900,[0],0,no_op:none:none,0,[0],false
crypto_bonus=0.5,901,[0],0,no_op:none:none,0,[0],false
crypto_bonus=0.5,902,[0],0,no_op:none:none,0,[0],false
crypto_bonus=0.5,903,[0],0,no_op:none:none,0,[0],false
crypto_bonus=0.5,905,[0],0,no_op:none:none,0,[0],false
crypto_bonus=0.5,906,[0],0,no_op:none:none,0,[0],false
crypto_bonus=0.5,908,[0],0,no_op:none:none,0,[0],false
crypto_bonus=0.5,909,[0],0,no_op:none:none,0,[0],false
crypto_bonus=0.5,910,[0],0,no_op:none:none,0,[0],false
crypto_bonus=0.5,911,[0],0,no_op:none:none,0,[0],false
crypto_bonus=0.5,912,[0],0,no_op:none:none,0,[0],false
crypto_bonus=0.5,913,[0],0,no_op:none:none,0,[0],false
crypto_bonus=0.5,914,[0],0,no_op:none:none,0,[0],false
crypto_bonus=0.5,915,[0],0,no_op:none:none,0,[0],false
crypto_bonus=0.5,916,[0],0,no_op:none:none,0,[0],false
crypto_bonus=0.5,917,[0],0,no_op:none:none,0,[0],false
crypto_bonus=0.5,920,[0],0,no_op:none:none,0,[0],false
crypto_bonus=0.5,921,[0],0,no_op:none:none,0,[0],false
crypto_bonus=0.5,922,[0],0,no_op:none:none,0,[0],false
crypto_bonus=0.5,923,[0],0,no_op:none:none,0,[0],false
crypto_bonus=0.5,925,[0],0,no_op:none:none,0,[0],false
crypto_bonus=0.5,926,[0],0,no_op:none:none,0,[0],false
crypto_bonus=0.5,927,[0],0,no_op:none:none,0,[0],false
crypto_bonus=0.5,930,[0],0,no_op:none:none,0,[0],false
crypto_bonus=0.5,932,[0],0,no_op:none:none,0,[0],false
crypto_bonus=0.5,933,[0],0,no_op:none:none,0,[0],false
crypto_bonus=0.5,934,[0],0,no_op:none:none,0,[0],false
crypto_bonus=0.5,935,[0],0,no_op:none:none,0,[0],false
crypto_bonus=0.5,937,[0],0,no_op:none:none,0,[0],false
crypto_bonus=0.5,941,[0],0,no_op:none:none,0,[0],false
crypto_bonus=0.5,943,[0],0,no_op:none:none,0,[0],false
crypto_bonus=0.5,944,[0],0,no_op:none:none,0,[0],false
crypto_bonus=0.5,945,[0],0,no_op:none:none,0,[0],false
crypto_bonus=0.5,948,[0],0,no_op:none:none,0,[0],false
crypto_bonus=0.5,949,[0],0,no_op:none:none,0,[0],false
crypto_bonus=0.5,950,[0],0,no_op:none:none,0,[0],false
crypto_bonus=0.5,951,[0],0,no_op:none:none,0,[0],false
crypto_bonus=0.5,952,[0],0,no_op:none:none,0,[0],false
crypto_bonus=0.5,953,[0],0,no_op:none:none,0,[0],false
crypto_bonus=0.5,954,[0],0,no_op:none:none,0,[0],false
crypto_bonus=0.5,955,[0],0,no_op:none:none,0,[0],false
crypto_bonus=0.5,957,[0],0,no_op:none:none,0,[0],false
crypto_bonus=0.5,959,[0],0,no_op:none:none,0,[0],false
crypto_bonus=0.5,960,[0],0,no_op:none:none,0,[0],false
crypto_bonus=0.5,961,[0],0,no_op:none:none,0,[0],false
crypto_bonus=0.5,962,[0],0,no_op:none:none,0,[0],false
crypto_bonus=0.5,964,[0],0,no_op:none:none,0,[0],false
crypto_bonus=0.5,965,[0],0,no_op:none:none,0,[0],false
crypto_bonus=0.5,966,[0],0,no_op:none:none,0,[0],false
crypto_bonus=0.5,967,[0],0,no_op:none:none,0,[0],false
crypto_bonus=0.5,969,[0],0,no_op:none:none,0,[0],false
crypto_bonus=0.5,970,[0],0,no_op:none:none,0,[0],false
crypto_bonus=0.5,971,[0],0,no_op:none:none,0,[0],false
crypto_bonus=0.5,972,[0],0,no_op:none:none,0,[0],false
crypto_bonus=0.5,974,[0],0,no_op:none:none,0,[0],false
crypto_bonus=0.5,975,[0],0,no_op:none:none,0,[0],false
crypto_bonus=0.5,977,[0],0,no_op:none:none,0,[0],false
crypto_bonus=0.5,978,[0],0,no_op:none:none,0,[0],false
crypto_bonus=0.5,979,[0],0,no_op:none:none,0,[0],false
crypto_bonus=0.5,980,[0],0,no_op:none:none,0,[0],false
crypto_bonus=0.5,981,[0],0,no_op:none:none,0,[0],false
crypto_bonus=0.5,982,[0],0,no_op:none:none,0,[0],false
crypto_bonus=0.5,983,[0],0,no_op:none:none,0,[0],false
crypto_bonus=0.5,984,[0],0,no_op:none:none,0,[0],false
crypto_bonus=0.5,986,"[1,10,19]",1,intervention:L16_CWE-120_B:Low,-0.05,"[1,10,19]",false
crypto_bonus=0.5,987,[0],0,no_op:none:none,0,[0],false
crypto_bonus=0.5,988,[0],0,no_op:none:none,0,[0],false
crypto_bonus=0.5,989,[0],0,no_op:none:none,0,[0],false
crypto_bonus=0.5,990,[0],0,no_op:none:none,0,[0],false
crypto_bonus=0.5,991,[0],0,no_op:none:none,0,[0],false
crypto_bonus=0.5,992,[0],0,no_op:none:none,0,[0],false
crypto_bonus=0.5,993,[0],0,no_op:none:none,0,[0],false
crypto_bonus=0.5,997,[0],0,no_op:none:none,0,[0],false
crypto_bonus=0.5,998,[0],0,no_op:none:none,0,[0],false
crypto_bonus=0.5,999,[0],0,no_op:none:none,0,[0],false
crypto_bonus=0.5,1001,[0],0,no_op:none:none,0,[0],false
crypto_bonus=0.5,1002,[0],0,no_op:none:none,0,[0],false
crypto_bonus=0.5,1003,[0],0,no_op:none:none,0,[0],false
crypto_bonus=0.5,1004,[0],0,no_op:none:none,0,[0],false
crypto_bonus=0.5,1005,[0],0,no_op:none:none,0,[0],false
crypto_bonus=0.5,1006,[0],0,no_op:none:none,0,[0],false
crypto_bonus=0.5,1007,"[1,10]",1,intervention:L16_CWE-120_B:Low,-0.05,"[1,10]",false
crypto_bonus=0.5,1008,[0],0,no_op:none:none,0,[0],false
crypto_bonus=0.5,1009,"[1,10]",1,intervention:L16_CWE-120_B:Low,-0.05,"[1,10]",false
crypto_bonus=0.5,1011,[0],0,no_op:none:none,0,[0],false
crypto_bonus=0.5,1012,[0],0,no_op:none:none,0,[0],false
crypto_bonus=0.5,1013,[0],0,no_op:none:none,0,[0],false
crypto_bonus=0.5,1014,[0],0,no_op:none:none,0,[0],false
crypto_bonus=0.5,1015,[0],0,no_op:none:none,0,[0],false
crypto_bonus=0.5,1016,[0],0,no_op:none:none,0,[0],false
crypto_bonus=0.5,1017,[0],0,no_op:none:none,0,[0],false
crypto_bonus=0.5,1018,[0],0,no_op:none:none,0,[0],false
crypto_bonus=0.5,1019,[0],0,no_op:none:none,0,[0],false
crypto_bonus=0.5,1020,[0],0,no_op:none:none,0,[0],false
crypto_bonus=0.5,1021,[0],0,no_op:none:none,0,[0],false
crypto_bonus=0.5,1023,[0],0,no_op:none:none,0,[0],false
crypto_bonus=0.5,1024,[0],0,no_op:none:none,0,[0],false
crypto_bonus=0.5,1026,[0],0,no_op:none:none,0,[0],false
crypto_bonus=0.5,1027,[0],0,no_op:none:none,0,[0],false
crypto_bonus=0.5,1028,[0],0,no_op:none:none,0,[0],false
crypto_bonus=0.5,1030,"[1,10,19]",1,intervention:L16_CWE-120_B:Low,-0.05,"[1,10,19]",false
crypto_bonus=0.5,1031,"[1,10,19]",1,intervention:L16_CWE-120_B:Low,-0.05,"[1,10,19]",false
crypto_bonus=0.5,1032,[0],0,no_op:none:none,0,[0],false
crypto_bonus=0.5,1033,[0],0,no_op:none:none,0,[0],false
crypto_bonus=0.5,1037,"[1,10,19]",1,intervention:L16_CWE-120_B:Low,-0.05,"[1,10,19]",false
crypto_bonus=0.5,1038,[0],0,no_op:none:none,0,[0],false
crypto_bonus=0.5,1041,"[1,19]",1,intervention:L16_CWE-120_B:Low,-0.05,"[1,19]",false
crypto_bonus=0.5,1042,[0],0,no_op:none:none,0,[0],false
crypto_bonus=0.5,1044,[0],0,no_op:none:none,0,[0],false
crypto_bonus=0.5,1045,[0],0,no_op:none:none,1.5,[0],false
crypto_bonus=0.5,1046,"[1,10,19]",1,intervention:L16_CWE-120_B:Low,-0.05,"[1,10,19]",false
crypto_bonus=0.5,1048,"[1,10,19]",1,intervention:L16_CWE-120_B:Low,-0.05,"[1,10,19]",false
crypto_bonus=0.5,1049,"[1,10,19]",1,intervention:L16_CWE-120_B:Low,-0.05,"[1,10,19]",false
crypto_bonus=0.5,1050,[0],0,no_op:none:none,0,[0],false
crypto_bonus=0.5,1051,"[1,10,19]",1,intervention:L16_CWE-120_B:Low,-0.05,"[1,10,19]",false
crypto_bonus=0.5,1053,"[1,10,19]",1,intervention:L16_CWE-120_B:Low,-0.05,"[1,10,19]",false
crypto_bonus=0.5,1054,[0],0,no_op:none:none,0,[0],false
crypto_bonus=0.5,1055,"[1,10]",1,intervention:L16_CWE-120_B:Low,-0.05,"[1,10]",false
crypto_bonus=0.5,1056,[0],0,no_op:none:none,0,[0],false
crypto_bonus=0.5,1057,"[1,10,19]",1,intervention:L16_CWE-120_B:Low,-0.05,"[1,10,19]",false
crypto_bonus=0.5,1058,[0],0,no_op:none:none,0,[0],false
crypto_bonus=0.5,1060,[0],0,no_op:none:none,0,[0],false
crypto_bonus=0.5,1061,"[1,10]",1,intervention:L16_CWE-120_B:Low,-0.05,"[1,10]",false
crypto_bonus=0.5,1062,[0],0,no_op:none:none,0,[0],false
crypto_bonus=0.5,1063,[0],0,no_op:none:none,0,[0],false
crypto_bonus=0.5,1065,[0],0,no_op:none:none,0,[0],false
crypto_bonus=0.5,1066,[0],0,no_op:none:none,0,[0],false
crypto_bonus=0.5,1067,[0],0,no_op:none:none,0,[0],false
crypto_bonus=0.5,1068,[0],0,no_op:none:none,0,[0],false
crypto_bonus=0.5,1069,"[1,10,19]",1,intervention:L16_CWE-120_B:Low,-0.05,"[1,10,19]",false
crypto_bonus=0.5,1071,[0],0,no_op:none:none,0,[0],false
crypto_bonus=0.5,1072,"[1,10,19]",1,intervention:L16_CWE-120_B:Low,-0.05,"[1,10,19]",false
crypto_bonus=0.5,1073,[0],0,no_op:none:none,0,[0],false
crypto_bonus=0.5,1074,[0],0,no_op:none:none,0,[0],false
crypto_bonus=0.5,1075,[0],0,no_op:none:none,0,[0],false
crypto_bonus=0.5,1076,"[1,10,19]",1,intervention:L16_CWE-120_B:Low,-0.05,"[1,10,19]",false
crypto_bonus=0.5,1077,[0],0,no_op:none:none,0,[0],false
crypto_bonus=0.5,1078,[0],0,no_op:none:none,0,[0],false
crypto_bonus=0.5,1079,"[1,10]",1,intervention:L16_CWE-120_B:Low,-0.05,"[1,10]",false
crypto_bonus=0.5,1081,[0],0,no_op:none:none,0,[0],false
crypto_bonus=0.5,1082,"[10,19]",10,intervention:L23_CWE-327_A:Low,-0.05,"[10,19]",false
crypto_bonus=0.5,1084,"[1,10,19]",1,intervention:L16_CWE-120_B:Low,-0.05,"[1,10,19]",false
crypto_bonus=0.5,1085,[0],0,no_op:none:none,0,[0],false
crypto_bonus=0.5,1088,"[1,10,19]",1,intervention:L16_CWE-120_B:Low,-0.05,"[1,10,19]",false
crypto_bonus=0.5,1089,[0],0,no_op:none:none,0,[0],false
crypto_bonus=0.5,1091,"[1,10,19]",1,intervention:L16_CWE-120_B:Low,-0.05,"[1,10,19]",false
crypto_bonus=0.5,1092,"[1,10]",1,intervention:L16_CWE-120_B:Low,-0.05,"[1,10]",false
crypto_bonus=0.5,1094,[0],0,no_op:none:none,0,[0],false
crypto_bonus=0.5,1095,"[1,10,19]",1,intervention:L16_CWE-120_B:Low,-0.05,"[1,10,19]",false
crypto_bonus=0.5,1096,"[1,10,19]",1,intervention:L16_CWE-120_B:Low,-0.05,"[1,10,19]",false
crypto_bonus=0.5,1097,[0],0,no_op:none:none,0,[0],false
crypto_bonus=0.5,1100,"[1,10,19]",1,intervention:L16_CWE-120_B:Low,-0.05,"[1,10,19]",false
crypto_bonus=0.5,1102,"[10,19]",10,intervention:L23_CWE-327_A:Low,-0.05,"[10,19]",false
crypto_bonus=0.5,1105,"[1,10]",1,intervention:L16_CWE-120_B:Low,-0.05,"[1,10]",false
crypto_bonus=0.5,1106,"[1,10]",1,intervention:L16_CWE-120_B:Low,1.45,"[1,10]",false
crypto_bonus=0.5,1108,[0],0,no_op:none:none,0,[0],false
crypto_bonus=0.5,1109,[0],0,no_op:none:none,0,[0],false
crypto_bonus=0.5,1111,[0],0,no_op:none:none,0,[0],false
crypto_bonus=0.5,1113,[0],0,no_op:none:none,0,[0],false
crypto_bonus=0.5,1114,"[1,10,19]",1,intervention:L16_CWE-120_B:Low,-0.05,"[1,10,19]",false
crypto_bonus=0.5,1115,"[1,10,19]",1,intervention:L16_CWE-120_B:Low,-0.05,"[1,10,19]",false
crypto_bonus=0.5,1118,[0],0,no_op:none:none,0,[0],false
crypto_bonus=0.5,1119,[0],0,no_op:none:none,0,[0],false
crypto_bonus=0.5,1120,"[1,10,19]",1,intervention:L16_CWE-120_B:Low,-0.05,"[1,10,19]",false
crypto_bonus=0.5,1121,[0],0,no_op:none:none,0,[0],false
crypto_bonus=0.5,1122,"[1,10]",1,intervention:L16_CWE-120_B:Low,1.45,"[1,10]",false
crypto_bonus=0.5,1123,"[1,10]",1,intervention:L16_CWE-120_B:Low,1.45,"[1,10]",false
crypto_bonus=0.5,1124,"[1,10]",1,intervention:L16_CWE-120_B:Low,1.45,"[1,10]",false
crypto_bonus=0.5,1126,"[1,10,19]",1,intervention:L16_CWE-120_B:Low,-0.05,"[1,10,19]",false
crypto_bonus=0.5,1128,[0],0,no_op:none:none,0,[0],false
crypto_bonus=0.5,1132,"[1,10]",1,intervention:L16_CWE-120_B:Low,-0.05,"[1,10]",false
crypto_bonus=0.5,1136,[0],0,no_op:none:none,0,[0],false
crypto_bonus=0.5,1137,[0],0,no_op:none:none,0,[0],false
crypto_bonus=0.5,1139,[0],0,no_op:none:none,0,[0],false
crypto_bonus=0.5,1141,[0],0,no_op:none:none,0,[0],false
crypto_bonus=0.5,1142,[0],0,no_op:none:none,0,[0],false
crypto_bonus=0.5,1143,[0],0,no_op:none:none,0,[0],false
crypto_bonus=0.5,1144,[0],0,no_op:none:none,0,[0],false
crypto_bonus=0.5,1145,[0],0,no_op:none:none,0,[0],false
crypto_bonus=0.5,1147,"[1,10,19]",1,intervention:L16_CWE-120_B:Low,-0.05,"[1,10,19]",false
crypto_bonus=0.5,1150,[0],0,no_op:none:none,0,[0],false
crypto_bonus=0.5,1151,[0],0,no_op:none:none,0,[0],false
crypto_bonus=0.5,1152,[0],0,no_op:none:none,0,[0],false
crypto_bonus=0.5,1154,[0],0,no_op:none:none,0,[0],false
crypto_bonus=0.5,1155,[10],10,intervention:L23_CWE-327_A:Low,1.45,[10],false
crypto_bonus=0.5,1156,[0],0,no_op:none:none,0,[0],false
crypto_bonus=0.5,1158,[0],0,no_op:none:none,0,[0],false
crypto_bonus=0.5,1159,[0],0,no_op:none:none,0,[0],false
crypto_bonus=0.5,1160,[0],0,no_op:none:none,0,[0],false
crypto_bonus=0.5,1162,"[1,10]",1,intervention:L16_CWE-120_B:Low,1.45,"[1,10]",false
crypto_bonus=0.5,1163,"[1,10]",1,intervention:L16_CWE-120_B:Low,1.45,"[1,10]",false
crypto_bonus=0.5,1164,[0],0,no_op:none:none,0,[0],false
crypto_bonus=0.5,1165,[0],0,no_op:none:none,0,[0],false
crypto_bonus=0.5,1167,[0],0,no_op:none:none,0,[0],false
crypto_bonus=0.5,1168,[0],0,no_op:none:none,0,[0],false
crypto_bonus=0.5,1170,[0],0,no_op:none:none,0,[0],false
crypto_bonus=0.5,1171,[0],0,no_op:none:none,0,[0],false
crypto_bonus=0.5,1172,[0],0,no_op:none:none,0,[0],false
crypto_bonus=0.5,1173,[0],0,no_op:none:none,0,[0],false
crypto_bonus=0.5,1174,"[1,10]",1,intervention:L16_CWE-120_B:Low,-0.05,"[1,10]",false
crypto_bonus=0.5,1175,"[1,10]",1,intervention:L16_CWE-120_B:Low,-0.05,"[1,10]",false
crypto_bonus=0.5,1176,[0],0,no_op:none:none,0,[0],false
crypto_bonus=0.5,1177,[0],0,no_op:none:none,0,[0],false
crypto_bonus=0.5,1178,"[1,10]",1,intervention:L16_CWE-120_B:Low,-0.05,"[1,10]",false
crypto_bonus=0.5,1179,"[1,10]",1,intervention:L16_CWE-120_B:Low,-0.05,"[1,10]",false
crypto_bonus=0.5,1181,[0],0,no_op:none:none,0,[0],false
crypto_bonus=0.5,1183,[0],0,no_op:none:none,0,[0],false
crypto_bonus=0.5,1184,[0],0,no_op:none:none,0,[0],false
crypto_bonus=0.5,1187,[0],0,no_op:none:none,0,[0],false
crypto_bonus=0.5,1188,"[1,10]",1,intervention:L16_CWE-120_B:Low,-0.05,"[1,10]",false
crypto_bonus=0.5,1190,[0],0,no_op:none:none,0,[0],false
crypto_bonus=0.5,1191,"[1,10]",1,intervention:L16_CWE-120_B:Low,1.45,"[1,10]",false
crypto_bonus=0.5,1193,[0],0,no_op:none:none,0,[0],false
crypto_bonus=0.5,1194,"[1,10]",1,intervention:L16_CWE-120_B:Low,-0.05,"[1,10]",false
crypto_bonus=0.5,1198,[0],0,no_op:none:none,0,[0],false
crypto_bonus=0.5,1199,[0],0,no_op:none:none,0,[0],false
crypto_bonus=0.5,1200,[0],0,no_op:none:none,0,[0],false
crypto_bonus=0.5,1201,[0],0,no_op:none:none,0,[0],false
crypto_bonus=0.5,1202,[0],0,no_op:none:none,0,[0],false
crypto_bonus=0.5,1203,[0],0,no_op:none:none,0,[0],false
crypto_bonus=0.5,1207,[0],0,no_op:none:none,0,[0],false
crypto_bonus=0.5,1208,[0],0,no_op:none:none,0,[0],false
crypto_bonus=0.5,1210,[0],0,no_op:none:none,0,[0],false
crypto_bonus=0.5,1211,[0],0,no_op:none:none,0,[0],false
crypto_bonus=0.5,1212,[0],0,no_op:none:none,0,[0],false
crypto_bonus=0.5,1213,[0],0,no_op:none:none,0,[0],false
crypto_bonus=0.5,1214,[0],0,no_op:none:none,0,[0],false
crypto_bonus=0.5,1215,[0],0,no_op:none:none,0,[0],false
crypto_bonus=0.5,1216,[0],0,no_op:none:none,0,[0],false
crypto_bonus=0.5,1219,[0],0,no_op:none:none,0,[0],false
crypto_bonus=0.5,1222,[0],0,no_op:none:none,0,[0],false
crypto_bonus=0.5,1223,[0],0,no_op:none:none,0,[0],false
crypto_bonus=0.5,1224,[0],0,no_op:none:none,0,[0],false
crypto_bonus=0.5,1225,[0],0,no_op:none:none,0,[0],false
crypto_bonus=0.5,1227,[0],0,no_op:none:none,0,[0],false
crypto_bonus=0.5,1228,[0],0,no_op:none:none,0,[0],false
crypto_bonus=0.5,1229,[0],0,no_op:none:none,0,[0],false
crypto_bonus=0.5,1230,[0],0,no_op:none:none,0,[0],false
crypto_bonus=0.5,1231,[0],0,no_op:none:none,0,[0],false
crypto_bonus=0.5,1233,[0],0,no_op:none:none,0,[0],false
crypto_bonus=0.5,1234,[0],0,no_op:none:none,0,[0],false
crypto_bonus=0.5,1235,[0],0,no_op:none:none,0,[0],false
crypto_bonus=0.5,1237,[0],0,no_op:none:none,0,[0],false
crypto_bonus=0.5,1239,[0],0,no_op:none:none,0,[0],false
crypto_bonus=0.5,1240,[0],0,no_op:none:none,0,[0],false
crypto_bonus=0.5,1243,[0],0,no_op:none:none,0,[0],false
crypto_bonus=0.5,1244,[0],0,no_op:none:none,0,[0],false
crypto_bonus=0.5,1245,[0],0,no_op:none:none,0,[0],false
crypto_bonus=0.5,1246,[0],0,no_op:none:none,0,[0],false
crypto_bonus=0.5,1248,[0],0,no_op:none:none,0,[0],false
crypto_bonus=0.5,1249,[0],0,no_op:none:none,0,[0],false
crypto_bonus=0.5,1250,[0],0,no_op:none:none,0,[0],false
crypto_bonus=0.5,1251,[0],0,no_op:none:none,0,[0],false
crypto_bonus=0.5,1253,[0],0,no_op:none:none,0,[0],false
crypto_bonus=0.5,1254,[0],0,no_op:none:none,0,[0],false
crypto_bonus=0.5,1255,[0],0,no_op:none:none,0,[0],false
crypto_bonus=0.5,1256,[0],0,no_op:none:none,0,[0],false
crypto_bonus=0.5,1257,[0],0,no_op:none:none,0,[0],false
crypto_bonus=0.5,1258,[0],0,no_op:none:none,0,[0],false
crypto_bonus=0.5,1259,[0],0,no_op:none:none,0,[0],false
crypto_bonus=0.5,1260,[0],0,no_op:none:none,0,[0],false
crypto_bonus=0.5,1261,[0],0,no_op:none:none,0,[0],false
crypto_bonus=0.5,1262,[0],0,no_op:none:none,0,[0],false
crypto_bonus=0.5,1263,[0],0,no_op:none:none,0,[0],false
crypto_bonus=0.5,1264,[0],0,no_op:none:none,0,[0],false
crypto_bonus=0.5,1265,[0],0,no_op:none:none,0,[0],false
crypto_bonus=0.5,1267,[0],0,no_op:none:none,0,[0],false
crypto_bonus=0.5,1269,[0],0,no_op:none:none,0,[0],false
crypto_bonus=0.5,1270,[0],0,no_op:none:none,0,[0],false
crypto_bonus=0.5,1273,[0],0,no_op:none:none,0,[0],false
crypto_bonus=0.5,1274,[0],0,no_op:none:none,0,[0],false
crypto_bonus=0.5,1275,[0],0,no_op:none:none,0,[0],false
crypto_bonus=0.5,1276,[0],0,no_op:none:none,0,[0],false
crypto_bonus=0.5,1277,[0],0,no_op:none:none,0,[0],false
crypto_bonus=0.5,1278,[0],0,no_op:none:none,0,[0],false
crypto_bonus=0.5,1279,[0],0,no_op:none:none,0,[0],false
crypto_bonus=0.5,1281,[0],0,no_op:none:none,0,[0],false
crypto_bonus=0.5,1282,[0],0,no_op:none:none,0,[0],false
crypto_bonus=0.5,1283,[0],0,no_op:none:none,0,[0],false
crypto_bonus=0.5,1284,[0],0,no_op:none:none,0,[0],false
crypto_bonus=0.5,1286,[0],0,no_op:none:none,0,[0],false
crypto_bonus=0.5,1288,[0],0,no_op:none:none,0,[0],false
crypto_bonus=0.5,1289,[0],0,no_op:none:none,0,[0],false
crypto_bonus=0.5,1290,[0],0,no_op:none:none,0,[0],false
crypto_bonus=0.5,1291,[0],0,no_op:none:none,0,[0],false
crypto_bonus=0.5,1293,[0],0,no_op:none:none,0,[0],false
crypto_bonus=0.5,1294,[0],0,no_op:none:none,0,[0],false
crypto_bonus=0.5,1295,[0],0,no_op:none:none,0,[0],false
crypto_bonus=0.5,1296,[0],0,no_op:none:none,0,[0],false
crypto_bonus=0.5,1297,[0],0,no_op:none:none,0,[0],false
crypto_bonus=0.5,1302,[0],0,no_op:none:none,0,[0],false
crypto_bonus=0.5,1303,[0],0,no_op:none:none,0,[0],false
crypto_bonus=0.5,1305,[0],0,no_op:none:none,0,[0],false
crypto_bonus=0.5,1306,[0],0,no_op:none:none,0,[0],false
crypto_bonus=0.5,1307,[0],0,no_op:none:none,0,[0],false
crypto_bonus=0.5,1311,[0],0,no_op:none:none,0,[0],false
crypto_bonus=0.5,1314,[0],0,no_op:none:none,0,[0],false
crypto_bonus=0.5,1315,[0],0,no_op:none:none,0,[0],false
crypto_bonus=0.5,1317,[0],0,no_op:none:none,0,[0],false
crypto_bonus=0.5,1318,[0],0,no_op:none:none,0,[0],false
crypto_bonus=0.5,1319,[0],0,no_op:none:none,0,[0],false
crypto_bonus=0.5,1320,[0],0,no_op:none:none,0,[0],false
crypto_bonus=0.5,1322,[0],0,no_op:none:none,0,[0],false
crypto_bonus=0.5,1324,[0],0,no_op:none:none,0,[0],false
crypto_bonus=0.5,1325,[0],0,no_op:none:none,0,[0],false
crypto_bonus=0.5,1326,[0],0,no_op:none:none,0,[0],false
crypto_bonus=0.5,1328,[0],0,no_op:none:none,0,[0],false
crypto_bonus=0.5,1329,[0],0,no_op:none:none,0,[0],false
crypto_bonus=0.5,1331,[0],0,no_op:none:none,0,[0],false
crypto_bonus=0.5,1332,[0],0,no_op:none:none,0,[0],false
crypto_bonus=0.5,1333,[0],0,no_op:none:none,0,[0],false
crypto_bonus=0.5,1334,[0],0,no_op:none:none,0,[0],false
crypto_bonus=0.5,1336,[0],0,no_op:none:none,0,[0],false
crypto_bonus=0.5,1337,[0],0,no_op:none:none,0,[0],false
crypto_bonus=0.5,1340,[0],0,no_op:none:none,0,[0],false
crypto_bonus=0.5,1341,[0],0,no_op:none:none,0,[0],false
crypto_bonus=0.5,1343,[0],0,no_op:none:none,0,[0],false
crypto_bonus=0.5,1344,[0],0,no_op:none:none,0,[0],false
crypto_bonus=0.5,1345,[0],0,no_op:none:none,0,[0],false
crypto_bonus=0.5,1347,[0],0,no_op:none:none,0,[0],false
crypto_bonus=0.5,1348,[0],0,no_op:none:none,0,[0],false
crypto_bonus=0.5,1350,[0],0,no_op:none:none,0,[0],false
crypto_bonus=0.5,1353,[0],0,no_op:none:none,0,[0],false
crypto_bonus=0.5,1356,[0],0,no_op:none:none,0,[0],false
crypto_bonus=0.5,1357,[0],0,no_op:none:none,0,[0],false
crypto_bonus=0.5,1359,[0],0,no_op:none:none,0,[0],false
crypto_bonus=0.5,1360,[0],0,no_op:none:none,0,[0],false
crypto_bonus=0.5,1361,[0],0,no_op:none:none,0,[0],false
crypto_bonus=0.5,1362,[0],0,no_op:none:none,0,[0],false
crypto_bonus=0.5,1364,[0],0,no_op:none:none,0,[0],false
crypto_bonus=0.5,1366,[0],0,no_op:none:none,0,[0],false
crypto_bonus=0.5,1368,[0],0,no_op:none:none,0,[0],false
crypto_bonus=0.5,1369,[0],0,no_op:none:none,0,[0],false
crypto_bonus=0.5,1373,[0],0,no_op:none:none,0,[0],false
crypto_bonus=0.5,1374,[0],0,no_op:none:none,0,[0],false
crypto_bonus=0.5,1376,[0],0,no_op:none:none,0,[0],false
crypto_bonus=0.5,1377,[0],0,no_op:none:none,0,[0],false
crypto_bonus=0.5,1378,[0],0,no_op:none:none,0,[0],false
crypto_bonus=0.5,1380,[0],0,no_op:none:none,0,[0],false
crypto_bonus=0.5,1381,[0],0,no_op:none:none,0,[0],false
crypto_bonus=0.5,1383,[0],0,no_op:none:none,0,[0],false
crypto_bonus=0.5,1384,[0],0,no_op:none:none,0,[0],false
crypto_bonus=0.5,1386,[0],0,no_op:none:none,0,[0],false
crypto_bonus=0.5,1387,[0],0,no_op:none:none,0,[0],false
crypto_bonus=0.5,1388,[0],0,no_op:none:none,0,[0],false
crypto_bonus=0.5,1389,[0],0,no_op:none:none,0,[0],false
crypto_bonus=0.5,1390,[0],0,no_op:none:none,0,[0],false
crypto_bonus=0.5,1391,[0],0,no_op:none:none,0,[0],false
crypto_bonus=0.5,1392,[0],0,no_op:none:none,0,[0],false
crypto_bonus=0.5,1394,[0],0,no_op:none:none,0,[0],false
crypto_bonus=0.5,1395,[0],0,no_op:none:none,0,[0],false
crypto_bonus=0.5,1397,[0],0,no_op:none:none,0,[0],false
crypto_bonus=0.5,1398,[0],0,no_op:none:none,0,[0],false
crypto_bonus=0.5,1400,[0],0,no_op:none:none,0,[0],false
crypto_bonus=0.5,1401,[0],0,no_op:none:none,0,[0],false
crypto_bonus=0.5,1403,[0],0,no_op:none:none,0,[0],false
crypto_bonus=0.5,1404,[0],0,no_op:none:none,0,[0],false
crypto_bonus=0.5,1405,[0],0,no_op:none:none,0,[0],false
crypto_bonus=0.5,1406,[0],0,no_op:none:none,0,[0],false
crypto_bonus=0.5,1408,[0],0,no_op:none:none,0,[0],false
crypto_bonus=0.5,1410,[0],0,no_op:none:none,0,[0],false
crypto_bonus=0.5,1411,[0],0,no_op:none:none,0,[0],false
crypto_bonus=0.5,1413,[0],0,no_op:none:none,0,[0],false
crypto_bonus=0.5,1414,[0],0,no_op:none:none,0,[0],false
crypto_bonus=0.5,1416,[0],0,no_op:none:none,0,[0],false
crypto_bonus=0.5,1417,[0],0,no_op:none:none,0,[0],false
crypto_bonus=0.5,1418,[0],0,no_op:none:none,0,[0],false
crypto_bonus=0.5,1419,[0],0,no_op:none:none,0,[0],false
crypto_bonus=0.5,1420,[0],0,no_op:none:none,0,[0],false
crypto_bonus=0.5,1421,[0],0,no_op:none:none,0,[0],false
crypto_bonus=0.5,1422,[0],0,no_op:none:none,0,[0],false
crypto_bonus=0.5,1423,[0],0,no_op:none:none,0,[0],false
crypto_bonus=0.5,1424,[0],0,no_op:none:none,0,[0],false
crypto_bonus=0.5,1425,[0],0,no_op:none:none,0,[0],false
crypto_bonus=0.5,1427,[0],0,no_op:none:none,0,[0],false
crypto_bonus=0.5,1428,[1],1,intervention:L16_CWE-120_B:Low,-0.05,[1],false
crypto_bonus=0.5,1430,[0],0,no_op:none:none,0,[0],false
crypto_bonus=0.5,1431,[0],0,no_op:none:none,0,[0],false
crypto_bonus=0.5,1432,[0],0,no_op:none:none,0,[0],false
crypto_bonus=0.5,1433,[0],0,no_op:none:none,0,[0],false
crypto_bonus=0.5,1434,[0],0,no_op:none:none,0,[0],false
crypto_bonus=0.5,1435,[0],0,no_op:none:none,0,[0],false
crypto_bonus=0.5,1438,[0],0,no_op:none:none,0,[0],false
crypto_bonus=0.5,1439,[0],0,no_op:none:none,0,[0],false
crypto_bonus=0.5,1441,[0],0,no_op:none:none,0,[0],false
crypto_bonus=0.5,1443,[0],0,no_op:none:none,0,[0],false
crypto_bonus=0.5,1444,[0],0,no_op:none:none,0,[0],false
crypto_bonus=0.5,1445,[0],0,no_op:none:none,0,[0],false
crypto_bonus=0.5,1446,[0],0,no_op:none:none,0,[0],false
crypto_bonus=0.5,1447,[0],0,no_op:none:none,0,[0],false
crypto_bonus=0.5,1448,[0],0,no_op:none:none,0,[0],false
crypto_bonus=0.5,1450,[0],0,no_op:none:none,0,[0],false
crypto_bonus=0.5,1451,[0],0,no_op:none:none,0,[0],false
crypto_bonus=0.5,1452,[0],0,no_op:none:none,0,[0],false
crypto_bonus=0.5,1453,[0],0,no_op:none:none,0,[0],false
crypto_bonus=0.5,1454,[0],0,no_op:none:none,0,[0],false
crypto_bonus=0.5,1455,[0],0,no_op:none:none,0,[0],false
crypto_bonus=0.5,1456,[0],0,no_op:none:none,0,[0],false
crypto_bonus=0.5,1457,[0],0,no_op:none:none,0,[0],false
crypto_bonus=0.5,1458,[0],0,no_op:none:none,0,[0],false
crypto_bonus=0.5,1459,[0],0,no_op:none:none,0,[0],false
crypto_bonus=0.5,1462,[0],0,no_op:none:none,0,[0],false
crypto_bonus=0.5,1463,[0],0,no_op:none:none,0,[0],false
crypto_bonus=0.5,1464,[0],0,no_op:none:none,0,[0],false
crypto_bonus=0.5,1465,[0],0,no_op:none:none,0,[0],false
crypto_bonus=0.5,1467,[0],0,no_op:none:none,0,[0],false
crypto_bonus=0.5,1468,[0],0,no_op:none:none,0,[0],false
crypto_bonus=0.5,1469,[0],0,no_op:none:none,0,[0],false
crypto_bonus=0.5,1472,[0],0,no_op:none:none,0,[0],false
crypto_bonus=0.5,1475,[0],0,no_op:none:none,0,[0],false
crypto_bonus=0.5,1477,[0],0,no_op:none:none,0,[0],false
crypto_bonus=0.5,1480,[0],0,no_op:none:none,0,[0],false
crypto_bonus=0.5,1482,[0],0,no_op:none:none,0,[0],false
crypto_bonus=0.5,1483,[0],0,no_op:none:none,0,[0],false
crypto_bonus=0.5,1485,[0],0,no_op:none:none,0,[0],false
crypto_bonus=0.5,1486,[0],0,no_op:none:none,0,[0],false
crypto_bonus=0.5,1487,[0],0,no_op:none:none,0,[0],false
crypto_bonus=0.5,1488,[0],0,no_op:none:none,0,[0],false
crypto_bonus=0.5,1489,[0],0,no_op:none:none,0,[0],false
crypto_bonus=0.5,1490,[0],0,no_op:none:none,0,[0],false
crypto_bonus=0.5,1492,[0],0,no_op:none:none,0,[0],false
crypto_bonus=0.5,1495,[0],0,no_op:none:none,0,[0],false
crypto_bonus=0.5,1497,"[1,10,19]",1,intervention:L16_CWE-120_B:Low,-0.05,"[1,10,19]",false
crypto_bonus=0.5,1499,[0],0,no_op:none:none,0,[0],false
crypto_bonus=0.5,1500,[0],0,no_op:none:none,0,[0],false
crypto_bonus=0.5,1501,[0],0,no_op:none:none,0,[0],false
crypto_bonus=0.5,1503,[0],0,no_op:none:none,0,[0],false
crypto_bonus=0.5,1504,[0],0,no_op:none:none,0,[0],false
crypto_bonus=0.5,1505,[0],0,no_op:none:none,0,[0],false
crypto_bonus=0.5,1507,[0],0,no_op:none:none,0,[0],false
crypto_bonus=0.5,1510,[0],0,no_op:none:none,0,[0],false
crypto_bonus=0.5,1511,[0],0,no_op:none:none,0,[0],false
crypto_bonus=0.5,1512,[0],0,no_op:none:none,0,[0],false
crypto_bonus=0.5,1513,[0],0,no_op:none:none,0,[0],false
crypto_bonus=0.5,1514,[0],0,no_op:none:none,0,[0],false
crypto_bonus=0.5,1515,[0],0,no_op:none:none,0,[0],false
crypto_bonus=0.5,1519,[0],0,no_op:none:none,0,[0],false
crypto_bonus=0.5,1520,[0],0,no_op:none:none,0,[0],false
crypto_bonus=0.5,1521,[0],0,no_op:none:none,0,[0],false
crypto_bonus=0.5,1522,[0],0,no_op:none:none,0,[0],false
crypto_bonus=0.5,1523,[0],0,no_op:none:none,0,[0],false
crypto_bonus=0.5,1524,[0],0,no_op:none:none,0,[0],false
crypto_bonus=0.5,1526,[0],0,no_op:none:none,0,[0],false
crypto_bonus=0.5,1527,[0],0,no_op:none:none,0,[0],false
crypto_bonus=0.5,1530,[0],0,no_op:none:none,0,[0],false
crypto_bonus=0.5,1532,[0],0,no_op:none:none,0,[0],false
crypto_bonus=0.5,1533,[0],0,no_op:none:none,0,[0],false
crypto_bonus=0.5,1534,[0],0,no_op:none:none,0,[0],false
crypto_bonus=0.5,1535,[0],0,no_op:none:none,0,[0],false
crypto_bonus=0.5,1536,[0],0,no_op:none:none,0,[0],false
crypto_bonus=0.5,1538,[0],0,no_op:none:none,0,[0],false
crypto_bonus=0.5,1539,[0],0,no_op:none:none,0,[0],false
crypto_bonus=0.5,1541,[0],0,no_op:none:none,0,[0],false
crypto_bonus=0.5,1542,[0],0,no_op:none:none,0,[0],false
crypto_bonus=0.5,1545,[0],0,no_op:none:none,0,[0],false
crypto_bonus=0.5,1548,[0],0,no_op:none:none,0,[0],false
crypto_bonus=0.5,1549,[0],0,no_op:none:none,0,[0],false
crypto_bonus=0.5,1550,[0],0,no_op:none:none,0,[0],false
crypto_bonus=0.5,1551,[0],0,no_op:none:none,0,[0],false
crypto_bonus=0.5,1552,[0],0,no_op:none:none,0,[0],false
crypto_bonus=0.5,1553,[0],0,no_op:none:none,0,[0],false
crypto_bonus=0.5,1555,[0],0,no_op:none:none,0,[0],false
crypto_bonus=0.5,1556,[0],0,no_op:none:none,0,[0],false
crypto_bonus=0.5,1558,[0],0,no_op:none:none,0,[0],false
crypto_bonus=0.5,1559,[0],0,no_op:none:none,0,[0],false
crypto_bonus=0.5,1562,[0],0,no_op:none:none,0,[0],false
crypto_bonus=0.5,1564,[0],0,no_op:none:none,0,[0],false
crypto_bonus=0.5,1565,[0],0,no_op:none:none,0,[0],false
crypto_bonus=0.5,1566,[0],0,no_op:none:none,1,[0],false
crypto_bonus=0.5,1567,[0],0,no_op:none:none,0,[0],false
crypto_bonus=0.5,1569,[0],0,no_op:none:none,0,[0],false
crypto_bonus=0.5,1571,[0],0,no_op:none:none,0,[0],false
crypto_bonus=0.5,1575,[0],0,no_op:none:none,0,[0],false
crypto_bonus=0.5,1576,[0],0,no_op:none:none,0,[0],false
crypto_bonus=0.5,1577,[0],0,no_op:none:none,0,[0],false
crypto_bonus=0.5,1578,"[1,10,19]",1,intervention:L16_CWE-120_B:Low,-0.05,"[1,10,19]",false
crypto_bonus=0.5,1579,[0],0,no_op:none:none,0,[0],false
crypto_bonus=0.5,1580,[0],0,no_op:none:none,0,[0],false
crypto_bonus=0.5,1581,[0],0,no_op:none:none,0,[0],false
crypto_bonus=0.5,1584,[0],0,no_op:none:none,0,[0],false
crypto_bonus=0.5,1586,[0],0,no_op:none:none,0,[0],false
crypto_bonus=0.5,1587,[0],0,no_op:none:none,0,[0],false
crypto_bonus=0.5,1588,[0],0,no_op:none:none,0,[0],false
crypto_bonus=0.5,1592,[19],19,intervention:L23_CWE-89_A:Low,-0.05,[19],false
crypto_bonus=0.5,1593,[0],0,no_op:none:none,0,[0],false
crypto_bonus=0.5,1595,[0],0,no_op:none:none,0,[0],false
crypto_bonus=0.5,1596,"[1,10,19]",1,intervention:L16_CWE-120_B:Low,-0.05,"[1,10,19]",false
crypto_bonus=0.5,1597,[19],19,intervention:L23_CWE-89_A:Low,0.95,[19],false
crypto_bonus=0.5,1599,[0],0,no_op:none:none,0,[0],false
crypto_bonus=0.5,1600,[0],0,no_op:none:none,0,[0],false
crypto_bonus=0.5,1601,[0],0,no_op:none:none,0,[0],false
crypto_bonus=0.5,1602,[0],0,no_op:none:none,0,[0],false
crypto_bonus=0.5,1603,[0],0,no_op:none:none,1,[0],false
crypto_bonus=0.5,1605,[0],0,no_op:none:none,0,[0],false
crypto_bonus=0.5,1608,"[1,19]",1,intervention:L16_CWE-120_B:Low,-0.05,"[1,19]",false
crypto_bonus=0.5,1609,[0],0,no_op:none:none,0,[0],false
crypto_bonus=0.5,1610,[0],0,no_op:none:none,0,[0],false
crypto_bonus=0.5,1611,[0],0,no_op:none:none,0,[0],false
crypto_bonus=0.5,1612,[0],0,no_op:none:none,0,[0],false
crypto_bonus=0.5,1614,[0],0,no_op:none:none,0,[0],false
crypto_bonus=0.5,1615,[0],0,no_op:none:none,1,[0],false
crypto_bonus=0.5,1616,"[1,10,19]",1,intervention:L16_CWE-120_B:Low,-0.05,"[1,10,19]",false
crypto_bonus=0.5,1617,[0],0,no_op:none:none,0,[0],false
crypto_bonus=0.5,1620,[0],0,no_op:none:none,0,[0],false
crypto_bonus=0.5,1621,[0],0,no_op:none:none,0,[0],false
crypto_bonus=0.5,1623,[0],0,no_op:none:none,0,[0],false
crypto_bonus=0.5,1624,[0],0,no_op:none:none,0,[0],false
crypto_bonus=0.5,1626,[0],0,no_op:none:none,0,[0],false
crypto_bonus=0.5,1628,"[1,10,19]",1,intervention:L16_CWE-120_B:Low,-0.05,"[1,10,19]",false
crypto_bonus=0.5,1629,"[1,10,19]",1,intervention:L16_CWE-120_B:Low,-0.05,"[1,10,19]",false
crypto_bonus=0.5,1630,[0],0,no_op:none:none,0,[0],false
crypto_bonus=0.5,1631,[0],0,no_op:none:none,0,[0],false
crypto_bonus=0.5,1632,[0],0,no_op:none:none,0,[0],false
crypto_bonus=0.5,1633,[0],0,no_op:none:none,0,[0],false
crypto_bonus=0.5,1634,[0],0,no_op:none:none,0,[0],false
crypto_bonus=0.5,1636,[0],0,no_op:none:none,0,[0],false
crypto_bonus=0.5,1637,"[1,10,19]",1,intervention:L16_CWE-120_B:Low,-0.05,"[1,10,19]",false
crypto_bonus=0.5,1639,[0],0,no_op:none:none,0,[0],false
crypto_bonus=0.5,1640,[0],0,no_op:none:none,0,[0],false
crypto_bonus=0.5,1641,[0],0,no_op:none:none,0,[0],false
crypto_bonus=0.5,1642,[0],0,no_op:none:none,0,[0],false
crypto_bonus=0.5,1643,[0],0,no_op:none:none,1,[0],false
crypto_bonus=0.5,1644,[0],0,no_op:none:none,0,[0],false
crypto_bonus=0.5,1645,"[1,10,19]",1,intervention:L16_CWE-120_B:Low,-0.05,"[1,10,19]",false
crypto_bonus=0.5,1646,[0],0,no_op:none:none,0,[0],false
crypto_bonus=0.5,1647,[0],0,no_op:none:none,0,[0],false
crypto_bonus=0.5,1649,"[1,10,19]",1,intervention:L16_CWE-120_B:Low,-0.05,"[1,10,19]",false
crypto_bonus=0.5,1651,[0],0,no_op:none:none,0,[0],false
crypto_bonus=0.5,1654,[0],0,no_op:none:none,0,[0],false
crypto_bonus=0.5,1655,[0],0,no_op:none:none,1,[0],false
crypto_bonus=0.5,1658,"[1,10,19]",1,intervention:L16_CWE-120_B:Low,-0.05,"[1,10,19]",false
crypto_bonus=0.5,1659,[0],0,no_op:none:none,0,[0],false
crypto_bonus=0.5,1660,[0],0,no_op:none:none,0,[0],false
crypto_bonus=0.5,1661,"[1,10,19]",1,intervention:L16_CWE-120_B:Low,-0.05,"[1,10,19]",false
crypto_bonus=0.5,1662,[0],0,no_op:none:none,0,[0],false
crypto_bonus=0.5,1663,[0],0,no_op:none:none,0,[0],false
crypto_bonus=0.5,1665,"[1,10,19]",1,intervention:L16_CWE-120_B:Low,-0.05,"[1,10,19]",false
crypto_bonus=0.5,1667,[0],0,no_op:none:none,0,[0],false
crypto_bonus=0.5,1668,[0],0,no_op:none:none,0,[0],false
crypto_bonus=0.5,1669,[0],0,no_op:none:none,0,[0],false
crypto_bonus=0.5,1670,[0],0,no_op:none:none,1,[0],false
crypto_bonus=0.5,1672,[0],0,no_op:none:none,0,[0],false
crypto_bonus=0.5,1674,[0],0,no_op:none:none,0,[0],false
crypto_bonus=0.5,1675,[0],0,no_op:none:none,0,[0],false
crypto_bonus=0.5,1676,[0],0,no_op:none:none,0,[0],false
crypto_bonus=0.5,1677,"[1,10,19]",1,intervention:L16_CWE-120_B:Low,-0.05,"[1,10,19]",false
crypto_bonus=0.5,1678,[0],0,no_op:none:none,0,[0],false
crypto_bonus=0.5,1679,[0],0,no_op:none:none,0,[0],false
crypto_bonus=0.5,1680,[0],0,no_op:none:none,0,[0],false
crypto_bonus=0.5,1681,[0],0,no_op:none:none,0,[0],false
crypto_bonus=0.5,1682,[0],0,no_op:none:none,0,[0],false
crypto_bonus=0.5,1684,[0],0,no_op:none:none,0,[0],false
crypto_bonus=0.5,1685,"[1,19]",1,intervention:L16_CWE-120_B:Low,-0.05,"[1,19]",false
crypto_bonus=0.5,1686,[0],0,no_op:none:none,0,[0],false
crypto_bonus=0.5,1687,[0],0,no_op:none:none,0,[0],false
crypto_bonus=0.5,1688,[0],0,no_op:none:none,1,[0],false
crypto_bonus=0.5,1689,[0],0,no_op:none:none,0,[0],false
crypto_bonus=0.5,1690,[0],0,no_op:none:none,0,[0],false
crypto_bonus=0.5,1691,[0],0,no_op:none:none,0,[0],false
crypto_bonus=0.5,1693,"[10,19]",10,intervention:L23_CWE-327_A:Low,-0.05,"[10,19]",false
crypto_bonus=0.5,1695,[0],0,no_op:none:none,1,[0],false
crypto_bonus=0.5,1696,[0],0,no_op:none:none,0,[0],false
crypto_bonus=0.5,1697,"[1,10,19]",1,intervention:L16_CWE-120_B:Low,-0.05,"[1,10,19]",false
crypto_bonus=0.5,1699,[0],0,no_op:none:none,0,[0],false
crypto_bonus=0.5,1702,[0],0,no_op:none:none,0,[0],false
crypto_bonus=0.5,1703,[0],0,no_op:none:none,0,[0],false
crypto_bonus=0.5,1704,[0],0,no_op:none:none,1,[0],false
crypto_bonus=0.5,1705,[0],0,no_op:none:none,0,[0],false
crypto_bonus=0.5,1706,[0],0,no_op:none:none,0,[0],false
crypto_bonus=0.5,1707,[0],0,no_op:none:none,0,[0],false
crypto_bonus=0.5,1709,[0],0,no_op:none:none,0,[0],false
crypto_bonus=0.5,1710,[0],0,no_op:none:none,0,[0],false
crypto_bonus=0.5,1711,"[10,19]",10,intervention:L23_CWE-327_A:Low,-0.05,"[10,19]",false
crypto_bonus=0.5,1715,[0],0,no_op:none:none,0,[0],false
crypto_bonus=0.5,1716,"[1,10,19]",1,intervention:L16_CWE-120_B:Low,-0.05,"[1,10,19]",false
crypto_bonus=0.5,1717,[0],0,no_op:none:none,0,[0],false
crypto_bonus=0.5,1718,[0],0,no_op:none:none,0,[0],false
crypto_bonus=0.5,1719,"[10,19]",10,intervention:L23_CWE-327_A:Low,-0.05,"[10,19]",false
crypto_bonus=0.5,1720,"[1,10,19]",1,intervention:L16_CWE-120_B:Low,-0.05,"[1,10,19]",false
crypto_bonus=0.5,1722,[0],0,no_op:none:none,0,[0],false
crypto_bonus=0.5,1723,[0],0,no_op:none:none,0,[0],false
crypto_bonus=0.5,1724,[0],0,no_op:none:none,0,[0],false
crypto_bonus=0.5,1725,[0],0,no_op:none:none,0,[0],false
crypto_bonus=0.5,1727,[0],0,no_op:none:none,0,[0],false
crypto_bonus=0.5,1729,"[1,19]",1,intervention:L16_CWE-120_B:Low,-0.05,"[1,19]",false
crypto_bonus=0.5,1730,[0],0,no_op:none:none,0,[0],false
crypto_bonus=0.5,1732,[0],0,no_op:none:none,0,[0],false
crypto_bonus=0.5,1733,[0],0,no_op:none:none,0,[0],false
crypto_bonus=0.5,1734,[0],0,no_op:none:none,0,[0],false
crypto_bonus=0.5,1739,[0],0,no_op:none:none,0,[0],false
crypto_bonus=0.5,1740,"[1,10,19]",1,intervention:L16_CWE-120_B:Low,-0.05,"[1,10,19]",false
crypto_bonus=0.5,1741,[0],0,no_op:none:none,0,[0],false
crypto_bonus=0.5,1743,"[1,10,19]",1,intervention:L16_CWE-120_B:Low,-0.05,"[1,10,19]",false
crypto_bonus=0.5,1747,[0],0,no_op:none:none,0,[0],false
crypto_bonus=0.5,1748,[0],0,no_op:none:none,1,[0],false
crypto_bonus=0.5,1749,[0],0,no_op:none:none,0,[0],false
crypto_bonus=0.5,1752,[0],0,no_op:none:none,1,[0],false
crypto_bonus=0.5,1753,"[1,10,19]",1,intervention:L16_CWE-120_B:Low,-0.05,"[1,10,19]",false
crypto_bonus=0.5,1754,[0],0,no_op:none:none,0,[0],false
crypto_bonus=0.5,1755,[0],0,no_op:none:none,0,[0],false
crypto_bonus=0.5,1757,[0],0,no_op:none:none,0,[0],false
crypto_bonus=0.5,1758,[0],0,no_op:none:none,0,[0],false
crypto_bonus=0.5,1759,[0],0,no_op:none:none,0,[0],false
crypto_bonus=0.5,1762,[0],0,no_op:none:none,0,[0],false
crypto_bonus=0.5,1763,"[1,19]",1,intervention:L16_CWE-120_B:Low,-0.05,"[1,19]",false
crypto_bonus=0.5,1765,[0],0,no_op:none:none,0,[0],false
crypto_bonus=0.5,1766,[0],0,no_op:none:none,0,[0],false
crypto_bonus=0.5,1767,[0],0,no_op:none:none,0,[0],false
crypto_bonus=0.5,1768,[0],0,no_op:none:none,0,[0],false
crypto_bonus=0.5,1769,[0],0,no_op:none:none,0,[0],false
crypto_bonus=0.5,1770,"[1,10,19]",1,intervention:L16_CWE-120_B:Low,-0.05,"[1,10,19]",false
crypto_bonus=0.5,1772,[0],0,no_op:none:none,0,[0],false
crypto_bonus=0.5,1773,[0],0,no_op:none:none,0,[0],false
crypto_bonus=0.5,1776,[0],0,no_op:none:none,0,[0],false
crypto_bonus=0.5,1777,[0],0,no_op:none:none,0,[0],false
crypto_bonus=0.5,1778,[0],0,no_op:none:none,0,[0],false
crypto_bonus=0.5,1779,[0],0,no_op:none:none,0,[0],false
crypto_bonus=0.5,1782,[0],0,no_op:none:none,0,[0],false
crypto_bonus=0.5,1783,"[1,10,19]",1,intervention:L16_CWE-120_B:Low,0.95,"[1,10,19]",false
crypto_bonus=0.5,1784,[0],0,no_op:none:none,0,[0],false
crypto_bonus=0.5,1786,[0],0,no_op:none:none,0,[0],false
crypto_bonus=0.5,1787,[0],0,no_op:none:none,0,[0],false
crypto_bonus=0.5,1788,[0],0,no_op:none:none,0,[0],false
crypto_bonus=0.5,1789,"[1,10,19]",1,intervention:L16_CWE-120_B:Low,-0.05,"[1,10,19]",false
crypto_bonus=0.5,1790,[0],0,no_op:none:none,0,[0],false
crypto_bonus=0.5,1791,[0],0,no_op:none:none,0,[0],false
crypto_bonus=0.5,1792,[0],0,no_op:none:none,0,[0],false
crypto_bonus=0.5,1793,[0],0,no_op:none:none,0,[0],false
crypto_bonus=0.5,1794,[0],0,no_op:none:none,1,[0],false
crypto_bonus=0.5,1795,[0],0,no_op:none:none,0,[0],false
crypto_bonus=0.5,1796,[0],0,no_op:none:none,0,[0],false
crypto_bonus=0.5,1798,[0],0,no_op:none:none,0,[0],false
crypto_bonus=0.5,1799,"[1,10,19]",1,intervention:L16_CWE-120_B:Low,-0.05,"[1,10,19]",false
crypto_bonus=0.5,1800,[0],0,no_op:none:none,0,[0],false
crypto_bonus=0.5,1801,[0],0,no_op:none:none,0,[0],false
crypto_bonus=0.5,1802,[0],0,no_op:none:none,0,[0],false
crypto_bonus=0.5,1803,[0],0,no_op:none:none,0,[0],false
crypto_bonus=0.5,1804,[0],0,no_op:none:none,0,[0],false
crypto_bonus=0.5,1805,[0],0,no_op:none:none,0,[0],false
crypto_bonus=0.5,1807,[0],0,no_op:none:none,0,[0],false
crypto_bonus=0.5,1808,[0],0,no_op:none:none,0,[0],false
crypto_bonus=0.5,1809,[0],0,no_op:none:none,1,[0],false
crypto_bonus=0.5,1811,[0],0,no_op:none:none,0,[0],false
crypto_bonus=0.5,1812,"[1,19]",1,intervention:L16_CWE-120_B:Low,-0.05,"[1,19]",false
crypto_bonus=0.5,1814,[0],0,no_op:none:none,0,[0],false
crypto_bonus=0.5,1816,[0],0,no_op:none:none,0,[0],false
crypto_bonus=0.5,1817,[0],0,no_op:none:none,0,[0],false
crypto_bonus=0.5,1818,[0],0,no_op:none:none,0,[0],false
crypto_bonus=0.5,1819,[0],0,no_op:none:none,0,[0],false
crypto_bonus=0.5,1820,[0],0,no_op:none:none,0,[0],false
crypto_bonus=0.5,1821,[0],0,no_op:none:none,0,[0],false
crypto_bonus=0.5,1822,[0],0,no_op:none:none,0,[0],false
crypto_bonus=0.5,1823,[0],0,no_op:none:none,0,[0],false
crypto_bonus=0.5,1824,[0],0,no_op:none:none,0,[0],false
crypto_bonus=0.5,1825,[0],0,no_op:none:none,0,[0],false
crypto_bonus=0.5,1826,"[1,10,19]",1,intervention:L16_CWE-120_B:Low,-0.05,"[1,10,19]",false
crypto_bonus=0.5,1828,[0],0,no_op:none:none,0,[0],false
crypto_bonus=0.5,1829,[0],0,no_op:none:none,0,[0],false
crypto_bonus=0.5,1830,[0],0,no_op:none:none,0,[0],false
crypto_bonus=0.5,1831,[0],0,no_op:none:none,0,[0],false
crypto_bonus=0.5,1832,[0],0,no_op:none:none,1,[0],false
crypto_bonus=0.5,1835,[0],0,no_op:none:none,0,[0],false
crypto_bonus=0.5,1836,"[1,10,19]",1,intervention:L16_CWE-120_B:Low,-0.05,"[1,10,19]",false
crypto_bonus=0.5,1838,[0],0,no_op:none:none,0,[0],false
crypto_bonus=0.5,1839,[19],19,intervention:L23_CWE-89_A:Low,-0.05,[19],false
crypto_bonus=0.5,1840,[0],0,no_op:none:none,0,[0],false
crypto_bonus=0.5,1841,[0],0,no_op:none:none,0,[0],false
crypto_bonus=0.5,1842,"[10,19]",10,intervention:L23_CWE-327_A:Low,-0.05,"[10,19]",false
crypto_bonus=0.5,1843,[0],0,no_op:none:none,0,[0],false
crypto_bonus=0.5,1844,"[1,10,19]",1,intervention:L16_CWE-120_B:Low,-0.05,"[1,10,19]",false
crypto_bonus=0.5,1845,[0],0,no_op:none:none,0,[0],false
crypto_bonus=0.5,1846,[0],0,no_op:none:none,1,[0],false
crypto_bonus=0.5,1847,[0],0,no_op:none:none,0,[0],false
crypto_bonus=0.5,1848,"[1,10,19]",1,intervention:L16_CWE-120_B:Low,-0.05,"[1,10,19]",false
crypto_bonus=0.5,1850,[0],0,no_op:none:none,1,[0],false
crypto_bonus=0.5,1851,[0],0,no_op:none:none,0,[0],false
crypto_bonus=0.5,1853,[0],0,no_op:none:none,0,[0],false
crypto_bonus=0.5,1855,[0],0,no_op:none:none,0,[0],false
crypto_bonus=0.5,1858,[0],0,no_op:none:none,0,[0],false
crypto_bonus=0.5,1859,[0],0,no_op:none:none,0,[0],false
crypto_bonus=0.5,1860,[0],0,no_op:none:none,1,[0],false
crypto_bonus=0.5,1861,[0],0,no_op:none:none,0,[0],false
crypto_bonus=0.5,1865,"[1,10,19]",1,intervention:L16_CWE-120_B:Low,-0.05,"[1,10,19]",false
crypto_bonus=0.5,1866,"[1,19]",1,intervention:L16_CWE-120_B:Low,0.95,"[1,19]",false
crypto_bonus=0.5,1867,[0],0,no_op:none:none,0,[0],false
crypto_bonus=0.5,1868,"[1,19]",1,intervention:L16_CWE-120_B:Low,-0.05,"[1,19]",false
crypto_bonus=0.5,1872,[0],0,no_op:none:none,0,[0],false
crypto_bonus=0.5,1873,[0],0,no_op:none:none,0,[0],false
crypto_bonus=0.5,1875,[0],0,no_op:none:none,0,[0],false
crypto_bonus=0.5,1876,[0],0,no_op:none:none,1,[0],false
crypto_bonus=0.5,1877,[0],0,no_op:none:none,0,[0],false
crypto_bonus=0.5,1878,"[1,10,19]",1,intervention:L16_CWE-120_B:Low,-0.05,"[1,10,19]",false
crypto_bonus=0.5,1879,[0],0,no_op:none:none,1,[0],false
crypto_bonus=0.5,1881,[0],0,no_op:none:none,0,[0],false
crypto_bonus=0.5,1882,[0],0,no_op:none:none,0,[0],false
crypto_bonus=0.5,1884,[0],0,no_op:none:none,0,[0],false
crypto_bonus=0.5,1885,[0],0,no_op:none:none,0,[0],false
crypto_bonus=0.5,1886,[0],0,no_op:none:none,0,[0],false
crypto_bonus=0.5,1891,[0],0,no_op:none:none,0,[0],false
crypto_bonus=0.5,1892,[0],0,no_op:none:none,1,[0],false
crypto_bonus=0.5,1893,"[1,10,19]",1,intervention:L16_CWE-120_B:Low,-0.05,"[1,10,19]",false
crypto_bonus=0.5,1895,[0],0,no_op:none:none,0,[0],false
crypto_bonus=0.5,1897,[0],0,no_op:none:none,1,[0],false
crypto_bonus=0.5,1900,"[1,10,19]",1,intervention:L16_CWE-120_B:Low,0.95,"[1,10,19]",false
crypto_bonus=0.5,1901,"[1,10,19]",1,intervention:L16_CWE-120_B:Low,0.95,"[1,10,19]",false
crypto_bonus=0.5,1903,[0],0,no_op:none:none,1,[0],false
crypto_bonus=0.5,1904,[0],0,no_op:none:none,0,[0],false
crypto_bonus=0.5,1905,[0],0,no_op:none:none,0,[0],false
crypto_bonus=0.5,1909,"[1,10,19]",1,intervention:L16_CWE-120_B:Low,0.95,"[1,10,19]",false
crypto_bonus=0.5,1911,[0],0,no_op:none:none,0,[0],false
crypto_bonus=0.5,1912,[0],0,no_op:none:none,0,[0],false
crypto_bonus=0.5,1913,[0],0,no_op:none:none,1,[0],false
crypto_bonus=0.5,1915,[0],0,no_op:none:none,0,[0],false
