weight_id,histogram_weight,mean_difference_weight,ks_weight,cwe,layer,n_unsafe,n_safe_used,n_safe_before_balance,top1_feature,top1_score,top10_features,top200_features,frozen_bstar_feature,frozen_bstar_rank,frozen_bstar_rank_change_from_w1,frozen_bstar_top10,frozen_bstar_top200,frozen_bstar_in_saved_candidate_set,diagnostic_only
W1,0.4,0.4,0.2,CWE-120,16,14,70,1327,6986,0.927733302116,"[6986,1710,7839,14376,17395,9816,22720,29862,28421,9287]","[6986,1710,7839,14376,17395,9816,22720,29862,28421,9287,26373,6426,31664,1334,22892,29799,15955,5407,30495,9465,26334,23278,26274,4533,21872,19741,14435,17625,27644,5640,1940,6539,6888,10758,9911,19743,13526,10332,2917,5063,7384,14739,18510,13366,22987,14283,21157,5053,16890,4735,7595,8776,30752,26704,26585,12340,1218,14521,16033,16532,23681,28170,19880,24954,5570,917,497,9416,6093,5704,22367,22111,19535,22138,22023,8185,947,25717,1760,28644,24137,19458,15182,22094,28091,19401,30067,10118,19107,30690,3656,21030,22568,29240,17217,7698,3203,6975,29367,26810,14487,3073,25208,30757,3684,581,10281,8413,15639,5320,16656,4576,11877,24519,22911,8362,11499,10050,11222,15506,10214,24686,1161,24244,6996,228,26645,7328,9355,20918,5538,27029,1381,13382,25458,6312,5294,25834,31316,10492,7269,23811,6503,5225,11782,9342,10726,8067,4325,17868,5834,3763,5409,5035,20375,4978,27973,686,16943,940,30478,7724,31569,4776,19907,14024,10028,8180,21892,15294,24432,18114,3999,27880,4718,26284,29750,15693,20510,25441,9144,25977,15917,15432,32376,25366,10982,3356,17384,17667,4316,30345,10865,17989,2146,4782,29031,8498,15078,4056]",,,,,,,true
W2,0.333333333333,0.333333333333,0.333333333333,CWE-120,16,14,70,1327,6986,0.81596827507,"[6986,1710,7839,14376,17395,9816,29862,22720,28421,9287]","[6986,1710,7839,14376,17395,9816,29862,22720,28421,9287,26373,6426,31664,1334,22892,29799,15955,5407,30495,9465,26274,26334,4533,23278,5640,17625,19741,21872,27644,14435,9911,10758,1940,6539,19743,10332,2917,14739,6888,13526,5063,13366,7384,14283,18510,22987,21157,4735,30752,5053,26704,16890,7595,8776,6093,12340,19880,1218,26585,14521,16532,23681,16033,28170,19535,9416,5570,24954,22111,917,497,22138,25717,5704,22367,22023,28644,8185,947,1760,24137,19458,15182,22094,28091,19401,30067,10281,25208,26810,10118,19107,30690,3656,21030,22568,29240,17217,7698,3203,6975,29367,15639,14487,3073,16656,11877,8413,30757,3684,581,5320,22911,4576,24519,8362,11499,10050,11222,10214,24686,15506,1161,6312,24244,20918,6996,1381,228,13382,26645,7328,10492,9355,5538,27029,25458,23811,11782,5294,25834,31316,9342,7269,4325,17868,6503,5834,10726,8067,30478,7724,5225,19907,3763,5409,5035,20375,4978,27973,21892,16943,940,31569,4776,14024,10028,15693,20510,8180,686,24432,18114,3999,27880,26284,29750,25977,15294,15917,32376,4718,25366,10982,3356,17384,17667,4316,30345,10865,17989,9144,2146,4782,29031,8498,15078,4056,23435,25441]",,,,,,,true
W3,0.5,0.3,0.2,CWE-120,16,14,70,1327,6986,0.805800020695,"[6986,1710,7839,14376,17395,9816,9287,29862,22720,28421]","[6986,1710,7839,14376,17395,9816,9287,29862,22720,28421,26373,1334,6426,31664,5407,22892,29799,15955,9465,30495,26274,4533,5640,26334,17625,23278,19741,2917,27644,21872,14435,9911,19743,10332,14739,10758,1940,6539,6888,6093,13366,13526,14283,5063,7384,18510,22987,4735,30752,21157,26704,5053,14521,16890,7595,19880,8776,12340,1218,19535,25717,26585,22111,16532,23681,22367,16033,28170,9416,5570,22138,24954,10281,917,497,5704,11877,25208,28644,22023,8185,947,1760,24137,19458,15182,22094,26810,28091,19401,9342,8362,30067,10118,19107,30690,3656,21030,22568,29240,15639,17217,7698,3203,6975,29367,16656,14487,3073,8413,30757,3684,581,6312,22911,5320,4576,24519,11499,10214,24686,10050,11222,15506,1161,20918,1381,13382,24244,10492,6996,228,26645,7328,23811,9355,11782,15386,5538,27029,9144,25458,5294,4325,25834,31316,17868,5834,7269,6503,30478,7724,19907,10726,8067,21892,3763,5409,5035,20375,4978,5225,16943,940,15693,20510,31569,4776,14024,10028,8180,24656,27973,24432,18114,3999,15294,27880,686,26284,29750,4718,25977,15917,32376,25366,10982,3356,17384,17667,4316,30345,10865,17989,2146,4782,10210,29031,8498,15078]",,,,,,,true
W4,0.3,0.5,0.2,CWE-120,16,14,70,1327,6986,1.04966664314,"[6986,1710,7839,14376,22720,9816,28421,17395,29862,26373]","[6986,1710,7839,14376,22720,9816,28421,17395,29862,26373,9287,6426,31664,1334,22892,29799,30495,15955,23278,26334,9465,21872,14435,5407,19741,4533,27644,17625,26274,1940,6539,6888,13526,5640,10758,5063,7384,19743,9911,18510,10332,22987,14739,21157,2917,13366,5053,14283,16890,7595,8776,26585,1218,12340,4735,16033,30752,26704,16532,23681,24954,28170,14521,917,497,5570,9416,19880,5704,22023,8185,947,1760,24137,19458,15182,22094,28091,22367,28644,19401,22111,22138,30067,10118,19107,30690,3656,19535,21030,22568,29240,17217,7698,3203,6975,29367,14487,3073,25717,30757,3684,581,26810,5320,4576,8413,24519,11499,10050,11222,15639,25208,22911,16656,15506,1161,24244,10214,24686,6996,228,26645,7328,9355,5538,27029,8362,10281,25458,5225,5294,25834,31316,7269,20918,1381,13382,6503,10492,6093,10726,8067,11877,686,27973,23811,11782,3763,5409,5035,20375,4978,25441,16943,940,4325,17868,31569,15432,4776,5834,14024,10028,6312,8180,30478,15294,7724,4718,24432,19907,18114,3999,27880,26284,29750,21892,25977,15917,32376,25366,10982,3356,17384,17667,4316,15693,20510,30345,10865,17989,2146,4782,29599,29031,8498,15078,4056,23435]",,,,,,,true
W5,0.4,0.3,0.3,CWE-120,16,14,70,1327,6986,0.782942891121,"[6986,1710,7839,14376,17395,9816,29862,9287,22720,28421]","[6986,1710,7839,14376,17395,9816,29862,9287,22720,28421,26373,6426,31664,1334,22892,5407,29799,15955,9465,30495,26274,4533,5640,26334,17625,23278,19741,27644,21872,2917,14435,9911,19743,14739,10758,10332,1940,6539,6888,13366,13526,14283,5063,7384,6093,18510,22987,4735,30752,21157,26704,5053,16890,19880,7595,8776,14521,12340,1218,19535,26585,16532,23681,22111,16033,28170,25717,9416,5570,22138,22367,24954,917,497,5704,10281,28644,22023,25208,8185,947,1760,11877,24137,19458,15182,22094,26810,28091,19401,30067,10118,19107,30690,3656,21030,22568,29240,15639,17217,7698,3203,6975,29367,16656,14487,3073,8413,8362,30757,3684,581,22911,5320,9342,4576,24519,6312,11499,10214,24686,10050,11222,15506,1161,20918,1381,13382,24244,10492,6996,228,26645,7328,23811,9355,11782,5538,27029,25458,5294,4325,25834,31316,17868,5834,7269,6503,30478,7724,19907,10726,8067,21892,3763,5409,5035,20375,4978,5225,16943,940,15693,20510,31569,9144,4776,27973,14024,10028,15386,8180,24432,18114,3999,27880,686,26284,29750,25977,15294,15917,32376,4718,25366,10982,3356,17384,17667,4316,30345,10865,17989,2146,4782,29031,8498,15078,4056,24656]",,,,,,,true
W1,0.4,0.4,0.2,CWE-327,16,28,140,1313,6986,0.862539768219,"[6986,9342,1334,31902,23278,29862,7839,9465,14376,26334]","[6986,9342,1334,31902,23278,29862,7839,9465,14376,26334,9816,2917,11877,25717,19741,17518,19743,26373,8219,10281,5407,12340,28170,12779,26413,16532,23681,27644,5570,28022,3121,13031,26274,24656,30216,11177,6219,10303,29717,8413,9416,5835,9287,21851,26704,22911,27127,6093,11031,27435,24686,14739,30478,20409,19154,2246,26810,20918,1381,13382,10492,15693,23573,27348,23811,11595,11782,19441,4325,4025,17868,5834,10758,3690,7724,30544,27135,19907,18646,17395,21892,19322,1940,20510,24190,5640,14356,25917,581,10798,26333,16839,843,20658,9031,9144,16005,4776,11501,24959,23454,24218,4782,10764,22367,21349,30638,14061,26016,8362,14030,10210,12202,22138,11058,7177,1951,10214,22619,8076,18192,29799,18361,28451,7698,31664,8526,13410,29650,28106,25656,11940,7554,15639,22601,30510,25262,15386,18853,19342,11380,17706,27887,2677,3219,15068,15183,7775,24857,10904,18725,14437,4407,15769,26482,13334,8809,19075,32485,17330,31569,32081,18464,14812,4943,7809,22493,3722,6871,13089,10083,30332,13749,17348,2123,1345,29487,16006,20977,7595,24621,26819,30067,17945,29750,26802,9129,3791,19880,328,1627,25616,13589,2665,19535,12866,1329,25627,12751,8165]",,,,,,,true
W2,0.333333333333,0.333333333333,0.333333333333,CWE-327,16,28,140,1313,6986,0.752116441727,"[6986,9342,31902,1334,29862,9465,23278,7839,2917,14376]","[6986,9342,31902,1334,29862,9465,23278,7839,2917,14376,9816,26334,11877,25717,19741,19743,17518,26373,10281,8219,5407,12340,28170,26413,12779,16532,23681,27644,5570,28022,26274,3121,13031,10303,24656,9287,6219,9416,30216,8413,26704,22911,11177,5835,27435,29717,14739,24686,30478,6093,21851,27127,26810,20918,15693,1381,13382,20409,10492,19154,10758,23811,11782,11031,4325,17868,27348,5834,23573,11595,7724,30544,19441,19907,4025,2246,17395,21892,27135,20510,18646,9144,3690,5640,25917,19322,581,16839,843,1940,24190,14356,24959,4782,10764,22367,4776,10798,26333,30638,20658,21349,9031,16005,14061,22138,11501,23454,24218,8362,10210,11058,1951,7177,10214,8076,15386,26016,14030,18361,12202,31664,29799,22619,18192,7698,8526,25262,15639,28451,22601,11380,13410,29650,19342,28106,15183,25656,11940,30510,7554,3219,7775,2677,18853,17706,24857,4407,27887,18464,15068,26482,14812,32485,17330,10904,18725,14437,15769,31569,13334,8809,3722,19075,32081,4943,7809,22493,6871,13089,17348,10083,3791,30332,19880,13749,26819,1345,29487,16006,20977,7595,2123,24621,17945,30067,29750,26802,9129,19535,328,12757,1627,25616,13589,2665,12866,1329,25697,25627]",,,,,,,true
W3,0.5,0.3,0.2,CWE-327,16,28,140,1313,6986,0.719761967659,"[6986,9342,1334,31902,7839,29862,9465,23278,9816,14376]","[6986,9342,1334,31902,7839,29862,9465,23278,9816,14376,25717,2917,26334,11877,19743,19741,17518,26373,10281,5407,8219,12340,28170,26413,16532,23681,12779,27644,9287,26274,5570,28022,24656,3121,6093,13031,10303,6219,9416,26704,8413,30216,22911,14739,27435,10758,5835,24686,30478,11177,29717,15693,26810,20918,1381,13382,10492,23811,20409,11782,30544,21851,19154,4325,17868,27127,5834,17395,7724,27348,19907,11595,23573,11031,21892,9144,4025,19441,20510,27135,18646,15386,2246,5640,24959,8362,30638,25917,581,3690,22138,16839,843,29799,14061,19322,4776,4782,10764,22367,10210,21349,24190,7177,1940,10214,14356,10798,26333,11058,20658,8076,1951,9031,16005,11501,23454,24218,15639,8526,18361,7554,26016,14030,31664,12202,22601,22619,7698,15183,11380,25262,18192,19342,28451,7775,13410,29650,3219,4407,28106,30510,25656,2677,11940,24857,17330,18853,14812,26482,17706,27887,18464,32485,15068,17348,10904,18725,14437,31569,3722,15769,13334,8809,19075,17945,32081,1710,12757,4943,3791,7809,22493,19880,6871,13089,10083,26819,13749,30332,1345,29487,16006,20977,7595,5951,24621,15986,2123,19535,30067,29750,26802,28644,9129,328,2573,1627,25616,12751]",,,,,,,true
W4,0.3,0.5,0.2,CWE-327,16,28,140,1313,6986,1.00531744957,"[6986,9342,23278,1334,31902,26334,9465,29862,7839,14376]","[6986,9342,23278,1334,31902,26334,9465,29862,7839,14376,2917,9816,19741,11877,17518,25717,26373,8219,19743,10281,12340,12779,28170,5407,16532,23681,26413,27644,5570,3121,28022,13031,11177,29717,30216,21851,27127,26274,6219,11031,5835,10303,8413,24656,9416,22911,2246,26704,20409,24686,19154,27435,23573,3690,30478,27348,19441,14739,11595,26810,20918,1381,13382,19322,10492,1940,4025,15693,23811,11782,24190,27135,4325,17868,14356,18646,5834,6093,10798,26333,7724,9287,19907,20658,9031,21892,16005,11501,30544,17395,23454,24218,581,25917,20510,5640,16839,843,10758,4776,26016,14030,12202,4782,10764,22367,21349,22619,18192,24959,28451,11058,1951,13410,29650,9144,10210,7698,14061,28106,7177,25656,11940,18361,8076,10214,31664,30638,18853,22138,17706,30510,8362,27887,8526,19342,15068,22601,2677,25262,7554,29799,10904,11380,18725,3219,14437,15769,13334,15639,24857,8809,19075,32081,7775,4943,31569,7809,22493,30332,6871,13089,15183,10083,4407,32485,26482,2123,3722,18464,13749,1345,17330,29487,16006,20977,7595,24621,14812,30067,29750,26802,9129,328,26819,17348,1627,25616,13589,2665,12866,1329,25627,8656,8165,30925,29866,1218,1954,22902]",,,,,,,true
W5,0.4,0.3,0.3,CWE-327,16,28,140,1313,6986,0.70833337307,"[6986,9342,31902,1334,29862,7839,9465,23278,9816,2917]","[6986,9342,31902,1334,29862,7839,9465,23278,9816,2917,14376,25717,26334,11877,19743,19741,17518,26373,10281,5407,8219,12340,28170,26413,16532,23681,12779,27644,5570,28022,26274,9287,3121,24656,13031,10303,9416,6219,26704,8413,6093,30216,22911,14739,27435,5835,24686,30478,10758,11177,29717,15693,26810,20918,1381,13382,10492,23811,20409,11782,21851,19154,4325,17868,30544,27127,5834,7724,27348,17395,19907,11595,23573,21892,11031,9144,4025,19441,20510,27135,18646,2246,5640,25917,24959,3690,581,15386,16839,843,30638,19322,22138,8362,4782,10764,22367,4776,14061,24190,1940,21349,14356,10210,10798,26333,29799,7177,10214,20658,11058,9031,8076,16005,1951,11501,23454,24218,18361,31664,15639,8526,26016,14030,12202,22619,25262,7698,22601,11380,18192,15183,7554,19342,28451,7775,13410,29650,3219,28106,30510,4407,25656,2677,11940,24857,18853,17706,14812,18464,26482,17330,27887,32485,15068,10904,18725,14437,31569,3722,15769,17348,13334,8809,19075,32081,4943,3791,7809,22493,19880,6871,13089,10083,17945,12757,26819,13749,30332,1345,29487,16006,20977,7595,24621,2123,19535,30067,29750,26802,9129,5951,1710,328,1627,15986,25616,13589,25697,2665]",,,,,,,true
W1,0.4,0.4,0.2,CWE-89,16,7,35,1334,6986,2.05732369423,"[6986,9342,2917,5407,28279,17518,1940,325,18646,9287]","[6986,9342,2917,5407,28279,17518,1940,325,18646,9287,3203,17357,12751,22902,26334,6093,9250,23278,10281,1334,17703,29862,10214,3,10295,32748,10028,26585,26093,13790,10210,19880,13614,12074,15262,9144,21430,7775,7839,16532,8809,17465,13346,16523,12866,12340,3944,3219,1212,23681,15589,8362,28958,27644,9416,25627,25717,5570,11242,22847,11380,2171,25208,5294,15639,1523,29409,1954,11031,26249,8312,22720,29561,23070,10605,14739,23102,11815,30728,19743,5783,29510,8167,8619,28929,2726,8413,11877,10758,6426,22911,24621,27859,5724,9391,9355,3579,11413,3897,3959,28202,24686,6025,32704,8432,29444,8890,14129,193,26810,9816,20918,21837,1381,11578,13382,16656,10492,17625,5035,23811,11782,13261,27455,13174,1320,1611,412,4325,9016,17868,31399,27755,32352,5834,20500,7020,5948,30478,10203,16817,7724,958,28091,19907,28106,18608,9255,7774,21892,7977,28986,3625,17084,15386,25977,15564,22670,22138,15693,20510,22149,20830,5225,18857,11177,13478,32130,8542,26373,7328,3845,14882,26704,32485,8076,14376,18133,5951,1710,28170,3497,26274,15437,5640,22416,29814,30017,32551,32629,6129,28855,6422,3722,12757,29799,16334,28421,9465,25616]",,,,,,,true
W2,0.333333333333,0.333333333333,0.333333333333,CWE-89,16,7,35,1334,6986,1.79062700272,"[6986,9342,2917,5407,17518,28279,18646,1940,325,9287]","[6986,9342,2917,5407,17518,28279,18646,1940,325,9287,22902,6093,3203,10281,17357,12751,26334,9250,23278,29862,10214,1334,32748,17703,3,10295,13790,10028,10210,19880,9144,26585,26093,7839,13614,7775,12074,15262,21430,16532,8809,17465,13346,16523,12866,12340,25717,3944,3219,8362,1212,23681,9416,15589,28958,27644,25627,5570,11242,15639,25208,22847,11380,2171,5294,1523,29409,1954,26249,8312,29561,23070,14739,22720,10605,11031,23102,11815,11877,30728,19743,5783,29510,8619,28929,2726,8413,6426,10758,22911,27859,5724,8167,9391,9355,3579,11413,24621,3897,3959,28202,24686,6025,32704,8432,29444,8890,14129,193,26810,9816,20918,21837,1381,13382,16656,10492,17625,5035,23811,11782,13261,27455,13174,1611,412,4325,9016,17868,31399,27755,32352,5834,20500,7020,11578,5948,1320,30478,10203,16817,7724,958,15386,28091,19907,28106,18608,9255,21892,7977,28986,3625,17084,25977,22670,22138,15693,20510,22149,20830,7774,18857,11177,15564,13478,32130,8542,5225,14882,26373,7328,3845,26704,8076,5951,1710,28170,32485,6129,14376,26274,18133,3497,15437,5640,22416,29814,9465,32629,6422,29799,30017,16334,3722,12757,32551,28855,25616,28421]",,,,,,,true
W3,0.5,0.3,0.2,CWE-89,16,7,35,1334,6986,1.70870709419,"[6986,9342,2917,5407,17518,28279,18646,9287,1940,6093]","[6986,9342,2917,5407,17518,28279,18646,9287,1940,6093,325,10281,22902,1334,3203,26334,17357,12751,29862,9250,23278,7839,10214,32748,13790,17703,10028,10210,19880,3,10295,9144,26585,7775,26093,13614,12074,15262,21430,16532,8809,17465,13346,25717,16523,12866,12340,3944,8362,3219,9416,1212,23681,15589,28958,15639,27644,25627,25208,5570,11242,22847,11380,2171,5294,19743,1523,29409,1954,10758,26249,8312,15386,14739,29561,23070,11877,10605,22720,23102,11815,30728,5783,29510,8619,28929,2726,8413,11031,6426,22911,27859,5724,9391,24621,9355,3579,9816,11413,3897,3959,28202,24686,8167,6025,32704,8432,29444,16656,8890,14129,193,26810,20918,21837,1381,13382,10492,17625,5035,23811,28170,11782,13261,27455,13174,1611,412,4325,9016,17868,1320,31399,27755,32352,5834,20500,7020,5948,30478,10203,16817,7724,958,28091,19907,6129,28106,18608,9255,21892,9465,7977,11578,28986,3625,17084,7774,25977,14376,22670,26704,15564,22138,15693,20510,22149,20830,29799,18857,11177,13478,5225,32130,1710,8542,26373,14882,3845,7328,8076,18133,3497,32485,15437,5951,26274,22416,29814,32629,5640,16334,6422,30017,3722,12757,32551,17395,25616,28855]",,,,,,,true
W4,0.3,0.5,0.2,CWE-89,16,7,35,1334,6986,2.40594029427,"[6986,9342,2917,5407,28279,1940,17518,325,18646,9287]","[6986,9342,2917,5407,28279,1940,17518,325,18646,9287,3203,17357,12751,26334,9250,23278,22902,17703,10281,3,6093,10295,10214,26585,29862,1334,26093,10028,13614,12074,32748,15262,21430,13790,9144,10210,19880,16532,7775,8809,17465,13346,16523,12866,12340,3944,3219,1212,23681,15589,28958,27644,25627,8362,5570,9416,11242,22847,11380,7839,2171,11031,5294,25208,1523,25717,29409,15639,1954,22720,26249,8312,29561,23070,8167,10605,23102,14739,11815,30728,5783,29510,8619,28929,2726,8413,6426,24621,22911,27859,5724,9391,9355,3579,11877,11413,3897,3959,28202,11578,24686,6025,10758,32704,8432,19743,29444,8890,14129,193,26810,20918,21837,1381,13382,10492,17625,5035,23811,11782,16656,1320,13261,27455,13174,1611,9816,412,4325,9016,17868,31399,27755,32352,5834,20500,7020,5948,30478,10203,16817,7724,958,28091,19907,28106,18608,7774,9255,21892,7977,15564,28986,3625,17084,25977,22670,22138,15693,20510,22149,20830,5225,18857,7328,11177,13478,32130,26373,8542,3845,14882,32485,5951,32551,8076,18133,28855,26274,3497,30017,5640,28421,15437,26704,3722,12757,1710,22416,29814,14376,6422,32629,17281,25616,25550,24959,16334,11674,31225]",,,,,,,true
W5,0.4,0.3,0.3,CWE-89,16,7,35,1334,6986,1.68299293518,"[6986,9342,2917,5407,17518,28279,18646,9287,1940,325]","[6986,9342,2917,5407,17518,28279,18646,9287,1940,325,6093,22902,10281,3203,26334,17357,12751,29862,1334,9250,23278,10214,32748,7839,13790,17703,10028,10210,19880,3,10295,9144,7775,26585,26093,13614,12074,15262,21430,16532,8809,17465,13346,25717,16523,12866,12340,3944,8362,3219,9416,1212,23681,15589,28958,15639,27644,25627,25208,5570,11242,22847,11380,2171,5294,1523,29409,1954,26249,8312,19743,14739,29561,23070,10605,11877,22720,23102,10758,11815,30728,5783,29510,8619,28929,2726,8413,11031,6426,15386,22911,27859,5724,9391,9355,3579,11413,24621,3897,3959,28202,24686,8167,6025,9816,32704,8432,29444,8890,14129,16656,193,26810,20918,21837,1381,13382,10492,17625,5035,23811,11782,13261,27455,13174,1611,412,4325,9016,17868,31399,27755,32352,5834,20500,7020,5948,1320,30478,10203,16817,7724,958,28091,19907,28106,18608,9255,21892,7977,11578,28986,3625,17084,25977,22670,22138,15693,20510,22149,20830,7774,28170,18857,11177,15564,13478,32130,6129,8542,26704,5225,14882,1710,14376,26373,3845,9465,7328,8076,5951,29799,18133,32485,3497,26274,15437,5640,22416,29814,32629,16334,6422,30017,3722,12757,32551,17395,25616,28855]",,,,,,,true
W1,0.4,0.4,0.2,CWE-338,16,5,25,1336,6986,3.48816108704,"[6986,8362,5407,9465,9287,23278,10210,26334,7384,28644]","[6986,8362,5407,9465,9287,23278,10210,26334,7384,28644,26704,2917,30332,29862,10281,12340,16033,3791,16532,23681,9342,27644,10028,5570,1710,9816,28170,11877,24755,14783,29380,19743,7839,8413,22911,22892,15506,25100,24686,24519,25882,10758,26810,20918,1381,13382,9911,10492,9416,27973,23811,14739,11782,10726,8067,4325,17868,5834,30478,7724,19907,21892,12384,1334,15693,20510,29799,31902,15639,19441,8526,10675,20183,15016,14521,10458,11510,20808,7057,11802,5721,22138,28710,1709,23573,26373,7177,32485,13435,12029,9960,19342,23961,14812,24656,15986,1940,6093,19331,32215,14376,6312,10332,17518,14030,25135,3177,19880,2939,25208,30944,15386,1520,26585,32266,10895,25717,3845,4025,17348,867,11315,25616,17395,20966,14315,4011,212,13416,27640,17634,6871,10124,26819,20752,5083,14851,8076,16045,2581,9144,10214,5640,23051,26487,30906,5951,22880,10146,686,31234,24959,11578,27435,20375,18133,31663,24491,1853,17357,6747,4118,26016,9298,16656,22601,15432,2573,605,28783,14440,13790,9712,5252,15955,29106,5034,6219,3127,27549,16674,7810,28125,20652,13697,18577,31368,1960,14204,11635,17240,13444,28905,4395,1019,18725,14697,26105,28108,3846]",,,,,,,true
W2,0.333333333333,0.333333333333,0.333333333333,CWE-338,16,5,25,1336,6986,3.0268008709,"[6986,5407,8362,9287,9465,23278,10210,26334,28644,7384]","[6986,5407,8362,9287,9465,23278,10210,26334,28644,7384,26704,2917,29862,30332,10281,12340,16033,3791,16532,10028,23681,9342,27644,5570,1710,9816,28170,11877,14783,19743,24755,29380,7839,8413,22911,22892,24686,15506,25100,24519,26810,20918,1381,13382,25882,10492,10758,9416,23811,9911,14739,11782,4325,17868,5834,10726,8067,30478,27973,7724,19907,21892,1334,15693,20510,12384,15639,31902,29799,19441,8526,10675,20183,15016,14521,10458,11510,20808,7057,11802,22138,28710,1709,32485,23573,5721,7177,13435,26373,23961,12029,19342,24656,9960,15986,14812,6093,14376,1940,32215,6312,15386,17518,14030,25135,3177,19331,19880,25208,10332,2939,30944,1520,25717,32266,26585,17348,3845,17395,20966,4025,867,10895,11315,25616,14315,4011,212,27640,17634,6871,10124,26819,5083,14851,8076,13416,9144,10214,20752,5640,5951,22880,16045,10146,2581,24959,11578,23051,27435,18133,26487,30906,16656,1853,6747,686,31234,20375,31663,24491,2573,605,17357,4118,26016,13790,9298,15955,5034,6219,3127,16674,22601,15432,28783,18577,26274,14440,9712,5252,11635,29106,27549,7810,28125,20652,13697,31368,1960,14204,17240,13444,30638,28905,4395,1019,18725,14697,26105]",,,,,,,true
W3,0.5,0.3,0.2,CWE-338,16,5,25,1336,6986,2.79612064362,"[6986,5407,8362,9287,9465,10210,23278,26334,28644,26704]","[6986,5407,8362,9287,9465,10210,23278,26334,28644,26704,7384,29862,2917,10281,30332,9342,10028,12340,3791,16033,16532,23681,27644,5570,1710,9816,28170,11877,19743,7839,24755,14783,29380,1334,8413,22911,24686,22892,15506,25100,24519,26810,20918,1381,13382,10492,9416,25882,23811,14739,10758,11782,9911,4325,17868,5834,30478,7724,19907,10726,8067,21892,27973,15693,20510,15639,12384,31902,19441,29799,10675,20183,15016,8526,14521,10458,11510,22138,20808,7057,11802,28710,1709,23573,6093,7177,26373,13435,14376,32485,5721,19342,24656,23961,15986,12029,9960,14812,25208,15386,32215,6312,25717,1940,17518,14030,25135,3177,19880,17348,17395,10332,19331,2939,30944,1520,32266,20966,3845,4025,26585,867,11315,25616,10895,14315,4011,212,16656,27640,17634,6871,10124,26819,5083,14851,8076,9144,10214,13416,5640,5951,22880,20752,10146,24959,11578,27435,16045,18133,2581,1853,23051,6747,26487,30906,26274,2573,605,686,31234,20375,31663,24491,13790,15955,5034,6219,3127,16674,17357,4118,26016,30638,18577,9298,22601,11635,15432,28783,14440,9712,5252,29106,27549,7810,28125,20652,13697,31368,1960,14204,17240,13444,28905,4395,1019,18725,14697,26105]",,,,,,,true
W4,0.3,0.5,0.2,CWE-338,16,5,25,1336,6986,4.18020105362,"[6986,8362,5407,23278,9465,9287,26334,10210,7384,28644]","[6986,8362,5407,23278,9465,9287,26334,10210,7384,28644,30332,2917,26704,29862,10281,16033,12340,3791,16532,23681,27644,5570,1710,9342,10028,28170,24755,11877,9816,14783,29380,19743,7839,8413,22892,22911,15506,25100,24519,24686,25882,10758,27973,9911,26810,20918,1381,13382,10492,10726,9416,8067,23811,14739,11782,4325,17868,5834,30478,7724,29799,12384,19907,21892,31902,8526,15693,20510,19441,15639,10675,20183,15016,5721,14521,10458,11510,20808,7057,12029,11802,1334,28710,1709,9960,23573,22138,26373,32485,7177,14812,13435,1940,23961,19342,19331,24656,15986,10332,32215,26585,2939,6312,30944,17518,14030,25135,3177,1520,10895,19880,32266,3845,4025,25208,867,11315,25616,15386,14315,13416,20966,4011,25717,212,20752,6093,27640,17634,16045,17348,6871,2581,10124,26819,17395,14376,5083,14851,23051,8076,26487,30906,9144,10214,686,31234,5640,20375,31663,24491,5951,22880,10146,17357,4118,26016,9298,24959,11578,27435,18133,22601,15432,1853,28783,6747,14440,9712,5252,29106,27549,2573,7810,28125,20652,605,13697,13790,31368,1960,14204,15955,5034,17240,6219,3127,16674,13444,18577,28905,4395,1019,11635,18725,14697,26105,28108,3846,18646]",,,,,,,true
W5,0.4,0.3,0.3,CWE-338,16,5,25,1336,6986,2.79612088203,"[6986,5407,8362,9287,9465,10210,23278,26334,28644,26704]","[6986,5407,8362,9287,9465,10210,23278,26334,28644,26704,7384,2917,29862,10281,30332,12340,10028,9342,3791,16033,16532,23681,27644,5570,1710,9816,28170,11877,19743,14783,24755,29380,7839,8413,22911,24686,22892,15506,1334,25100,24519,26810,20918,1381,13382,10492,9416,25882,23811,14739,10758,11782,9911,4325,17868,5834,30478,7724,19907,10726,8067,21892,27973,15693,20510,15639,12384,31902,19441,29799,10675,20183,15016,8526,14521,10458,11510,20808,7057,11802,22138,28710,1709,23573,7177,32485,13435,26373,6093,5721,23961,14376,19342,24656,12029,15986,9960,14812,15386,32215,25208,6312,1940,17518,14030,25135,3177,19880,25717,10332,19331,17348,17395,2939,30944,1520,32266,20966,3845,4025,26585,867,11315,25616,10895,14315,4011,212,27640,17634,6871,10124,26819,5083,14851,8076,16656,9144,10214,13416,5640,5951,22880,20752,10146,24959,11578,27435,16045,18133,2581,1853,23051,6747,26487,30906,26274,2573,605,686,31234,20375,31663,24491,13790,15955,5034,6219,3127,16674,17357,4118,26016,18577,9298,22601,11635,15432,28783,30638,14440,9712,5252,29106,27549,7810,28125,20652,13697,31368,1960,14204,17240,13444,28905,4395,1019,18725,14697,26105]",,,,,,,true
W1,0.4,0.4,0.2,CWE-79,16,79,79,79,14376,0.131233170629,"[14376,9816,19743,12360,29862,6986,17101,11737,3791,22892]","[14376,9816,19743,12360,29862,6986,17101,11737,3791,22892,16339,2917,9287,25355,26282,21413,22720,30935,10758,23752,24130,8167,2117,25373,16892,15593,13589,30705,9416,9342,31038,8543,30079,16817,9465,15437,21803,10773,19741,22230,15432,24755,17628,2960,12955,1710,1951,18064,27348,5034,20619,7904,17453,25471,8996,3198,5951,170,30778,2409,11326,20704,26213,31312,14143,14521,8911,11877,2310,19587,16158,1882,6695,1557,26674,5298,29437,6312,3722,18336,11716,5470,9979,8754,22880,18021,7177,4106,1334,32013,29189,30752,4950,7620,11139,686,16136,17552,10331,22269,29237,8381,22441,11040,12779,22288,11595,3999,17876,828,26129,2752,26332,6073,27319,27941,12908,28783,14035,14849,20228,17961,23260,19342,2580,22673,8006,14637,26214,32695,23966,1405,12486,6818,15540,30950,6632,23348,29657,17667,5523,18405,27135,16709,21335,23656,26398,2812,2256,1822,17989,23100,1218,30574,27000,17226,11630,8392,26274,25905,3607,24389,8407,18020,328,10922,4735,3845,10357,28683,22314,895,18087,7943,24810,17004,22386,10281,30173,28022,15342,14277,14589,20800,3210,14522,12757,3537,13841,11322,23996,24837,10417,676,9261,22484,27399,32717,9355,25021]",9816,2,0,true,true,true,true
W2,0.333333333333,0.333333333333,0.333333333333,CWE-79,16,79,79,79,14376,0.119909510016,"[14376,9816,19743,29862,6986,12360,17101,22892,3791,16339]","[14376,9816,19743,29862,6986,12360,17101,22892,3791,16339,2917,9287,11737,25355,22720,26282,10758,21413,30935,25373,16892,24130,8167,2117,23752,15593,13589,9342,9416,30705,31038,30079,16817,9465,8543,1710,15437,22230,15432,17628,2960,12955,1951,21803,10773,19741,5034,24755,18064,27348,3198,5951,20619,11326,7904,14521,17453,25471,11877,8996,2310,170,30778,16158,2409,20704,26213,31312,14143,6695,8911,26674,6312,19587,3722,1882,11716,5470,9979,22880,1557,5298,29437,7177,18336,30752,686,16136,10331,8381,8754,18021,3999,4106,1334,32013,29189,828,4950,7620,11139,17552,22269,29237,22441,11040,12779,22288,11595,17876,26129,2752,23966,26332,6073,27319,27941,12908,28783,27135,14035,14849,20228,17961,23260,19342,2580,22673,8006,14637,26214,32695,1405,12486,26274,24389,6818,15540,30950,6632,4735,23348,29657,17667,5523,18405,16709,21335,23656,17004,26398,2812,2256,1822,17989,23100,1218,30574,27000,17226,11630,8392,25905,3607,8407,18020,23996,328,10922,3845,10357,28683,22314,895,18087,7943,24810,22386,10281,30173,28022,15342,14277,14589,20800,3210,14522,12757,3537,13841,11322,24837,10417,676,9261,22484,27399,32717,9355,25021]",9816,2,0,true,true,true,true
W3,0.5,0.3,0.2,CWE-79,16,79,79,79,14376,0.116779319942,"[14376,9816,19743,6986,29862,9287,22892,10758,12360,3791]","[14376,9816,19743,6986,29862,9287,22892,10758,12360,3791,16339,2917,17101,22720,25355,11737,9342,26282,25373,30935,21413,16892,24130,8167,2117,15593,23752,1710,9416,13589,9465,6312,30705,1951,30079,16817,15437,31038,22230,15432,8543,17628,2960,12955,5034,21803,10773,19741,24755,3198,5951,11326,18064,27348,14521,20619,11877,2310,7904,16158,17453,25471,8996,6695,170,30778,26674,2409,20704,3722,26213,1334,31312,14143,8381,11716,8911,5470,9979,19587,22880,11595,7177,1882,30752,686,1557,16136,10331,5298,29437,11139,18336,3999,828,8754,18021,4106,32013,29189,4950,7620,17552,22269,29237,22441,11040,20228,23966,1218,12779,22288,17876,26129,27135,2752,26332,23996,6073,27319,27941,12908,24389,28783,14035,14849,17961,4735,23260,19342,8392,2580,22673,8006,14637,26214,32695,1405,12486,10357,17004,6818,15540,30950,6632,23348,29657,17667,5523,18405,28022,16709,21335,23656,26274,26398,2812,2256,1822,17989,23100,30574,27000,17226,11630,25905,3607,21388,8407,18020,328,10922,3845,15844,28683,22314,895,18087,15386,21701,7943,24810,22386,10281,30173,15342,29799,14277,14589,20800,3210,14522,12757,3537,13841,11322,24837,10417,676,9261]",9816,2,0,true,true,true,true
W4,0.3,0.5,0.2,CWE-79,16,79,79,79,14376,0.145687043667,"[14376,9816,19743,12360,11737,17101,29862,3791,21413,16339]","[14376,9816,19743,12360,11737,17101,29862,3791,21413,16339,2917,6986,25355,26282,22892,30935,23752,9287,22720,24130,8167,2117,15593,30705,13589,16892,25373,31038,8543,10758,9416,21803,10773,19741,24755,30079,16817,15437,18064,27348,22230,20619,15432,7904,17628,2960,12955,17453,25471,8996,5034,170,30778,2409,9465,20704,26213,1951,31312,14143,8911,3198,9342,19587,5951,11326,1882,14521,1557,11877,2310,5298,29437,18336,16158,1710,6695,8754,18021,26674,3722,4106,32013,29189,4950,7620,11716,17552,5470,9979,22269,29237,22441,11040,22880,12779,22288,7177,11139,17876,30752,26129,2752,686,16136,10331,26332,6073,27319,1334,27941,12908,28783,14035,14849,3999,17961,23260,19342,2580,22673,828,8006,14637,26214,32695,8381,1405,12486,11595,6818,15540,30950,6632,23348,29657,17667,20228,5523,18405,16709,21335,23656,6312,26398,2812,2256,1822,17989,23100,23966,30574,27000,17226,11630,25905,3607,8407,18020,328,26274,10922,3845,28683,27135,22314,895,18087,7943,24810,22386,10281,30173,8392,15342,14277,14589,20800,3210,14522,24389,12757,3537,13841,11322,10357,24837,10417,676,9261,22484,27399,32717,9355,4735,25021,16310,31247,5320,27595]",9816,2,0,true,true,true,true
W5,0.4,0.3,0.3,CWE-79,16,79,79,79,14376,0.11551348865,"[14376,9816,19743,6986,29862,22892,9287,12360,3791,17101]","[14376,9816,19743,6986,29862,22892,9287,12360,3791,17101,16339,2917,10758,25355,22720,11737,26282,25373,30935,21413,9342,16892,24130,8167,2117,15593,23752,13589,9416,1710,9465,30705,30079,16817,15437,31038,22230,1951,15432,8543,17628,2960,12955,5034,6312,21803,10773,19741,24755,3198,5951,11326,18064,27348,14521,20619,11877,2310,7904,16158,17453,25471,8996,6695,170,30778,26674,2409,20704,3722,26213,31312,14143,11716,8911,5470,9979,19587,22880,8381,7177,1882,30752,686,1557,16136,1334,10331,5298,29437,18336,3999,828,11595,11139,8754,18021,4106,32013,29189,4950,7620,17552,22269,29237,22441,11040,23966,12779,22288,17876,26129,27135,2752,20228,26332,6073,27319,27941,12908,24389,28783,14035,14849,1218,17961,4735,23260,19342,2580,22673,23996,8006,14637,26214,32695,1405,12486,26274,17004,6818,15540,30950,6632,8392,23348,29657,17667,5523,18405,16709,21335,23656,10357,26398,2812,2256,1822,17989,23100,30574,27000,17226,11630,25905,3607,8407,18020,28022,328,10922,3845,28683,22314,895,18087,7943,24810,21388,22386,10281,30173,15342,14277,14589,20800,3210,14522,12757,3537,15844,13841,11322,15386,21701,24837,10417,676,9261,22484]",9816,2,0,true,true,true,true
W1,0.4,0.4,0.2,CWE-125,16,76,76,76,3791,0.18017962575,"[3791,19743,6986,1218,17876,6312,11625,1334,10758,11877]","[3791,19743,6986,1218,17876,6312,11625,1334,10758,11877,9287,2917,14273,8526,4424,8381,15639,17026,11466,29799,25784,26199,16761,25697,9820,14739,160,28446,21901,25902,13697,9342,3991,11926,15920,10017,5294,17065,228,24468,6732,24130,15617,2167,4910,1023,30752,31500,25280,24964,10895,29862,16339,11139,190,25611,18857,7177,6219,25262,10281,17228,10374,6093,4465,22288,18725,11630,26550,6599,16892,24959,18936,3497,1951,10025,5453,25185,16656,11635,26373,14376,2246,29656,22279,21982,40,1040,30339,24333,9816,7328,27435,25021,18089,22402,32130,26213,958,26103,23752,4234,16371,22893,30510,26205,23624,26274,30728,28170,13382,32704,25067,0,22720,31632,9647,20259,28202,9794,5721,25627,3274,4735,8845,24183,12340,26704,6610,12883,15096,2011,26059,10357,3888,22230,26419,24445,4975,24044,28306,21830,14889,448,29659,23278,8488,31441,7839,12126,18464,12751,15693,18545,20272,4950,24498,30511,6975,21330,1320,32049,31118,1710,9845,18483,15183,15955,8990,17628,24379,2270,22205,1053,9465,11716,14189,27540,11595,26121,26334,9437,20070,4961,32266,7775,7916,4469,1111,16105,21892,9643,31541,22104,26138,8679,23845,23422,32552,8076]",,,,,,,true
W2,0.333333333333,0.333333333333,0.333333333333,CWE-125,16,76,76,76,3791,0.165500566363,"[3791,19743,6986,1218,17876,6312,11625,1334,10758,11877]","[3791,19743,6986,1218,17876,6312,11625,1334,10758,11877,9287,2917,8526,14273,8381,15639,29799,4424,25784,26199,11466,17026,25697,9820,14739,16761,160,9342,3991,21901,228,25902,11926,28446,15920,5294,13697,24468,24130,10017,17065,30752,25280,6732,16339,2167,10281,6093,1023,11139,31500,24964,18857,29862,15617,24959,25262,4910,22288,11630,190,10895,26550,7177,6219,10374,4465,25611,6599,16892,17228,16656,11635,18725,21982,1951,10025,25185,9816,7328,18936,26373,14376,29656,22279,40,3497,1040,5453,27435,2246,22402,30339,4234,24333,25021,18089,30510,26205,23624,26274,32130,26213,958,26103,28170,13382,23752,32704,16371,22720,4735,22893,30728,25067,0,28306,31632,8845,24183,12340,26704,6610,12883,9647,20259,28202,3888,9794,5721,9465,4950,22230,25627,4975,3274,29659,15096,2011,26059,7839,10357,18464,15693,20272,6975,26419,24445,31118,24044,21830,14889,1710,448,23278,15183,8488,31441,12126,17628,12751,24379,18545,11716,24498,27540,30511,11595,21330,1320,32049,4961,32266,7775,1111,9845,18483,21892,9643,15955,8990,22104,2270,22205,1053,23422,14189,8076,2705,26121,5034,26334,9437,20070,7916,24613,4469,16105,31541,26138]",,,,,,,true
W3,0.5,0.3,0.2,CWE-125,16,76,76,76,3791,0.16079261899,"[3791,6986,19743,17876,1218,6312,1334,9287,11625,10758]","[3791,6986,19743,17876,1218,6312,1334,9287,11625,10758,11877,2917,8381,8526,15639,29799,14273,9342,25784,4424,26199,14739,11466,25697,9820,17026,160,16761,228,3991,6093,16339,11926,21901,15920,25902,5294,10281,24468,24130,28446,30752,18857,10017,25280,13697,17065,29862,22288,6732,11139,2167,26373,1023,31500,24964,11630,24959,26550,16656,15617,190,25262,7177,4910,6219,9816,10374,4465,10895,11635,6599,16892,14376,22720,25611,7328,17228,1951,10025,26274,25185,18725,21982,29656,22279,40,1040,9465,18936,27435,3497,22402,5453,4234,2246,22230,30510,26205,23624,4735,30339,24333,15955,25021,4950,18089,28170,13382,32704,32130,26213,958,26103,1710,23752,16371,22893,8845,11716,24183,12340,26704,6610,12883,30728,25067,0,3888,28306,31632,4975,9647,20259,28202,29659,5034,9794,5721,7839,11595,25627,18464,15693,3274,20272,6975,15096,2011,26059,31118,18545,1320,10357,15183,26419,24445,17628,24379,24044,21830,14889,448,27540,23278,8488,22205,4961,32266,7775,31441,1111,12126,12751,21892,9643,24498,30511,22104,21330,32049,23422,8076,9845,2705,18483,24613,8990,13716,2270,1053,14189,26121,26334,9437,20070,7916,4469,16105,26585]",,,,,,,true
W4,0.3,0.5,0.2,CWE-125,16,76,76,76,3791,0.199566632509,"[3791,19743,6986,1218,17876,11625,6312,1334,14273,10758]","[3791,19743,6986,1218,17876,11625,6312,1334,14273,10758,11877,2917,8526,4424,9287,17026,16761,11466,15639,26199,8381,28446,25784,25697,13697,9820,21901,29799,160,25902,14739,3991,15617,10017,4910,17065,11926,6732,10895,15920,5294,2167,1023,24468,31500,25611,24964,24130,17228,228,30752,18725,29862,25280,190,7177,9342,6219,25262,10374,18936,4465,11139,6599,3497,16892,5453,16339,2246,11630,18857,26550,30339,1951,10025,24333,25185,24959,25021,22288,18089,29656,22279,40,32130,26213,21982,958,1040,10281,26103,23752,16371,27435,14376,11635,22893,22402,6093,30728,16656,4234,25067,0,7328,31632,30510,26205,9647,23624,20259,28202,26373,9794,5721,9816,28170,13382,32704,25627,3274,15096,2011,26059,10357,26419,24445,24044,21830,14889,8845,448,24183,12340,26274,23278,26704,6610,12883,8488,31441,12126,12751,3888,24498,30511,21330,32049,4975,4735,29659,9845,18483,28306,22720,8990,7839,18545,18464,15693,1320,2270,1053,20272,14189,6975,26121,26334,31118,9437,20070,7916,4469,16105,15183,22230,31541,22205,17628,26138,24379,8679,23845,32552,27540,20781,9983,26663,4961,32266,7775,4188,22839,19078,1111,21892,9643,21080,13435,22104]",,,,,,,true
W5,0.4,0.3,0.3,CWE-125,16,76,76,76,3791,0.159476831555,"[3791,19743,6986,17876,1218,6312,11625,1334,9287,10758]","[3791,19743,6986,17876,1218,6312,11625,1334,9287,10758,11877,2917,8526,8381,15639,29799,14273,25784,4424,9342,26199,11466,25697,14739,9820,17026,160,16761,228,3991,11926,21901,15920,25902,5294,6093,16339,24468,24130,10281,28446,30752,10017,25280,13697,17065,18857,6732,11139,2167,29862,22288,24959,1023,31500,24964,11630,25262,26550,15617,190,7177,4910,16656,6219,10374,4465,26373,10895,11635,6599,16892,9816,25611,7328,21982,14376,17228,1951,10025,25185,18725,29656,22279,40,1040,18936,22720,27435,3497,26274,22402,5453,4234,2246,9465,30510,26205,23624,4735,30339,24333,25021,18089,28170,13382,32704,32130,26213,958,26103,4950,22230,23752,16371,22893,28306,8845,24183,12340,26704,6610,12883,30728,25067,0,3888,31632,1710,4975,9647,20259,28202,29659,9794,5721,15955,11716,7839,25627,18464,15693,3274,20272,6975,15096,2011,26059,31118,11595,10357,15183,26419,24445,5034,17628,24379,24044,18545,21830,14889,448,27540,23278,1320,8488,4961,32266,7775,31441,1111,12126,12751,21892,9643,24498,30511,22104,21330,32049,22205,23422,8076,9845,2705,18483,24613,8990,2270,1053,14189,26121,26334,9437,20070,7916,4469,16105,26585,13716]",,,,,,,true
W1,0.4,0.4,0.2,CWE-787,16,65,65,65,6986,0.175947383046,"[6986,6093,14376,9768,22720,5034,9820,27215,11907,1218]","[6986,6093,14376,9768,22720,5034,9820,27215,11907,1218,16587,22288,22206,1320,10758,11595,29960,17625,12060,19743,24815,11756,14034,22493,1334,25717,23335,14666,9416,19933,15432,9342,16892,18805,5951,21415,24157,2917,7839,22137,32691,4163,329,16828,22892,25550,14671,32586,19806,28022,22135,17395,3678,8137,10281,2580,13716,12955,26732,15897,228,3785,22389,3944,26709,3030,2412,31203,14521,18369,22678,10199,27091,14739,5294,13103,21024,21602,14124,18239,17987,11926,497,29862,8180,13416,28644,11916,448,9487,15068,24632,9653,31225,4950,12333,11326,9465,29799,10226,23757,10084,1547,31500,26413,26296,7595,29437,20678,4028,9647,23573,20652,16225,25697,25185,17180,25186,12438,12207,1940,1710,1933,11830,29094,16174,18128,6835,19408,16817,9102,16376,9117,24130,19011,992,18985,24389,20251,2573,2961,27541,5064,27337,21817,2905,31312,10982,20103,11343,13778,14637,28027,28672,9287,5217,28896,13242,3364,17065,0,30016,26674,1146,4511,4652,29396,11080,28929,28430,15437,26214,32330,9485,23498,28530,20246,11735,22194,12812,15161,29848,8809,3668,15263,15572,4356,20259,32319,20272,30988,7949,19976,2546,20261,15268,7367,21901,2705,25585]",,,,,,,true
W2,0.333333333333,0.333333333333,0.333333333333,CWE-787,16,65,65,65,6986,0.156879231334,"[6986,14376,6093,9768,22720,5034,9820,27215,11907,22288]","[6986,14376,6093,9768,22720,5034,9820,27215,11907,22288,1218,16587,10758,11595,1320,19743,17625,22206,1334,29960,25717,24815,12060,9416,14034,22493,23335,14666,19933,11756,15432,9342,16892,18805,5951,2917,7839,21415,24157,22137,4163,329,22892,28022,12955,17395,32691,3678,10281,16828,25550,14671,32586,19806,22135,228,3785,8137,22389,3944,2580,26709,14521,18369,22678,13716,26732,14739,15897,21024,21602,3030,2412,31203,11926,10199,29862,27091,5294,13103,8180,28644,14124,18239,17987,497,29799,13416,11916,448,9487,15068,24632,9653,31225,4950,12333,11326,9465,10226,23757,1710,10084,1547,31500,26413,26296,7595,29437,20678,4028,9647,23573,16817,20652,16225,25697,25185,17180,25186,12438,12207,1940,1933,11830,29094,16174,18128,6835,9287,19408,9102,16376,9117,24130,19011,992,18985,24389,20251,2573,2961,15437,27541,5064,27337,21817,2905,31312,10982,20103,11343,13778,14637,28027,28672,5217,28896,13242,3364,17065,0,30016,26674,1146,4511,4652,29396,11080,28929,28430,26214,32330,9485,23498,28530,20246,11735,22194,12812,15161,29848,8809,3668,15263,15572,4356,20259,32319,20272,30988,7949,19976,2546,20261,15268,7367,21901,2705,25585]",,,,,,,true
W3,0.5,0.3,0.2,CWE-787,16,65,65,65,6986,0.153499007225,"[6986,14376,6093,9768,5034,22720,9820,27215,22288,11907]","[6986,14376,6093,9768,5034,22720,9820,27215,22288,11907,10758,11595,1218,25717,16587,17625,1334,1320,19743,22206,2917,9416,24815,29960,14034,9342,22493,12060,23335,14666,19933,15432,16892,11756,22892,18805,5951,7839,28022,21415,24157,22137,4163,329,17395,3678,10281,12955,8137,32691,16828,25550,228,3785,14671,22389,32586,3944,19806,26709,22135,14521,18369,22678,9465,14739,2580,13716,21024,21602,11926,26732,29862,15897,3030,2412,31203,8180,28644,10199,27091,5294,13103,1710,9287,29799,14124,18239,17987,497,13416,11916,448,9487,15068,24632,9653,31225,1940,4950,12333,11326,16817,10226,23757,10084,1547,31500,26413,26296,7595,29437,20678,24130,4028,9647,23573,24389,20652,16225,25697,25185,17180,25186,12438,12207,1933,11830,29094,16174,18128,6835,19408,9102,16376,9117,19011,992,18985,6312,20251,2573,2961,27541,5064,27337,21817,2905,31312,10982,20103,11343,13778,14637,28027,28672,5217,28896,13242,3364,17065,0,30016,15437,8381,26674,1146,212,4511,4652,29396,11080,28929,28430,26214,32330,9485,23498,28530,20246,11735,22194,12812,15161,29848,8809,3668,15263,15572,4356,20259,32319,20272,30988,7949,18857,19976,2546,20261,15268]",,,,,,,true
W4,0.3,0.5,0.2,CWE-787,16,65,65,65,6986,0.198395758867,"[6986,6093,14376,9768,22720,5034,9820,27215,11907,16587]","[6986,6093,14376,9768,22720,5034,9820,27215,11907,16587,1218,22206,22288,29960,1320,12060,11756,10758,24815,11595,17625,14034,22493,23335,19743,14666,19933,21415,24157,15432,16892,22137,9416,18805,5951,1334,9342,7839,25717,32691,16828,25550,14671,32586,19806,22135,4163,329,2580,13716,2917,26732,8137,17395,15897,3678,10281,3030,2412,28022,31203,10199,27091,5294,22892,12955,13103,228,3785,22389,3944,26709,14124,14521,18239,17987,18369,22678,497,14739,13416,11916,21024,21602,448,9487,15068,24632,11926,9653,29862,31225,4950,12333,11326,10226,8180,23757,10084,1547,28644,31500,26413,26296,7595,29437,20678,4028,9647,23573,20652,16225,25697,25185,17180,25186,12438,29799,12207,1933,11830,29094,16174,18128,6835,19408,9102,16376,9117,19011,992,18985,1940,20251,2573,2961,27541,5064,27337,21817,2905,31312,9465,10982,20103,24130,11343,13778,14637,28027,28672,5217,16817,28896,13242,3364,24389,17065,0,30016,26674,1146,1710,4511,4652,29396,11080,28929,28430,26214,32330,9485,23498,28530,20246,11735,22194,15437,12812,15161,29848,8809,3668,15263,15572,4356,20259,32319,20272,30988,7949,19976,2546,20261,15268,7367,21901,2705,25585,627]",,,,,,,true
W5,0.4,0.3,0.3,CWE-787,16,65,65,65,6986,0.150422081351,"[6986,14376,6093,9768,5034,22720,9820,27215,22288,11907]","[6986,14376,6093,9768,5034,22720,9820,27215,22288,11907,1218,10758,11595,19743,16587,17625,25717,1320,1334,22206,9416,24815,29960,14034,22493,12060,23335,2917,14666,9342,19933,15432,16892,11756,18805,5951,7839,22892,21415,24157,28022,22137,4163,329,12955,17395,3678,10281,32691,16828,25550,228,3785,14671,8137,22389,32586,3944,19806,26709,22135,14521,18369,22678,14739,2580,13716,21024,21602,11926,26732,29862,15897,3030,2412,31203,8180,28644,10199,27091,5294,9465,13103,29799,14124,18239,17987,497,1710,13416,11916,448,9487,15068,24632,9653,9287,31225,4950,12333,11326,16817,10226,23757,10084,1547,31500,26413,26296,7595,29437,20678,1940,4028,9647,23573,20652,16225,25697,25185,17180,25186,12438,24130,12207,24389,1933,11830,29094,16174,18128,6835,19408,9102,16376,9117,19011,992,18985,20251,2573,2961,15437,27541,5064,27337,21817,2905,31312,10982,20103,11343,13778,14637,28027,28672,5217,28896,13242,3364,17065,0,30016,26674,1146,4511,4652,29396,11080,28929,28430,26214,32330,9485,23498,28530,20246,11735,22194,6312,12812,15161,29848,8809,3668,15263,15572,8381,212,4356,20259,32319,20272,30988,7949,18857,19976,2546,20261,15268]",,,,,,,true
W1,0.4,0.4,0.2,CWE-190,16,85,85,85,6986,0.326593130827,"[6986,9465,10758,11625,22720,7839,26373,14376,9287,26413]","[6986,9465,10758,11625,22720,7839,26373,14376,9287,26413,27913,22402,9416,6312,5951,4850,10357,5719,25717,24130,26059,24959,13552,8254,25784,18857,9045,18428,19259,17876,11877,14940,22892,9342,32697,26619,1546,13089,21423,19806,30907,1754,1710,2273,3635,8076,6156,28022,15386,16371,17690,9816,5640,28079,21103,8679,9820,22839,3222,17101,22550,24430,6793,10715,7589,2917,18124,4316,5407,16728,13179,19820,3817,6505,21802,6599,3789,12161,5034,5825,1037,2326,24550,18095,23049,31087,1853,5669,26332,3198,3497,4735,26213,31692,25391,17666,30883,26138,8219,22327,20703,4721,29185,8543,241,9979,8839,16926,10551,9085,20744,20955,14849,2022,11595,27532,1334,32721,3607,10226,18022,17395,5523,10303,22138,20746,24187,4991,28360,26098,1218,4199,13168,20227,12767,11926,30289,27047,20589,12190,31670,29799,5355,3722,28710,1023,27655,20977,2519,2812,17625,170,4950,2892,6676,4961,13526,27455,20966,13523,21080,29848,4021,6745,22880,23089,29572,24729,31057,5540,26585,11228,32181,24763,12509,23100,14628,16417,32473,3791,18158,22288,22349,12083,24256,18094,14724,19933,16564,2682,29061,2100,22747,4514,23254,31846,26155,25185,15437,16656]",,,,,,,true
W2,0.333333333333,0.333333333333,0.333333333333,CWE-190,16,85,85,85,6986,0.283925652504,"[6986,9465,10758,11625,22720,7839,26373,14376,9287,9416]","[6986,9465,10758,11625,22720,7839,26373,14376,9287,9416,26413,27913,6312,22402,5951,25717,10357,24130,4850,5719,24959,25784,11877,18857,26059,18428,13552,8254,19259,17876,9342,22892,9045,13089,14940,1710,1546,21423,30907,32697,1754,26619,15386,2273,19806,5640,28079,9820,22839,8076,6156,28022,17690,9816,3635,16371,22550,24430,10715,2917,21103,8679,18124,5034,3222,5407,17101,6793,16728,19820,7589,21802,6599,12161,2326,4316,31087,1853,26332,13179,3198,3817,6505,4735,3789,5825,31692,1037,25391,24550,18095,30883,23049,8219,1334,5669,20703,4721,9979,3497,26213,9085,20955,17666,11595,26138,27532,22327,11926,17395,5523,29185,8543,241,10303,8839,16926,10551,20746,24187,20744,14849,2022,26098,12767,32721,3607,10226,18022,27047,12190,31670,29799,5355,28710,22138,1023,20977,2519,4991,28360,2812,17625,4950,2892,1218,6676,4961,4199,13168,20227,30289,20589,20966,3722,29848,27655,4021,6745,170,22880,24729,5540,13526,27455,14628,16417,3791,22288,22349,13523,12083,21080,19933,2682,29061,4514,15437,16656,23089,29572,31057,26585,11228,32181,24763,12509,23100,30017,2728,32473,30944,18158,24256,20756,3999,18905,8066,18094,14724]",,,,,,,true
W3,0.5,0.3,0.2,CWE-190,16,85,85,85,6986,0.269650757313,"[6986,9465,10758,11625,22720,9287,26373,7839,6312,14376]","[6986,9465,10758,11625,22720,9287,26373,7839,6312,14376,9416,26413,27913,5951,24130,22402,9342,10357,25717,5719,4850,25784,18857,22892,24959,11877,18428,19259,17876,28022,2917,13552,8254,26059,9816,13089,15386,1710,9045,1546,14940,1334,21423,30907,5640,28079,1754,9820,2273,32697,26619,5034,8076,6156,19806,6599,17690,22839,11595,22550,24430,10715,12161,3635,16371,18124,31087,5407,21103,8679,4735,16728,19820,3222,21802,17101,6793,2326,4950,3791,7589,1853,26332,9085,3198,4316,1218,27532,29799,31692,25391,30883,8219,13179,3817,10303,6505,20703,4721,3789,9979,5825,1037,11926,24550,18095,23049,20955,12767,5669,3497,26213,17395,5523,17666,26138,4961,20746,24187,22327,26098,29185,8543,241,8839,16926,27047,12190,10551,9144,31670,5355,20744,29862,14849,2022,28710,1023,20977,2519,32721,3607,2812,17625,10226,18022,2892,22138,19933,20966,26274,4991,28360,29848,16656,4199,13168,20227,4021,6745,30289,20589,22880,24729,5540,3722,14628,16417,27655,6676,22288,26585,22349,12083,170,2682,29061,13526,4514,27455,15437,13523,1940,21080,30017,6093,2728,30944,6129,20756,3999,18905,27000,8066,23089,29572,31057,11228,32181,24763]",,,,,,,true
W4,0.3,0.5,0.2,CWE-190,16,85,85,85,6986,0.383535534143,"[6986,9465,10758,11625,22720,7839,26373,14376,26413,22402]","[6986,9465,10758,11625,22720,7839,26373,14376,26413,22402,27913,4850,9416,9287,26059,10357,5951,5719,25717,9045,13552,8254,14940,24959,6312,24130,32697,18428,26619,19259,25784,17876,19806,18857,1546,11877,21423,30907,1754,3635,16371,13089,2273,22892,21103,8679,1710,8076,3222,6156,17101,6793,17690,7589,22839,4316,22550,24430,5640,28079,10715,13179,3817,6505,9342,3789,15386,18124,9820,5825,1037,24550,18095,5407,23049,5669,16728,19820,3497,21802,26213,9816,2326,17666,26138,28022,22327,1853,26332,29185,8543,3198,241,8839,16926,12161,10551,20744,14849,2022,31692,25391,31087,30883,8219,32721,20703,3607,6599,4721,10226,18022,4735,9979,22138,5034,4991,20955,28360,4199,13168,20227,30289,20589,17395,5523,3722,9085,2917,27655,20746,24187,27532,170,26098,13526,6676,27455,27047,10303,12190,31670,5355,13523,28710,21080,1023,20977,2519,2812,17625,12767,2892,23089,29572,31057,11228,32181,24763,12509,23100,11926,20966,32473,11595,18158,1218,24256,18094,14724,16564,29848,4961,2100,22747,4021,23254,26585,6745,31846,26155,25185,22880,29799,24729,5540,28256,6014,4231,14628,16417,4068,29618,23516,22288,22349,12083,14183,26160,29380]",,,,,,,true
W5,0.4,0.3,0.3,CWE-190,16,85,85,85,6986,0.266121327877,"[6986,9465,10758,11625,22720,26373,7839,9287,14376,6312]","[6986,9465,10758,11625,22720,26373,7839,9287,14376,6312,9416,26413,27913,5951,24130,22402,25717,10357,5719,4850,9342,24959,25784,11877,18857,22892,18428,19259,17876,13552,8254,26059,13089,1710,9045,28022,15386,1546,14940,2917,21423,9816,30907,5640,28079,1754,9820,2273,32697,26619,22839,8076,6156,19806,17690,5034,1334,22550,24430,6599,10715,3635,16371,18124,5407,12161,21103,8679,16728,19820,31087,3222,21802,17101,6793,4735,2326,11595,7589,1853,26332,3198,4316,31692,25391,30883,9085,8219,13179,3817,6505,20703,4721,3789,27532,9979,5825,1037,11926,24550,18095,23049,20955,10303,5669,4950,29799,3497,26213,17395,5523,12767,17666,26138,1218,3791,20746,24187,22327,26098,29185,8543,241,8839,16926,27047,12190,10551,4961,31670,5355,20744,14849,2022,28710,1023,20977,2519,32721,3607,2812,17625,10226,18022,2892,22138,20966,4991,28360,29848,9144,6676,4199,13168,20227,29862,4021,6745,30289,19933,20589,22880,24729,5540,3722,14628,16417,27655,16656,22288,22349,12083,170,2682,29061,13526,4514,27455,15437,26585,13523,21080,30017,2728,26274,30944,20756,3999,18905,8066,23089,29572,31057,11228,32181,24763,12509,23100,1940,32473]",,,,,,,true
W1,0.4,0.4,0.2,CWE-476,16,75,75,75,9342,0.177407309413,"[9342,1334,5484,6986,9465,9287,12333,22670,1547,2665]","[9342,1334,5484,6986,9465,9287,12333,22670,1547,2665,32249,11195,22866,21602,10758,2256,13671,24613,14739,11326,436,16028,25717,16268,2917,19331,28644,14376,8392,12372,25101,3791,20763,1903,18116,26282,16709,15769,32089,4950,5913,8172,25784,31440,6093,5509,11949,13531,12955,23545,11716,24633,11877,9816,18633,26402,8839,1710,28860,4502,6695,6590,6073,24964,27809,7904,21269,1023,6670,32691,895,2580,12383,9085,29660,26274,19535,28079,6354,20259,14399,2905,32723,7044,32535,18658,30258,2715,13552,7595,8679,18128,24656,7255,27135,17395,22441,8407,21393,15432,7589,31217,12029,22314,29799,4488,19078,11879,7528,15404,7691,16024,6973,5951,26843,31247,26445,22932,15148,4850,17628,8737,22288,19880,32698,2681,19743,23966,29140,22206,25208,21848,19806,12839,24632,24130,20070,28944,6328,13166,5704,30778,29718,25783,5194,5410,8381,27887,31569,17635,9162,26663,2362,8896,17726,25355,9286,30264,29337,7943,10025,20936,12930,30047,20543,9504,25423,18857,22786,26704,11630,15617,15917,26373,3845,16817,170,23749,4179,2545,8219,11595,8899,27693,3069,29437,8442,5530,13778,29058,18561,24141,4011,9144,17814,16926,3411,23517,1218,8646]",,,,,,,true
W2,0.333333333333,0.333333333333,0.333333333333,CWE-476,16,75,75,75,9342,0.158950537443,"[9342,1334,5484,9287,6986,9465,12333,22670,1547,32249]","[9342,1334,5484,9287,6986,9465,12333,22670,1547,32249,2665,21602,10758,11195,22866,2256,13671,14739,24613,14376,25717,11326,28644,16028,16268,12372,2917,436,8392,19331,6093,3791,1903,26282,16709,4950,25101,20763,18116,9816,8172,15769,25784,31440,11716,11949,11877,32089,5913,12955,5509,13531,23545,24633,1710,18633,28860,6695,26402,895,8839,9085,4502,7904,1023,6590,6073,24964,27809,26274,19535,28079,20259,21269,6670,32691,2905,2580,12383,7044,29660,6354,14399,13552,32723,17395,32535,15432,18658,30258,29799,19078,2715,7595,8679,15404,18128,16024,6973,5951,24656,7255,27135,26843,22441,8407,21393,7589,31217,12029,22314,17628,22288,19880,4488,11879,7528,7691,2681,19743,23966,25208,2362,31247,26445,22932,15148,4850,28944,8737,25783,5410,8381,32698,18857,29140,22206,21848,19806,12839,24632,24130,9286,20070,6328,13166,5704,30778,29718,5194,27887,26704,31569,17635,9162,26663,8896,17726,16817,25355,30264,29337,7943,10025,20936,12930,30047,20543,9504,25423,9144,22786,11630,15617,15917,26373,3845,170,23749,16656,14277,4179,2545,8219,11595,8899,27693,3069,29437,8442,5530,10281,30510,13778,29058,18561,24141,4011,17814,11080]",,,,,,,true
W3,0.5,0.3,0.2,CWE-476,16,75,75,75,9342,0.149722158909,"[9342,1334,9287,6986,10758,5484,9465,12333,22670,1547]","[9342,1334,9287,6986,10758,5484,9465,12333,22670,1547,32249,21602,2665,2256,11195,22866,14739,14376,24613,6093,11326,13671,25717,28644,2917,3791,12372,16028,16268,9816,8392,25784,436,4950,19331,1903,11877,26282,16709,11716,25101,8172,20763,18116,31440,11949,15769,12955,32089,26274,1710,5913,5509,13531,19535,23545,24633,1023,9085,28860,6695,18633,26402,895,8839,7904,4502,5951,6590,28079,6073,20259,24964,2905,27809,7044,21269,6670,32691,18857,2580,13552,12383,29660,17395,6354,15432,14399,19743,29799,32723,19078,22314,15404,16024,6973,32535,18658,7528,26843,30258,2715,7595,8679,18128,17628,2362,24656,22288,7255,19880,27135,22441,8407,2681,23966,26373,21393,7589,31217,12029,25208,4488,11879,7691,28944,24130,25783,5410,8381,31247,6328,26445,22932,15148,10281,4850,8737,9286,32698,11595,9144,29140,22206,21848,19806,12839,24632,26704,16656,10025,20070,13166,16817,5704,30778,29718,5194,27887,170,31569,17635,9162,26663,8896,17726,25355,30264,29337,14277,7943,20936,12930,30047,20543,1218,9504,25423,22786,11630,15617,31902,28884,15917,3845,11080,23749,12950,4179,2545,8219,8899,27693,3069,29437,8442,5530,27439,28022,13778]",,,,,,,true
W4,0.3,0.5,0.2,CWE-476,16,75,75,75,9342,0.205092459917,"[9342,1334,5484,2665,9465,12333,22670,11195,22866,1547]","[9342,1334,5484,2665,9465,12333,22670,11195,22866,1547,6986,32249,2256,21602,13671,9287,24613,436,19331,16028,11326,16268,10758,14739,25101,20763,8392,18116,2917,25717,28644,15769,1903,32089,26282,12372,16709,5913,5509,13531,3791,8172,14376,31440,23545,11949,24633,4950,12955,18633,26402,8839,25784,4502,11716,6590,6073,24964,27809,28860,11877,21269,6670,6695,32691,1710,2580,12383,29660,6354,7904,14399,6093,9816,32723,895,32535,18658,1023,28079,30258,20259,2715,7595,8679,18128,2905,24656,7255,9085,27135,22441,8407,7044,21393,7589,31217,12029,4488,11879,13552,7691,19535,17395,31247,22314,26445,22932,15432,15148,4850,7528,8737,29799,19078,15404,32698,16024,6973,26274,29140,22206,21848,26843,19806,12839,24632,20070,17628,13166,22288,5704,19880,30778,29718,5194,2681,23966,27887,25208,31569,17635,9162,26663,24130,8896,17726,25355,6328,30264,28944,5951,29337,19743,7943,25783,5410,8381,20936,12930,30047,20543,9504,25423,22786,11630,15617,15917,3845,23749,9286,4179,2545,8219,10025,8899,27693,3069,29437,8442,5530,13778,29058,18561,24141,4011,17814,26704,16926,3411,23517,170,2362,8646,16817,13574,9802,30358,14589,4305]",,,,,,,true
W5,0.4,0.3,0.3,CWE-476,16,75,75,75,9342,0.149722144008,"[9342,1334,9287,6986,5484,9465,10758,12333,22670,1547]","[9342,1334,9287,6986,5484,9465,10758,12333,22670,1547,32249,21602,2665,2256,11195,22866,14376,14739,24613,25717,13671,6093,11326,28644,12372,2917,16028,16268,3791,8392,436,9816,4950,19331,1903,26282,16709,25784,11877,11716,25101,8172,20763,18116,31440,11949,15769,12955,32089,5913,5509,1710,13531,23545,24633,9085,26274,28860,6695,895,18633,1023,19535,26402,8839,7904,4502,6590,28079,6073,20259,24964,2905,27809,7044,21269,6670,32691,5951,2580,13552,12383,29660,17395,6354,15432,14399,29799,32723,19078,15404,16024,6973,32535,18857,18658,26843,19743,30258,2715,7595,22314,8679,18128,17628,2362,24656,22288,7255,19880,7528,27135,22441,8407,2681,23966,21393,7589,31217,12029,25208,4488,11879,7691,28944,25783,5410,8381,31247,26445,22932,15148,4850,8737,24130,9286,32698,6328,29140,22206,21848,19806,12839,26373,24632,26704,20070,13166,9144,16817,5704,30778,29718,10281,5194,27887,16656,31569,17635,9162,26663,10025,8896,17726,11595,25355,30264,29337,170,14277,7943,20936,12930,30047,20543,9504,25423,22786,11630,15617,15917,3845,11080,23749,12950,4179,1218,2545,8219,8899,27693,3069,29437,8442,5530,30510,28022,13778,29058,18561]",,,,,,,true
W1,0.4,0.4,0.2,CWE-120,19,14,70,1327,16897,1.18374705315,"[16897,151,19738,11462,20937,14842,14193,27826,13091,32012]","[16897,151,19738,11462,20937,14842,14193,27826,13091,32012,17961,29026,5403,14440,18993,26893,4312,1913,15311,19984,19483,22439,4380,31800,12906,16192,6551,1317,6273,4700,32696,18458,1757,14049,31956,32404,20332,7705,2068,3848,4280,15417,12186,19008,5923,13750,30380,14279,23329,11931,3571,1622,8634,7777,1748,30742,13827,14552,28315,16912,2865,543,29314,18837,24293,23706,3674,4633,25954,367,16615,5540,5813,23088,18806,19056,6573,13197,10414,14865,20051,21288,11003,213,6105,30291,17007,29810,23536,2287,20220,9406,15975,10430,1705,23814,3172,3709,11498,3596,18037,10538,20250,20549,14275,22117,31411,25982,9108,7889,8682,29751,17824,20467,16137,23436,6603,16522,2343,12917,2857,20459,10111,30294,19776,29022,28606,16900,19004,16028,16252,20327,14206,14398,31981,10796,10448,31786,5874,10988,22755,11432,5948,1784,24779,32247,7047,29539,14803,4224,9170,15529,16599,27675,1586,5103,4990,16703,14070,6096,3601,20219,1552,11917,12824,28115,31828,5895,5384,3638,32292,9586,15049,5808,30843,3084,17391,8131,16139,14949,10643,7702,23169,14739,15849,16858,6075,23024,9253,22540,19227,16805,2977,18889,20390,32094,17665,12227,18461,17353]",14193,7,0,true,true,true,true
W2,0.333333333333,0.333333333333,0.333333333333,CWE-120,19,14,70,1327,16897,1.04121780396,"[16897,151,19738,11462,20937,14193,14842,27826,13091,32012]","[16897,151,19738,11462,20937,14193,14842,27826,13091,32012,17961,29026,5403,14440,18993,4312,26893,1913,15311,19984,19483,22439,31800,12906,4380,16192,6551,1317,6273,32696,4700,1757,18458,31956,20332,3848,14049,2068,32404,7705,4280,12186,15417,5923,19008,13750,30380,14279,23329,3571,30742,11931,1622,8634,1748,3674,13827,7777,14552,28315,16912,2865,367,29314,5540,25954,18837,543,24293,23706,4633,16615,23088,2287,18806,19056,29810,5813,6573,13197,10414,11003,14865,20051,21288,213,6105,30291,17007,23536,9406,20220,15975,10430,7889,1705,23814,3172,3709,11498,3596,31411,18037,10538,23436,20250,20549,14275,22117,25982,9108,8682,29751,17824,20467,16137,6603,16522,2343,12917,2857,29022,20459,10111,30294,19776,16028,28606,16900,19004,14398,10796,16252,20327,14206,31981,10448,15849,31786,5874,22755,11432,5948,1784,24779,7047,29539,14803,4224,9170,6096,15529,32247,10988,27675,5103,4990,16703,14070,3601,20219,11917,28115,16599,5895,1586,5384,3638,32292,9586,5808,30843,1552,3084,17391,8131,16139,14949,10643,7702,23169,14739,16858,15049,6075,12824,31828,22540,19227,16805,23024,2977,18889,20390,32094,17665,18461,17353,17328,3577]",14193,6,-1,true,true,true,true
W3,0.5,0.3,0.2,CWE-120,19,14,70,1327,16897,1.0213817358,"[16897,151,19738,11462,20937,14193,14842,13091,27826,17961]","[16897,151,19738,11462,20937,14193,14842,13091,27826,17961,32012,29026,14440,5403,4312,1913,18993,19483,15311,26893,19984,6273,22439,12906,31800,4380,16192,6551,1317,2068,32696,4700,1757,31956,12186,18458,3848,20332,14049,32404,7705,5923,4280,19008,15417,13827,30742,3674,2287,13750,3571,30380,14279,23329,11931,367,25954,1622,1748,8634,7777,5540,14552,28315,16912,2865,29314,543,18837,29810,24293,23706,4633,16615,23088,18806,19056,6573,13197,11003,10414,5813,14865,20051,21288,7889,213,6105,30291,17007,9406,23536,20220,23814,15975,10430,1705,3172,3709,11498,23436,31411,3596,18037,10538,20250,15849,20549,14275,22117,25982,9108,8682,29751,17824,20467,16137,6603,16522,29022,2343,12917,2857,16028,20459,10111,30294,19776,14398,10796,28606,16900,19004,16252,20327,14206,31981,10448,5874,22755,11432,5948,1784,24779,7047,29539,6096,14803,31786,4224,9170,15529,27675,32247,5103,4990,16703,14070,3601,20219,11917,28115,1552,5895,10988,5384,3638,12824,32292,9586,16599,5808,30843,3084,17391,1586,8131,15049,16139,14949,10643,7702,23169,14739,16858,6075,22540,19227,16805,2977,31828,18889,20390,32094,17665,23024,18461,17353,17328,3577]",14193,6,-1,true,true,true,true
W4,0.3,0.5,0.2,CWE-120,19,14,70,1327,16897,1.34611237049,"[16897,151,19738,11462,20937,14842,27826,14193,13091,32012]","[16897,151,19738,11462,20937,14842,27826,14193,13091,32012,17961,29026,5403,18993,26893,14440,4312,1913,15311,19984,19483,4380,22439,31800,6551,12906,16192,1317,18458,4700,32696,1757,14049,32404,7705,20332,4280,15417,31956,3848,6273,13750,30380,14279,23329,19008,11931,1622,8634,2068,3571,7777,1748,14552,28315,12186,16912,5923,2865,543,29314,18837,24293,5813,23706,4633,16615,30742,23088,13827,18806,19056,6573,13197,5540,10414,25954,14865,20051,367,21288,213,6105,30291,17007,11003,23536,20220,15975,10430,3674,1705,9406,3172,23814,3709,11498,3596,18037,10538,29810,20250,20549,14275,22117,25982,9108,8682,29751,31411,17824,20467,16137,6603,16522,2343,12917,2857,20459,10111,30294,23436,19776,28606,10988,16900,19004,7889,2287,16252,29022,20327,31786,14206,31981,16028,32247,10448,5874,22755,11432,5948,1784,24779,14398,10796,7047,29539,31828,14803,16599,4224,1586,9170,15529,27675,5103,4990,16703,14070,3601,12824,1552,20219,11917,28115,9253,5895,7053,6096,5384,3638,15049,32292,9586,5808,30843,3084,17391,8131,23024,16139,12463,14949,10643,7702,23169,14739,16858,12227,6075,18015,22540,19227,16805,2977,18889,20390,32094,17665]",14193,8,1,true,true,true,true
W5,0.4,0.3,0.3,CWE-120,19,14,70,1327,16897,0.995667457581,"[16897,151,19738,11462,20937,14193,14842,13091,27826,32012]","[16897,151,19738,11462,20937,14193,14842,13091,27826,32012,17961,29026,14440,5403,18993,4312,1913,15311,19483,26893,19984,22439,12906,31800,4380,6273,16192,6551,1317,32696,4700,1757,2068,31956,18458,3848,20332,12186,14049,32404,7705,5923,4280,19008,15417,30742,3674,13827,13750,3571,30380,14279,23329,11931,1622,1748,8634,367,7777,2287,25954,5540,14552,28315,16912,2865,29314,18837,543,24293,29810,23706,4633,16615,23088,18806,19056,6573,13197,11003,10414,5813,14865,20051,21288,7889,213,6105,30291,17007,9406,23536,20220,15975,10430,23814,1705,3172,3709,11498,23436,31411,3596,18037,10538,20250,20549,14275,22117,25982,9108,8682,29751,17824,15849,20467,16137,6603,16522,29022,2343,12917,2857,16028,20459,10111,30294,19776,14398,10796,28606,16900,19004,16252,20327,14206,31981,10448,5874,22755,11432,5948,1784,24779,31786,7047,29539,6096,14803,4224,9170,15529,27675,32247,5103,4990,16703,14070,3601,20219,11917,28115,5895,10988,5384,3638,32292,9586,16599,5808,30843,1552,3084,17391,1586,8131,16139,14949,10643,7702,23169,14739,16858,15049,6075,12824,22540,19227,16805,2977,31828,18889,20390,32094,17665,23024,18461,17353,17328,3577]",14193,6,-1,true,true,true,true
W1,0.4,0.4,0.2,CWE-327,19,28,140,1313,16897,0.775479078293,"[16897,2068,151,23042,23814,1913,12068,28732,5923,13827]","[16897,2068,151,23042,23814,1913,12068,28732,5923,13827,5895,29026,13091,6551,17961,19483,21184,14842,31623,10854,3571,31126,10724,78,15849,11462,2495,20571,19008,10777,19738,26893,2798,11418,20332,6273,11003,20564,18279,29810,2287,9406,17354,12186,20442,6510,26479,26861,29383,5540,18037,4973,20937,10194,17622,10176,1586,28706,29022,3191,82,32019,28608,16028,22799,3674,14398,10796,1680,1533,6898,6096,8634,16192,32114,24150,2123,3254,25672,15851,25948,27769,29013,17566,26817,21893,24717,28750,13599,25081,17558,4380,20038,24977,1552,31411,24451,19281,11159,8121,28606,27228,13913,1669,18900,1748,4603,25508,32126,273,10768,27115,19674,18483,22183,28460,1441,24293,19004,1585,25534,573,29693,27684,7012,5551,23436,5813,17324,32612,30742,13690,31800,30367,18258,28628,11129,15198,5707,28058,16603,8221,10988,25441,12564,22570,25736,14932,21776,5550,4523,18408,1317,3413,30419,14821,6651,1515,11888,22439,9253,4312,7611,18993,32346,5196,1116,22009,30696,7144,3058,11715,15966,15311,28163,15298,4361,23100,24779,6408,25853,11757,29663,21429,32696,30706,32292,3017,16599,19809,7570,6808,5588,30485,30989,15089,4784,30126,18729,8198]",,,,,,,true
W2,0.333333333333,0.333333333333,0.333333333333,CWE-327,19,28,140,1313,16897,0.680756449699,"[16897,2068,23042,151,23814,1913,12068,28732,5923,13827]","[16897,2068,23042,151,23814,1913,12068,28732,5923,13827,29026,5895,13091,6551,17961,19483,21184,14842,31623,10854,3571,31126,10724,78,15849,19738,11462,20571,19008,2495,10777,6273,11418,12186,2798,20564,29810,20332,11003,26893,18279,9406,2287,20442,17354,5540,10194,29383,6510,26479,20937,18037,29022,26861,10176,28608,16028,1586,28706,4973,14398,10796,3191,17622,82,32019,3674,22799,6096,6898,1680,1533,2123,32114,8634,16192,25948,3254,24717,24150,27769,25672,15851,29013,25081,28750,17566,26817,21893,4380,17558,20038,31411,13913,19281,24977,1552,13599,11159,28606,4603,25508,24451,273,1748,19674,1441,8121,22183,28460,27228,1669,18483,18900,19004,32126,25534,10768,27115,27684,24293,30742,30367,7012,573,23436,13690,32612,1585,29693,5551,18258,31800,17324,11129,5813,12564,9253,5550,28628,8221,15198,5707,28058,16603,21776,3413,10988,25441,22570,25736,14932,1317,4312,22009,1116,4523,15311,18408,11888,30419,15966,14821,6651,22439,7611,18993,32346,5196,30696,7144,1515,15298,3058,11715,28163,32696,4361,24779,6408,23100,25853,11757,29663,21429,30706,32292,3017,6808,19809,15993,7570,10735,16599,5588,30485,30989,15089,4784,30126]",,,,,,,true
W3,0.5,0.3,0.2,CWE-327,19,28,140,1313,16897,0.663395047188,"[16897,2068,151,23042,23814,1913,12068,28732,5923,13827]","[16897,2068,151,23042,23814,1913,12068,28732,5923,13827,29026,5895,13091,17961,19483,6551,14842,21184,31623,19738,10854,15849,11462,31126,3571,2287,78,12186,10724,6273,2798,19008,10777,29810,20571,2495,20564,11418,20332,18279,11003,26893,9406,20937,20442,3674,10194,5540,17354,29383,16192,1586,29022,28608,18037,16028,26479,10176,6510,14398,10796,28706,3191,26861,82,32019,4973,17622,6096,6898,3254,22799,8634,32114,24717,2123,1680,25948,1533,18483,27769,24150,13913,28750,25081,17558,25672,4380,15851,20038,31411,273,29013,19281,17566,26817,21893,24977,4603,4312,11159,1552,28606,13690,25508,7012,13599,19674,22183,1441,28460,1748,31800,24451,8121,30742,25534,23436,27228,19004,30367,32612,27684,1116,1669,18900,32126,10768,27115,24293,573,18258,9253,1585,22439,11129,3413,21776,12564,29693,5551,10988,5813,17324,5550,8221,28628,22009,15198,5707,28058,16603,1317,14440,25441,22570,25736,14932,15966,32696,11888,4523,15311,18408,30419,14821,6651,7611,18993,32346,5196,15298,30696,7144,3058,5588,11715,28163,10735,4361,816,1515,24779,6408,25853,23100,11757,29663,15993,6808,367,21429,30706,32292,3017,19809,7570,7889,29673,30485]",,,,,,,true
W4,0.3,0.5,0.2,CWE-327,19,28,140,1313,16897,0.887563169003,"[16897,2068,151,23814,23042,12068,28732,1913,5923,5895]","[16897,2068,151,23814,23042,12068,28732,1913,5923,5895,13827,29026,6551,13091,17961,19483,21184,31623,14842,10854,10724,3571,31126,78,2495,20571,15849,26893,19008,10777,17354,20332,11418,11462,11003,2798,18279,6510,20442,20564,26479,9406,29810,26861,6273,4973,17622,29383,18037,10176,19738,22799,5540,1680,28706,3191,1586,1533,10194,2287,82,32019,20937,12186,29022,6898,16028,28608,24150,14398,10796,25672,15851,8634,29013,17566,26817,32114,21893,2123,3674,27769,6096,3254,13599,25948,24451,28750,8121,17558,25081,1552,27228,4380,24977,1669,24717,16192,20038,18900,32126,11159,10768,27115,19281,28606,31411,1748,24293,1585,25508,29693,19674,5551,5813,4603,22183,17324,28460,573,13913,1441,19004,273,25534,28628,27684,15198,5707,28058,16603,23436,32612,25441,22570,8221,25736,14932,11129,1515,18483,30742,4523,7012,18408,18258,30419,14821,10988,6651,30367,7611,12564,18993,32346,11888,31800,5196,1317,30696,7144,23100,21776,3058,13690,5550,11715,28163,4361,24779,6408,15298,25853,3413,11757,29663,15311,16599,22009,15966,21429,30706,32292,3017,19809,22439,7570,9253,4784,30485,30989,15089,30126,18729,8198,12908,9934,6808,30942,7186]",,,,,,,true
W5,0.4,0.3,0.3,CWE-327,19,28,140,1313,16897,0.648395061493,"[16897,2068,23042,151,23814,1913,12068,28732,5923,13827]","[16897,2068,23042,151,23814,1913,12068,28732,5923,13827,29026,5895,13091,6551,17961,19483,14842,21184,31623,10854,31126,3571,19738,15849,78,11462,10724,12186,6273,2287,19008,10777,2798,20571,29810,2495,11418,20564,20332,18279,11003,26893,9406,20442,10194,5540,20937,17354,29383,3674,29022,28608,18037,16028,1586,26479,10176,6510,14398,10796,28706,26861,3191,82,32019,4973,16192,17622,6096,6898,22799,3254,2123,1680,32114,8634,24717,25948,1533,27769,24150,25081,28750,25672,13913,4380,15851,17558,20038,31411,29013,19281,17566,26817,21893,24977,4603,18483,1552,273,11159,28606,25508,13599,19674,1441,22183,28460,1748,13690,24451,7012,8121,25534,19004,30742,27228,30367,27684,1669,18900,23436,4312,32612,32126,31800,10768,27115,24293,573,18258,1585,9253,11129,1116,29693,12564,5551,17324,5550,3413,5813,21776,10988,8221,28628,22009,22439,15198,5707,28058,16603,1317,25441,22570,25736,14932,15311,15966,11888,4523,18408,30419,32696,14821,6651,7611,18993,32346,5196,15298,30696,7144,3058,11715,28163,4361,1515,24779,6408,25853,10735,23100,11757,5588,29663,14440,15993,6808,21429,30706,32292,3017,19809,816,7570,29673,367,30485,30989]",,,,,,,true
W1,0.4,0.4,0.2,CWE-89,19,7,35,1334,23042,1.37282049656,"[23042,12186,11462,151,31800,19738,555,14270,13091,15849]","[23042,12186,11462,151,31800,19738,555,14270,13091,15849,14587,29026,14739,12040,29439,6157,10988,2287,2068,11000,23695,25948,12404,10268,28564,12906,16897,759,20459,24451,26847,19483,26893,31126,8079,23583,3571,8768,28864,7705,5588,15298,16599,16192,14595,21034,7777,6510,17474,31956,5461,18077,29486,6932,3674,18900,28732,20816,10176,8222,1209,28485,11914,19008,4702,7369,21570,1151,5403,2977,5808,20208,20332,28482,11003,26452,5850,3169,31295,17961,9406,13690,5540,14105,4409,10796,20465,16210,12350,18483,4868,7698,5445,24293,25258,7955,9253,6483,1913,5118,6273,31623,31232,17566,816,27025,29673,30036,29022,18806,9586,24474,16028,23089,30696,23033,20564,9744,4623,4939,4949,573,14398,1930,7012,8780,29990,18447,23814,4308,31380,9499,3778,32094,20349,3691,15240,13250,16063,6086,10448,6859,16050,13925,15311,17189,11757,6096,5342,27530,21497,5725,29136,23156,25340,14842,24340,27684,18125,12264,28989,12444,4990,16675,9659,5923,1392,4614,13827,14440,20508,30808,6808,27769,18279,27034,3172,24717,29545,10111,4380,1367,12423,15049,20937,18993,472,13913,4312,806,15946,30742,25229,27826,22755,1748,23436,29385,14097,29810]",,,,,,,true
W2,0.333333333333,0.333333333333,0.333333333333,CWE-89,19,7,35,1334,23042,1.27258861065,"[23042,12186,31800,11462,151,19738,14270,13091,555,15849]","[23042,12186,31800,11462,151,19738,14270,13091,555,15849,29026,14587,14739,12040,29439,10988,6157,2287,2068,11000,12404,25948,23695,10268,12906,16897,28564,19483,759,20459,24451,26847,26893,28864,31126,15298,8079,3571,5588,23583,8768,7705,16599,16192,14595,31956,21034,7777,17474,5461,18077,3674,29486,6510,6932,28732,18900,20816,10176,19008,8222,1209,28485,11914,4702,7369,21570,1151,5403,2977,5808,20208,17961,20332,28482,11003,26452,5850,3169,18483,13690,31295,5540,9406,10796,14105,4409,20465,16210,12350,4868,7698,5445,24293,1913,25258,7955,31623,6483,5118,6273,31232,17566,27025,30036,29022,9253,816,9586,24474,16028,23089,30696,23033,29673,18806,20564,9744,4939,4949,14398,1930,7012,29990,18447,4308,31380,9499,573,3778,32094,8780,20349,3691,15240,4623,13250,23814,6086,10448,6859,16050,13925,17189,6096,5342,27530,21497,5725,29136,16063,23156,25340,15311,11757,24340,27684,14842,18125,28989,12264,4990,9659,5923,12444,13827,20508,4614,14440,1392,16675,30808,27769,27034,3172,29545,6808,18279,24717,4312,20937,10111,4380,1367,13913,15049,18993,12423,1748,806,472,15946,30742,29810,23436,3413,14097,6551,7889,27826]",,,,,,,true
W3,0.5,0.3,0.2,CWE-89,19,7,35,1334,23042,1.22818672657,"[23042,12186,151,11462,31800,19738,13091,14270,15849,555]","[23042,12186,151,11462,31800,19738,13091,14270,15849,555,29026,2287,2068,16897,14587,14739,12040,10988,29439,6157,19483,12404,12906,25948,11000,10268,23695,28564,31126,759,20459,24451,26847,28864,15298,26893,5588,3571,8079,23583,8768,31956,7705,16599,16192,14595,21034,7777,17961,17474,5461,18077,3674,29486,28732,6932,18900,20816,6510,10176,19008,6273,8222,1209,28485,11914,4702,7369,1913,21570,1151,5403,2977,5808,20208,20332,28482,11003,26452,5850,13690,3169,18483,5540,31295,10796,9406,31623,14105,4409,20465,16210,12350,4868,7698,5445,24293,25258,7955,6483,5118,31232,17566,27025,30036,29022,29673,18806,9586,24474,16028,23089,30696,23033,20564,816,9744,4939,4949,9253,14398,1930,7012,29990,18447,573,4308,8780,31380,9499,3778,32094,14842,20349,3691,15240,5923,13250,6086,10448,16063,6859,16050,13925,17189,6096,5342,27530,21497,5725,15311,29136,14440,23156,4623,25340,23814,24340,11757,27684,28989,18125,4990,13827,9659,20937,30808,27769,12264,18279,12444,27034,4614,3172,20508,4312,1392,29545,16675,6808,24717,806,15946,30742,1748,13913,29810,10111,6551,18993,4380,1367,3413,15049,11888,472,12423,23436,14097,7889]",,,,,,,true
W4,0.3,0.5,0.2,CWE-89,19,7,35,1334,23042,1.51745414734,"[23042,12186,11462,31800,151,555,19738,14270,15849,13091]","[23042,12186,11462,31800,151,555,19738,14270,15849,13091,14587,14739,12040,29439,6157,29026,11000,10988,23695,28564,759,10268,20459,25948,24451,26847,2287,12404,2068,26893,12906,8079,23583,8768,3571,19483,7705,16599,6510,16192,31126,14595,28864,5588,21034,7777,17474,16897,15298,5461,18077,29486,6932,18900,20816,10176,31956,3674,28732,8222,1209,28485,11914,4702,7369,21570,1151,19008,5403,2977,5808,20208,20332,28482,11003,26452,5850,3169,31295,9406,13690,14105,4409,5540,20465,16210,12350,10796,4868,9253,7698,5445,24293,25258,7955,18483,6483,816,5118,31232,17566,4623,23814,29673,18806,27025,30036,29022,17961,9586,24474,16028,23089,30696,23033,20564,573,9744,4939,4949,8780,14398,1930,7012,29990,18447,4308,31380,31623,9499,3778,32094,11757,20349,3691,15240,16063,13250,6086,15311,10448,18125,12264,6859,16050,13925,17189,6096,5342,27530,21497,5725,29136,27684,23156,25340,24340,1913,14842,16675,12444,6273,1392,28989,4990,9659,12423,6808,10111,4614,4380,1367,24717,20508,15049,30808,18279,29545,27769,13827,472,27034,3172,25229,18993,29385,27826,22755,5923,3254,13913,31250,23436,3966,3041,14440,14097,32012,25467,1441]",,,,,,,true
W5,0.4,0.3,0.3,CWE-89,19,7,35,1334,23042,1.22532975674,"[23042,12186,151,31800,11462,19738,13091,14270,555,15849]","[23042,12186,151,31800,11462,19738,13091,14270,555,15849,29026,14587,2287,2068,14739,12040,10988,29439,16897,6157,12404,25948,11000,19483,12906,10268,23695,28564,759,20459,24451,26847,28864,31126,15298,26893,5588,3571,8079,23583,8768,31956,7705,16599,16192,14595,21034,7777,17474,3674,5461,18077,29486,28732,6932,17961,18900,20816,6510,10176,19008,8222,1209,28485,11914,4702,7369,21570,1151,5403,2977,5808,20208,18483,20332,1913,28482,11003,26452,5850,13690,3169,5540,6273,31295,10796,9406,14105,4409,20465,16210,12350,31623,4868,7698,5445,24293,25258,7955,6483,5118,31232,17566,27025,30036,29022,9586,24474,16028,23089,30696,23033,29673,18806,20564,816,9744,4939,4949,9253,14398,1930,7012,29990,18447,4308,31380,9499,573,3778,32094,8780,20349,3691,15240,13250,6086,10448,6859,16050,13925,17189,6096,5342,27530,21497,5725,29136,16063,23156,4623,25340,15311,23814,14842,24340,11757,27684,5923,14440,18125,28989,4990,13827,9659,20508,12264,12444,30808,4614,27769,27034,3172,4312,20937,1392,18279,29545,16675,6808,24717,13913,1748,806,10111,15946,30742,18993,29810,4380,1367,15049,3413,6551,472,12423,23436,14097,11888,7889]",,,,,,,true
W1,0.4,0.4,0.2,CWE-338,19,5,25,1336,16897,1.33553528786,"[16897,151,2287,2068,19738,12068,16192,25948,27826,23814]","[16897,151,2287,2068,19738,12068,16192,25948,27826,23814,13827,30701,3571,5923,23425,19483,23100,20332,11003,4700,9406,23201,15975,29361,15849,1757,9108,6273,13091,1913,19679,28606,29022,17558,18725,16028,1586,13690,20937,20564,14206,14398,21954,10796,6629,1116,6096,23058,14193,573,13360,5540,13570,17961,23088,23042,16816,32643,26687,607,14949,15331,25173,10111,11462,23185,524,6898,10107,4949,4312,15311,19008,32012,19984,8221,13913,12824,29026,10988,29383,8559,24340,10777,19922,3674,26893,22439,10176,816,791,30742,7889,12568,28608,27220,1854,18483,512,21776,1748,12906,31800,7611,367,9257,28740,22032,14842,8108,3413,2189,3594,26678,1533,6379,10690,12186,9176,206,6603,21211,29810,19392,1768,1609,10178,3127,30808,29918,9403,9936,17430,28548,28706,18210,4627,29486,10076,21314,19674,25667,7012,6808,7213,4603,11129,13244,9586,30056,27769,32019,3934,1118,3295,15298,29035,5895,10735,27760,19206,5588,18477,6494,11714,15271,31411,27725,2711,1908,3691,2154,2798,24711,15993,26590,19934,1905,23436,21553,4361,27933,19425,31558,6551,29661,13041,23048,27801,28122,16909,5850,28732,20402,26604,8264,30267,14932,31777,25512]",,,,,,,true
W2,0.333333333333,0.333333333333,0.333333333333,CWE-338,19,5,25,1336,16897,1.17294609547,"[16897,151,2287,2068,19738,12068,16192,25948,27826,23814]","[16897,151,2287,2068,19738,12068,16192,25948,27826,23814,13827,30701,5923,3571,23425,19483,20332,23100,11003,4700,9406,23201,15975,29361,15849,1757,9108,13091,1913,29022,6273,19679,16028,28606,13690,17558,20564,18725,14398,10796,20937,14206,21954,1586,6629,6096,1116,23058,14193,573,5540,13570,17961,13360,23088,16816,32643,26687,607,14949,25173,23042,11462,23185,524,10111,10107,4949,15311,4312,15331,19008,6898,13913,12824,19984,29383,32012,29026,8221,10988,8559,24340,10777,3674,19922,22439,7889,816,30742,26893,10176,12568,28608,791,1854,18483,512,27220,21776,1748,31800,14842,12906,7611,367,8108,28740,9257,12186,3413,22032,26678,10690,29810,2189,3594,1533,6379,6603,21211,19392,28706,9176,1768,206,30808,9403,9936,17430,29486,10076,1609,10178,3127,19674,29918,28548,25667,7012,18210,4627,4603,11129,13244,9586,21314,30056,27769,32019,15298,2798,5895,10735,6808,7213,5588,6494,11714,3934,1118,15271,31411,3295,3691,2154,29035,24711,15993,27760,19206,18477,23436,28732,27725,2711,1908,26590,19934,1905,21553,4361,27933,19425,31558,6551,29661,13041,23048,27801,28122,16909,5850,20402,26604,8264,30267,14932,31777,25512]",,,,,,,true
W3,0.5,0.3,0.2,CWE-338,19,5,25,1336,16897,1.17165148258,"[16897,151,2287,2068,19738,12068,16192,25948,27826,23814]","[16897,151,2287,2068,19738,12068,16192,25948,27826,23814,5923,13827,30701,3571,19483,23425,20332,11003,23100,9406,4700,6273,23201,15975,29361,15849,1757,13091,1913,9108,29022,16028,13690,19679,20564,28606,14398,17558,10796,18725,20937,1586,14206,21954,6629,6096,17961,1116,23058,14193,11462,5540,573,13570,23088,16816,32643,26687,607,14949,25173,13360,23185,524,29026,23042,19008,10107,4949,10111,15311,12824,4312,29383,6898,13913,15331,3674,19984,32012,8559,816,10988,24340,10777,30742,8221,22439,7889,19922,512,12568,10176,28608,26893,1854,18483,791,21776,27220,1748,12186,8108,31800,14842,12906,3413,7611,367,29810,28740,28706,9257,22032,26678,10690,6603,21211,2189,3594,2798,19392,1533,6379,1768,30808,9403,9176,9936,17430,206,29486,28732,10076,19674,25667,7012,1609,10178,3127,29918,4603,11129,13244,9586,30056,27769,32019,28548,18210,4627,15298,5895,10735,21314,5588,6494,11714,15271,31411,6808,7213,3691,2154,24711,15993,3934,1118,23436,3295,29035,27760,19206,18477,27725,2711,1908,26590,19934,1905,21553,4361,27933,19425,31558,6551,29661,13041,23048,27801,28122,16909,5850,20402,26604,8264,30267,14932,31777,25512]",,,,,,,true
W4,0.3,0.5,0.2,CWE-338,19,5,25,1336,16897,1.49941909313,"[16897,151,2287,19738,2068,12068,16192,27826,25948,23814]","[16897,151,2287,19738,2068,12068,16192,27826,25948,23814,13827,30701,3571,23425,19483,5923,23100,20332,4700,11003,23201,15975,9406,29361,15849,1757,9108,19679,28606,17558,1586,18725,29022,13091,1913,20937,14206,21954,16028,13690,20564,14398,13360,10796,6273,6629,1116,23058,573,14193,6096,15331,5540,13570,23042,23088,8221,10111,32012,6898,16816,32643,26687,607,14949,25173,23185,524,19984,4312,15311,17961,10988,10107,4949,13913,26893,12824,19008,19922,8559,11462,24340,10777,29383,22439,10176,791,29026,3674,27220,12568,28608,1854,7889,816,18483,30742,9257,21776,12906,7611,1748,367,22032,31800,28740,512,2189,3594,1533,6379,9176,26678,10690,206,1609,14842,10178,3127,6603,21211,29918,3413,19392,28548,1768,18210,4627,8108,21314,30808,9403,9936,17430,6808,7213,29486,10076,19674,3934,1118,3295,25667,29035,7012,27760,19206,4603,12186,29810,18477,11129,13244,9586,30056,27769,32019,27725,2711,1908,15298,5895,10735,5588,26590,19934,1905,6494,11714,21553,4361,27933,28706,15271,19425,31411,31558,6551,3691,2154,29661,13041,23048,24711,15993,27801,28122,16909,5850,23436,20402,26604,8264,30267,14932,31777,25512,3030,27684]",,,,,,,true
W5,0.4,0.3,0.3,CWE-338,19,5,25,1336,16897,1.13165152073,"[16897,151,2287,2068,12068,19738,16192,25948,27826,23814]","[16897,151,2287,2068,12068,19738,16192,25948,27826,23814,13827,5923,30701,3571,19483,23425,20332,11003,23100,9406,4700,23201,15975,29361,15849,1757,6273,13091,1913,9108,29022,16028,13690,19679,20564,28606,14398,17558,10796,18725,20937,14206,21954,1586,6629,6096,1116,23058,14193,17961,5540,573,13570,11462,23088,16816,32643,26687,607,14949,25173,13360,23185,524,23042,10107,4949,10111,15311,19008,4312,12824,29026,6898,13913,15331,29383,19984,32012,3674,8559,10988,24340,10777,8221,816,7889,30742,22439,19922,512,12568,10176,28608,26893,1854,18483,791,21776,27220,1748,14842,31800,8108,12186,12906,7611,367,3413,28740,29810,9257,22032,28706,26678,10690,6603,21211,2189,3594,19392,1533,6379,1768,30808,9403,9176,9936,17430,2798,206,29486,10076,19674,25667,7012,1609,10178,3127,29918,4603,11129,13244,9586,30056,27769,32019,28548,28732,18210,4627,15298,5895,10735,21314,5588,6494,11714,15271,31411,6808,7213,3691,2154,24711,15993,3934,1118,23436,3295,29035,27760,19206,18477,27725,2711,1908,26590,19934,1905,21553,4361,27933,19425,31558,6551,29661,13041,23048,27801,28122,16909,5850,20402,26604,8264,30267,14932,31777,25512]",,,,,,,true
W1,0.4,0.4,0.2,CWE-79,19,79,79,79,16897,0.442840397358,"[16897,17961,17340,10988,13091,13827,12186,3674,16969,15298]","[16897,17961,17340,10988,13091,13827,12186,3674,16969,15298,11462,25624,23455,15921,12155,1586,8108,15955,22429,2068,12543,31861,14412,20111,19946,19483,4940,27396,151,24208,18795,6551,9881,6574,5403,6898,28864,25954,31711,18234,3927,11611,5682,13750,12306,23436,24779,6651,24211,16192,18058,2884,22150,1852,12068,29943,27128,15849,15364,31698,9520,6508,24340,9890,23006,1748,14440,25114,31628,32101,27445,18408,10142,10466,15898,31081,16063,28609,8229,25081,18015,9253,19247,16628,14597,19738,414,1816,27030,29026,29751,12824,13526,18804,8081,20776,12640,13289,30683,29636,11961,5248,15374,6949,10474,3959,736,32247,2533,1230,22287,1392,30308,6339,5868,19805,29232,32126,115,21163,12676,21629,9672,3017,6467,30978,1331,14206,16775,13987,4871,1369,6273,29206,20979,12906,13712,31480,4246,1737,1092,13824,5415,12103,19535,8905,1546,21893,17430,10441,24747,31828,9455,27738,27084,25229,15534,30124,27825,4852,15750,21608,15433,6206,8070,252,8768,13367,21840,7689,3925,27252,24967,21137,24711,1222,6802,15012,6808,15915,16209,16139,1186,29108,4400,20668,12917,14347,19998,354,747,5150,8350,27297,27562,23375,8486,30524,20195,23042]",,,,,,,true
W2,0.333333333333,0.333333333333,0.333333333333,CWE-79,19,79,79,79,16897,0.383801609278,"[16897,17961,10988,17340,13827,13091,3674,12186,15298,16969]","[16897,17961,10988,17340,13827,13091,3674,12186,15298,16969,11462,25624,23455,15921,12155,1586,2068,15955,12543,8108,22429,4940,31861,14412,19946,19483,9881,151,20111,5403,27396,24208,18795,6551,6574,6898,28864,25954,13750,23436,18234,16192,31711,11611,5682,12306,24779,6651,12068,15849,3927,1748,9520,18058,2884,27128,24211,31698,14440,22150,1852,29943,24340,15364,9890,25114,6508,27445,10142,23006,10466,15898,31081,19738,31628,32101,18408,27030,16063,29026,28609,8229,25081,18015,9253,19247,16628,14597,29751,13526,18804,8081,414,20776,1816,13289,30683,5248,6949,12824,30308,6339,5868,12640,29636,11961,32126,15374,115,10474,3959,21163,736,32247,6273,2533,1230,22287,1392,19805,14206,29232,12676,21629,9672,12906,27738,3017,6467,30978,1331,8905,16775,13987,4871,1369,29206,20979,13712,31480,4246,1737,1092,13824,5415,12103,19535,6206,1546,21893,17430,10441,24747,31828,9455,27084,25229,15534,30124,27825,4852,15750,21608,15433,8070,252,8768,13367,21840,23042,7689,3925,27252,24967,21137,24711,1222,6802,15012,6808,15915,16209,16139,1186,29108,4400,20668,12917,14347,19998,354,747,5150,8350,27297,27562,23375,8486,30524,20195]",,,,,,,true
W3,0.5,0.3,0.2,CWE-79,19,79,79,79,16897,0.361877143383,"[16897,17961,10988,17340,13827,13091,12186,3674,11462,15298]","[16897,17961,10988,17340,13827,13091,12186,3674,11462,15298,16969,25624,23455,2068,12155,15921,1586,19946,19483,12543,15955,4940,8108,151,22429,9881,31861,14412,23436,5403,25954,1748,15849,28864,20111,6574,27396,24208,18795,6551,12068,6898,13750,18234,11611,5682,9520,12306,24779,6651,16192,31711,18058,2884,3927,27128,31698,24211,10466,24340,14440,22150,9890,1852,25114,29943,15364,27445,10142,15898,31081,6508,19738,23006,27030,29026,31628,32101,29751,18408,13526,18804,8081,20776,16063,13289,30683,28609,8229,5248,25081,18015,6949,9253,19247,16628,14597,414,1816,27738,30308,6339,5868,32126,115,21163,12824,12906,12640,29636,11961,15374,9672,10474,3959,14206,736,32247,6273,2533,1230,22287,1392,19805,29232,12676,21629,1737,12103,19535,3017,6467,30978,1331,16775,13987,4871,1369,29206,20979,13712,31480,15750,4246,8905,1092,13824,8070,5415,21137,1546,21893,17430,10441,24747,31828,9455,4312,27084,25229,23042,6206,15534,30124,27825,4852,21608,15433,252,8768,13367,21840,7689,3925,27252,24967,24711,1222,6802,15012,6808,15915,16209,16139,1186,29108,4400,20668,13703,12917,5923,14347,19998,354,747,10692,5150,8350,27297,27562]",,,,,,,true
W4,0.3,0.5,0.2,CWE-79,19,79,79,79,16897,0.523803710938,"[16897,17961,17340,10988,12186,16969,3674,13091,13827,15921]","[16897,17961,17340,10988,12186,16969,3674,13091,13827,15921,15298,25624,11462,23455,8108,22429,1586,12155,15955,20111,27396,24208,18795,31861,6551,14412,12543,151,4940,19946,19483,6574,2068,31711,9881,6898,3927,5403,28864,18234,24211,22150,1852,11611,5682,12306,24779,6651,29943,15364,25954,18058,2884,16192,6508,13750,27128,23006,31698,31628,24340,32101,18408,9890,9520,23436,16063,25114,28609,8229,14440,25081,18015,12068,9253,19247,16628,14597,27445,414,1816,10142,15898,31081,15849,19738,12824,10466,12640,27030,29636,11961,15374,10474,3959,29026,736,32247,2533,29751,13526,1230,22287,18804,8081,20776,1392,13289,19805,30683,29232,5248,6949,12676,21629,1748,3017,30308,6339,6467,30978,5868,1331,32126,115,16775,21163,9672,13987,4871,1369,29206,20979,13712,31480,4246,1092,13824,5415,14206,1546,21893,8905,17430,10441,24747,31828,9455,1737,6273,27084,25229,12103,19535,15534,30124,27825,4852,21608,15433,252,8768,6206,13367,12906,21840,7689,3925,27252,24967,24711,1222,6802,15012,6808,15915,16209,16139,15750,1186,29108,4400,8070,20668,12917,14347,19998,354,747,5150,8350,27297,27562,23375,8486,30524,21137,20195,12625,20946]",,,,,,,true
W5,0.4,0.3,0.3,CWE-79,19,79,79,79,16897,0.35807967186,"[16897,17961,10988,17340,13827,13091,3674,12186,15298,11462]","[16897,17961,10988,17340,13827,13091,3674,12186,15298,11462,16969,25624,23455,2068,12155,15921,1586,12543,15955,4940,19946,19483,8108,22429,9881,31861,14412,151,5403,23436,20111,25954,6574,27396,28864,24208,1748,18795,6551,6898,15849,13750,12068,18234,16192,11611,5682,9520,12306,24779,6651,31711,18058,2884,3927,27128,31698,14440,24211,24340,22150,9890,1852,25114,10466,29943,15364,27445,10142,15898,31081,6508,19738,23006,27030,29026,31628,32101,29751,18408,13526,18804,8081,20776,16063,13289,30683,28609,8229,5248,25081,18015,6949,9253,19247,16628,14597,414,1816,30308,6339,5868,32126,115,21163,12824,27738,6273,12640,29636,11961,15374,10474,3959,12906,14206,736,32247,2533,1230,22287,9672,1392,19805,29232,12676,21629,3017,6467,30978,1331,8905,1737,16775,12103,19535,13987,4871,1369,29206,20979,13712,31480,4246,1092,13824,5415,6206,1546,21893,17430,10441,24747,15750,31828,9455,8070,27084,25229,23042,21137,15534,30124,27825,4852,21608,15433,252,4312,8768,13367,21840,7689,3925,27252,24967,24711,1222,6802,15012,6808,15915,16209,16139,1186,29108,4400,20668,12917,14347,19998,354,747,5150,8350,27297,27562,23375,8486,30524]",,,,,,,true
W1,0.4,0.4,0.2,CWE-125,19,76,76,76,15849,0.131959229708,"[15849,12186,16192,1586,17961,5772,6273,2124,5923,15298]","[15849,12186,16192,1586,17961,5772,6273,2124,5923,15298,11966,13091,12068,16897,15311,4312,23436,11462,16544,1116,14440,22736,47,19348,661,25853,151,15657,13913,30036,13827,12518,5774,26531,21137,28122,1515,31956,13703,26306,4973,1913,15534,19483,32397,424,23472,10300,11159,9226,14932,16580,3674,3836,7447,29661,20051,14693,27228,23253,27121,2068,29673,7904,32463,32196,12543,19004,470,15881,12906,20937,24234,28750,10536,10988,18837,15946,12277,22757,25564,12141,14177,1748,6558,747,1908,15921,21507,31416,22994,29197,8780,28002,25954,825,16209,15809,23881,6551,1092,13747,11644,23115,30696,14842,625,15364,21322,1533,4242,24779,25488,27072,1411,13025,3877,10305,21694,25624,4871,10014,30989,5143,22840,6690,32696,29558,19287,4940,12272,9981,13523,30651,20525,15860,11351,27445,1151,13320,1053,29128,27782,13663,27541,26893,5435,20571,26830,27684,29026,31643,3285,28412,20576,27017,6735,8318,21435,28864,2189,19535,21514,25114,7149,2015,26816,26560,16101,30485,28741,8081,6547,5403,488,983,20690,29486,1845,28331,18535,32012,16301,4990,23145,27564,20564,30942,7009,13851,5260,25072,9169,11547,19978,26044,23185,7856,26356,1816]",,,,,,,true
W2,0.333333333333,0.333333333333,0.333333333333,CWE-125,19,76,76,76,12186,0.121727332473,"[12186,15849,16192,17961,1586,6273,2124,15298,5772,13091]","[12186,15849,16192,17961,1586,6273,2124,15298,5772,13091,5923,16897,4312,23436,12068,11966,15311,11462,14440,1116,22736,16544,151,25853,19348,661,13913,47,30036,13827,12518,15657,21137,5774,31956,13703,26531,1515,1913,28122,19483,32397,15534,26306,23472,4973,10300,11159,424,9226,3674,2068,7447,1748,14932,16580,29673,20051,32196,3836,23253,12906,29661,12543,19004,14693,470,27228,15881,27121,20937,28750,10988,7904,32463,15946,22757,14177,6558,24234,10536,747,1908,18837,12277,25564,31416,25954,14842,12141,16209,15921,6551,21507,13747,22994,23115,29197,8780,28002,825,625,15364,15809,4242,24779,3877,23881,25624,1092,11644,4871,30696,10014,30989,5143,21322,32696,29558,19287,1533,25488,4940,27072,1411,9981,13025,20525,10305,29026,21694,1151,26893,22840,6690,5435,12272,13523,30651,15860,26830,11351,27684,31643,27445,13320,6735,8318,1053,29128,27782,28864,2189,19535,13663,27541,25114,8081,20571,5403,488,29486,3285,28331,28412,32012,20576,27017,23145,21435,20564,21514,5260,7149,2015,19978,26816,26560,7856,16101,30485,28741,6547,15049,983,20690,23536,1845,13450,18535,16301,4990,27564,30942,7009,13851,25072,9169,11547,26044]",,,,,,,true
W3,0.5,0.3,0.2,CWE-125,19,76,76,76,12186,0.120080910623,"[12186,15849,16192,17961,16897,6273,2124,5923,1586,15298]","[12186,15849,16192,17961,16897,6273,2124,5923,1586,15298,13091,4312,12068,23436,5772,14440,15311,11462,11966,30036,151,13827,1116,22736,19348,25853,16544,13913,661,31956,47,12518,1913,15657,2068,1515,13703,21137,5774,32397,26531,1748,3674,15534,19483,28122,23472,26306,4973,10300,11159,9226,424,29673,32196,7447,12906,20051,14842,20937,23253,10988,14932,16580,24779,3836,18837,12543,19004,470,29661,15881,28750,14693,27228,15946,22757,27121,7904,14177,32463,6558,747,1908,31416,24234,25954,10536,16209,12277,25564,6551,13747,12141,5143,23115,32696,625,15364,4242,15921,21507,22994,29197,8780,3877,28002,25624,825,26893,5403,4871,15809,29026,10014,30989,29558,19287,23881,4940,1092,9981,11644,20525,25114,30696,21322,1533,25488,27072,1411,13025,10305,5435,21694,26830,27684,19978,6735,22840,8318,6690,28864,2189,19535,12272,1151,13523,30651,15860,11351,27445,8081,13320,488,1053,29128,27782,29486,13663,27541,28331,32012,6547,23145,20564,31643,1845,8064,5260,20571,27564,7856,3285,28412,20576,15049,27017,21435,23536,1816,21514,13450,15898,7149,2015,26816,26560,16101,30485,28741,983,24977,20690,4603,27738,18535,16301,4990,30942]",,,,,,,true
W4,0.3,0.5,0.2,CWE-125,19,76,76,76,15849,0.1485016644,"[15849,1586,12186,16192,5772,17961,2124,16544,11966,6273]","[15849,1586,12186,16192,5772,17961,2124,16544,11966,6273,1116,47,15311,11462,15298,12068,5923,13091,23436,661,15657,22736,19348,4312,25853,14440,5774,26531,16897,28122,12518,21137,151,13913,26306,1515,4973,13703,13827,424,30036,31956,15534,14932,16580,3836,19483,10300,11159,9226,29661,23472,32397,14693,27228,1913,27121,7447,7904,20051,32463,23253,24234,10536,12277,12543,19004,25564,470,15881,12141,3674,28750,29673,32196,15946,15921,22757,21507,22994,29197,8780,20937,28002,825,12906,18837,15809,14177,10988,6558,747,1908,23881,1092,31416,11644,25954,30696,16209,21322,1533,25488,27072,1411,13025,10305,21694,6551,13747,23115,625,15364,22840,6690,4242,12272,13523,30651,15860,11351,3877,27445,25624,13320,4871,1053,29128,27782,13663,1151,27541,2068,10014,30989,29558,19287,4940,9981,20571,20525,3285,28412,20576,27017,31643,21435,5143,21514,32696,7149,2015,26816,26560,16101,30485,5435,28741,983,26830,20690,27684,24779,14842,18535,16301,4990,1748,6735,8318,26893,28864,2189,19535,30942,7009,13851,25072,9169,11547,26044,6547,23185,26356,19330,8081,9253,1845,16224,488,29486,22162,29026,13962,27564,28331,10076,30131,1331,32012]",,,,,,,true
W5,0.4,0.3,0.3,CWE-125,19,76,76,76,12186,0.118765123188,"[12186,15849,16192,17961,6273,16897,2124,1586,15298,5923]","[12186,15849,16192,17961,6273,16897,2124,1586,15298,5923,13091,4312,23436,12068,5772,15311,11462,11966,14440,151,30036,13827,1116,22736,25853,19348,16544,13913,661,47,12518,31956,15657,1913,13703,21137,1515,5774,26531,32397,2068,19483,28122,15534,23472,1748,3674,26306,4973,10300,11159,9226,424,29673,32196,7447,12906,20051,23253,14932,16580,3836,20937,12543,19004,10988,470,29661,15881,14842,28750,14693,27228,15946,22757,27121,18837,7904,14177,32463,6558,24779,747,1908,31416,24234,25954,10536,16209,12277,25564,6551,13747,12141,23115,625,15364,4242,15921,21507,22994,5143,29197,32696,8780,3877,28002,25624,825,4871,15809,29026,10014,30989,29558,19287,23881,4940,1092,9981,26893,11644,20525,30696,21322,1533,25488,27072,1411,5403,13025,10305,5435,21694,25114,1151,26830,27684,6735,22840,8318,6690,28864,2189,19535,12272,13523,30651,15860,11351,31643,27445,8081,13320,19978,488,1053,29128,27782,29486,13663,27541,28331,32012,23145,20564,5260,20571,7856,3285,28412,6547,20576,15049,27017,21435,23536,1845,21514,13450,7149,2015,26816,27564,26560,16101,30485,28741,983,24977,20690,1816,8064,18535,16301,4990,30942,7009,13851,25072]",,,,,,,true
W1,0.4,0.4,0.2,CWE-787,19,65,65,65,16897,0.237906455994,"[16897,4312,20051,10925,151,25954,28570,21122,1515,14440]","[16897,4312,20051,10925,151,25954,28570,21122,1515,14440,6273,1748,5403,26626,22218,27738,24123,11141,15298,747,12543,5690,6429,10478,32341,25225,23329,727,23879,12463,32114,22337,1151,3736,24779,19738,17021,17855,17961,19483,30440,28864,6859,12179,16646,5748,11462,1784,1913,23436,20847,5094,11812,27158,3674,30706,15712,10014,252,28460,5868,13324,19348,9226,23477,16166,16192,31956,4623,20864,15565,28163,18837,30126,5130,24210,24608,13338,5617,5923,19946,5479,10940,8896,29383,6547,78,18806,714,21610,16628,13750,20825,1331,27801,26893,24293,7149,31917,32126,30014,24678,23124,18219,17984,13091,4246,1137,12444,21435,31090,22482,29108,26433,10988,10474,470,7904,13599,6652,6398,10419,32247,18279,11340,28115,10777,2217,1958,32733,32404,25441,8409,491,31549,25033,774,10300,11036,30945,1752,21521,19008,11197,20442,18754,14592,14861,9890,27128,31643,18736,2883,8656,6021,3877,806,337,29415,21592,25434,13025,20449,2068,11296,25655,29557,9981,15849,12889,9996,23384,7213,18483,26220,32196,15173,23145,19287,29486,6809,10518,28706,16703,20502,7967,3601,4210,26678,28732,12068,12443,10663,25926,3422,9244,3243,25667,26306,31294]",1515,9,0,true,true,true,true
W2,0.333333333333,0.333333333333,0.333333333333,CWE-787,19,65,65,65,16897,0.205947682261,"[16897,4312,20051,10925,151,25954,6273,14440,1748,1515]","[16897,4312,20051,10925,151,25954,6273,14440,1748,1515,5403,28570,21122,22218,26626,27738,15298,24123,11141,747,12543,5690,6429,10478,23329,727,32341,25225,32114,23879,12463,1151,22337,24779,3736,17961,19483,19738,28864,6859,17021,17855,5748,30440,11462,1784,1913,23436,12179,16646,20847,3674,30706,10014,252,5868,5094,11812,27158,15712,16192,20864,28460,13324,19348,18837,9226,23477,16166,31956,4623,5923,15565,19946,28163,13750,30126,5130,24210,24608,13338,5617,5479,10940,8896,29383,6547,13091,78,18806,714,21610,16628,20825,1331,27801,26893,24293,7149,31917,32126,30014,24678,23124,18219,17984,4246,1137,12444,21435,31090,22482,29108,26433,10988,10474,470,7904,13599,6652,6398,10419,32247,18279,11340,28115,10777,2217,1958,32733,32404,25441,8409,491,2068,31549,25033,774,10300,11036,30945,1752,21521,19008,11197,20442,18754,14592,14861,9890,27128,12068,31643,18736,2883,8656,6021,3877,806,337,29415,21592,25434,13025,20449,11296,25655,29557,9981,15849,12889,9996,23384,7213,23472,18483,26220,32196,15173,23145,19287,29486,6809,10518,28706,16703,20502,10466,7967,3601,4210,26678,28732,12443,10663,25926,3422,9244,3243,25667]",1515,10,1,true,true,true,true
W3,0.5,0.3,0.2,CWE-787,19,65,65,65,16897,0.20227599144,"[16897,4312,20051,10925,151,1748,25954,5403,14440,6273]","[16897,4312,20051,10925,151,1748,25954,5403,14440,6273,1515,15298,28570,21122,27738,22218,26626,24123,12543,11141,747,5690,23329,727,6429,10478,17961,32114,32341,25225,1151,19483,23436,23879,12463,24779,22337,3736,28864,6859,5748,19738,17021,17855,11462,5868,1784,1913,30440,13091,16192,12179,3674,16646,30706,10014,252,20847,5094,20864,11812,16166,27158,31956,15712,18837,28460,13324,19348,5923,9226,23477,4623,15565,28163,26893,30126,5130,24210,24608,13338,19946,5617,5479,10940,8896,29383,13750,6547,78,18806,714,21610,16628,20825,1331,27801,24293,7149,31917,32126,30014,24678,23124,18219,17984,4246,1137,12444,21435,31090,22482,29108,26433,10988,10474,470,2068,7904,13599,6652,6398,10419,32247,18279,11340,28115,10777,2217,1958,15849,32733,32404,23384,2124,18483,25441,8409,491,6809,31549,25033,774,10300,11036,30945,1752,21521,19008,11197,20442,18754,14592,14861,9890,27128,31643,18736,2883,10466,8656,6021,3877,806,337,29415,21592,25434,13025,20449,11296,25655,29557,9981,13827,12889,9996,7213,26220,32196,15173,12068,23145,19287,29486,10518,28706,16703,20502,7967,3601,4210,26678,28732,12443,10663,25926,3422,9244,3243]",1515,11,2,false,true,true,true
W4,0.3,0.5,0.2,CWE-787,19,65,65,65,16897,0.273536890745,"[16897,10925,20051,4312,151,28570,21122,25954,1515,26626]","[16897,10925,20051,4312,151,28570,21122,25954,1515,26626,14440,6273,22218,5403,1748,24123,27738,11141,5690,6429,747,10478,32341,12543,25225,15298,23879,12463,23329,727,22337,32114,3736,19738,1151,17021,17855,24779,30440,12179,16646,28864,6859,5748,19483,20847,5094,11812,27158,15712,11462,17961,1784,1913,28460,13324,19348,9226,23477,3674,30706,10014,252,4623,15565,28163,23436,16166,30126,5130,31956,24210,24608,13338,5868,5617,20864,5479,10940,8896,29383,19946,6547,78,18806,18837,714,21610,16628,16192,20825,1331,27801,13750,24293,7149,31917,32126,30014,5923,24678,23124,18219,17984,4246,1137,12444,21435,31090,26893,22482,29108,26433,10988,10474,470,7904,13599,6652,6398,10419,32247,18279,11340,28115,10777,2217,1958,32733,32404,25441,8409,491,31549,25033,774,10300,11036,30945,1752,21521,19008,11197,20442,18754,14592,14861,9890,27128,31643,18736,2883,8656,6021,3877,806,337,29415,21592,25434,13025,20449,11296,25655,29557,9981,12889,9996,7213,26220,32196,15173,23145,19287,29486,10518,28706,16703,20502,7967,3601,4210,26678,28732,12443,10663,25926,3422,9244,3243,25667,12068,26306,31294,18551,20571,29181,15849,32700,28331]",1515,9,0,true,true,true,true
W5,0.4,0.3,0.3,CWE-787,19,65,65,65,16897,0.196122169495,"[16897,4312,20051,10925,151,25954,1748,6273,14440,5403]","[16897,4312,20051,10925,151,25954,1748,6273,14440,5403,1515,28570,21122,15298,22218,27738,26626,24123,11141,12543,747,5690,23329,727,6429,10478,32114,32341,25225,1151,17961,23879,12463,24779,19483,22337,3736,23436,28864,6859,5748,19738,17021,17855,11462,1784,1913,30440,5868,12179,3674,16646,20847,30706,10014,252,16192,5094,20864,11812,27158,15712,13091,18837,28460,16166,31956,13324,19348,5923,9226,23477,4623,15565,19946,28163,13750,30126,5130,24210,24608,13338,5617,26893,5479,10940,8896,29383,6547,78,18806,714,21610,16628,20825,1331,27801,24293,7149,31917,32126,30014,24678,23124,18219,17984,4246,1137,12444,21435,31090,22482,29108,26433,10988,10474,470,2068,7904,13599,6652,6398,10419,32247,18279,11340,28115,10777,2217,1958,32733,32404,25441,8409,491,31549,25033,774,10300,11036,30945,1752,21521,19008,11197,20442,18754,15849,23384,18483,14592,14861,9890,27128,12068,31643,6809,18736,2883,10466,8656,6021,3877,806,337,29415,21592,25434,13025,20449,11296,25655,29557,9981,12889,9996,7213,2124,23472,26220,32196,15173,23145,19287,29486,10518,28706,16703,20502,7967,3601,4210,26678,28732,12443,10663,25926,3422,9244,13827]",1515,11,2,false,true,true,true
W1,0.4,0.4,0.2,CWE-190,19,85,85,85,16897,0.484999388456,"[16897,5403,5923,6273,15311,17961,13827,9350,10111,16192]","[16897,5403,5923,6273,15311,17961,13827,9350,10111,16192,2068,12186,19483,25954,24670,15529,19738,1748,1441,15946,23579,4312,12155,18837,16445,18058,8603,26232,151,12906,29385,78,14842,21137,19348,23814,22840,27826,32643,21269,13450,31,32101,17340,3674,10518,24660,25232,8622,19780,5874,2124,2540,17573,9890,12660,20937,14440,3413,24717,12917,25229,9384,23879,8064,22218,30357,32381,12628,539,811,4990,29810,22273,31426,20185,26223,25110,6547,7294,10497,13962,4400,20731,5143,29573,32678,8896,17059,7118,22612,14938,23156,9583,25667,24286,10769,17134,22993,4113,17143,31055,15422,12036,29481,24412,12956,7336,10475,18234,17927,12443,13998,27330,21919,472,8780,21506,23667,1400,26170,1913,8409,1845,24210,10830,26466,15955,12011,19466,32094,31588,32673,19946,30650,23857,30147,18889,26893,312,252,13811,22162,31381,16395,2883,30124,13060,10288,26711,8032,28732,4940,9159,8905,11129,4361,6033,7414,24779,23273,15534,3779,10142,1737,29314,19978,1092,273,22984,2148,20195,15224,3730,806,15898,32224,31540,11197,12404,15849,23307,1684,31956,5393,30268,32157,11986,21007,27220,16714,9898,20711,31687,27977,13703,24775,17986,18015,6209]",16897,1,0,true,true,true,true
W2,0.333333333333,0.333333333333,0.333333333333,CWE-190,19,85,85,85,16897,0.421813219786,"[16897,5403,5923,6273,15311,17961,13827,10111,9350,2068]","[16897,5403,5923,6273,15311,17961,13827,10111,9350,2068,16192,12186,19483,25954,15529,1748,19738,24670,15946,1441,4312,12155,18837,23579,18058,151,12906,16445,8603,78,26232,19348,27826,14842,21137,32101,23814,29385,32643,3674,13450,31,22840,21269,24660,17340,19780,10518,2124,9890,25232,8622,20937,3413,24717,5874,2540,14440,22218,12917,29810,17573,12660,20185,8064,30357,12628,4990,25229,9384,31426,23879,6547,32381,539,811,10497,13962,4400,5143,22273,29573,26223,25110,32678,8896,17059,7118,7294,22612,14938,20731,23156,25667,24286,17134,1913,4113,31055,29481,9583,18234,21919,10769,22993,21506,1400,17143,24210,15422,12036,32094,24412,12956,7336,10475,17927,12443,13998,27330,472,23857,18889,8780,26893,23667,252,13811,16395,26170,8409,13060,26711,1845,10830,28732,26466,15955,4940,12011,19466,31588,9159,8905,32673,11129,19946,4361,30650,30147,24779,23273,15534,3779,10142,19978,312,1092,273,22162,31381,2883,30124,20195,10288,8032,15224,3730,806,15898,11197,12404,15849,6033,7414,31956,1737,29314,22984,2148,20711,27977,32224,13703,31540,23307,6339,13913,1684,5393,27738,15298,32696,30268,32157,11986,21007,23472,1515,27220]",16897,1,0,true,true,true,true
W3,0.5,0.3,0.2,CWE-190,19,85,85,85,16897,0.399631887674,"[16897,5403,6273,5923,15311,13827,17961,1748,2068,10111]","[16897,5403,6273,5923,15311,13827,17961,1748,2068,10111,16192,19483,25954,9350,12186,4312,19738,15529,1441,24670,18837,15946,12155,18058,23579,27826,151,12906,3674,78,19348,32101,14842,16445,8603,26232,21137,2124,23814,32643,29385,13450,31,20937,29810,14440,22840,24660,21269,22218,9890,19780,3413,24717,17340,10518,25232,8622,5874,2540,8064,4990,20185,12917,30357,17573,12628,12660,31426,6547,25229,9384,10497,13962,23879,4400,5143,29573,32381,32678,539,811,8896,17059,7118,22273,22612,14938,26223,25110,1913,7294,23156,15849,25667,24286,17134,20731,4113,31055,29481,26893,252,18234,21919,21506,1400,31956,11129,24210,9583,32094,10769,24779,22993,23857,18889,17143,15422,12036,13811,16395,24412,12956,13060,26711,7336,28732,10475,17927,4940,12443,13998,27330,472,9159,8905,8780,23667,4361,26170,8409,23273,15534,3779,10142,1845,10830,15298,19978,26466,1092,273,15955,12011,19466,31588,32673,20195,1737,15224,3730,806,19946,30650,15898,30147,11197,12404,312,22162,31381,2883,30124,10288,8032,23472,1515,25133,23436,27738,20711,27977,6033,7414,13703,29314,22984,6339,13913,2148,13091,32696,11715,32224,31540,23307,15707,1684,5393]",16897,1,0,true,true,true,true
W4,0.3,0.5,0.2,CWE-190,19,85,85,85,16897,0.570366859436,"[16897,5403,5923,17961,6273,15311,9350,10111,16192,13827]","[16897,5403,5923,17961,6273,15311,9350,10111,16192,13827,12186,19483,24670,25954,2068,15529,19738,1441,15946,23579,16445,8603,26232,12155,29385,18058,18837,151,12906,22840,4312,21137,21269,23814,78,32643,17340,14842,19348,13450,31,10518,25232,8622,24660,19780,32101,27826,17573,12660,5874,25229,2540,9384,1748,23879,3674,32381,12917,539,811,9890,22273,26223,25110,30357,3413,7294,24717,12628,14440,20731,20937,8064,31426,6547,2124,4990,10497,13962,4400,5143,29573,22218,20185,9583,10769,32678,8896,17059,7118,22993,22612,17143,14938,15422,12036,24412,12956,23156,7336,10475,17927,25667,12443,13998,27330,24286,472,17134,8780,29810,23667,26170,8409,4113,31055,1845,10830,26466,15955,29481,12011,19466,31588,32673,19946,18234,30650,21919,30147,21506,312,1400,22162,31381,2883,30124,10288,8032,24210,32094,6033,7414,23857,18889,29314,13811,22984,16395,1913,13060,2148,26711,28732,4940,9159,32224,8905,31540,23307,1737,4361,26893,252,1684,5393,23273,15534,3779,10142,19978,1092,273,30268,32157,11986,20195,21007,15224,3730,27220,16714,806,9898,11129,31687,15898,24775,17986,11197,18015,6209,8061,12404,24779,30986,12884,21553,28590]",16897,1,0,true,true,true,true
W5,0.4,0.3,0.3,CWE-190,19,85,85,85,16897,0.394926041365,"[16897,5403,5923,6273,15311,17961,13827,2068,10111,16192]","[16897,5403,5923,6273,15311,17961,13827,2068,10111,16192,1748,19483,9350,12186,25954,19738,15529,4312,1441,24670,15946,18837,12155,18058,23579,151,12906,27826,78,19348,32101,16445,8603,3674,14842,26232,21137,23814,32643,29385,13450,31,2124,22840,20937,24660,21269,9890,19780,3413,29810,14440,24717,17340,22218,10518,25232,8622,5874,2540,20185,8064,12917,4990,30357,17573,12628,12660,31426,6547,25229,9384,10497,13962,23879,4400,5143,29573,32381,32678,539,811,8896,17059,7118,22273,22612,14938,26223,25110,1913,7294,23156,25667,24286,17134,20731,4113,31055,29481,18234,21919,21506,1400,24210,26893,252,9583,32094,10769,22993,15849,23857,18889,11129,17143,15422,12036,13811,16395,24412,12956,13060,24779,26711,7336,28732,10475,17927,4940,12443,13998,27330,31956,472,9159,8905,8780,23667,4361,26170,8409,23273,15534,3779,10142,1845,10830,19978,26466,1092,273,15955,12011,19466,31588,32673,20195,15224,3730,806,19946,30650,15898,30147,11197,15298,12404,312,22162,31381,2883,30124,10288,8032,1737,27738,20711,27977,6033,7414,13703,23472,29314,1515,25133,23436,22984,6339,13913,2148,13091,32696,32224,31540,23307,1684,5393,30268,11715]",16897,1,0,true,true,true,true
W1,0.4,0.4,0.2,CWE-476,19,75,75,75,6273,0.169451370835,"[6273,12463,1748,31698,5923,14440,6086,18408,15898,2068]","[6273,12463,1748,31698,5923,14440,6086,18408,15898,2068,13690,9015,12186,4940,21180,16192,14015,23436,27564,21429,18832,2883,19539,30318,16897,18099,16580,1331,16371,4996,11559,21954,23614,610,18483,11142,25926,22840,10111,14206,5617,30683,10268,4095,17961,8565,21322,10076,15298,273,12155,30036,11978,6753,23899,16845,24683,727,8850,23879,16628,31861,20064,31828,17933,29026,10002,9465,18279,13786,31081,5681,27128,10474,1954,2572,13289,12906,6580,14105,9890,2164,16611,17021,13665,7005,16551,15311,15364,8179,21163,14711,5079,1586,11960,28236,25500,13599,2384,17297,18452,1660,5130,10964,24888,18941,10777,661,13827,29950,10805,8409,10829,24210,21262,14641,5342,3594,20061,27470,13367,32247,23145,21097,24779,17256,15438,27228,10830,29464,14821,24293,9924,32217,9590,23253,30161,26068,30368,28442,31227,16288,16139,18234,24608,539,2459,1845,29217,14011,30485,23157,3191,27445,12518,3902,25954,7890,18781,27235,21355,4312,13091,8032,8515,10518,10598,23024,2610,1783,18535,31411,17368,24340,10242,31917,15849,19483,2972,22025,18314,11159,32643,2189,10988,22101,25465,31956,19348,13433,12345,9672,28888,20675,9183,15514,12917,3925,16909,575]",,,,,,,true
W2,0.333333333333,0.333333333333,0.333333333333,CWE-476,19,75,75,75,6273,0.158987253904,"[6273,12463,1748,31698,5923,14440,6086,18408,2068,15898]","[6273,12463,1748,31698,5923,14440,6086,18408,2068,15898,13690,12186,4940,23436,16192,9015,21180,14015,27564,2883,18832,16897,21429,16580,1331,19539,30318,18099,18483,25926,11559,17961,16371,10268,4996,21954,10111,23614,610,5617,15298,11142,22840,273,14206,30683,4095,12155,30036,8565,21322,10076,23899,29026,11978,8850,6753,16845,31861,17933,24683,10002,727,18279,23879,13786,31081,16628,5681,27128,20064,31828,1954,2572,9465,12906,9890,17021,10474,7005,15311,13827,15364,8179,14711,13289,5079,11960,6580,14105,2164,17297,16611,24888,13665,16551,21163,21262,5342,1586,28236,13367,25500,13599,2384,32247,18452,1660,5130,10964,23145,18941,21097,10777,661,29950,10805,24779,8409,10829,24210,14641,3594,20061,27470,9924,9590,30368,13091,17256,15438,27228,10830,29464,18234,14821,24293,32217,19483,23253,30161,26068,28442,4312,31227,16288,16139,24608,539,2459,1845,29217,14011,30485,23157,3191,27445,12518,15849,3902,25954,7890,18781,27235,10988,21355,1913,31956,8032,8515,10518,10598,23024,2610,12917,1783,3925,18535,31411,17368,24340,10242,31917,2972,22025,18314,11159,8064,32643,2189,22101,25465,19348,13433,12345,9672,28888,20675,9183,15514]",,,,,,,true
W3,0.5,0.3,0.2,CWE-476,19,75,75,75,6273,0.153755202889,"[6273,12463,1748,5923,31698,14440,2068,6086,13690,18408]","[6273,12463,1748,5923,31698,14440,2068,6086,13690,18408,15898,16897,4940,16192,12186,23436,9015,21180,17961,27564,14015,2883,18832,21429,16580,18483,1331,25926,30036,19539,11559,30318,10268,4996,18099,15298,10111,16371,273,5617,21954,23614,610,13827,11142,22840,14206,30683,12155,29026,23899,4095,8565,21322,10076,8850,31861,17933,11978,6753,10002,18279,16845,13786,31081,5681,27128,24683,727,23879,1954,2572,12906,16628,9890,20064,31828,17021,7005,15311,9465,15364,8179,14711,5079,11960,10474,17297,24888,13289,13091,6580,14105,2164,21262,5342,16611,4312,13367,13665,32247,16551,23145,21163,21097,15849,1586,28236,24779,25500,13599,31411,2384,18452,1660,5130,10964,9924,18941,10777,661,29950,25954,10805,8409,10829,24210,1913,30368,14641,3594,20061,27470,18234,17256,15438,27228,10830,29464,151,9590,14821,24293,32217,19483,23253,30161,26068,28442,31227,16288,16139,10988,24608,539,2459,31956,1845,5868,29217,14011,30485,23157,3191,27445,12518,3902,7890,18781,12917,27235,21355,11462,8064,8032,8515,10518,10598,23024,2610,1783,20937,18535,17368,24340,10242,31917,2972,22025,18314,11159,32643,2189,22101,25465,19348,13433,12345,9672,10466]",,,,,,,true
W4,0.3,0.5,0.2,CWE-476,19,75,75,75,12463,0.196459904313,"[12463,6273,31698,1748,14440,6086,5923,18408,15898,9015]","[12463,6273,31698,1748,14440,6086,5923,18408,15898,9015,21180,13690,14015,2068,12186,4940,27564,16192,21429,23436,18832,19539,30318,18099,16371,16580,1331,21954,2883,23614,610,4996,11142,11559,22840,14206,30683,10111,4095,5617,18483,8565,21322,10076,25926,11978,6753,10268,16845,12155,24683,727,23879,15298,23899,16628,20064,31828,273,16897,9465,8850,10474,31861,17933,10002,13289,18279,6580,14105,2164,13786,31081,16611,5681,27128,13665,30036,16551,29026,21163,1954,2572,12906,1586,28236,25500,9890,13599,2384,17961,18452,1660,17021,5130,10964,18941,7005,10777,15311,661,29950,15364,10805,8409,10829,24210,8179,14711,14641,3594,20061,5079,27470,11960,17297,24888,17256,15438,27228,10830,21262,29464,5342,14821,24293,13367,32247,32217,23253,30161,23145,9590,21097,26068,28442,31227,24779,16288,16139,24608,539,2459,1845,29217,14011,30485,9924,23157,3191,27445,12518,3902,7890,18781,27235,21355,30368,8032,18234,8515,10518,10598,23024,2610,1783,18535,17368,24340,10242,31917,2972,22025,18314,11159,32643,2189,22101,25465,19348,13433,12345,9672,28888,20675,25954,9183,13827,15514,16909,575,13703,3925,26834,1877,13296,29206,1161,4784,19483]",,,,,,,true
W5,0.4,0.3,0.3,CWE-476,19,75,75,75,6273,0.153755202889,"[6273,12463,1748,5923,31698,14440,2068,6086,13690,18408]","[6273,12463,1748,5923,31698,14440,2068,6086,13690,18408,15898,4940,12186,23436,16192,16897,9015,21180,27564,14015,2883,17961,18832,21429,16580,18483,1331,25926,19539,11559,30318,10268,18099,4996,15298,10111,16371,273,5617,30036,21954,23614,610,11142,22840,14206,30683,12155,29026,23899,4095,8565,21322,10076,13827,8850,31861,17933,11978,6753,10002,18279,16845,13786,31081,5681,27128,24683,727,23879,1954,2572,12906,16628,9890,20064,31828,17021,7005,15311,9465,15364,8179,14711,5079,11960,10474,17297,24888,13289,6580,14105,2164,21262,5342,16611,13367,13665,32247,16551,13091,23145,21163,21097,1586,28236,24779,25500,13599,2384,18452,1660,5130,10964,9924,18941,10777,661,29950,4312,10805,8409,10829,24210,30368,14641,3594,20061,27470,18234,9590,15849,1913,19483,17256,15438,27228,10830,29464,14821,25954,24293,31411,32217,23253,30161,26068,28442,31227,16288,16139,10988,24608,539,2459,31956,1845,29217,14011,30485,23157,3191,27445,151,12518,3902,7890,18781,12917,27235,21355,8064,8032,8515,10518,10598,23024,2610,1783,3925,18535,17368,24340,10242,31917,2972,5868,22025,18314,11159,32643,2189,22101,25465,19348,13433,12345,9672,20937,28888]",,,,,,,true
W1,0.4,0.4,0.2,CWE-120,23,14,70,1327,14909,0.638171076775,"[14909,13276,17339,20296,26113,7779,14449,27773,25525,4492]","[14909,13276,17339,20296,26113,7779,14449,27773,25525,4492,25256,10719,5028,7546,4837,7533,2000,12030,13451,13399,29484,22052,30231,10746,4657,1082,24712,26426,32299,25046,3785,31186,32202,8400,17522,17637,24517,28822,8468,8063,22198,18979,30182,6657,19087,20977,16109,10506,9536,18076,2761,11168,28459,19869,18690,13486,23742,23362,7968,31420,2869,1652,17614,307,31569,2558,12980,17464,6938,23479,4225,24359,27,5324,9311,20336,24187,17368,4804,780,18885,28788,24619,11770,9232,12228,4093,26322,28917,24206,13614,21977,13178,5581,20866,15116,26493,1298,9305,3034,10557,18543,1801,20862,18882,21175,3339,15336,18116,19787,9257,17159,376,25334,25814,20682,9268,20425,8666,26227,16509,9125,9242,1511,13921,28447,8851,19984,21493,26960,17782,29864,18795,14315,31467,16939,13236,29978,26125,15135,3745,26726,19149,24399,24469,29643,15653,9009,10588,5606,30026,8009,22643,27350,18601,30753,22507,18075,11192,7394,9664,24131,19291,2322,19014,5817,15898,28220,30759,15338,6401,28574,3342,23126,11570,31338,15037,19272,24652,12761,4894,21438,15660,13783,15554,18843,18813,26234,6548,4055,13183,27783,18468,19694,10798,26971,32286,15475,6915,11340]",,,,,,,true
W2,0.333333333333,0.333333333333,0.333333333333,CWE-120,23,14,70,1327,14909,0.562761604786,"[14909,13276,17339,20296,26113,14449,7779,27773,25525,25256]","[14909,13276,17339,20296,26113,14449,7779,27773,25525,25256,5028,4492,4837,10719,7546,7533,13399,22052,2000,12030,13451,29484,10746,30231,4657,1082,24712,26426,3785,31186,32299,32202,25046,8468,8400,30182,6657,20977,17522,17637,10506,24517,22198,16109,28822,8063,9536,18979,18076,19087,19869,28459,23362,13486,11168,2761,1652,18690,17614,23742,7968,2558,31420,2869,307,23479,17464,4225,31569,12980,6938,24359,9311,26322,27,5324,780,20336,17368,12228,4804,18885,28788,24619,24187,11770,28917,9232,15116,4093,24206,13614,21977,5581,20866,26493,1298,9305,3034,15336,10557,18543,13178,1801,20862,18882,21175,3339,18116,19787,9257,17159,8666,376,25334,25814,20682,9268,20425,26227,16509,9125,9242,28447,8851,19984,14315,21493,1511,26960,29864,15135,18795,19149,31467,13921,16939,13236,29978,26125,5606,24399,24469,29643,15653,9009,10588,17782,3745,30026,26726,8009,22643,27350,18601,18075,15338,11192,7394,9664,24131,19291,2322,19014,5817,30753,22507,15898,30759,6401,28574,3342,6548,23126,11570,31338,15037,19272,24652,12761,4894,15660,13783,15554,18843,18813,26234,4055,13183,27783,18468,19694,10798,26971,28220,32286,15475,6915,11340,19713]",,,,,,,true
W3,0.5,0.3,0.2,CWE-120,23,14,70,1327,17339,0.557100117207,"[17339,14909,13276,20296,26113,14449,27773,7779,4837,5028]","[17339,14909,13276,20296,26113,14449,27773,7779,4837,5028,25525,25256,29484,4492,7533,10719,7546,13399,22052,2000,12030,13451,1082,10746,30231,4657,24712,26426,3785,32202,31186,10506,18076,32299,25046,8468,6657,22198,20977,19087,30182,16109,8400,1652,9536,17522,11168,17637,24517,28822,19869,28459,8063,18979,23362,13486,2558,2761,17614,307,18690,23742,4225,7968,23479,31420,2869,17464,31569,12980,6938,9311,26322,24359,12228,28917,780,27,5324,20336,17368,4804,18885,28788,24619,11770,15116,24187,9232,4093,24206,13614,15336,21977,5581,20866,26493,1298,9305,3034,10557,18543,1801,20862,18882,21175,3339,8666,13178,18116,19787,9257,17159,376,25334,25814,20682,9268,6548,20425,26227,16509,9125,19291,9242,14315,1511,28447,8851,19984,15135,21493,26960,19149,29864,18795,5606,31467,16939,13236,29978,26125,24399,24469,29643,4055,15653,9009,10588,17782,13921,30026,8009,22643,27350,3745,15338,26726,18601,18075,11192,7394,30753,9664,24131,2322,19014,5817,15898,30759,6401,28574,3342,23126,11570,31338,15037,22507,19272,24652,12761,4894,15660,13783,15554,18843,18813,147,26234,13183,27783,18468,19694,10798,26971,32286,15475,6915,11340,7986]",,,,,,,true
W4,0.3,0.5,0.2,CWE-120,23,14,70,1327,14909,0.71985667944,"[14909,13276,26113,20296,17339,7779,14449,25525,4492,27773]","[14909,13276,26113,20296,17339,7779,14449,25525,4492,27773,10719,25256,7546,5028,2000,12030,13451,30231,7533,13399,10746,22052,32299,4657,4837,26426,25046,24712,8400,1082,29484,31186,17522,3785,17637,24517,28822,32202,8063,18979,22198,8468,30182,19087,6657,20977,2761,16109,18690,23742,7968,9536,31420,2869,28459,13486,19869,11168,23362,31569,17614,12980,10506,6938,18076,307,24359,17464,2558,24187,27,5324,1652,23479,20336,17368,4804,18885,4225,28788,24619,11770,780,9311,13178,9232,4093,24206,13614,21977,5581,20866,26493,1298,9305,3034,12228,10557,18543,28917,1801,15116,20862,18882,21175,3339,26322,18116,19787,9257,17159,376,13921,25334,25814,20682,9268,20425,26227,16509,15336,9125,1511,9242,8666,17782,28447,8851,19984,21493,26960,29864,3745,26726,18795,31467,16939,13236,29978,26125,14315,24399,24469,29643,15653,9009,10588,15135,30026,22507,28220,8009,19149,22643,27350,30753,5606,18601,21438,18075,11192,7394,9664,24131,2322,19014,5817,15898,30759,6401,28574,3342,23126,11570,31338,15037,19272,24652,12761,4894,15660,13783,15554,18843,18813,15338,4869,26234,13183,27783,18468,19694,10798,26971,9222,32286,15475,6915,11340,25781]",,,,,,,true
W5,0.4,0.3,0.3,CWE-120,23,14,70,1327,14909,0.540771126747,"[14909,13276,17339,20296,26113,14449,7779,27773,25525,4837]","[14909,13276,17339,20296,26113,14449,7779,27773,25525,4837,5028,25256,4492,29484,10719,7533,7546,13399,22052,2000,12030,13451,1082,10746,30231,4657,24712,26426,3785,32202,31186,32299,10506,25046,8468,18076,6657,20977,30182,22198,8400,16109,9536,17522,19087,17637,24517,28822,19869,8063,28459,18979,1652,23362,11168,13486,2761,17614,2558,18690,307,23742,7968,23479,4225,31420,2869,17464,31569,12980,6938,9311,26322,24359,12228,780,28917,27,5324,20336,17368,4804,18885,28788,24619,11770,15116,24187,9232,4093,24206,13614,15336,21977,5581,20866,26493,1298,9305,3034,10557,18543,1801,20862,18882,21175,3339,8666,13178,18116,19787,9257,17159,376,25334,25814,20682,9268,20425,26227,16509,9125,9242,14315,28447,8851,19984,15135,21493,1511,26960,19149,29864,18795,5606,31467,16939,6548,13236,29978,26125,19291,24399,24469,29643,15653,9009,10588,13921,30026,8009,22643,27350,17782,3745,15338,26726,18601,18075,11192,7394,9664,24131,4055,2322,19014,5817,30753,15898,30759,6401,28574,3342,23126,11570,31338,15037,22507,19272,24652,12761,4894,15660,13783,15554,18843,18813,26234,13183,27783,18468,19694,10798,26971,32286,15475,6915,11340,19713,6140]",,,,,,,true
W1,0.4,0.4,0.2,CWE-327,23,28,140,1313,4837,0.730728328228,"[4837,29484,14449,7546,17339,14909,19087,17464,838,24082]","[4837,29484,14449,7546,17339,14909,19087,17464,838,24082,30231,10506,6201,7533,22764,25528,25256,11570,12228,5028,26426,10035,2524,8486,15124,13486,24527,8816,24712,20296,10746,14315,27773,7986,1082,27350,32547,28175,25940,21596,23190,5606,2691,10719,4657,9817,20322,3784,8666,30089,13614,22962,25006,13723,15116,21053,15135,15397,13276,15398,20395,4950,23951,32433,19149,15336,26626,16965,1367,12437,12339,4402,13843,15338,17614,19493,13628,17327,28917,26322,29780,17059,30185,1063,27990,7842,17316,28827,23707,3196,18076,31194,27356,24921,30064,29147,1652,6319,18454,23579,3745,20056,7124,12977,13949,11168,349,11376,12241,30720,9222,780,6067,4055,2472,25458,26493,23438,17797,11980,18110,8120,29650,1450,8163,307,22052,27813,30026,19869,3174,31172,147,17639,1362,16588,13946,3785,2145,29978,24187,12515,16546,7925,26339,15037,29827,26264,13600,10871,42,28316,17671,30652,4988,2784,13178,25781,21044,30357,18661,19889,20855,16414,20336,11192,25563,18776,19603,23362,8038,11766,32583,15915,14532,304,28990,15793,4225,19475,14639,8503,12030,16236,25119,21733,19643,12657,5827,18758,28582,1110,1298,4419,16014,27183,2000,25380,22730,29471]",14449,3,0,true,true,true,true
W2,0.333333333333,0.333333333333,0.333333333333,CWE-327,23,28,140,1313,4837,0.637511670589,"[4837,29484,14449,7546,17339,19087,14909,17464,838,24082]","[4837,29484,14449,7546,17339,19087,14909,17464,838,24082,10506,30231,7533,25528,6201,22764,25256,11570,12228,5028,26426,10035,8486,13486,15124,2524,24712,10746,20296,24527,14315,27773,7986,8816,1082,32547,27350,25940,5606,2691,21596,4657,23190,28175,8666,3784,13614,20322,10719,13276,15116,9817,25006,15135,22962,19149,20395,13723,30089,15336,32433,15397,4950,15398,26626,21053,15338,23951,1367,26322,17614,4402,28917,13628,13843,16965,12437,12339,30185,27990,17327,19493,29780,28827,17059,23707,1063,3196,18076,31194,7842,27356,17316,1652,24921,30064,23579,18454,3745,12977,29147,11168,6319,349,780,20056,13949,6067,7124,9222,2472,25458,30720,11376,12241,1450,22052,4055,26493,307,27813,19869,23438,17797,11980,147,18110,30026,8120,29650,8163,17639,3174,31172,1362,3785,16588,2145,29978,24187,12515,21044,30357,16546,7925,13946,17671,20855,26339,15037,23362,29827,26264,13600,10871,42,30652,4988,16414,25781,2784,18661,13178,28316,19889,4225,11192,25563,18776,11766,19603,20336,8038,32583,15915,14532,304,28990,22730,15793,19475,14639,8503,12030,16236,25119,21733,19643,12657,5827,18758,29471,28582,1110,1298,4419,16014,27183,2000,25380]",14449,3,0,true,true,true,true
W3,0.5,0.3,0.2,CWE-327,23,28,140,1313,4837,0.619474828243,"[4837,29484,14449,17339,7546,14909,19087,17464,838,10506]","[4837,29484,14449,17339,7546,14909,19087,17464,838,10506,7533,24082,30231,25528,6201,22764,25256,11570,5028,12228,10035,26426,13486,8486,20296,24712,27773,7986,15124,1082,2524,14315,10746,24527,13276,32547,25940,27350,5606,8816,4657,2691,3784,13614,21596,8666,23190,25006,20322,22962,26322,10719,28175,17614,20395,15116,15135,15397,4950,19149,15336,9817,28917,13723,18076,1652,32433,15338,26626,15398,30089,13628,1367,21053,13843,4402,23951,30185,27990,16965,12437,12339,28827,17327,29780,19493,27356,3196,31194,11168,24921,23707,30064,17059,1063,18454,7842,23579,17316,12977,3745,9222,22052,349,780,19869,29147,6067,6319,4055,2472,20056,17639,7124,13949,307,25458,27813,11376,147,12241,30720,26493,1450,30026,23438,16588,30357,17797,11980,18110,8120,29650,8163,21044,23362,3174,20855,3785,31172,1362,29471,4225,2145,29978,24187,12515,17671,16546,16414,7925,18661,22730,26339,15037,29827,25781,26264,13600,10871,42,30652,4988,2784,13946,2000,13178,19889,6548,11766,11192,25563,18776,19603,18929,28316,8038,20336,32583,15915,14532,304,28990,15793,19475,14639,12030,16236,25119,21733,25161,19643,12657,5827,8503,18758,28582,1110,1298,4419]",14449,3,0,true,true,true,true
W4,0.3,0.5,0.2,CWE-327,23,28,140,1313,4837,0.841981828213,"[4837,29484,14449,7546,17339,17464,19087,14909,838,24082]","[4837,29484,14449,7546,17339,17464,19087,14909,838,24082,30231,6201,22764,25528,7533,10506,11570,2524,12228,25256,26426,10035,15124,8816,8486,5028,13486,24527,28175,27350,10746,14315,24712,9817,1082,21596,27773,20296,23190,32547,7986,30089,10719,25940,20322,5606,21053,2691,4657,8666,23951,3784,13723,15398,16965,32433,12437,22962,12339,15116,13614,15135,15397,19493,25006,26626,4950,1367,19149,20395,4402,15336,17059,1063,13843,17327,7842,17316,29780,15338,27990,30185,13628,28827,23707,29147,6319,3196,31194,17614,13276,27356,20056,7124,28917,24921,13949,30064,11376,12241,3745,23579,30720,18454,12977,26322,349,23438,26493,17797,18076,11980,18110,11168,8120,29650,25458,6067,8163,780,9222,2472,4055,13946,3174,1450,31172,30026,1362,1652,2145,29978,24187,28316,12515,27813,3785,16546,307,7925,26339,15037,29827,26264,13600,10871,42,16588,30652,4988,2784,13178,17671,20336,147,19889,25781,11192,25563,18776,19603,22052,8038,18661,16414,17639,32583,19869,15915,14532,8503,304,28990,15793,11766,19475,14639,12030,16236,20855,25119,21044,21733,19643,12657,5827,18758,28582,1110,1298,4419,23375,16014,27183,25380,30357,13093,7221,23362,12116]",14449,3,0,true,true,true,true
W5,0.4,0.3,0.3,CWE-327,23,28,140,1313,4837,0.605189085007,"[4837,29484,14449,17339,7546,14909,19087,17464,838,10506]","[4837,29484,14449,17339,7546,14909,19087,17464,838,10506,7533,24082,30231,25528,6201,22764,25256,11570,5028,12228,10035,26426,8486,13486,24712,20296,15124,27773,10746,2524,7986,14315,1082,24527,32547,25940,27350,5606,8816,13276,2691,4657,21596,13614,3784,8666,23190,25006,20322,28175,15116,10719,22962,15135,20395,19149,26322,15336,15397,9817,4950,13723,17614,32433,15338,28917,26626,15398,30089,1367,13628,21053,4402,18076,23951,13843,1652,30185,27990,16965,12437,12339,28827,17327,29780,19493,3196,23707,27356,31194,24921,30064,17059,1063,7842,17316,11168,23579,18454,12977,3745,349,780,29147,6067,6319,9222,22052,20056,2472,19869,13949,7124,4055,25458,307,1450,30720,27813,11376,17639,12241,147,26493,30026,23438,17797,11980,18110,8120,29650,8163,16588,30357,21044,23362,3174,3785,31172,20855,1362,2145,29978,24187,12515,17671,4225,16546,16414,7925,26339,15037,29827,25781,26264,18661,13600,10871,42,30652,4988,2784,13946,22730,29471,13178,19889,11766,11192,25563,18776,19603,28316,8038,20336,32583,15915,2000,14532,304,28990,15793,19475,14639,12030,16236,25119,8503,21733,6548,19643,12657,5827,18758,28582,1110,1298,4419,18929,16014]",14449,3,0,true,true,true,true
W1,0.4,0.4,0.2,CWE-89,23,7,35,1334,1652,0.77768599987,"[1652,17339,4657,10506,11168,32664,10719,22548,30846,5028]","[1652,17339,4657,10506,11168,32664,10719,22548,30846,5028,7533,18076,31128,18384,1173,31296,25528,10746,30810,22630,29650,29484,16509,17327,18215,13836,26113,22617,30652,17639,19475,2165,14909,12248,29471,22198,18929,4837,16699,5612,9311,30089,20322,26322,30760,26426,17614,28788,30761,30232,20507,9509,8486,23293,14449,7546,10554,24127,5821,28705,17738,24680,15648,19889,4916,3482,12228,19202,7405,30231,3196,27576,9677,16236,16242,25118,27118,307,3518,15336,17464,22907,16109,27668,18939,26726,20131,12015,8317,28500,19291,994,26493,17671,21414,13965,32715,7986,8063,28273,8666,13465,13764,24305,11770,2763,12389,13628,27173,21977,32547,10426,501,30545,20855,14315,3856,5044,1360,11570,15135,780,1450,18465,24337,19149,376,469,30357,5606,16957,9815,27919,14385,23479,19169,10548,13276,15338,1082,147,26719,3745,23362,25458,16588,11192,29780,31186,22860,6915,25006,16949,19869,22730,27773,30026,24712,20243,28220,11483,13791,23707,6969,4950,3784,10196,19087,22052,24399,684,12030,30753,13399,18087,27023,20866,10311,15397,17485,13849,4132,349,1483,13783,21957,20296,11011,9536,13462,32230,31031,26179,27659,8814,3822,16660,6548,31067,2119]",1652,1,0,true,true,true,true
W2,0.333333333333,0.333333333333,0.333333333333,CWE-89,23,7,35,1334,1652,0.705214500427,"[1652,4657,17339,10506,11168,32664,10719,7533,22548,30846]","[1652,4657,17339,10506,11168,32664,10719,7533,22548,30846,5028,18076,1173,31128,18384,31296,10746,25528,29484,30810,22630,29650,16509,17327,18215,13836,26113,17639,22617,30652,19475,2165,14909,12248,29471,18929,4837,22198,26322,20322,16699,5612,9311,17614,30760,26426,14449,28788,30761,30232,20507,30089,9509,8486,23293,10554,24127,5821,28705,17738,24680,7546,15648,19889,4916,3482,12228,19202,7405,30231,3196,27576,9677,16236,15336,17464,16242,25118,27118,3518,22907,16109,307,20131,27668,18939,26726,8317,28500,7986,19291,994,26493,21414,13965,12015,32715,28273,8666,17671,13764,24305,11770,2763,12389,13628,8063,13465,27173,21977,32547,10426,501,30545,20855,14315,3856,5044,11570,15135,1450,18465,24337,19149,376,5606,780,16957,469,9815,1360,27919,14385,23479,10548,15338,19169,13276,30357,147,1082,26719,3745,23362,25458,16588,11192,25006,31186,22860,6915,24712,19869,29780,27773,28220,22730,13791,23707,30026,16949,20243,3784,10196,19087,24399,11483,684,6969,4950,22052,12030,13399,18087,15397,27023,20866,30753,17485,10311,349,20296,9536,13849,4132,1483,13783,13462,31031,6548,26179,21957,25256,11011,15116,32230,8814,3822,16660,31067]",1652,1,0,true,true,true,true
W3,0.5,0.3,0.2,CWE-89,23,7,35,1334,1652,0.708978772163,"[1652,17339,4657,10506,11168,32664,5028,7533,10719,22548]","[1652,17339,4657,10506,11168,32664,5028,7533,10719,22548,30846,1173,18076,31128,31296,4837,18384,14909,29484,10746,25528,30810,22630,29650,16509,17639,17327,18215,13836,26113,22617,30652,29471,19475,2165,18929,20322,12248,26322,22198,14449,16699,17614,5612,9311,30760,26426,7546,28788,30761,30232,20507,9509,8486,23293,10554,24127,5821,30089,28705,17738,24680,15648,19889,4916,3482,12228,19202,7405,30231,3196,27576,15336,17464,9677,7986,16236,16242,25118,27118,3518,13276,20131,22907,16109,27668,307,18939,26726,8317,28500,19291,994,26493,21414,13965,32715,28273,8666,8063,12015,13764,24305,2763,12389,13465,13628,17671,147,1082,27173,21977,32547,10426,501,30545,11770,20855,14315,3856,5044,11570,15135,1450,18465,24337,19149,376,5606,16957,9815,780,27919,469,14385,23479,19169,10548,15338,1360,26719,3745,24712,25458,30357,16588,19087,11192,23362,22860,25006,6915,31186,28220,13791,19869,23707,22052,27773,10196,22730,29780,3784,684,30026,20243,24399,25256,16949,15397,11483,6969,349,4950,12030,20296,13399,6548,18087,27023,20866,17485,30753,10311,9536,15116,13849,4132,1483,13783,13462,13178,31031,13614,26179,8814,21957,3822,16660,11011]",1652,1,0,true,true,true,true
W4,0.3,0.5,0.2,CWE-89,23,7,35,1334,1652,0.846393227577,"[1652,4657,17339,10506,32664,11168,22548,30846,10719,31128]","[1652,4657,17339,10506,32664,11168,22548,30846,10719,31128,18076,18384,1173,7533,25528,5028,30810,22630,29650,31296,10746,16509,17327,18215,29484,13836,26113,22617,30652,19475,2165,17639,12248,22198,30089,18929,29471,16699,5612,9311,30760,26426,17614,28788,30761,14909,30232,20507,9509,8486,23293,26322,10554,24127,5821,20322,28705,7546,17738,24680,15648,19889,4916,3482,12228,14449,19202,7405,30231,3196,27576,9677,307,16236,16242,25118,27118,3518,22907,16109,15336,12015,17464,4837,27668,18939,26726,17671,8317,28500,19291,994,26493,30357,21414,13965,20131,8063,32715,11770,28273,8666,13465,13764,1360,24305,2763,12389,13628,27173,21977,32547,10426,501,780,30545,20855,14315,469,7986,3856,5044,11570,15135,1450,18465,24337,19149,376,5606,16957,9815,27919,14385,23479,19169,10548,15338,29780,3745,26719,23362,1082,16949,25458,16588,11483,22730,31186,11192,6969,4950,30026,19869,20243,13276,22860,6915,27773,147,25006,30753,28220,3784,13791,23707,10311,12030,13399,24399,18087,10196,21957,11011,27023,20866,13849,32230,4132,1483,684,13783,22052,27659,24712,17485,13462,31031,2119,26179,9536,28280,19087,8814,3822,16660,31067,27718,15397,28447]",1652,1,0,true,true,true,true
W5,0.4,0.3,0.3,CWE-89,23,7,35,1334,1652,0.688978791237,"[1652,17339,4657,10506,11168,32664,5028,10719,7533,22548]","[1652,17339,4657,10506,11168,32664,5028,10719,7533,22548,30846,1173,18076,31128,31296,18384,10746,29484,25528,30810,22630,29650,14909,4837,16509,17327,18215,17639,13836,26113,22617,30652,19475,2165,29471,18929,12248,26322,20322,22198,14449,16699,17614,5612,9311,30760,26426,28788,30761,30232,20507,9509,8486,23293,10554,24127,5821,7546,30089,28705,17738,24680,15648,19889,4916,3482,12228,19202,7405,30231,3196,27576,15336,17464,9677,16236,16242,25118,27118,3518,7986,20131,22907,16109,27668,307,18939,26726,8317,28500,19291,994,26493,21414,13965,32715,28273,8666,12015,13764,24305,2763,12389,13628,8063,17671,11770,13465,27173,21977,32547,10426,501,30545,13276,20855,14315,3856,5044,11570,15135,1450,18465,24337,19149,376,5606,16957,9815,147,780,27919,469,14385,23479,1082,10548,15338,1360,19169,26719,3745,30357,25458,23362,24712,16588,11192,25006,22860,6915,31186,19087,19869,28220,13791,23707,27773,10196,22730,29780,3784,30026,22052,20243,684,24399,16949,11483,15397,6969,4950,12030,13399,18087,27023,20866,349,25256,20296,17485,30753,6548,10311,9536,15116,13849,4132,1483,13783,13462,31031,13614,26179,8814,21957,3822,16660,11011,13178]",1652,1,0,true,true,true,true
W1,0.4,0.4,0.2,CWE-338,23,5,25,1336,14909,1.21103727818,"[14909,30357,4837,19087,5028,147,1652,15671,25525,30231]","[14909,30357,4837,19087,5028,147,1652,15671,25525,30231,7533,5606,19291,780,24712,25256,4950,18690,7779,20296,11168,15397,26426,9222,18076,10506,25814,17339,469,3196,29484,23867,3034,13628,23375,8666,2549,7986,30830,14315,15116,32645,19149,20395,27773,15336,30064,14617,22050,15338,17327,19035,6548,22052,13399,26029,8271,30953,9477,7846,14256,15135,16503,16588,30760,1450,23828,6657,21207,12228,6229,7653,15398,10719,13921,29471,1082,10746,13723,23281,1386,20131,18882,15124,2524,9311,1490,26125,13276,28316,18843,27356,19869,25119,8515,22198,25006,25940,17464,7546,21756,27813,4055,25781,14449,25528,24646,6173,11855,10159,13486,15038,4402,19921,14476,17639,3357,17671,30956,1511,25161,15619,12977,28058,4897,13614,27183,20930,6201,26517,21736,10311,19169,4657,18601,11570,28070,9468,24241,3745,5834,684,26322,17402,14415,29910,31186,3791,838,19337,2691,25245,18454,10195,17139,25072,1138,3240,30226,13849,12932,28883,29305,18110,21015,21609,9541,4446,30379,6062,32711,28220,23190,15018,3629,1810,11957,17756,7475,11376,9509,15968,15524,21478,5581,2777,12657,27007,23479,30026,14926,22943,23500,2361,14619,26979,23468,1308,12439,2694]",7533,11,0,false,true,true,true
W2,0.333333333333,0.333333333333,0.333333333333,CWE-338,23,5,25,1336,14909,1.04919791222,"[14909,30357,19087,4837,5028,147,1652,15671,7533,25525]","[14909,30357,19087,4837,5028,147,1652,15671,7533,25525,5606,30231,19291,780,24712,25256,4950,20296,18690,7779,15397,11168,26426,18076,9222,10506,469,17339,25814,3196,29484,23867,13628,3034,23375,8666,2549,7986,30830,14315,15116,19149,32645,15336,20395,27773,30064,15338,14617,22050,19035,17327,13399,26029,6548,22052,8271,30953,9477,14256,15135,16503,16588,7846,23828,1450,6657,30760,21207,12228,6229,7653,15398,29471,10746,1082,10719,13723,13921,20131,23281,1386,13276,18882,19869,9311,15124,18843,27356,26125,2524,17464,1490,22198,14449,8515,25119,28316,25006,27813,25940,13486,7546,4055,21756,25781,25528,6173,4402,17639,24646,3357,11855,10159,15038,19921,14476,17671,6201,25161,12977,28058,13614,27183,30956,1511,20930,15619,4657,18601,4897,11570,28070,26517,9468,21736,10311,19169,3745,5834,684,26322,14415,31186,24241,2691,17402,18454,29910,3791,838,19337,25245,10195,17139,25072,1138,3240,30226,13849,12932,28883,29305,18110,21015,21609,9541,4446,30379,6062,32711,28220,23190,15018,3629,1810,11957,17756,7475,11376,9509,15968,15524,21478,5581,2777,12657,27007,23479,30026,14926,22943,23500,2361,14619,26979,23468,1308,12439,2694]",7533,9,-2,true,true,true,true
W3,0.5,0.3,0.2,CWE-338,23,5,25,1336,14909,1.00827801228,"[14909,4837,19087,30357,5028,147,1652,5606,7533,15671]","[14909,4837,19087,30357,5028,147,1652,5606,7533,15671,25525,19291,780,30231,24712,4950,25256,20296,15397,17339,18690,7779,11168,26426,18076,469,10506,9222,25814,29484,3196,23867,13628,3034,8666,23375,2549,7986,30830,14315,15116,19149,15336,32645,20395,27773,15338,30064,14617,22050,17327,19035,13399,26029,8271,6548,22052,30953,9477,14256,15135,16503,16588,23828,6657,21207,7846,12228,1450,30760,10746,15398,13723,29471,6229,7653,20131,1082,10719,13276,23281,1386,18843,19869,13921,27356,17464,14449,9311,18882,22198,26125,15124,2524,8515,1490,25006,25119,28316,27813,13486,4055,25940,7546,21756,6201,25781,25528,6173,4402,17639,3357,24646,11855,17671,10159,15038,19921,25161,14476,12977,28058,13614,27183,20930,30956,4657,1511,18601,11570,15619,28070,9468,4897,3745,5834,26517,684,26322,14415,31186,21736,10311,19169,2691,18454,24241,17402,29910,3791,838,19337,25245,10195,17139,25072,1138,3240,30226,13849,12932,28883,29305,18110,21015,21609,9541,4446,30379,6062,32711,28220,23190,15018,3629,1810,11957,17756,7475,11376,9509,15968,15524,21478,5581,2777,12657,27007,23479,30026,14926,22943,23500,2361,14619,26979,23468,1308,12439,2694]",7533,9,-2,true,true,true,true
W4,0.3,0.5,0.2,CWE-338,23,5,25,1336,14909,1.41379666328,"[14909,30357,19087,4837,5028,147,15671,25525,1652,30231]","[14909,30357,19087,4837,5028,147,15671,25525,1652,30231,7533,5606,19291,780,24712,25256,18690,7779,4950,11168,26426,9222,20296,18076,15397,25814,10506,23867,3196,469,17339,29484,3034,13628,23375,2549,7986,30830,8666,32645,14315,15116,20395,27773,19149,30064,15336,14617,22050,17327,6548,22052,19035,15338,13399,26029,7846,8271,30760,30953,9477,14256,15135,16503,16588,1450,6229,7653,13921,23828,10719,6657,15398,21207,12228,29471,1082,2524,18882,23281,15124,1386,1490,10746,28316,13723,9311,20131,26125,25119,25940,8515,13276,7546,18843,27356,21756,25006,19869,25781,24646,27813,11855,10159,25528,15038,19921,22198,4055,14476,6173,4402,17639,30956,1511,3357,17464,15619,4897,17671,26517,25161,12977,13486,21736,10311,19169,28058,13614,27183,20930,4657,18601,11570,24241,17402,14449,28070,29910,9468,3791,838,3745,19337,25245,5834,684,26322,14415,10195,31186,17139,25072,1138,3240,30226,6201,2691,13849,12932,28883,29305,18110,21015,18454,21609,9541,4446,30379,6062,32711,28220,23190,15018,3629,1810,11957,17756,7475,11376,9509,15968,15524,21478,5581,2777,12657,27007,23479,30026,14926,22943,23500,2361,14619,26979,23468,1308,12439,2694]",7533,11,0,false,true,true,true
W5,0.4,0.3,0.3,CWE-338,23,5,25,1336,14909,0.988278090954,"[14909,4837,19087,30357,5028,147,1652,5606,7533,15671]","[14909,4837,19087,30357,5028,147,1652,5606,7533,15671,25525,19291,780,30231,24712,4950,25256,20296,15397,18690,7779,11168,26426,18076,17339,469,10506,9222,25814,29484,3196,23867,13628,3034,8666,23375,2549,7986,30830,14315,15116,19149,15336,32645,20395,27773,15338,30064,14617,22050,19035,17327,13399,26029,8271,6548,22052,30953,9477,14256,15135,16503,16588,23828,6657,21207,7846,12228,1450,30760,10746,15398,29471,6229,7653,1082,13723,20131,10719,13276,23281,1386,19869,13921,18843,27356,9311,17464,14449,18882,26125,15124,22198,2524,8515,1490,25006,25119,13486,28316,27813,4055,25940,7546,21756,25781,25528,6173,6201,4402,17639,3357,24646,11855,17671,10159,15038,19921,25161,14476,12977,28058,13614,27183,20930,30956,4657,1511,18601,11570,15619,28070,9468,4897,3745,5834,26517,684,26322,14415,31186,21736,10311,19169,2691,18454,24241,17402,29910,3791,838,19337,25245,10195,17139,25072,1138,3240,30226,13849,12932,28883,29305,18110,21015,21609,9541,4446,30379,6062,32711,28220,23190,15018,3629,1810,11957,17756,7475,11376,9509,15968,15524,21478,5581,2777,12657,27007,23479,30026,14926,22943,23500,2361,14619,26979,23468,1308,12439,2694]",7533,9,-2,true,true,true,true
W1,0.4,0.4,0.2,CWE-79,23,79,79,79,4837,0.482851564884,"[4837,21331,8117,14909,18869,29484,2324,10506,16109,18465]","[4837,21331,8117,14909,18869,29484,2324,10506,16109,18465,30585,24712,10541,14315,15398,4950,7573,28303,13972,16589,20866,24473,21516,18454,30760,29910,4594,3745,30185,1652,18661,5790,30405,31652,2000,23638,11855,27858,19087,17485,13820,13249,20267,7405,30600,16655,7546,25331,6657,21154,30640,303,28569,14639,27077,8689,4218,23981,18397,21904,23281,2784,14186,21351,27773,20688,16734,11168,5417,20214,15251,7533,1450,21605,7867,2186,17386,10673,1469,17489,29830,7986,2246,15554,31778,28048,23650,20170,27718,17797,13628,16234,12657,9125,22730,25613,25256,9214,31186,31194,20243,15046,21561,16431,26322,17499,13714,15173,18087,19356,17931,15591,25989,5720,9765,3353,26345,19074,23605,32256,1173,18076,9232,30127,25594,29954,10047,4230,5028,22981,17014,2413,30938,14926,15273,1352,24451,13986,6683,13465,14619,448,12850,27760,24082,22507,30182,19881,9521,10437,21544,26062,28447,2942,17339,28280,26999,20502,26891,28980,2944,14005,23479,29780,14520,27961,20191,31462,29417,21990,28424,5859,1351,15671,1619,5569,30343,2759,15018,12606,31509,11957,9887,19291,24187,3802,5409,24457,21493,17771,18062,28574,16503,25188,10503,1082,30689,7242,14595,30777]",,,,,,,true
W2,0.333333333333,0.333333333333,0.333333333333,CWE-79,23,79,79,79,4837,0.415034532547,"[4837,21331,8117,14909,18869,29484,10506,2324,16109,18465]","[4837,21331,8117,14909,18869,29484,10506,2324,16109,18465,24712,14315,10541,30585,15398,4950,7573,20866,21516,18454,16589,28303,30760,3745,13972,29910,1652,24473,5790,18661,4594,30405,30185,2000,31652,27858,19087,23638,17485,13820,16655,11855,13249,20267,7405,30600,6657,7546,25331,28569,14639,27077,11168,18397,21904,23281,21154,14186,30640,21351,27773,303,8689,16734,4218,5417,23981,15251,15554,7533,2784,7867,17386,10673,1469,20688,17489,7986,20214,2246,1450,21605,2186,23650,27718,13628,29830,9125,22730,31778,28048,20170,17797,25256,16234,12657,31194,16431,25613,26322,9214,31186,1173,20243,15046,21561,17499,13714,15173,18087,19356,17931,15591,5028,25989,5720,9765,3353,26345,19074,23605,32256,18076,9232,30127,25594,29954,10047,4230,17339,22981,17014,20502,2413,30938,14926,15273,1352,24451,13986,6683,13465,14619,448,12850,27760,24082,22507,30182,19881,9521,10437,21544,26062,28447,2942,28574,28280,26999,26891,28980,2944,14005,23479,29780,14520,27961,20191,31462,29417,21990,28424,5859,1351,15671,22052,1619,5569,30343,2759,15018,12606,31509,11957,9887,19291,24187,3802,5409,24457,21493,17771,18062,16503,25188,10503,1082,30689,7242,14595]",,,,,,,true
W3,0.5,0.3,0.2,CWE-79,23,79,79,79,4837,0.388720959425,"[4837,21331,14909,8117,10506,18869,29484,24712,2324,16109]","[4837,21331,14909,8117,10506,18869,29484,24712,2324,16109,18465,14315,4950,10541,21516,15398,30585,20866,18454,7573,16589,3745,1652,30760,5790,29910,28303,13972,24473,19087,2000,18661,30405,31652,4594,30185,6657,16655,27858,11168,17485,13820,13249,23638,20267,7405,27773,11855,30600,7546,21351,28569,14639,27077,18397,21904,23281,25331,15554,14186,26322,7986,16734,21154,5417,15251,30640,7533,13628,303,7867,17386,10673,8689,1469,1450,4218,23981,17489,2246,2784,20688,23650,27718,20214,21605,9125,2186,22730,29830,25256,17339,31778,28048,31194,18076,20170,17797,16431,16234,12657,25613,1173,20502,9214,31186,5028,20243,25594,15046,21561,17499,13714,15173,18087,19356,17931,15591,13986,25989,5720,9765,3353,26345,19074,24082,23605,32256,30182,22052,9232,30127,29954,10047,4230,22981,17014,2413,30938,14926,28574,15273,1352,24451,6683,13465,14619,30475,448,12850,27760,22507,19881,9521,10437,21544,26062,28447,2942,28453,28280,26999,26891,28980,2944,14005,23479,29780,14520,27961,20191,31462,29417,21990,28424,27023,5859,1351,15671,1619,5569,30343,2759,15018,17639,12606,31509,11957,9887,19291,24187,3802,5409,24457,21493,17771,18062,10109,16503,25188]",,,,,,,true
W4,0.3,0.5,0.2,CWE-79,23,79,79,79,4837,0.576982200146,"[4837,21331,8117,14909,18869,29484,2324,16109,30585,18465]","[4837,21331,8117,14909,18869,29484,2324,16109,30585,18465,10506,10541,15398,14315,28303,13972,7573,4950,24473,16589,4594,30760,29910,24712,30185,20866,18454,21516,18661,3745,30405,31652,23638,1652,11855,5790,27858,2000,17485,13820,13249,25331,20267,7405,30600,19087,7546,21154,30640,303,8689,4218,23981,16655,2784,20688,28569,14639,27077,18397,20214,21904,23281,21605,14186,2186,6657,16734,29830,5417,15251,1450,7533,21351,31778,7867,28048,17386,10673,1469,20170,17797,16234,17489,12657,2246,27773,25613,23650,27718,7986,9214,15554,31186,9125,20243,15046,21561,22730,17499,13714,13628,15173,11168,18087,19356,17931,15591,25256,25989,5720,9765,3353,26345,19074,23605,31194,32256,16431,9232,30127,29954,10047,4230,22981,17014,2413,30938,14926,15273,1173,1352,24451,6683,13465,14619,448,25594,12850,27760,22507,19881,9521,10437,21544,26062,28447,2942,5028,28280,18076,26999,26891,28980,2944,14005,23479,29780,14520,27961,20191,31462,13986,29417,21990,28424,5859,24082,1351,15671,1619,5569,30182,30343,2759,15018,12606,31509,11957,9887,19291,24187,3802,5409,24457,21493,17771,18062,16503,25188,26322,10503,1082,30689,7242,14595,30777,15661,7748,7881]",,,,,,,true
W5,0.4,0.3,0.3,CWE-79,23,79,79,79,4837,0.384923487902,"[4837,21331,14909,8117,18869,10506,29484,2324,16109,24712]","[4837,21331,14909,8117,18869,10506,29484,2324,16109,24712,18465,14315,10541,4950,15398,30585,21516,20866,18454,7573,16589,3745,1652,30760,5790,29910,28303,13972,24473,2000,18661,30405,31652,4594,19087,30185,16655,27858,17485,13820,13249,23638,20267,6657,7405,11855,11168,30600,27773,7546,28569,14639,27077,21351,18397,21904,23281,25331,15554,14186,16734,21154,5417,15251,30640,7533,7986,303,7867,17386,10673,8689,1469,4218,23981,17489,13628,2246,2784,1450,20688,26322,23650,27718,20214,21605,9125,2186,22730,29830,25256,31778,28048,31194,20170,17797,16431,16234,12657,25613,1173,17339,18076,9214,31186,5028,20243,15046,21561,17499,20502,13714,15173,18087,19356,17931,15591,25989,25594,5720,9765,3353,26345,19074,23605,32256,9232,13986,30127,29954,10047,4230,22981,24082,17014,2413,30182,30938,22052,14926,28574,15273,1352,24451,6683,13465,14619,448,12850,27760,22507,19881,9521,10437,21544,26062,28447,2942,28280,26999,26891,28980,2944,14005,23479,29780,14520,27961,20191,31462,29417,21990,28424,5859,1351,15671,1619,5569,30343,2759,15018,17639,12606,28453,31509,11957,9887,19291,24187,3802,5409,24457,21493,17771,18062,30475,16503,27023,25188,10503]",,,,,,,true
W1,0.4,0.4,0.2,CWE-125,23,76,76,76,14909,0.15386146307,"[14909,4837,18465,4950,26125,16109,16655,17798,26322,18695]","[14909,4837,18465,4950,26125,16109,16655,17798,26322,18695,7533,10541,22052,22555,893,18076,2000,23988,3011,13946,1652,27773,6915,17740,4284,9600,19337,9222,14449,7580,17509,9536,13986,11812,13467,15898,147,22687,25486,9717,1173,13872,10627,3802,13399,24921,9817,23281,1148,21493,16204,24652,15524,30530,30231,19087,18751,30832,6657,6962,25287,5444,26943,3479,17339,13371,13628,24712,28447,8733,20033,5520,8176,25582,26375,26287,25286,5028,12757,20357,3501,20644,18110,8163,20425,25006,13972,3946,23255,8361,18843,32556,14143,1231,4326,25214,9481,22884,10506,27589,23972,10311,24662,9311,18454,307,14867,27933,30953,15037,9788,21660,188,31194,20191,8813,26469,18503,28696,21759,586,6793,30731,23973,30026,29471,1126,20987,10760,27281,9303,12015,32644,21236,6130,17193,25046,11867,8139,20296,30857,2602,29484,12248,18939,1578,6062,15173,24724,22576,18167,21055,1267,7480,24971,30135,15619,27858,25549,2532,25256,17327,20495,26726,27,9887,32194,16976,13249,7022,3342,28928,17816,11094,26371,7779,31157,28847,1082,9982,24331,13849,22867,26406,24527,28589,31207,2324,32203,8814,8769,10746,16030,13843,1436,10904,2761,9124,29095,10638]",16655,7,0,true,true,true,true
W2,0.333333333333,0.333333333333,0.333333333333,CWE-125,23,76,76,76,14909,0.139182820916,"[14909,4837,18465,4950,26125,16109,16655,26322,17798,7533]","[14909,4837,18465,4950,26125,16109,16655,26322,17798,7533,18695,10541,22052,22555,18076,2000,23988,893,3011,1652,27773,13946,6915,14449,17740,4284,9600,9222,19337,7580,9536,17509,13986,15898,147,11812,13467,9717,1173,13399,25486,23281,3802,24921,22687,21493,16204,13872,10627,24652,15524,30231,9817,19087,1148,18751,28447,30832,6657,30530,5444,5028,26943,3479,17339,13628,24712,8733,20033,6962,26375,26287,25287,25286,13371,12757,20357,3501,5520,8176,20425,25582,25006,18843,14143,4326,20644,25214,18110,8163,22884,10506,13972,3946,10311,23255,24662,8361,9311,18454,32556,27933,1231,30953,15037,9788,31194,20191,26469,9481,28696,586,6793,27589,23972,23973,307,30026,14867,1126,10760,9303,21660,188,8813,18503,21759,30731,25256,20296,30857,29484,29471,18939,20987,27281,6062,12015,32644,21236,22576,6130,17193,25046,11867,26726,8139,27,2602,12248,1578,15173,24724,1082,18167,21055,13849,1267,7480,31207,24971,30135,15619,27858,32203,25549,2532,17327,8814,20495,9887,32194,16976,13249,1436,7022,3342,28928,17816,29095,11094,26371,7779,31157,28847,9982,24331,22867,26406,24527,28589,2324,8769,10746,16030,13843,7986,10904,2761,9124]",16655,7,0,true,true,true,true
W3,0.5,0.3,0.2,CWE-125,23,76,76,76,14909,0.137106627226,"[14909,4837,18465,26125,4950,16109,16655,26322,17798,7533]","[14909,4837,18465,26125,4950,16109,16655,26322,17798,7533,18695,18076,10541,22052,2000,1652,22555,23988,27773,3011,13946,893,6915,14449,9536,17740,9222,4284,9600,7580,19337,5028,15898,13986,147,19087,17509,9717,1173,25486,17339,23281,11812,13467,13399,13628,3802,24712,24921,21493,16204,22687,24652,15524,30231,10506,8733,13872,10627,18751,30832,26287,6657,9817,1148,28447,5444,26943,3479,30530,25006,20033,26375,25286,12757,6962,20357,3501,25287,20425,13371,18843,5520,14143,8176,4326,20296,25582,25214,22884,10311,24662,9311,18454,20644,27933,18110,30953,15037,9788,8163,31194,20191,26469,13972,3946,28696,23255,8361,586,6793,32556,1231,23973,30026,1126,10760,9481,25256,9303,27589,23972,307,14867,30857,21660,29484,188,8813,18939,1082,18503,11867,21759,6062,32203,22576,7986,30731,29471,20987,27281,26726,27,12015,32644,21236,6130,17193,20495,25046,13249,8139,13849,2602,31207,12248,8814,1578,15173,24724,18167,21055,1267,7480,24971,30135,15619,10746,27858,25549,2532,17327,9887,32194,16976,7022,3342,28928,17816,11094,26371,7779,31157,28847,17844,9982,24331,22867,26406,24527,28589,2324,1436,29095,8769,13276,16030,13843,10904]",16655,7,0,true,true,true,true
W4,0.3,0.5,0.2,CWE-125,23,76,76,76,14909,0.170616313815,"[14909,4950,18465,4837,26125,17798,16109,16655,26322,18695]","[14909,4950,18465,4837,26125,17798,16109,16655,26322,18695,7533,22555,893,22052,23988,10541,2000,17740,4284,9600,18076,13946,19337,6915,3011,17509,27773,9222,7580,11812,13467,14449,1652,13986,9536,22687,13872,10627,9817,1148,15898,3802,147,13399,30530,25486,24921,21493,9717,1173,16204,6962,24652,15524,30231,25287,23281,13371,18751,30832,6657,5520,8176,25582,5444,26943,3479,28447,20644,20033,18110,8163,26375,13972,3946,23255,8361,25286,8733,12757,32556,1231,20357,3501,19087,26287,9481,13628,20425,24712,27589,23972,307,18843,14867,14143,4326,21660,188,17339,8813,25214,18503,25006,21759,22884,30731,10311,24662,9311,18454,29471,27933,20987,30953,27281,15037,9788,12015,32644,31194,20191,26469,21236,6130,17193,28696,25046,586,6793,8139,2602,23973,30026,12248,1126,10760,9303,1578,15173,24724,18167,21055,1267,7480,11867,24971,30135,15619,27858,25549,2532,17327,30857,29484,9887,32194,16976,18939,10506,5028,7022,3342,28928,17816,11094,26371,6062,7779,31157,28847,22576,9982,24331,22867,26406,24527,28589,20495,2324,26726,13249,27,8769,16030,13843,10904,2761,9124,10638,3303,1436,32465,17814,29095,21384,13662,20296,13849,23411]",16655,8,1,true,true,true,true
W5,0.4,0.3,0.3,CWE-125,23,76,76,76,14909,0.134475052357,"[14909,4837,18465,26125,4950,16109,16655,26322,17798,7533]","[14909,4837,18465,26125,4950,16109,16655,26322,17798,7533,18695,10541,22052,18076,22555,2000,1652,23988,27773,3011,893,13946,6915,14449,9536,17740,9222,4284,9600,7580,19337,15898,13986,147,17509,9717,1173,25486,23281,13399,5028,11812,13467,19087,3802,24921,17339,21493,16204,22687,24652,15524,30231,13628,24712,13872,10627,18751,28447,30832,6657,8733,9817,1148,5444,26943,3479,26287,30530,20033,26375,10506,25286,25006,12757,6962,20357,3501,25287,20425,13371,18843,5520,14143,8176,4326,25582,25214,22884,10311,24662,9311,18454,20644,27933,18110,30953,15037,9788,8163,31194,20191,26469,13972,3946,28696,23255,8361,20296,586,6793,32556,1231,23973,30026,1126,10760,9481,25256,9303,27589,23972,307,14867,30857,21660,29484,188,8813,18939,18503,21759,6062,22576,30731,29471,1082,20987,11867,27281,26726,27,12015,32644,21236,32203,6130,17193,25046,8139,13849,2602,31207,12248,7986,8814,20495,1578,15173,24724,13249,18167,21055,1267,7480,24971,30135,15619,27858,25549,2532,17327,9887,32194,16976,1436,7022,3342,28928,17816,29095,11094,26371,7779,31157,28847,10746,9982,24331,22867,26406,24527,28589,2324,8769,13276,16030,13843,17844,10904]",16655,7,0,true,true,true,true
W1,0.4,0.4,0.2,CWE-787,23,65,65,65,4837,0.245064750314,"[4837,24712,20425,29719,13946,6345,29484,14909,12248,28827]","[4837,24712,20425,29719,13946,6345,29484,14909,12248,28827,6672,1652,4617,20971,1436,7580,11168,26322,805,15593,30253,25258,16109,13628,17339,22248,25256,10554,21516,28220,17464,13732,25781,4504,31908,1484,7986,26624,7583,13276,16431,4502,3505,7973,12980,14256,23311,8482,21350,16750,27,22764,27762,30064,147,4380,2337,25006,27773,30182,13723,9788,2987,8733,4326,20296,10746,25594,19273,3745,26626,27378,10311,18929,12657,21468,30761,18543,30026,13119,21839,3187,24451,18076,20044,24420,28743,30359,12880,16976,29639,26493,6062,14945,11413,5827,6555,5028,26509,18695,31049,19881,21544,21380,20436,19810,17480,6390,18751,29978,26029,22240,7940,13614,10446,11535,8069,5601,32762,12024,10300,15256,13923,7639,18979,25910,6657,6201,13852,11867,24503,1308,18943,29869,1173,17219,30478,2324,15831,1469,17932,12135,15992,2000,28512,19087,25261,20293,3640,3518,25795,2942,4083,17000,23525,16589,23003,22726,17489,31670,1450,13885,12535,26645,25028,13849,12932,13547,23972,13714,23973,32004,15135,5994,17159,6527,19159,26204,30677,22260,20300,18869,10506,2777,26415,32482,4567,13462,9510,29840,8813,25528,15604,11770,8353,18531,3387,20131,17756,21756]",,,,,,,true
W2,0.333333333333,0.333333333333,0.333333333333,CWE-787,23,65,65,65,4837,0.211912930012,"[4837,24712,20425,29719,13946,6345,29484,14909,12248,28827]","[4837,24712,20425,29719,13946,6345,29484,14909,12248,28827,1652,20971,6672,4617,1436,11168,26322,7580,16109,805,17339,15593,30253,28220,13628,25256,10554,21516,25258,17464,22248,13732,7986,25781,13276,4504,16431,31908,1484,3505,26624,7583,14256,8482,4502,7973,27,4380,12980,23311,25006,27773,30182,9788,2987,8733,21350,4326,20296,16750,22764,27762,30064,147,25594,2337,13723,10746,19273,3745,26626,30026,27378,10311,18929,12657,21468,30761,18543,13119,21839,3187,24451,18076,20044,24420,28743,30359,12880,16976,29639,26493,6062,14945,11413,5827,6555,5028,26509,18695,31049,19881,21544,21380,20436,19810,17480,6390,18751,29978,26029,22240,7940,13614,10446,11535,8069,5601,32762,12024,10300,15256,13923,7639,18979,25910,6657,6201,13852,11867,24503,1308,18943,29869,1173,17219,30478,2324,17159,15831,1469,17932,10506,12135,15992,2000,28512,19087,25261,20293,3640,3518,25795,2942,4083,17000,23525,16589,23003,22726,17489,31670,1450,13885,12535,26645,25028,13849,12932,13547,23972,13714,23973,32004,15135,5994,6527,19159,26204,30677,22260,20300,18869,2777,26415,32482,4567,13462,9510,29840,8813,25528,15604,11770,8353,18531,3387,20131,17756,21756]",,,,,,,true
W3,0.5,0.3,0.2,CWE-787,23,65,65,65,4837,0.204567790031,"[4837,24712,20425,29719,13946,14909,29484,6345,12248,28827]","[4837,24712,20425,29719,13946,14909,29484,6345,12248,28827,26322,1652,25256,20971,1436,11168,6672,4617,16109,17339,7580,805,15593,13628,30253,28220,10554,21516,17464,25258,22248,7986,13276,16431,13732,3505,25781,4504,27773,31908,14256,1484,8482,26624,27,7583,4380,4502,25006,147,30182,7973,9788,2987,8733,4326,20296,12980,23311,25594,21350,16750,22764,27762,30064,2337,13723,12657,30026,10746,5028,19273,3745,26626,27378,10311,18929,21468,30761,18543,13119,21839,3187,24451,18076,20044,24420,28743,30359,12880,6657,16976,29639,26493,6062,14945,11413,5827,6555,26509,18695,31049,19881,21544,21380,20436,2000,19810,17480,6390,18751,29978,20293,26029,22240,7940,13614,10446,11535,8069,5601,32762,12024,10300,17159,15256,13923,7639,18979,25910,26645,6201,13852,11867,24503,18869,1308,26415,18943,29869,1173,17219,30478,11770,2324,15831,1469,17932,12135,15992,28512,19087,25261,10719,3640,3518,25795,2942,4083,17000,23525,16589,23003,22726,17489,31670,1450,13885,10506,12535,25028,13849,12932,13547,23972,13714,23973,32004,15135,5994,6527,19159,26204,30677,22260,20300,2777,32482,4567,13462,9510,29840,8813,25528,15604,8353,18531,3387,20131,17756]",,,,,,,true
W4,0.3,0.5,0.2,CWE-787,23,65,65,65,4837,0.285561710596,"[4837,24712,29719,20425,6345,13946,29484,14909,12248,28827]","[4837,24712,29719,20425,6345,13946,29484,14909,12248,28827,6672,4617,7580,1652,20971,805,15593,30253,1436,11168,25258,22248,26322,13628,13732,25781,10554,21516,4504,31908,28220,17464,16109,1484,17339,26624,7583,4502,7973,7986,12980,13276,16431,23311,25256,21350,3505,16750,22764,27762,30064,14256,2337,8482,13723,10746,27,147,4380,19273,3745,26626,25006,27378,30182,9788,2987,8733,4326,20296,10311,18929,21468,25594,27773,30761,18543,13119,21839,3187,24451,18076,12657,20044,24420,28743,30359,12880,30026,16976,29639,26493,6062,14945,11413,5827,6555,26509,18695,31049,19881,21544,21380,20436,19810,17480,6390,18751,29978,26029,22240,7940,13614,10446,11535,8069,5601,32762,12024,10300,15256,13923,7639,18979,25910,6201,13852,11867,24503,1308,18943,29869,1173,17219,30478,2324,15831,1469,17932,5028,12135,15992,28512,6657,19087,25261,3640,3518,25795,2942,4083,17000,23525,16589,23003,22726,17489,31670,1450,13885,12535,25028,13849,12932,13547,23972,13714,23973,32004,15135,5994,6527,19159,2000,26204,30677,22260,20300,2777,32482,4567,13462,9510,20293,29840,8813,25528,15604,8353,18531,10506,3387,20131,17756,21756,7830,14321,16655,23190,18655]",,,,,,,true
W5,0.4,0.3,0.3,CWE-787,23,65,65,65,4837,0.199952423573,"[4837,24712,20425,29719,13946,14909,29484,6345,12248,28827]","[4837,24712,20425,29719,13946,14909,29484,6345,12248,28827,1652,26322,20971,1436,11168,6672,4617,16109,25256,17339,7580,28220,805,15593,13628,30253,10554,21516,17464,25258,22248,7986,13276,16431,13732,3505,25781,4504,31908,14256,1484,8482,27773,26624,27,7583,4380,4502,25006,30182,7973,9788,2987,8733,4326,20296,12980,23311,147,25594,21350,16750,22764,27762,30064,2337,13723,30026,10746,19273,3745,12657,26626,27378,10311,18929,21468,30761,18543,5028,13119,21839,3187,24451,18076,20044,24420,28743,30359,12880,16976,29639,26493,6062,14945,11413,5827,6555,26509,18695,31049,6657,19881,21544,21380,20436,19810,17480,6390,18751,29978,26029,22240,7940,13614,10446,11535,8069,5601,32762,12024,10300,17159,15256,13923,7639,18979,25910,6201,13852,2000,11867,24503,20293,1308,18943,29869,1173,17219,30478,2324,15831,1469,17932,10506,26645,12135,15992,28512,19087,25261,18869,26415,3640,3518,25795,2942,11770,4083,17000,23525,16589,23003,22726,17489,31670,1450,13885,12535,25028,13849,12932,13547,23972,13714,23973,32004,15135,5994,6527,19159,26204,10719,30677,22260,20300,2777,32482,4567,13462,9510,29840,8813,25528,15604,8353,18531,3387,20131,17756]",,,,,,,true
W1,0.4,0.4,0.2,CWE-190,23,85,85,85,4837,0.700312972069,"[4837,10541,13399,19087,17159,1619,29484,18076,18465,24712]","[4837,10541,13399,19087,17159,1619,29484,18076,18465,24712,15524,15542,5028,13628,22156,7986,11168,27,25256,21331,31420,20452,14987,13986,14006,18087,15037,12657,28830,26469,22764,7867,23614,16109,7942,15273,27913,13732,13249,25822,7890,2246,1652,469,28754,7563,25525,20946,8733,25006,3062,22161,20425,4387,28574,7779,1535,30026,11376,17782,28646,28280,26263,838,10292,1469,32203,15600,2324,21977,9797,18034,27173,22052,27602,21351,2784,11642,10326,28743,29471,13462,18397,778,17339,4887,1436,29622,3629,30182,9815,24344,7703,5771,7480,24234,30643,15591,10997,13171,10300,31460,5243,26205,21354,28453,13849,23403,20170,7580,13276,28179,31432,7175,20033,20400,3784,11856,26999,9591,12274,20131,24442,30876,3745,460,31049,6462,18869,8428,1173,18060,28220,3518,28744,19154,17485,26322,26416,14143,16431,7546,21380,30617,26066,5859,25287,18695,9765,23268,13465,25936,30127,10746,21689,8868,22507,31577,24971,30231,18350,26624,26375,17008,17614,8451,11534,7973,94,12030,11829,12015,15768,1534,32441,2549,26673,15831,21391,5791,2499,13367,6759,18915,7573,29535,15535,27077,29978,25245,14219,27890,4797,14315,14186,5693,13946,20122,14909,10719]",,,,,,,true
W2,0.333333333333,0.333333333333,0.333333333333,CWE-190,23,85,85,85,4837,0.603201985359,"[4837,10541,13399,19087,17159,1619,29484,18076,18465,24712]","[4837,10541,13399,19087,17159,1619,29484,18076,18465,24712,15524,13628,15542,5028,7986,11168,22156,25256,27,21331,31420,13986,20452,14987,18087,16109,14006,15037,7867,12657,28830,26469,22764,15273,13732,23614,1652,13249,7942,7890,2246,27913,469,28754,25822,25525,20946,8733,17782,25006,7563,3062,20425,4387,28574,7779,30026,22161,17339,838,27173,22052,1535,11376,1469,32203,28646,28280,26263,30182,10292,21351,11642,15600,29471,2324,13462,18397,21977,9797,18034,4887,1436,3629,9815,27602,24344,2784,7480,10326,28743,15591,778,29622,10300,31460,7703,5771,24234,26205,30643,10997,28453,13849,23403,13276,13171,31432,7175,20033,3784,5243,26999,20131,30876,3745,21354,31049,6462,20170,7580,28179,1173,20400,28220,3518,28744,19154,11856,26322,14143,16431,7546,9591,12274,18695,24442,460,10746,21689,18869,22507,30231,8428,26624,18060,17614,17485,11534,26416,21380,30617,26066,5859,25287,9765,23268,13465,25936,30127,8868,31577,24971,18350,26375,17008,8451,7973,94,12030,11829,12015,15768,1534,14315,32441,13946,2549,26673,15831,14909,21391,5791,2499,13367,147,6759,18915,7573,21544,29535,15535,27077,29978,25245,14219,27890,4797,14186,5693]",,,,,,,true
W3,0.5,0.3,0.2,CWE-190,23,85,85,85,4837,0.561705350876,"[4837,10541,13399,19087,24712,17159,1619,29484,18465,18076]","[4837,10541,13399,19087,24712,17159,1619,29484,18465,18076,15524,5028,7986,25256,13628,15542,11168,22156,16109,27,12657,13986,21331,31420,18087,20452,14987,7867,15037,15273,28830,26469,14006,22764,17339,13732,25525,1652,8733,469,13249,23614,7890,2246,25006,7942,28754,27913,17782,20946,7779,30026,25822,22052,3062,4387,28574,18397,7563,32203,838,20425,1469,22161,13462,30182,27173,9815,1535,11376,28646,21351,28280,26263,11642,29471,10292,4887,1436,3629,15600,24344,2324,21977,7480,9797,18034,26322,15591,27602,10300,2784,10326,31460,3745,28743,778,26205,11534,29622,28453,23403,31432,7175,7703,20033,5771,24234,3784,30643,26999,10997,20131,30876,13171,31049,6462,5243,1173,13849,28220,3518,28744,19154,13276,21354,14143,16431,7546,20170,18695,7580,28179,10746,21689,20400,22507,30231,11856,9591,12274,26624,24442,17614,460,14909,18869,10506,147,8428,10719,18060,17485,1082,26416,21380,30617,26066,5859,25287,9765,23268,13465,25936,30127,7573,8868,31577,24971,14315,18350,13946,26375,17008,8451,7973,94,12030,11829,21544,12015,15768,1534,32441,2549,26673,15831,21391,5791,2499,13367,11770,6759,18915,24866,29535,3435,15535,25594,27077]",,,,,,,true
W4,0.3,0.5,0.2,CWE-190,23,85,85,85,4837,0.838920593262,"[4837,10541,13399,19087,17159,1619,29484,18076,22156,15542]","[4837,10541,13399,19087,17159,1619,29484,18076,22156,15542,15524,18465,13628,5028,21331,31420,20452,14987,27,24712,11168,14006,7986,13986,15037,23614,28830,26469,22764,7942,25256,18087,27913,25822,7867,12657,13249,7563,7890,15273,2246,28754,13732,20946,22161,469,1652,20425,1535,11376,3062,28646,28280,26263,4387,28574,25525,10292,25006,15600,2324,21977,8733,16109,9797,18034,7779,30026,838,27602,17782,1469,2784,10326,28743,778,29622,32203,21351,27173,7703,5771,24234,11642,30643,29471,10997,4887,1436,13171,3629,5243,24344,7480,13462,15591,21354,20170,9815,7580,22052,28179,10300,13849,30182,20400,13276,31460,11856,18397,9591,12274,26205,24442,460,28453,18869,23403,31432,7175,8428,20033,18060,3784,17485,26999,26416,21380,30617,20131,26066,5859,25287,9765,30876,23268,13465,25936,30127,31049,6462,8868,31577,24971,18350,1173,26375,28220,3518,17008,28744,19154,8451,7973,14143,16431,3745,94,12030,7546,11829,12015,15768,1534,18695,32441,2549,26673,15831,10746,21689,21391,5791,2499,22507,13367,30231,6759,18915,26624,29535,17339,15535,27077,17614,29978,25245,14219,27890,4797,14186,5693,20122,7573,26322,27685,24896,13965,26493,16133]",,,,,,,true
W5,0.4,0.3,0.3,CWE-190,23,85,85,85,4837,0.55817592144,"[4837,10541,13399,19087,17159,1619,24712,29484,18465,18076]","[4837,10541,13399,19087,17159,1619,24712,29484,18465,18076,15524,13628,5028,7986,25256,15542,11168,22156,27,13986,16109,21331,31420,12657,18087,20452,14987,7867,15037,15273,28830,26469,14006,22764,13732,1652,25525,13249,469,17339,23614,7890,2246,8733,7942,28754,27913,17782,20946,25006,25822,7779,3062,30026,22052,4387,28574,7563,20425,32203,838,27173,1469,22161,30182,18397,1535,11376,13462,28646,21351,28280,26263,9815,11642,29471,10292,4887,1436,3629,15600,24344,2324,21977,7480,9797,18034,15591,27602,10300,2784,10326,31460,28743,778,26205,29622,28453,23403,3745,26322,31432,7175,7703,20033,5771,24234,3784,30643,26999,10997,13849,20131,30876,13276,13171,31049,6462,11534,5243,1173,28220,3518,28744,19154,21354,14143,16431,7546,20170,18695,7580,28179,10746,21689,20400,22507,30231,11856,9591,12274,26624,24442,17614,460,18869,8428,18060,17485,26416,14909,21380,30617,26066,5859,25287,9765,147,23268,13465,25936,30127,8868,31577,24971,14315,18350,13946,26375,17008,10506,8451,7973,94,12030,11829,7573,21544,10719,12015,15768,1534,1082,32441,2549,26673,15831,21391,5791,2499,13367,6759,18915,29535,3435,15535,25594,27077,29978,25245]",,,,,,,true
W1,0.4,0.4,0.2,CWE-476,23,75,75,75,4837,0.239204093814,"[4837,10506,13249,16750,11266,20293,24712,17339,26062,23479]","[4837,10506,13249,16750,11266,20293,24712,17339,26062,23479,27601,18397,12657,17797,1652,17798,26322,25256,23403,17346,4504,7411,25511,11262,1469,14538,303,4419,24801,27718,28179,32320,18076,14069,2000,11168,18299,15336,9207,2119,19837,23512,11535,26235,24882,19606,23547,96,21660,7893,15046,984,25559,9593,16589,21321,15059,3062,27438,23650,17830,13289,30359,15524,9877,2549,26125,1436,5028,4950,5628,30760,16388,22493,898,9887,1752,13399,4141,25901,15273,13171,8176,7533,30821,31419,32575,29588,10638,13343,26509,14909,24399,30405,8413,22555,3342,10300,26493,13628,18929,32765,7986,19184,18943,24971,7867,23813,14449,27813,21990,25795,4055,9314,6962,7583,6657,8163,21516,7779,1696,15656,10035,30600,12612,12761,7264,24082,19881,29780,26626,30527,14487,23818,7973,22507,25940,21350,26564,25520,8038,10682,31533,14242,21380,22103,27281,16655,14463,13732,19087,27,23795,31885,5076,3196,27858,14855,9232,26175,15024,10311,31684,11271,22570,14632,3829,5916,3823,11570,11810,8241,11435,20586,18695,3518,24234,28743,22156,2518,28829,5242,11856,5754,26585,5349,18039,30135,30677,307,17480,16732,20872,11072,10695,2907,5130,29622,23357,27164]",18397,12,0,false,true,true,true
W2,0.333333333333,0.333333333333,0.333333333333,CWE-476,23,75,75,75,4837,0.208225637674,"[4837,10506,13249,16750,20293,24712,17339,11266,23479,27601]","[4837,10506,13249,16750,20293,24712,17339,11266,23479,27601,26062,18397,12657,1652,17797,26322,25256,17798,23403,25511,7411,17346,11262,4504,1469,303,27718,14538,18076,4419,24801,14069,28179,32320,11168,15336,2000,18299,11535,9207,2119,19837,23512,26235,15046,24882,19606,23547,9593,3062,96,30359,15524,21660,7893,984,25559,14909,26125,1436,16589,21321,15059,5028,27438,23650,17830,13289,9887,9877,13399,4141,2549,4950,7533,5628,30760,31419,16388,22493,898,13343,1752,26509,25901,15273,24399,30405,8413,10300,13171,13628,8176,30821,7986,32575,29588,21516,10638,18943,7867,14449,27813,21990,22555,3342,26493,4055,18929,32765,6657,19184,24971,23813,7264,25795,9314,6962,7583,22507,8163,7779,1696,15656,10035,30600,12612,12761,16655,24082,19881,29780,26626,30527,19087,14487,23818,7973,27,25940,21350,26564,3196,25520,8038,10682,14632,31533,14242,11570,21380,22103,27281,14463,13732,23795,31885,5076,27858,14855,9232,26175,15024,10311,31684,11271,22570,3829,5916,3823,11810,8241,11435,20586,18695,3518,24234,28743,16109,22156,2518,28829,5242,11856,5754,26585,5349,18039,20296,30135,32482,30677,307,17480,16732,20872,11072,10695,2907,5130]",18397,12,0,false,true,true,true
W3,0.5,0.3,0.2,CWE-476,23,75,75,75,4837,0.203403055668,"[4837,10506,24712,13249,16750,20293,17339,11266,23479,12657]","[4837,10506,24712,13249,16750,20293,17339,11266,23479,12657,27601,26322,18397,25256,26062,1652,17797,17798,25511,23403,7411,11262,17346,1469,303,4504,18076,27718,11168,15336,28179,32320,14538,4419,24801,14069,2000,14909,11535,5028,18299,3062,9207,2119,26125,19837,15046,23512,9593,30359,13399,26235,24882,19606,23547,15524,7533,1436,96,26509,21660,7893,984,25559,9887,16589,4141,21321,15059,27438,23650,17830,13289,9877,2549,31419,14449,13343,4950,21516,5628,24399,30405,30760,10300,16388,22493,13628,898,1752,7986,25901,15273,19087,18943,13171,8176,7867,27813,21990,30821,24971,4055,32575,29588,10638,8413,6657,16655,22555,3342,7583,26493,18929,32765,7264,12612,19184,22507,23813,25795,9314,6962,8163,7779,1696,15656,10035,27,30600,12761,3196,24082,14632,19881,29780,26626,30527,11570,14487,23818,7973,25940,21350,26564,25520,8038,10682,31533,16109,14242,21380,22103,27281,14463,13732,23795,31885,5076,27858,14855,9232,26175,15024,10311,31684,11271,22570,20296,3829,32203,5916,3823,11810,8241,11435,20586,18695,3518,24234,28743,3745,22156,2518,28829,5242,11856,5754,26585,5349,18039,30135,30677,307,17480,26726,147,16732,20872,11072]",18397,13,1,false,true,true,true
W4,0.3,0.5,0.2,CWE-476,23,75,75,75,4837,0.275005102158,"[4837,10506,13249,11266,16750,20293,26062,17339,24712,27601]","[4837,10506,13249,11266,16750,20293,26062,17339,24712,27601,17797,23479,18397,17798,12657,1652,17346,25256,4504,23403,26322,7411,14538,4419,11262,24801,1469,25511,303,27718,28179,32320,18299,9207,14069,2119,2000,18076,19837,23512,11168,26235,24882,19606,23547,15336,11535,96,21660,7893,984,25559,16589,21321,15059,27438,23650,17830,13289,9877,2549,15046,9593,4950,5628,30760,30359,16388,22493,898,15524,1752,25901,15273,1436,3062,13171,8176,30821,32575,29588,10638,9887,4141,26125,22555,3342,26493,18929,32765,8413,31419,13399,13343,19184,5028,23813,24399,30405,7533,10300,25795,13628,9314,6962,7986,26509,8163,24971,7779,1696,15656,10035,18943,30600,12761,7867,27813,21990,24082,4055,19881,29780,7583,26626,30527,14487,23818,7973,25940,21350,26564,6657,12612,25520,14449,8038,10682,31533,14242,7264,21380,22103,27281,14463,13732,22507,23795,31885,5076,21516,27858,14855,9232,26175,15024,10311,31684,11271,22570,3829,5916,3823,11810,8241,11435,20586,18695,3518,24234,28743,22156,2518,28829,5242,11856,5754,26585,5349,18039,27,30135,14909,3196,30677,307,17480,16732,20872,11072,10695,2907,5130,14632,16655,29622,23357,11570,27164,30168]",18397,13,1,false,true,true,true
W5,0.4,0.3,0.3,CWE-476,23,75,75,75,4837,0.198069736362,"[4837,10506,13249,24712,16750,20293,17339,11266,23479,27601]","[4837,10506,13249,24712,16750,20293,17339,11266,23479,27601,12657,18397,26322,26062,1652,25256,17797,17798,25511,23403,7411,11262,17346,1469,303,4504,18076,27718,11168,15336,14069,28179,32320,14538,4419,24801,2000,14909,11535,18299,9207,2119,3062,19837,15046,23512,5028,9593,26125,30359,26235,24882,19606,23547,15524,1436,96,13399,21660,7893,984,25559,7533,9887,16589,4141,21321,15059,27438,23650,17830,13289,26509,9877,2549,31419,13343,4950,21516,5628,24399,30405,30760,10300,16388,22493,13628,898,14449,1752,7986,25901,15273,8413,18943,13171,8176,7867,27813,21990,30821,4055,32575,29588,10638,6657,22555,3342,24971,26493,18929,32765,7264,19087,19184,16655,7583,22507,23813,25795,12612,9314,6962,8163,7779,1696,15656,10035,27,30600,12761,3196,24082,14632,19881,29780,26626,30527,11570,14487,23818,7973,25940,21350,26564,25520,8038,10682,31533,16109,14242,21380,22103,27281,14463,13732,23795,31885,5076,27858,14855,9232,26175,15024,10311,31684,11271,22570,20296,3829,5916,3823,11810,8241,11435,20586,18695,3518,24234,28743,3745,22156,2518,28829,5242,11856,5754,26585,5349,18039,30135,32482,30677,307,17480,16732,20872,11072,10695,2907]",18397,12,0,false,true,true,true
