feature_id,layer,cwe_id,rank,score,hist_dist,delta_mu,ks_stat,freq_unsafe,freq_safe,mean_mag,kept,prune_reason
6986,16,CWE-120,1,0.9277,0.4857,1.705,0.2571,0.7143,0.9224,6.0492,True,
1710,16,CWE-120,2,0.7815,0.3714,1.4324,0.3,0.5,0.1846,2.1148,True,
7839,16,CWE-120,3,0.7613,0.3429,1.446,0.2286,0.4286,0.4544,2.1523,True,
14376,16,CWE-120,4,0.5653,0.3429,0.9277,0.2857,0.4286,0.2728,1.5534,True,
17395,16,CWE-120,5,0.4897,0.3,0.8027,0.2429,0.3571,0.1251,1.1673,True,
9816,16,CWE-120,6,0.4819,0.2571,0.8618,0.1714,0.2857,0.2532,1.6896,True,
22720,16,CWE-120,7,0.4791,0.1429,0.9834,0.1429,0.1429,0.0512,1.1884,True,
29862,16,CWE-120,8,0.4654,0.2714,0.785,0.2143,0.2857,0.2788,1.8161,True,
28421,16,CWE-120,9,0.4624,0.1429,0.9417,0.1429,0.1429,0.0173,0.9417,True,
9287,16,CWE-120,10,0.4324,0.4286,0.5523,0.2,0.5,0.3715,2.3434,True,
26373,16,CWE-120,11,0.4224,0.2286,0.7632,0.1286,0.2857,0.1952,1.7898,True,
6426,16,CWE-120,12,0.3838,0.2143,0.6452,0.2,0.2143,0.0799,0.7709,True,
31664,16,CWE-120,13,0.3763,0.2143,0.6194,0.2143,0.2143,0.0543,0.649,True,
1334,16,CWE-120,14,0.3741,0.3286,0.5352,0.1429,0.6429,0.7091,2.9702,True,
22892,16,CWE-120,15,0.3565,0.2143,0.5699,0.2143,0.2143,0.0241,0.5699,True,
29799,16,CWE-120,16,0.3503,0.2143,0.5829,0.1571,0.0714,0.1937,0.363,True,
15955,16,CWE-120,17,0.3393,0.2,0.5483,0.2,0.2143,0.0294,0.5864,True,
5407,16,CWE-120,18,0.3355,0.3429,0.3886,0.2143,0.4286,0.52,1.6669,True,
30495,16,CWE-120,19,0.3339,0.1429,0.6204,0.1429,0.1429,0.0113,0.7117,True,
9465,16,CWE-120,20,0.3301,0.2429,0.5109,0.1429,0.2143,0.318,1.5428,True,
26334,16,CWE-120,21,0.3068,0.1,0.6169,0.1,0.1429,0.1809,0.9792,True,
23278,16,CWE-120,22,0.3041,0.0857,0.6316,0.0857,0.1429,0.1786,1.0527,True,
26274,16,CWE-120,23,0.2993,0.2143,0.4268,0.2143,0.1429,0.153,0.3277,True,
4533,16,CWE-120,24,0.2968,0.1429,0.5277,0.1429,0.1429,0.0121,0.5277,True,
21872,16,CWE-120,25,0.2931,0.0714,0.6256,0.0714,0.0714,0.0045,0.6256,True,
19741,16,CWE-120,26,0.2925,0.1143,0.5599,0.1143,0.0,0.0904,0.0,False,freq_unsafe=0.000<0.02
14435,16,CWE-120,27,0.2877,0.0714,0.612,0.0714,0.0714,0.0068,0.612,True,
17625,16,CWE-120,28,0.2876,0.1429,0.5048,0.1429,0.1429,0.009,0.5048,True,
27644,16,CWE-120,29,0.2822,0.1143,0.5342,0.1143,0.1429,0.1891,0.5719,True,
5640,16,CWE-120,30,0.2791,0.1857,0.4193,0.1857,0.2143,0.1002,0.7755,True,
1940,16,CWE-120,31,0.2694,0.0714,0.5663,0.0714,0.0,0.0399,0.0,False,freq_unsafe=0.000<0.02
6539,16,CWE-120,32,0.2673,0.0714,0.5612,0.0714,0.0714,0.003,0.5612,True,
6888,16,CWE-120,33,0.2643,0.0714,0.5535,0.0714,0.0714,0.003,0.5535,True,
10758,16,CWE-120,34,0.2611,0.1143,0.4813,0.1143,0.0,0.1198,0.0,False,freq_unsafe=0.000<0.02
9911,16,CWE-120,35,0.2589,0.1429,0.4329,0.1429,0.1429,0.0121,0.4329,True,
19743,16,CWE-120,36,0.2587,0.1429,0.4467,0.1143,0.2857,0.3971,0.659,True,
13526,16,CWE-120,37,0.2564,0.0714,0.5338,0.0714,0.0714,0.0008,0.5338,True,
10332,16,CWE-120,38,0.2536,0.1429,0.4268,0.1286,0.1429,0.0234,0.4704,True,
2917,16,CWE-120,39,0.2534,0.2571,0.3122,0.1286,0.3571,0.2954,1.1695,True,
5063,16,CWE-120,40,0.2519,0.0714,0.5226,0.0714,0.0714,0.0008,0.5226,True,
7384,16,CWE-120,41,0.2494,0.0714,0.5163,0.0714,0.0714,0.0143,0.5163,True,
14739,16,CWE-120,42,0.2475,0.1571,0.383,0.1571,0.1429,0.2336,0.345,True,
18510,16,CWE-120,43,0.243,0.0714,0.5003,0.0714,0.0714,0.0053,0.5003,True,
13366,16,CWE-120,44,0.2352,0.1429,0.3738,0.1429,0.1429,0.006,0.3738,True,
22987,16,CWE-120,45,0.232,0.0714,0.4729,0.0714,0.0714,0.0023,0.4729,True,
14283,16,CWE-120,46,0.2309,0.1429,0.3629,0.1429,0.1429,0.0181,0.3629,True,
21157,16,CWE-120,47,0.225,0.0714,0.4553,0.0714,0.0714,0.003,0.4553,True,
5053,16,CWE-120,48,0.2178,0.0714,0.4374,0.0714,0.0714,0.0,0.4374,True,
16890,16,CWE-120,49,0.2129,0.0714,0.425,0.0714,0.0714,0.0113,0.425,True,
4735,16,CWE-120,50,0.2109,0.1286,0.3344,0.1286,0.1429,0.0173,0.369,True,
7595,16,CWE-120,51,0.21,0.0714,0.4178,0.0714,0.0714,0.0143,0.4505,True,
8776,16,CWE-120,52,0.208,0.0714,0.4129,0.0714,0.0714,0.0075,0.4129,True,
30752,16,CWE-120,53,0.2069,0.1429,0.3101,0.1286,0.1429,0.0226,0.3645,True,
26704,16,CWE-120,54,0.2033,0.1286,0.3154,0.1286,0.1429,0.1944,0.3146,True,
26585,16,CWE-120,55,0.2029,0.0571,0.4214,0.0571,0.0,0.0339,0.0,False,freq_unsafe=0.000<0.02
12340,16,CWE-120,56,0.2025,0.0857,0.3777,0.0857,0.1429,0.1786,0.6294,True,
1218,16,CWE-120,57,0.2017,0.0714,0.3972,0.0714,0.0714,0.0121,0.4598,True,
14521,16,CWE-120,58,0.1983,0.1429,0.3172,0.0714,0.1429,0.0573,0.5221,True,
16033,16,CWE-120,59,0.1947,0.0714,0.3796,0.0714,0.0714,0.0294,0.4248,True,
16532,16,CWE-120,60,0.1923,0.0857,0.3523,0.0857,0.1429,0.1801,0.5871,True,
23681,16,CWE-120,61,0.1921,0.0857,0.3517,0.0857,0.1429,0.1778,0.5862,True,
28170,16,CWE-120,62,0.1897,0.0857,0.3458,0.0857,0.1429,0.1937,0.5763,True,
19880,16,CWE-120,63,0.1893,0.1286,0.2733,0.1429,0.0714,0.0814,0.1464,True,
24954,16,CWE-120,64,0.1882,0.0714,0.3633,0.0714,0.0714,0.0015,0.3633,True,
5570,16,CWE-120,65,0.1863,0.0857,0.3372,0.0857,0.1429,0.1786,0.5619,True,
917,16,CWE-120,66,0.1863,0.0714,0.3585,0.0714,0.0714,0.0098,0.4075,True,
497,16,CWE-120,67,0.1862,0.0714,0.3582,0.0714,0.0714,0.003,0.3582,True,
9416,16,CWE-120,68,0.1844,0.1,0.3109,0.1,0.1429,0.2065,0.4507,True,
6093,16,CWE-120,69,0.1814,0.3429,0.0106,0.2,0.4286,0.5471,2.0421,True,
5704,16,CWE-120,70,0.1795,0.0857,0.3203,0.0857,0.0,0.0558,0.0,False,freq_unsafe=0.000<0.02
22367,16,CWE-120,71,0.1795,0.1286,0.2774,0.0857,0.1429,0.0301,0.4977,True,
22111,16,CWE-120,72,0.1793,0.1286,0.2625,0.1143,0.1429,0.0203,0.3804,True,
19535,16,CWE-120,73,0.1788,0.1429,0.2398,0.1286,0.1429,0.0354,0.33,True,
22138,16,CWE-120,74,0.1768,0.1143,0.2705,0.1143,0.1429,0.2005,0.3023,True,
22023,16,CWE-120,75,0.1766,0.0714,0.3343,0.0714,0.0714,0.003,0.3343,True,
8185,16,CWE-120,76,0.1742,0.0714,0.3285,0.0714,0.0714,0.0015,0.3285,True,
947,16,CWE-120,77,0.1741,0.0714,0.328,0.0714,0.0714,0.0068,0.328,True,
25717,16,CWE-120,78,0.174,0.1571,0.2207,0.1143,0.2143,0.2924,0.6419,True,
1760,16,CWE-120,79,0.1728,0.0714,0.3248,0.0714,0.0714,0.0015,0.3248,True,
28644,16,CWE-120,80,0.1718,0.0857,0.301,0.0857,0.0,0.0723,0.0,False,freq_unsafe=0.000<0.02
24137,16,CWE-120,81,0.1711,0.0714,0.3206,0.0714,0.0714,0.0015,0.3206,True,
19458,16,CWE-120,82,0.1709,0.0714,0.32,0.0714,0.0714,0.0015,0.32,True,
15182,16,CWE-120,83,0.1705,0.0714,0.3192,0.0714,0.0714,0.0053,0.3192,True,
22094,16,CWE-120,84,0.1705,0.0714,0.3191,0.0714,0.0714,0.0,0.3191,True,
28091,16,CWE-120,85,0.1703,0.0714,0.3187,0.0714,0.0714,0.0083,0.352,True,
19401,16,CWE-120,86,0.1689,0.0714,0.3151,0.0714,0.0714,0.0008,0.3151,True,
30067,16,CWE-120,87,0.1675,0.0714,0.3116,0.0714,0.0714,0.0241,0.4393,True,
10118,16,CWE-120,88,0.1661,0.0714,0.3082,0.0714,0.0714,0.0015,0.3082,True,
19107,16,CWE-120,89,0.1659,0.0714,0.3076,0.0714,0.0714,0.0008,0.3076,True,
30690,16,CWE-120,90,0.1657,0.0714,0.3071,0.0714,0.0714,0.0136,0.3071,True,
3656,16,CWE-120,91,0.1653,0.0714,0.306,0.0714,0.0714,0.0068,0.306,True,
21030,16,CWE-120,92,0.1648,0.0714,0.3047,0.0714,0.0714,0.0053,0.3047,True,
22568,16,CWE-120,93,0.1646,0.0714,0.3044,0.0714,0.0714,0.0181,0.3762,True,
29240,16,CWE-120,94,0.1638,0.0714,0.3023,0.0714,0.0714,0.0045,0.3023,True,
17217,16,CWE-120,95,0.1635,0.0714,0.3015,0.0714,0.0714,0.0053,0.3015,True,
7698,16,CWE-120,96,0.1631,0.0714,0.3006,0.0714,0.0,0.0249,0.0,False,freq_unsafe=0.000<0.02
3203,16,CWE-120,97,0.1619,0.0714,0.2976,0.0714,0.0714,0.003,0.2976,True,
6975,16,CWE-120,98,0.1618,0.0714,0.2973,0.0714,0.0714,0.0075,0.3408,True,
29367,16,CWE-120,99,0.1615,0.0714,0.2967,0.0714,0.0714,0.0075,0.3385,True,
26810,16,CWE-120,100,0.1609,0.1,0.2522,0.1,0.1429,0.1794,0.3618,True,
14487,16,CWE-120,101,0.1596,0.0714,0.2917,0.0714,0.0714,0.0,0.2917,True,
3073,16,CWE-120,102,0.1592,0.0714,0.2908,0.0714,0.0714,0.0015,0.2908,True,
25208,16,CWE-120,103,0.1588,0.1286,0.2113,0.1143,0.1429,0.0746,0.4911,True,
30757,16,CWE-120,104,0.157,0.0714,0.2853,0.0714,0.0714,0.0,0.2853,True,
3684,16,CWE-120,105,0.1566,0.0714,0.2843,0.0714,0.0714,0.0038,0.2843,True,
581,16,CWE-120,106,0.1563,0.0714,0.2835,0.0714,0.0714,0.0151,0.2835,True,
10281,16,CWE-120,107,0.156,0.1714,0.1544,0.1286,0.1429,0.22,0.6192,True,
8413,16,CWE-120,108,0.1543,0.0857,0.2572,0.0857,0.1429,0.1824,0.4287,True,
15639,16,CWE-120,109,0.1541,0.1,0.2354,0.1,0.1429,0.1997,0.2932,True,
5320,16,CWE-120,110,0.154,0.0714,0.278,0.0714,0.0714,0.006,0.278,True,
16656,16,CWE-120,111,0.1519,0.1,0.2299,0.1,0.0714,0.1409,0.2043,True,
4576,16,CWE-120,112,0.1519,0.0714,0.2727,0.0714,0.0714,0.0015,0.2727,True,
11877,16,CWE-120,113,0.1517,0.1857,0.1434,0.1,0.3571,0.2442,1.0553,True,
24519,16,CWE-120,114,0.151,0.0714,0.2703,0.0714,0.0714,0.0053,0.2703,True,
22911,16,CWE-120,115,0.1495,0.0857,0.2452,0.0857,0.1429,0.1778,0.4086,False,score=0.1495<0.15
8362,16,CWE-120,116,0.1492,0.1429,0.1945,0.0714,0.2857,0.2125,0.9664,False,score=0.1492<0.15
11499,16,CWE-120,117,0.1492,0.0714,0.2659,0.0714,0.0714,0.0023,0.2659,False,score=0.1492<0.15
10050,16,CWE-120,118,0.1486,0.0714,0.2643,0.0714,0.0714,0.0045,0.2643,False,score=0.1486<0.15
11222,16,CWE-120,119,0.1485,0.0714,0.264,0.0714,0.0714,0.0038,0.264,False,score=0.1485<0.15
15506,16,CWE-120,120,0.146,0.0714,0.2578,0.0714,0.0714,0.0045,0.2578,False,score=0.1460<0.15
10214,16,CWE-120,121,0.1442,0.0857,0.232,0.0857,0.0,0.0482,0.0,False,freq_unsafe=0.000<0.02; score=0.1442<0.15
24686,16,CWE-120,122,0.1441,0.0857,0.2316,0.0857,0.1429,0.1778,0.386,False,score=0.1441<0.15
1161,16,CWE-120,123,0.1436,0.0714,0.2518,0.0714,0.0714,0.0038,0.2518,False,score=0.1436<0.15
24244,16,CWE-120,124,0.1416,0.0714,0.2468,0.0714,0.0714,0.0136,0.2468,False,score=0.1416<0.15
6996,16,CWE-120,125,0.1407,0.0714,0.2446,0.0714,0.0714,0.0023,0.2446,False,score=0.1407<0.15
228,16,CWE-120,126,0.1403,0.0714,0.2435,0.0714,0.0714,0.0083,0.2789,False,score=0.1403<0.15
26645,16,CWE-120,127,0.1399,0.0714,0.2427,0.0714,0.0714,0.0015,0.2427,False,score=0.1399<0.15
7328,16,CWE-120,128,0.1398,0.0714,0.2423,0.0714,0.0714,0.0663,0.3117,False,score=0.1398<0.15
9355,16,CWE-120,129,0.1389,0.0714,0.2401,0.0714,0.0714,0.0106,0.2732,False,score=0.1389<0.15
20918,16,CWE-120,130,0.1379,0.0857,0.2162,0.0857,0.1429,0.1778,0.3603,False,score=0.1379<0.15
5538,16,CWE-120,131,0.1379,0.0714,0.2375,0.0714,0.0714,0.003,0.2375,False,score=0.1379<0.15
27029,16,CWE-120,132,0.1378,0.0714,0.2374,0.0714,0.0714,0.0015,0.2374,False,score=0.1378<0.15
1381,16,CWE-120,133,0.1375,0.0857,0.2151,0.0857,0.1429,0.1778,0.3585,False,score=0.1375<0.15
13382,16,CWE-120,134,0.1374,0.0857,0.2149,0.0857,0.1429,0.1801,0.3582,False,score=0.1374<0.15
25458,16,CWE-120,135,0.1374,0.0714,0.2364,0.0714,0.0714,0.003,0.2364,False,score=0.1374<0.15
6312,16,CWE-120,136,0.1372,0.1286,0.1643,0.1,0.1429,0.0829,0.4065,False,score=0.1372<0.15
5294,16,CWE-120,137,0.1369,0.0714,0.2351,0.0714,0.0,0.0407,0.0,False,freq_unsafe=0.000<0.02; score=0.1369<0.15
25834,16,CWE-120,138,0.1369,0.0714,0.235,0.0714,0.0714,0.0106,0.235,False,score=0.1369<0.15
31316,16,CWE-120,139,0.1368,0.0714,0.2349,0.0714,0.0714,0.0023,0.2349,False,score=0.1368<0.15
10492,16,CWE-120,140,0.1364,0.0857,0.2125,0.0857,0.1429,0.1809,0.3542,False,score=0.1364<0.15
7269,16,CWE-120,141,0.1355,0.0714,0.2317,0.0714,0.0714,0.0151,0.2848,False,score=0.1355<0.15
23811,16,CWE-120,142,0.1345,0.0857,0.2076,0.0857,0.1429,0.1778,0.346,False,score=0.1345<0.15
6503,16,CWE-120,143,0.1342,0.0714,0.2283,0.0714,0.0714,0.006,0.2612,False,score=0.1342<0.15
5225,16,CWE-120,144,0.1341,0.0571,0.2496,0.0571,0.0714,0.0181,0.3131,False,score=0.1341<0.15
11782,16,CWE-120,145,0.1341,0.0857,0.2067,0.0857,0.1429,0.1778,0.3445,False,score=0.1341<0.15
9342,16,CWE-120,146,0.1335,0.2,0.091,0.0857,0.3571,0.4295,1.7471,False,score=0.1335<0.15
10726,16,CWE-120,147,0.1328,0.0714,0.2249,0.0714,0.0714,0.0106,0.2249,False,score=0.1328<0.15
8067,16,CWE-120,148,0.1322,0.0714,0.2235,0.0714,0.0714,0.0,0.2235,False,score=0.1322<0.15
4325,16,CWE-120,149,0.1321,0.0857,0.2017,0.0857,0.1429,0.1786,0.3362,False,score=0.1321<0.15
17868,16,CWE-120,150,0.1319,0.0857,0.2011,0.0857,0.1429,0.1778,0.3351,False,score=0.1319<0.15
5834,16,CWE-120,151,0.1308,0.0857,0.1985,0.0857,0.1429,0.1778,0.3308,False,score=0.1308<0.15
3763,16,CWE-120,152,0.1307,0.0714,0.2196,0.0714,0.0714,0.0015,0.2196,False,score=0.1307<0.15
5409,16,CWE-120,153,0.1302,0.0714,0.2182,0.0714,0.0714,0.0053,0.2182,False,score=0.1302<0.15
5035,16,CWE-120,154,0.1302,0.0714,0.2182,0.0714,0.0714,0.0015,0.2182,False,score=0.1302<0.15
20375,16,CWE-120,155,0.1301,0.0714,0.218,0.0714,0.0714,0.0301,0.2498,False,score=0.1301<0.15
4978,16,CWE-120,156,0.1299,0.0714,0.2175,0.0714,0.0714,0.0106,0.2175,False,score=0.1299<0.15
27973,16,CWE-120,157,0.1296,0.0571,0.2311,0.0714,0.0714,0.0339,0.3961,False,score=0.1296<0.15
686,16,CWE-120,158,0.1293,0.0571,0.2377,0.0571,0.0,0.0136,0.0,False,freq_unsafe=0.000<0.02; score=0.1293<0.15
16943,16,CWE-120,159,0.1293,0.0714,0.2161,0.0714,0.0714,0.0008,0.2161,False,score=0.1293<0.15
940,16,CWE-120,160,0.1293,0.0714,0.2161,0.0714,0.0714,0.0008,0.2161,False,score=0.1293<0.15
30478,16,CWE-120,161,0.1293,0.0857,0.1946,0.0857,0.1429,0.1801,0.3243,False,score=0.1293<0.15
7724,16,CWE-120,162,0.1291,0.0857,0.1942,0.0857,0.1429,0.1778,0.3236,False,score=0.1291<0.15
31569,16,CWE-120,163,0.1283,0.0714,0.2137,0.0714,0.0714,0.0219,0.2137,False,score=0.1283<0.15
4776,16,CWE-120,164,0.1282,0.0714,0.2133,0.0714,0.0714,0.0151,0.2133,False,score=0.1282<0.15
19907,16,CWE-120,165,0.1281,0.0857,0.1916,0.0857,0.1429,0.1778,0.3193,False,score=0.1281<0.15
14024,16,CWE-120,166,0.1277,0.0714,0.2121,0.0714,0.0714,0.003,0.2121,False,score=0.1277<0.15
10028,16,CWE-120,167,0.1272,0.0714,0.2108,0.0714,0.0714,0.0844,0.3975,False,score=0.1272<0.15
8180,16,CWE-120,168,0.1266,0.0714,0.2093,0.0714,0.0714,0.006,0.2093,False,score=0.1266<0.15
21892,16,CWE-120,169,0.1265,0.0857,0.1877,0.0857,0.1429,0.1816,0.3128,False,score=0.1265<0.15
15294,16,CWE-120,170,0.1258,0.0714,0.2145,0.0571,0.0714,0.0113,0.287,False,score=0.1258<0.15
24432,16,CWE-120,171,0.1253,0.0714,0.2061,0.0714,0.0714,0.003,0.2061,False,score=0.1253<0.15
18114,16,CWE-120,172,0.1251,0.0714,0.2056,0.0714,0.0714,0.0,0.2056,False,score=0.1251<0.15
3999,16,CWE-120,173,0.125,0.0714,0.2053,0.0714,0.0714,0.0023,0.2053,False,score=0.1250<0.15
27880,16,CWE-120,174,0.1249,0.0714,0.205,0.0714,0.0714,0.0023,0.205,False,score=0.1249<0.15
4718,16,CWE-120,175,0.1248,0.0714,0.2121,0.0571,0.0714,0.0008,0.2745,False,score=0.1248<0.15
26284,16,CWE-120,176,0.1246,0.0714,0.2043,0.0714,0.0714,0.0015,0.2043,False,score=0.1246<0.15
29750,16,CWE-120,177,0.1243,0.0714,0.2037,0.0714,0.0714,0.0158,0.2037,False,score=0.1243<0.15
15693,16,CWE-120,178,0.1238,0.0857,0.181,0.0857,0.1429,0.1899,0.3016,False,score=0.1238<0.15
20510,16,CWE-120,179,0.1238,0.0857,0.181,0.0857,0.1429,0.1794,0.3016,False,score=0.1238<0.15
25441,16,CWE-120,180,0.1237,0.0429,0.245,0.0429,0.0,0.0234,0.0,False,freq_unsafe=0.000<0.02; score=0.1237<0.15
9144,16,CWE-120,181,0.1235,0.1286,0.1515,0.0571,0.0714,0.15,0.2086,False,score=0.1235<0.15
25977,16,CWE-120,182,0.1232,0.0714,0.2008,0.0714,0.0714,0.0068,0.2008,False,score=0.1232<0.15
15917,16,CWE-120,183,0.1227,0.0714,0.1995,0.0714,0.0714,0.0053,0.1995,False,score=0.1227<0.15
15432,16,CWE-120,184,0.1226,0.0429,0.2423,0.0429,0.0,0.0226,0.0,False,freq_unsafe=0.000<0.02; score=0.1226<0.15
32376,16,CWE-120,185,0.1222,0.0714,0.1983,0.0714,0.0714,0.0045,0.2295,False,score=0.1222<0.15
25366,16,CWE-120,186,0.1219,0.0714,0.1975,0.0714,0.0714,0.0023,0.1975,False,score=0.1219<0.15
10982,16,CWE-120,187,0.1218,0.0714,0.1974,0.0714,0.0714,0.0038,0.1974,False,score=0.1218<0.15
3356,16,CWE-120,188,0.1217,0.0714,0.1971,0.0714,0.0714,0.003,0.1971,False,score=0.1217<0.15
17384,16,CWE-120,189,0.1216,0.0714,0.1969,0.0714,0.0714,0.0038,0.2401,False,score=0.1216<0.15
17667,16,CWE-120,190,0.1214,0.0714,0.1965,0.0714,0.0714,0.0121,0.1965,False,score=0.1214<0.15
4316,16,CWE-120,191,0.1214,0.0714,0.1963,0.0714,0.0714,0.0203,0.1963,False,score=0.1214<0.15
30345,16,CWE-120,192,0.1209,0.0714,0.1951,0.0714,0.0714,0.0023,0.1951,False,score=0.1209<0.15
10865,16,CWE-120,193,0.1209,0.0714,0.1951,0.0714,0.0714,0.009,0.1951,False,score=0.1209<0.15
17989,16,CWE-120,194,0.1208,0.0714,0.1949,0.0714,0.0714,0.009,0.1949,False,score=0.1208<0.15
2146,16,CWE-120,195,0.12,0.0714,0.1929,0.0714,0.0714,0.0158,0.2239,False,score=0.1200<0.15
4782,16,CWE-120,196,0.1199,0.0714,0.1926,0.0714,0.0714,0.0113,0.1926,False,score=0.1199<0.15
29031,16,CWE-120,197,0.119,0.0714,0.1903,0.0714,0.0714,0.0008,0.1903,False,score=0.1190<0.15
8498,16,CWE-120,198,0.1189,0.0714,0.1902,0.0714,0.0714,0.0045,0.1902,False,score=0.1189<0.15
15078,16,CWE-120,199,0.1189,0.0714,0.19,0.0714,0.0714,0.0015,0.19,False,score=0.1189<0.15
4056,16,CWE-120,200,0.1186,0.0714,0.1894,0.0714,0.0714,0.0008,0.1894,False,score=0.1186<0.15
6986,16,CWE-327,1,0.8625,0.3143,1.7421,0.2,0.8929,0.9208,8.8409,True,
9342,16,CWE-327,2,0.6359,0.3786,1.0934,0.2357,0.6071,0.425,3.3588,True,
1334,16,CWE-327,3,0.3605,0.2714,0.5727,0.1143,0.7143,0.7083,4.8187,True,
31902,16,CWE-327,4,0.3553,0.25,0.5382,0.2,0.25,0.0685,0.672,True,
23278,16,CWE-327,5,0.3405,0.1,0.7012,0.1,0.1429,0.179,1.0527,True,
29862,16,CWE-327,6,0.3367,0.2786,0.4881,0.15,0.3571,0.2772,1.2939,True,
7839,16,CWE-327,7,0.3342,0.3,0.4712,0.1286,0.5357,0.4524,3.5183,True,
9465,16,CWE-327,8,0.3289,0.2143,0.5259,0.1643,0.4286,0.3145,1.6651,True,
14376,16,CWE-327,9,0.3106,0.1714,0.5514,0.1071,0.1786,0.2765,0.6268,True,
26334,16,CWE-327,10,0.3103,0.0929,0.6365,0.0929,0.1429,0.1813,0.9792,True,
9816,16,CWE-327,11,0.3096,0.2,0.5204,0.1071,0.3929,0.2506,1.7297,True,
2917,16,CWE-327,12,0.3061,0.1286,0.5509,0.1714,0.1429,0.2993,0.3532,True,
11877,16,CWE-327,13,0.2821,0.1714,0.4659,0.1357,0.1786,0.2468,0.6265,True,
25717,16,CWE-327,14,0.278,0.2714,0.3557,0.1357,0.3571,0.2902,1.3475,True,
19741,16,CWE-327,15,0.2776,0.15,0.4904,0.1071,0.1786,0.0876,0.7965,True,
17518,16,CWE-327,16,0.2656,0.1643,0.4247,0.15,0.1786,0.0335,0.5318,True,
19743,16,CWE-327,17,0.2641,0.2071,0.3674,0.1714,0.4643,0.3945,1.5062,True,
26373,16,CWE-327,18,0.2567,0.1571,0.4345,0.1,0.1071,0.198,0.4217,True,
8219,16,CWE-327,19,0.2473,0.1071,0.4611,0.1,0.1071,0.0198,0.5127,True,
10281,16,CWE-327,20,0.2426,0.1786,0.36,0.1357,0.1071,0.2216,0.468,True,
5407,16,CWE-327,21,0.2329,0.2143,0.3001,0.1357,0.4643,0.5202,1.7666,True,
12340,16,CWE-327,22,0.2194,0.0929,0.4091,0.0929,0.1429,0.179,0.6294,True,
28170,16,CWE-327,23,0.216,0.1,0.3899,0.1,0.1429,0.1942,0.5763,True,
12779,16,CWE-327,24,0.2132,0.0714,0.4259,0.0714,0.0714,0.0076,0.4417,True,
26413,16,CWE-327,25,0.2104,0.1071,0.3652,0.1071,0.1071,0.0312,0.4224,True,
16532,16,CWE-327,26,0.2084,0.0929,0.3816,0.0929,0.1429,0.1805,0.5871,True,
23681,16,CWE-327,27,0.2081,0.0929,0.381,0.0929,0.1429,0.1782,0.5862,True,
27644,16,CWE-327,28,0.2044,0.0929,0.3717,0.0929,0.1429,0.1896,0.5719,True,
5570,16,CWE-327,29,0.2018,0.0929,0.3652,0.0929,0.1429,0.179,0.5619,True,
28022,16,CWE-327,30,0.1961,0.1071,0.3295,0.1071,0.0,0.0906,0.0,False,freq_unsafe=0.000<0.02
3121,16,CWE-327,31,0.1927,0.0714,0.3746,0.0714,0.0714,0.0069,0.3746,True,
13031,16,CWE-327,32,0.1882,0.0714,0.3634,0.0714,0.0714,0.0107,0.3634,True,
26274,16,CWE-327,33,0.183,0.1571,0.2396,0.1214,0.25,0.1508,0.7723,True,
24656,16,CWE-327,34,0.1758,0.1643,0.2359,0.0786,0.1786,0.0998,0.7674,True,
30216,16,CWE-327,35,0.1737,0.0714,0.3308,0.0643,0.0714,0.0091,0.3567,True,
11177,16,CWE-327,36,0.1723,0.0357,0.3771,0.0357,0.0357,0.0023,0.3771,True,
6219,16,CWE-327,37,0.1702,0.1,0.2827,0.0857,0.1071,0.048,0.4744,True,
10303,16,CWE-327,38,0.1701,0.1071,0.2646,0.1071,0.1071,0.0038,0.2646,True,
29717,16,CWE-327,39,0.1689,0.0357,0.3688,0.0357,0.0357,0.0,0.3688,True,
8413,16,CWE-327,40,0.1672,0.0929,0.2787,0.0929,0.1429,0.1828,0.4287,True,
9416,16,CWE-327,41,0.1657,0.1071,0.2535,0.1071,0.1786,0.2064,0.5586,True,
5835,16,CWE-327,42,0.1637,0.0714,0.302,0.0714,0.0714,0.0023,0.326,True,
9287,16,CWE-327,43,0.1633,0.2357,0.1118,0.1214,0.3571,0.3732,1.6783,True,
21851,16,CWE-327,44,0.1633,0.0357,0.3546,0.0357,0.0357,0.0,0.3546,True,
26704,16,CWE-327,45,0.1625,0.1071,0.2456,0.1071,0.1429,0.195,0.3146,True,
22911,16,CWE-327,46,0.162,0.0929,0.2656,0.0929,0.1429,0.1782,0.4086,True,
27127,16,CWE-327,47,0.1613,0.0357,0.3498,0.0357,0.0357,0.0053,0.3498,True,
6093,16,CWE-327,48,0.1577,0.2,0.162,0.0643,0.5714,0.5453,2.1578,True,
11031,16,CWE-327,49,0.1567,0.0357,0.3418,0.0286,0.0357,0.0053,0.4344,True,
27435,16,CWE-327,50,0.1562,0.1071,0.2334,0.1,0.1071,0.032,0.2906,True,
24686,16,CWE-327,51,0.1561,0.0929,0.2509,0.0929,0.1429,0.1782,0.386,True,
14739,16,CWE-327,52,0.1539,0.1143,0.2169,0.1071,0.1786,0.2338,0.4243,True,
30478,16,CWE-327,53,0.1527,0.1,0.2317,0.1,0.1429,0.1805,0.3243,True,
20409,16,CWE-327,54,0.1526,0.0714,0.2744,0.0714,0.0714,0.0053,0.2744,True,
19154,16,CWE-327,55,0.1507,0.0714,0.2695,0.0714,0.0714,0.0069,0.287,True,
2246,16,CWE-327,56,0.15,0.0357,0.3214,0.0357,0.0357,0.0023,0.3214,False,score=0.1500<0.15
26810,16,CWE-327,57,0.1498,0.0929,0.2351,0.0929,0.1429,0.1797,0.3618,False,score=0.1498<0.15
20918,16,CWE-327,58,0.1494,0.0929,0.2342,0.0929,0.1429,0.1782,0.3603,False,score=0.1494<0.15
1381,16,CWE-327,59,0.1489,0.0929,0.233,0.0929,0.1429,0.1782,0.3585,False,score=0.1489<0.15
13382,16,CWE-327,60,0.1488,0.0929,0.2328,0.0929,0.1429,0.1805,0.3582,False,score=0.1488<0.15
10492,16,CWE-327,61,0.1478,0.0929,0.2302,0.0929,0.1429,0.1813,0.3542,False,score=0.1478<0.15
15693,16,CWE-327,62,0.1475,0.1,0.2188,0.1,0.1429,0.1904,0.3016,False,score=0.1475<0.15
23573,16,CWE-327,63,0.1472,0.0643,0.2716,0.0643,0.0714,0.0183,0.3683,False,score=0.1472<0.15
27348,16,CWE-327,64,0.1467,0.0714,0.2597,0.0714,0.0714,0.0023,0.2597,False,score=0.1467<0.15
23811,16,CWE-327,65,0.1457,0.0929,0.2249,0.0929,0.1429,0.1782,0.346,False,score=0.1457<0.15
11595,16,CWE-327,66,0.1455,0.0714,0.2566,0.0714,0.0,0.0472,0.0,False,freq_unsafe=0.000<0.02; score=0.1455<0.15
11782,16,CWE-327,67,0.1453,0.0929,0.2239,0.0929,0.1429,0.1782,0.3445,False,score=0.1453<0.15
19441,16,CWE-327,68,0.1445,0.0643,0.2648,0.0643,0.0714,0.0175,0.2837,False,score=0.1445<0.15
4325,16,CWE-327,69,0.1431,0.0929,0.2185,0.0929,0.1429,0.179,0.3362,False,score=0.1431<0.15
4025,16,CWE-327,70,0.1429,0.0714,0.25,0.0714,0.0714,0.0069,0.25,False,score=0.1429<0.15
17868,16,CWE-327,71,0.1428,0.0929,0.2178,0.0929,0.1429,0.1782,0.3351,False,score=0.1428<0.15
5834,16,CWE-327,72,0.1417,0.0929,0.215,0.0929,0.1429,0.1782,0.3308,False,score=0.1417<0.15
10758,16,CWE-327,73,0.1415,0.15,0.1465,0.1143,0.1786,0.1173,0.4542,False,score=0.1415<0.15
3690,16,CWE-327,74,0.1406,0.0357,0.2979,0.0357,0.0357,0.0008,0.2979,False,score=0.1406<0.15
7724,16,CWE-327,75,0.1399,0.0929,0.2104,0.0929,0.1429,0.1782,0.3236,False,score=0.1399<0.15
30544,16,CWE-327,76,0.1395,0.1143,0.1881,0.0929,0.1429,0.051,0.3976,False,score=0.1395<0.15
27135,16,CWE-327,77,0.1395,0.0714,0.2416,0.0714,0.0714,0.0053,0.2416,False,score=0.1395<0.15
19907,16,CWE-327,78,0.1387,0.0929,0.2075,0.0929,0.1429,0.1782,0.3193,False,score=0.1387<0.15
18646,16,CWE-327,79,0.1384,0.0714,0.2387,0.0714,0.0357,0.0541,0.0733,False,score=0.1384<0.15
17395,16,CWE-327,80,0.1375,0.1071,0.1902,0.0929,0.0714,0.1287,0.1984,False,score=0.1375<0.15
21892,16,CWE-327,81,0.1371,0.0929,0.2033,0.0929,0.1429,0.182,0.3128,False,score=0.1371<0.15
19322,16,CWE-327,82,0.1366,0.0357,0.2879,0.0357,0.0357,0.0023,0.2879,False,score=0.1366<0.15
1940,16,CWE-327,83,0.1348,0.0286,0.2941,0.0286,0.0,0.0404,0.0,False,freq_unsafe=0.000<0.02; score=0.1348<0.15
20510,16,CWE-327,84,0.1341,0.0929,0.1961,0.0929,0.1429,0.1797,0.3016,False,score=0.1341<0.15
24190,16,CWE-327,85,0.133,0.0357,0.2788,0.0357,0.0357,0.0015,0.2788,False,score=0.1330<0.15
5640,16,CWE-327,86,0.1317,0.0929,0.2044,0.0643,0.0357,0.1028,0.087,False,score=0.1317<0.15
14356,16,CWE-327,87,0.1314,0.0357,0.2748,0.0357,0.0357,0.0069,0.2748,False,score=0.1314<0.15
25917,16,CWE-327,88,0.1303,0.0714,0.2186,0.0714,0.0714,0.0046,0.2186,False,score=0.1303<0.15
581,16,CWE-327,89,0.1301,0.0714,0.2216,0.0643,0.0714,0.0145,0.2586,False,score=0.1301<0.15
10798,16,CWE-327,90,0.1288,0.0357,0.2685,0.0357,0.0357,0.0023,0.2685,False,score=0.1288<0.15
26333,16,CWE-327,91,0.1288,0.0357,0.2684,0.0357,0.0357,0.0046,0.2684,False,score=0.1288<0.15
16839,16,CWE-327,92,0.1275,0.0714,0.2115,0.0714,0.0714,0.0023,0.2115,False,score=0.1275<0.15
843,16,CWE-327,93,0.1274,0.0714,0.2113,0.0714,0.0714,0.0053,0.2113,False,score=0.1274<0.15
20658,16,CWE-327,94,0.1268,0.0357,0.2635,0.0357,0.0357,0.0046,0.2635,False,score=0.1268<0.15
9031,16,CWE-327,95,0.1261,0.0357,0.2616,0.0357,0.0357,0.0008,0.2616,False,score=0.1261<0.15
9144,16,CWE-327,96,0.1255,0.1286,0.1245,0.1214,0.1786,0.1485,0.5538,False,score=0.1255<0.15
16005,16,CWE-327,97,0.1253,0.0357,0.2597,0.0357,0.0357,0.0061,0.2597,False,score=0.1253<0.15
4776,16,CWE-327,98,0.1249,0.0714,0.2122,0.0571,0.0714,0.0145,0.2672,False,score=0.1249<0.15
11501,16,CWE-327,99,0.1248,0.0357,0.2585,0.0357,0.0357,0.0,0.2585,False,score=0.1248<0.15
24959,16,CWE-327,100,0.1246,0.1143,0.1652,0.0643,0.1429,0.0967,0.4749,False,score=0.1246<0.15
23454,16,CWE-327,101,0.1237,0.0357,0.2556,0.0357,0.0357,0.0,0.2556,False,score=0.1237<0.15
24218,16,CWE-327,102,0.1236,0.0357,0.2553,0.0357,0.0357,0.0,0.2553,False,score=0.1236<0.15
4782,16,CWE-327,103,0.1231,0.0714,0.2006,0.0714,0.0714,0.0107,0.2006,False,score=0.1231<0.15
10764,16,CWE-327,104,0.123,0.0714,0.2004,0.0714,0.0714,0.0069,0.217,False,score=0.1230<0.15
22367,16,CWE-327,105,0.123,0.0714,0.2003,0.0714,0.0714,0.0305,0.2003,False,score=0.1230<0.15
21349,16,CWE-327,106,0.1224,0.0714,0.206,0.0571,0.0714,0.0145,0.2486,False,score=0.1224<0.15
30638,16,CWE-327,107,0.1182,0.1143,0.1383,0.0857,0.1429,0.0465,0.3395,False,score=0.1182<0.15
14061,16,CWE-327,108,0.118,0.1,0.1593,0.0714,0.1071,0.0221,0.2815,False,score=0.1180<0.15
26016,16,CWE-327,109,0.1179,0.0357,0.2413,0.0357,0.0357,0.0008,0.2413,False,score=0.1179<0.15
8362,16,CWE-327,110,0.1173,0.1286,0.1326,0.0643,0.2143,0.2133,0.7504,False,score=0.1173<0.15
14030,16,CWE-327,111,0.117,0.0357,0.239,0.0357,0.0357,0.0366,0.2946,False,score=0.1170<0.15
10210,16,CWE-327,112,0.1169,0.0929,0.1673,0.0643,0.1071,0.1866,0.3023,False,score=0.1169<0.15
12202,16,CWE-327,113,0.1164,0.0357,0.2375,0.0357,0.0357,0.0129,0.2831,False,score=0.1164<0.15
22138,16,CWE-327,114,0.1164,0.1143,0.1374,0.0786,0.1786,0.2003,0.413,False,score=0.1164<0.15
11058,16,CWE-327,115,0.1161,0.0714,0.1866,0.0643,0.0714,0.0175,0.2125,False,score=0.1161<0.15
7177,16,CWE-327,116,0.116,0.0929,0.1687,0.0571,0.1071,0.0594,0.3883,False,score=0.1160<0.15
1951,16,CWE-327,117,0.1148,0.0714,0.1835,0.0643,0.0714,0.019,0.2491,False,score=0.1148<0.15
10214,16,CWE-327,118,0.1144,0.0929,0.1611,0.0643,0.1071,0.0465,0.2974,False,score=0.1144<0.15
22619,16,CWE-327,119,0.1141,0.0357,0.2317,0.0357,0.0357,0.0076,0.2559,False,score=0.1141<0.15
8076,16,CWE-327,120,0.1127,0.0786,0.1674,0.0714,0.1071,0.0998,0.372,False,score=0.1127<0.15
18192,16,CWE-327,121,0.1126,0.0357,0.2278,0.0357,0.0357,0.0,0.2278,False,score=0.1126<0.15
29799,16,CWE-327,122,0.1114,0.1286,0.1213,0.0571,0.1429,0.1935,0.511,False,score=0.1114<0.15
18361,16,CWE-327,123,0.1113,0.0714,0.1747,0.0643,0.0714,0.0129,0.2187,False,score=0.1113<0.15
28451,16,CWE-327,124,0.1097,0.0357,0.2206,0.0357,0.0357,0.0023,0.241,False,score=0.1097<0.15
7698,16,CWE-327,125,0.1093,0.05,0.1981,0.05,0.0,0.0251,0.0,False,freq_unsafe=0.000<0.02; score=0.1093<0.15
31664,16,CWE-327,126,0.1086,0.0571,0.1786,0.0714,0.0357,0.0564,0.074,False,score=0.1086<0.15
8526,16,CWE-327,127,0.1085,0.0857,0.1605,0.05,0.0714,0.064,0.3137,False,score=0.1085<0.15
13410,16,CWE-327,128,0.1078,0.0357,0.216,0.0357,0.0357,0.0,0.216,False,score=0.1078<0.15
29650,16,CWE-327,129,0.1075,0.0357,0.2152,0.0357,0.0357,0.0061,0.2511,False,score=0.1075<0.15
28106,16,CWE-327,130,0.1061,0.0357,0.2116,0.0357,0.0357,0.0069,0.2116,False,score=0.1061<0.15
25656,16,CWE-327,131,0.1051,0.0357,0.2091,0.0357,0.0357,0.0008,0.2091,False,score=0.1051<0.15
11940,16,CWE-327,132,0.1049,0.0357,0.2087,0.0357,0.0357,0.0,0.2087,False,score=0.1049<0.15
7554,16,CWE-327,133,0.1046,0.0857,0.158,0.0357,0.0714,0.0533,0.2455,False,score=0.1046<0.15
15639,16,CWE-327,134,0.1043,0.1,0.1286,0.0643,0.1786,0.1995,0.3848,False,score=0.1043<0.15
22601,16,CWE-327,135,0.1041,0.0714,0.1603,0.0571,0.0714,0.0137,0.2276,False,score=0.1041<0.15
30510,16,CWE-327,136,0.1033,0.0429,0.194,0.0429,0.0,0.0289,0.0,False,freq_unsafe=0.000<0.02; score=0.1033<0.15
25262,16,CWE-327,137,0.1031,0.0643,0.1577,0.0714,0.0714,0.0282,0.1926,False,score=0.1031<0.15
15386,16,CWE-327,138,0.103,0.1929,0.0076,0.1143,0.25,0.249,0.8967,False,score=0.1030<0.15
18853,16,CWE-327,139,0.1026,0.0357,0.203,0.0357,0.0357,0.0023,0.203,False,score=0.1026<0.15
19342,16,CWE-327,140,0.1026,0.0571,0.1707,0.0571,0.0714,0.0457,0.2569,False,score=0.1026<0.15
11380,16,CWE-327,141,0.1023,0.0714,0.1521,0.0643,0.0714,0.0221,0.1703,False,score=0.1023<0.15
17706,16,CWE-327,142,0.102,0.0357,0.2015,0.0357,0.0357,0.0061,0.2015,False,score=0.1020<0.15
27887,16,CWE-327,143,0.1008,0.0357,0.1984,0.0357,0.0357,0.0015,0.1984,False,score=0.1008<0.15
2677,16,CWE-327,144,0.1003,0.05,0.1758,0.05,0.0,0.0289,0.0,False,freq_unsafe=0.000<0.02; score=0.1003<0.15
3219,16,CWE-327,145,0.0994,0.0571,0.1629,0.0571,0.0,0.0198,0.0,False,freq_unsafe=0.000<0.02; score=0.0994<0.15
15068,16,CWE-327,146,0.0982,0.0357,0.1918,0.0357,0.0357,0.0,0.1918,False,score=0.0982<0.15
15183,16,CWE-327,147,0.0981,0.0857,0.1239,0.0714,0.1071,0.0259,0.2376,False,score=0.0981<0.15
7775,16,CWE-327,148,0.0978,0.0714,0.1409,0.0643,0.0714,0.0411,0.1622,False,score=0.0978<0.15
24857,16,CWE-327,149,0.097,0.0571,0.1567,0.0571,0.0,0.0548,0.0,False,freq_unsafe=0.000<0.02; score=0.0970<0.15
10904,16,CWE-327,150,0.0956,0.0357,0.1854,0.0357,0.0357,0.0008,0.2072,False,score=0.0956<0.15
18725,16,CWE-327,151,0.0952,0.0357,0.1845,0.0357,0.0357,0.0008,0.1845,False,score=0.0952<0.15
14437,16,CWE-327,152,0.0952,0.0357,0.1843,0.0357,0.0357,0.0046,0.1843,False,score=0.0952<0.15
4407,16,CWE-327,153,0.0952,0.0714,0.1343,0.0643,0.0714,0.0099,0.198,False,score=0.0952<0.15
15769,16,CWE-327,154,0.0944,0.0357,0.1823,0.0357,0.0357,0.0015,0.1823,False,score=0.0944<0.15
26482,16,CWE-327,155,0.0933,0.0643,0.1404,0.0571,0.0714,0.0129,0.2152,False,score=0.0933<0.15
13334,16,CWE-327,156,0.0932,0.0357,0.1795,0.0357,0.0357,0.0,0.1795,False,score=0.0932<0.15
8809,16,CWE-327,157,0.0926,0.0357,0.178,0.0357,0.0357,0.0107,0.2137,False,score=0.0926<0.15
19075,16,CWE-327,158,0.0923,0.0357,0.1772,0.0357,0.0357,0.0,0.1772,False,score=0.0923<0.15
32485,16,CWE-327,159,0.0922,0.0571,0.1448,0.0571,0.0,0.0289,0.0,False,freq_unsafe=0.000<0.02; score=0.0922<0.15
17330,16,CWE-327,160,0.0922,0.0714,0.1304,0.0571,0.0714,0.0091,0.169,False,score=0.0922<0.15
31569,16,CWE-327,161,0.0922,0.0429,0.1661,0.0429,0.0,0.0228,0.0,False,freq_unsafe=0.000<0.02; score=0.0922<0.15
32081,16,CWE-327,162,0.0918,0.0357,0.1758,0.0357,0.0357,0.019,0.2206,False,score=0.0918<0.15
18464,16,CWE-327,163,0.0914,0.0571,0.1357,0.0714,0.0714,0.0107,0.1684,False,score=0.0914<0.15
14812,16,CWE-327,164,0.091,0.0714,0.124,0.0643,0.0714,0.0152,0.1621,False,score=0.0910<0.15
4943,16,CWE-327,165,0.0908,0.0357,0.1733,0.0357,0.0357,0.0046,0.1733,False,score=0.0908<0.15
7809,16,CWE-327,166,0.0905,0.0357,0.1727,0.0357,0.0357,0.0099,0.247,False,score=0.0905<0.15
22493,16,CWE-327,167,0.0905,0.0357,0.1727,0.0357,0.0357,0.0046,0.1934,False,score=0.0905<0.15
3722,16,CWE-327,168,0.0896,0.05,0.149,0.05,0.0357,0.048,0.0827,False,score=0.0896<0.15
6871,16,CWE-327,169,0.0895,0.0357,0.1701,0.0357,0.0357,0.0053,0.1701,False,score=0.0895<0.15
13089,16,CWE-327,170,0.0893,0.0357,0.1697,0.0357,0.0357,0.003,0.1697,False,score=0.0893<0.15
10083,16,CWE-327,171,0.0886,0.0357,0.168,0.0357,0.0357,0.0008,0.168,False,score=0.0886<0.15
30332,16,CWE-327,172,0.0883,0.0286,0.1779,0.0286,0.0,0.0175,0.0,False,freq_unsafe=0.000<0.02; score=0.0883<0.15
13749,16,CWE-327,173,0.0864,0.0357,0.1624,0.0357,0.0357,0.0008,0.1624,False,score=0.0864<0.15
17348,16,CWE-327,174,0.0861,0.0714,0.1189,0.05,0.0714,0.0411,0.2143,False,score=0.0861<0.15
2123,16,CWE-327,175,0.0858,0.0286,0.1716,0.0286,0.0357,0.0046,0.2489,False,score=0.0858<0.15
1345,16,CWE-327,176,0.0856,0.0357,0.1605,0.0357,0.0357,0.0023,0.1605,False,score=0.0856<0.15
29487,16,CWE-327,177,0.0855,0.0357,0.1602,0.0357,0.0357,0.0038,0.1602,False,score=0.0855<0.15
16006,16,CWE-327,178,0.0854,0.0357,0.16,0.0357,0.0357,0.0008,0.1891,False,score=0.0854<0.15
20977,16,CWE-327,179,0.0854,0.0357,0.1599,0.0357,0.0357,0.0038,0.1599,False,score=0.0854<0.15
7595,16,CWE-327,180,0.0852,0.0357,0.1593,0.0357,0.0,0.0152,0.0,False,freq_unsafe=0.000<0.02; score=0.0852<0.15
24621,16,CWE-327,181,0.0843,0.0357,0.1573,0.0357,0.0357,0.0129,0.1573,False,score=0.0843<0.15
26819,16,CWE-327,182,0.0831,0.05,0.1328,0.05,0.0,0.0442,0.0,False,freq_unsafe=0.000<0.02; score=0.0831<0.15
30067,16,CWE-327,183,0.0826,0.0357,0.153,0.0357,0.0,0.0251,0.0,False,freq_unsafe=0.000<0.02; score=0.0826<0.15
17945,16,CWE-327,184,0.0821,0.0714,0.1125,0.0429,0.0714,0.0152,0.2192,False,score=0.0821<0.15
29750,16,CWE-327,185,0.0816,0.0357,0.1504,0.0357,0.0357,0.016,0.1958,False,score=0.0816<0.15
26802,16,CWE-327,186,0.0815,0.0357,0.1503,0.0357,0.0357,0.0,0.1503,False,score=0.0815<0.15
9129,16,CWE-327,187,0.0812,0.0357,0.1495,0.0357,0.0357,0.003,0.1495,False,score=0.0812<0.15
3791,16,CWE-327,188,0.0812,0.0643,0.1066,0.0643,0.1429,0.1371,0.5049,False,score=0.0812<0.15
19880,16,CWE-327,189,0.081,0.0643,0.106,0.0643,0.0714,0.0815,0.2267,False,score=0.0810<0.15
328,16,CWE-327,190,0.0805,0.0357,0.1477,0.0357,0.0357,0.0061,0.1757,False,score=0.0805<0.15
1627,16,CWE-327,191,0.0796,0.0357,0.1455,0.0357,0.0357,0.0,0.1455,False,score=0.0796<0.15
25616,16,CWE-327,192,0.0794,0.0357,0.1448,0.0357,0.0,0.0335,0.0,False,freq_unsafe=0.000<0.02; score=0.0794<0.15
13589,16,CWE-327,193,0.0788,0.0357,0.1434,0.0357,0.0357,0.0107,0.1638,False,score=0.0788<0.15
2665,16,CWE-327,194,0.0784,0.0357,0.1424,0.0357,0.0357,0.003,0.1424,False,score=0.0784<0.15
19535,16,CWE-327,195,0.078,0.05,0.1201,0.05,0.0,0.0373,0.0,False,freq_unsafe=0.000<0.02; score=0.0780<0.15
12866,16,CWE-327,196,0.0777,0.0357,0.1408,0.0357,0.0357,0.0053,0.1408,False,score=0.0777<0.15
1329,16,CWE-327,197,0.0775,0.0357,0.1402,0.0357,0.0,0.0267,0.0,False,freq_unsafe=0.000<0.02; score=0.0775<0.15
25627,16,CWE-327,198,0.0774,0.0357,0.1399,0.0357,0.0357,0.0069,0.1399,False,score=0.0774<0.15
12751,16,CWE-327,199,0.077,0.0429,0.1317,0.0357,0.0357,0.0427,0.3055,False,score=0.0770<0.15
8165,16,CWE-327,200,0.0768,0.0357,0.1384,0.0357,0.0,0.0114,0.0,False,freq_unsafe=0.000<0.02; score=0.0768<0.15
6986,16,CWE-89,1,2.0573,0.7143,4.2005,0.4571,1.0,0.9198,11.8805,True,
9342,16,CWE-89,2,1.3563,0.6286,2.5051,0.5143,0.8571,0.4265,4.4967,True,
2917,16,CWE-89,3,1.2925,0.5429,2.4884,0.4,0.5714,0.2946,3.6312,True,
5407,16,CWE-89,4,1.0357,0.5714,1.7321,0.5714,0.1429,0.521,0.3313,True,
28279,16,CWE-89,5,0.7085,0.1429,1.5569,0.1429,0.1429,0.0015,1.5569,True,
17518,16,CWE-89,6,0.6875,0.4286,1.0759,0.4286,0.4286,0.0345,1.0759,True,
1940,16,CWE-89,7,0.6345,0.1429,1.3719,0.1429,0.1429,0.039,1.807,True,
325,16,CWE-89,8,0.6116,0.1429,1.3147,0.1429,0.1429,0.003,1.3147,True,
18646,16,CWE-89,9,0.6113,0.4286,0.914,0.3714,0.4286,0.0517,1.3563,True,
9287,16,CWE-89,10,0.5829,0.4,0.9286,0.2571,0.4286,0.3726,2.6432,True,
3203,16,CWE-89,11,0.5326,0.1429,1.1172,0.1429,0.1429,0.003,1.1172,True,
17357,16,CWE-89,12,0.5278,0.1429,1.1052,0.1429,0.1429,0.0217,1.1768,True,
12751,16,CWE-89,13,0.5267,0.1429,1.1025,0.1429,0.1429,0.042,1.2723,True,
22902,16,CWE-89,14,0.5221,0.2857,0.8766,0.2857,0.2857,0.0105,0.8766,True,
26334,16,CWE-89,15,0.5195,0.1714,1.0415,0.1714,0.0,0.1814,0.0,False,freq_unsafe=0.000<0.02
6093,16,CWE-89,16,0.5178,0.5429,0.623,0.2571,0.5714,0.5457,2.0495,True,
9250,16,CWE-89,17,0.5095,0.1429,1.0596,0.1429,0.1429,0.0007,1.0596,True,
23278,16,CWE-89,18,0.5068,0.1429,1.0527,0.1429,0.0,0.1792,0.0,False,freq_unsafe=0.000<0.02
10281,16,CWE-89,19,0.5017,0.3714,0.74,0.2857,0.4286,0.2181,1.3152,True,
1334,16,CWE-89,20,0.4709,0.4857,0.6201,0.1429,0.7143,0.7084,4.8351,True,
17703,16,CWE-89,21,0.4609,0.1429,0.938,0.1429,0.1429,0.0045,0.938,True,
29862,16,CWE-89,22,0.4575,0.3429,0.6293,0.3429,0.4286,0.2781,1.6366,True,
10214,16,CWE-89,23,0.4557,0.2571,0.7536,0.2571,0.2857,0.0465,0.8883,True,
3,16,CWE-89,24,0.4496,0.1429,0.9096,0.1429,0.1429,0.012,0.9696,True,
10295,16,CWE-89,25,0.4443,0.1429,0.8964,0.1429,0.1429,0.0,0.8964,True,
32748,16,CWE-89,26,0.4334,0.2857,0.6549,0.2857,0.2857,0.0082,0.6549,True,
10028,16,CWE-89,27,0.428,0.2286,0.7415,0.2,0.2857,0.0832,1.3555,True,
26585,16,CWE-89,28,0.4251,0.1429,0.8627,0.1143,0.1429,0.033,1.1255,True,
26093,16,CWE-89,29,0.4157,0.1429,0.825,0.1429,0.1429,0.0142,0.9548,True,
13790,16,CWE-89,30,0.4149,0.2857,0.6086,0.2857,0.2857,0.0307,0.7378,True,
10210,16,CWE-89,31,0.4086,0.2857,0.6072,0.2571,0.2857,0.1844,0.9855,True,
19880,16,CWE-89,32,0.4081,0.2857,0.6059,0.2571,0.2857,0.0802,0.7605,True,
13614,16,CWE-89,33,0.408,0.1429,0.8057,0.1429,0.1429,0.0127,0.8057,True,
12074,16,CWE-89,34,0.4073,0.1429,0.8038,0.1429,0.1429,0.0,0.8038,True,
15262,16,CWE-89,35,0.4039,0.1429,0.7955,0.1429,0.1429,0.0075,0.7955,True,
9144,16,CWE-89,36,0.4031,0.2286,0.665,0.2286,0.0,0.1499,0.0,False,freq_unsafe=0.000<0.02
21430,16,CWE-89,37,0.3889,0.1429,0.758,0.1429,0.1429,0.003,0.758,True,
7775,16,CWE-89,38,0.3849,0.2571,0.5766,0.2571,0.2857,0.0405,0.6356,True,
7839,16,CWE-89,39,0.3788,0.5714,0.2185,0.3143,0.7143,0.4528,5.0035,True,
16532,16,CWE-89,40,0.3727,0.1714,0.6745,0.1714,0.0,0.1807,0.0,False,freq_unsafe=0.000<0.02
8809,16,CWE-89,41,0.3595,0.1429,0.6845,0.1429,0.1429,0.0105,0.7688,True,
17465,16,CWE-89,42,0.3549,0.1429,0.673,0.1429,0.1429,0.0172,0.673,True,
13346,16,CWE-89,43,0.354,0.1429,0.6707,0.1429,0.1429,0.027,0.7912,True,
16523,16,CWE-89,44,0.3448,0.1429,0.6478,0.1429,0.1429,0.0022,0.6478,True,
12866,16,CWE-89,45,0.3424,0.1429,0.6418,0.1429,0.1429,0.0052,0.6418,True,
12340,16,CWE-89,46,0.3375,0.1429,0.6294,0.1429,0.0,0.1792,0.0,False,freq_unsafe=0.000<0.02
3944,16,CWE-89,47,0.3272,0.1429,0.6036,0.1429,0.1429,0.0,0.6036,True,
3219,16,CWE-89,48,0.3258,0.1429,0.6002,0.1429,0.1429,0.0187,0.6002,True,
1212,16,CWE-89,49,0.3216,0.1429,0.5897,0.1429,0.1429,0.0112,0.5897,True,
23681,16,CWE-89,50,0.3202,0.1429,0.5862,0.1429,0.0,0.1784,0.0,False,freq_unsafe=0.000<0.02
15589,16,CWE-89,51,0.3171,0.1429,0.5785,0.1429,0.1429,0.0015,0.5785,True,
8362,16,CWE-89,52,0.3166,0.1714,0.5344,0.1714,0.0,0.2144,0.0,False,freq_unsafe=0.000<0.02
28958,16,CWE-89,53,0.3164,0.1429,0.5767,0.1429,0.1429,0.009,0.5767,True,
27644,16,CWE-89,54,0.3145,0.1429,0.5719,0.1429,0.0,0.1897,0.0,False,freq_unsafe=0.000<0.02
9416,16,CWE-89,55,0.3139,0.1714,0.5276,0.1714,0.0,0.2069,0.0,False,freq_unsafe=0.000<0.02
25627,16,CWE-89,56,0.3128,0.1429,0.5676,0.1429,0.1429,0.0067,0.5676,True,
25717,16,CWE-89,57,0.3125,0.2571,0.4098,0.2286,0.2857,0.2916,1.157,True,
5570,16,CWE-89,58,0.3105,0.1429,0.5619,0.1429,0.0,0.1792,0.0,False,freq_unsafe=0.000<0.02
11242,16,CWE-89,59,0.308,0.1429,0.5558,0.1429,0.1429,0.0015,0.6181,True,
22847,16,CWE-89,60,0.3061,0.1429,0.5509,0.1429,0.1429,0.0015,0.5509,True,
11380,16,CWE-89,61,0.3051,0.1429,0.5484,0.1429,0.1429,0.0225,0.5484,True,
2171,16,CWE-89,62,0.3031,0.1429,0.5435,0.1429,0.1429,0.0022,0.5435,True,
25208,16,CWE-89,63,0.3011,0.1714,0.4956,0.1714,0.0,0.0757,0.0,False,freq_unsafe=0.000<0.02
5294,16,CWE-89,64,0.3,0.1429,0.5356,0.1429,0.1429,0.0397,0.5356,True,
15639,16,CWE-89,65,0.2961,0.2,0.4402,0.2,0.0,0.2001,0.0,False,freq_unsafe=0.000<0.02
1523,16,CWE-89,66,0.2929,0.1429,0.5179,0.1429,0.1429,0.0,0.5179,True,
29409,16,CWE-89,67,0.2881,0.1429,0.5059,0.1429,0.1429,0.018,0.5059,True,
1954,16,CWE-89,68,0.2846,0.1429,0.4973,0.1429,0.1429,0.03,0.5981,True,
11031,16,CWE-89,69,0.2846,0.0571,0.6258,0.0571,0.0,0.006,0.0,False,freq_unsafe=0.000<0.02
26249,16,CWE-89,70,0.2828,0.1429,0.4926,0.1429,0.1429,0.0007,0.4926,True,
8312,16,CWE-89,71,0.2816,0.1429,0.4898,0.1429,0.1429,0.0,0.4898,True,
22720,16,CWE-89,72,0.2787,0.1143,0.5253,0.1143,0.0,0.0525,0.0,False,freq_unsafe=0.000<0.02
29561,16,CWE-89,73,0.2769,0.1429,0.4779,0.1429,0.1429,0.0022,0.4779,True,
23070,16,CWE-89,74,0.2766,0.1429,0.4773,0.1429,0.1429,0.027,0.4773,True,
10605,16,CWE-89,75,0.2703,0.1429,0.4614,0.1429,0.1429,0.0022,0.4614,True,
14739,16,CWE-89,76,0.2696,0.1714,0.4169,0.1714,0.0,0.2339,0.0,False,freq_unsafe=0.000<0.02
23102,16,CWE-89,77,0.2662,0.1429,0.4512,0.1429,0.1429,0.0015,0.4512,True,
11815,16,CWE-89,78,0.2635,0.1429,0.4445,0.1429,0.1429,0.0075,0.5052,True,
30728,16,CWE-89,79,0.2607,0.1429,0.4375,0.1429,0.1429,0.003,0.4375,True,
19743,16,CWE-89,80,0.2604,0.2857,0.2938,0.1429,0.1429,0.3973,0.5401,True,
5783,16,CWE-89,81,0.2594,0.1429,0.4342,0.1429,0.1429,0.0045,0.4342,True,
29510,16,CWE-89,82,0.2592,0.1429,0.4336,0.1429,0.1429,0.0,0.4336,True,
8167,16,CWE-89,83,0.2591,0.0857,0.5191,0.0857,0.0,0.012,0.0,False,freq_unsafe=0.000<0.02
8619,16,CWE-89,84,0.2577,0.1429,0.4298,0.1429,0.1429,0.0037,0.4298,True,
28929,16,CWE-89,85,0.2576,0.1429,0.4297,0.1429,0.1429,0.0157,0.5091,True,
2726,16,CWE-89,86,0.2574,0.1429,0.4291,0.1429,0.1429,0.0015,0.4291,True,
8413,16,CWE-89,87,0.2572,0.1429,0.4287,0.1429,0.0,0.1829,0.0,False,freq_unsafe=0.000<0.02
11877,16,CWE-89,88,0.2559,0.2,0.3542,0.1714,0.1429,0.2459,0.3691,True,
10758,16,CWE-89,89,0.2552,0.2571,0.3237,0.1143,0.2857,0.1177,0.8332,True,
6426,16,CWE-89,90,0.253,0.1429,0.4183,0.1429,0.1429,0.081,0.4183,True,
22911,16,CWE-89,91,0.2492,0.1429,0.4086,0.1429,0.0,0.1784,0.0,False,freq_unsafe=0.000<0.02
24621,16,CWE-89,92,0.2487,0.1429,0.4217,0.1143,0.1429,0.0127,0.6237,True,
27859,16,CWE-89,93,0.2486,0.1429,0.4072,0.1429,0.1429,0.0075,0.4072,True,
5724,16,CWE-89,94,0.2485,0.1429,0.407,0.1429,0.1429,0.0015,0.407,True,
9391,16,CWE-89,95,0.2469,0.1429,0.4029,0.1429,0.1429,0.0,0.4029,True,
9355,16,CWE-89,96,0.2463,0.1429,0.4014,0.1429,0.1429,0.0105,0.4727,True,
3579,16,CWE-89,97,0.2457,0.1429,0.3999,0.1429,0.1429,0.0007,0.3999,True,
11413,16,CWE-89,98,0.2434,0.1429,0.3941,0.1429,0.1429,0.0,0.3941,True,
3897,16,CWE-89,99,0.2414,0.1429,0.3892,0.1429,0.1429,0.0022,0.3892,True,
3959,16,CWE-89,100,0.2409,0.1429,0.3879,0.1429,0.1429,0.0007,0.3879,True,
28202,16,CWE-89,101,0.2405,0.1429,0.387,0.1429,0.1429,0.0075,0.387,True,
24686,16,CWE-89,102,0.2401,0.1429,0.386,0.1429,0.0,0.1784,0.0,False,freq_unsafe=0.000<0.02
6025,16,CWE-89,103,0.2388,0.1429,0.3826,0.1429,0.1429,0.0007,0.3826,True,
32704,16,CWE-89,104,0.2379,0.1429,0.3804,0.1429,0.1429,0.0067,0.3804,True,
8432,16,CWE-89,105,0.2378,0.1429,0.3803,0.1429,0.1429,0.0105,0.4687,True,
29444,16,CWE-89,106,0.2373,0.1429,0.3789,0.1429,0.1429,0.0045,0.3789,True,
8890,16,CWE-89,107,0.2331,0.1429,0.3685,0.1429,0.1429,0.039,0.4298,True,
14129,16,CWE-89,108,0.2325,0.1429,0.367,0.1429,0.1429,0.0,0.367,True,
193,16,CWE-89,109,0.2305,0.1429,0.3621,0.1429,0.1429,0.003,0.3621,True,
26810,16,CWE-89,110,0.2304,0.1429,0.3618,0.1429,0.0,0.1799,0.0,False,freq_unsafe=0.000<0.02
9816,16,CWE-89,111,0.2303,0.2,0.3043,0.1429,0.2857,0.2534,0.7702,True,
20918,16,CWE-89,112,0.2298,0.1429,0.3603,0.1429,0.0,0.1784,0.0,False,freq_unsafe=0.000<0.02
21837,16,CWE-89,113,0.2296,0.1429,0.3597,0.1429,0.1429,0.0015,0.3597,True,
1381,16,CWE-89,114,0.2291,0.1429,0.3585,0.1429,0.0,0.1784,0.0,False,freq_unsafe=0.000<0.02
11578,16,CWE-89,115,0.229,0.0857,0.444,0.0857,0.0,0.0225,0.0,False,freq_unsafe=0.000<0.02
13382,16,CWE-89,116,0.229,0.1429,0.3582,0.1429,0.0,0.1807,0.0,False,freq_unsafe=0.000<0.02
16656,16,CWE-89,117,0.2279,0.1714,0.3269,0.1429,0.1429,0.1402,0.8218,True,
10492,16,CWE-89,118,0.2274,0.1429,0.3542,0.1429,0.0,0.1814,0.0,False,freq_unsafe=0.000<0.02
17625,16,CWE-89,119,0.2251,0.1429,0.3486,0.1429,0.1429,0.0097,0.3486,True,
5035,16,CWE-89,120,0.2247,0.1429,0.3474,0.1429,0.1429,0.0015,0.3474,True,
23811,16,CWE-89,121,0.2241,0.1429,0.346,0.1429,0.0,0.1784,0.0,False,freq_unsafe=0.000<0.02
11782,16,CWE-89,122,0.2235,0.1429,0.3445,0.1429,0.0,0.1784,0.0,False,freq_unsafe=0.000<0.02
13261,16,CWE-89,123,0.2225,0.1429,0.3419,0.1429,0.1429,0.0,0.3419,True,
27455,16,CWE-89,124,0.2222,0.1429,0.3413,0.1429,0.1429,0.0015,0.3413,True,
13174,16,CWE-89,125,0.2219,0.1429,0.3406,0.1429,0.1429,0.015,0.4173,True,
1320,16,CWE-89,126,0.2215,0.1429,0.3538,0.1143,0.1429,0.006,0.464,True,
1611,16,CWE-89,127,0.2214,0.1429,0.3393,0.1429,0.1429,0.006,0.3393,True,
412,16,CWE-89,128,0.2205,0.1429,0.337,0.1429,0.1429,0.0,0.337,True,
4325,16,CWE-89,129,0.2202,0.1429,0.3362,0.1429,0.0,0.1792,0.0,False,freq_unsafe=0.000<0.02
9016,16,CWE-89,130,0.2202,0.1429,0.3361,0.1429,0.1429,0.0015,0.3361,True,
17868,16,CWE-89,131,0.2198,0.1429,0.3351,0.1429,0.0,0.1784,0.0,False,freq_unsafe=0.000<0.02
31399,16,CWE-89,132,0.2183,0.1429,0.3315,0.1429,0.1429,0.0,0.3315,True,
27755,16,CWE-89,133,0.2181,0.1429,0.3311,0.1429,0.1429,0.0022,0.3311,True,
32352,16,CWE-89,134,0.2181,0.1429,0.331,0.1429,0.1429,0.0015,0.331,True,
5834,16,CWE-89,135,0.218,0.1429,0.3308,0.1429,0.0,0.1784,0.0,False,freq_unsafe=0.000<0.02
20500,16,CWE-89,136,0.2179,0.1429,0.3304,0.1429,0.1429,0.0007,0.3304,True,
7020,16,CWE-89,137,0.2178,0.1429,0.3303,0.1429,0.1429,0.0037,0.3303,True,
5948,16,CWE-89,138,0.2174,0.1429,0.3293,0.1429,0.1429,0.003,0.3293,True,
30478,16,CWE-89,139,0.2155,0.1429,0.3243,0.1429,0.0,0.1807,0.0,False,freq_unsafe=0.000<0.02
10203,16,CWE-89,140,0.2154,0.1429,0.3242,0.1429,0.1429,0.012,0.3242,True,
16817,16,CWE-89,141,0.2153,0.1429,0.3238,0.1429,0.1429,0.018,0.3238,True,
7724,16,CWE-89,142,0.2152,0.1429,0.3236,0.1429,0.0,0.1784,0.0,False,freq_unsafe=0.000<0.02
958,16,CWE-89,143,0.215,0.1429,0.3233,0.1429,0.1429,0.0052,0.3233,True,
28091,16,CWE-89,144,0.2146,0.1429,0.3222,0.1429,0.1429,0.0082,0.3222,True,
19907,16,CWE-89,145,0.2134,0.1429,0.3193,0.1429,0.0,0.1784,0.0,False,freq_unsafe=0.000<0.02
28106,16,CWE-89,146,0.2129,0.1429,0.3178,0.1429,0.1429,0.0067,0.3178,True,
18608,16,CWE-89,147,0.2125,0.1429,0.3169,0.1429,0.1429,0.0015,0.3169,True,
9255,16,CWE-89,148,0.2114,0.1429,0.3143,0.1429,0.1429,0.0007,0.3143,True,
7774,16,CWE-89,149,0.2112,0.1429,0.328,0.1143,0.1429,0.039,0.42,True,
21892,16,CWE-89,150,0.2108,0.1429,0.3128,0.1429,0.0,0.1822,0.0,False,freq_unsafe=0.000<0.02
7977,16,CWE-89,151,0.2104,0.1429,0.3117,0.1429,0.1429,0.012,0.3117,True,
28986,16,CWE-89,152,0.2096,0.1429,0.3096,0.1429,0.1429,0.003,0.3096,True,
3625,16,CWE-89,153,0.2095,0.1429,0.3094,0.1429,0.1429,0.0,0.3094,True,
17084,16,CWE-89,154,0.2093,0.1429,0.309,0.1429,0.1429,0.0022,0.309,True,
15386,16,CWE-89,155,0.2093,0.4,0.0375,0.1714,0.4286,0.2481,1.2299,True,
25977,16,CWE-89,156,0.2092,0.1429,0.3088,0.1429,0.1429,0.0067,0.3088,True,
15564,16,CWE-89,157,0.2087,0.1429,0.3219,0.1143,0.1429,0.0082,0.4202,True,
22670,16,CWE-89,158,0.2072,0.1429,0.3038,0.1429,0.1429,0.0075,0.3038,True,
22138,16,CWE-89,159,0.2066,0.1429,0.3023,0.1429,0.0,0.2009,0.0,False,freq_unsafe=0.000<0.02
15693,16,CWE-89,160,0.2064,0.1429,0.3016,0.1429,0.0,0.1904,0.0,False,freq_unsafe=0.000<0.02
20510,16,CWE-89,161,0.2064,0.1429,0.3016,0.1429,0.0,0.1799,0.0,False,freq_unsafe=0.000<0.02
22149,16,CWE-89,162,0.2063,0.1429,0.3015,0.1429,0.1429,0.0015,0.3015,True,
20830,16,CWE-89,163,0.206,0.1429,0.3008,0.1429,0.1429,0.0105,0.3008,True,
5225,16,CWE-89,164,0.2047,0.1429,0.3117,0.1143,0.1429,0.018,0.4317,True,
18857,16,CWE-89,165,0.2046,0.1429,0.2971,0.1429,0.1429,0.006,0.2971,True,
11177,16,CWE-89,166,0.2041,0.1429,0.296,0.1429,0.1429,0.0022,0.296,True,
13478,16,CWE-89,167,0.2028,0.1429,0.2928,0.1429,0.1429,0.015,0.2928,True,
32130,16,CWE-89,168,0.2021,0.1429,0.2909,0.1429,0.1429,0.0015,0.3521,True,
8542,16,CWE-89,169,0.2001,0.1429,0.2859,0.1429,0.1429,0.0037,0.3476,True,
26373,16,CWE-89,170,0.1993,0.1429,0.2982,0.1143,0.1429,0.1964,0.5585,True,
7328,16,CWE-89,171,0.1986,0.1143,0.3251,0.1143,0.0,0.0667,0.0,False,freq_unsafe=0.000<0.02
3845,16,CWE-89,172,0.1974,0.1429,0.2936,0.1143,0.1429,0.0105,0.4275,True,
14882,16,CWE-89,173,0.197,0.1429,0.2782,0.1429,0.1429,0.0195,0.4076,True,
26704,16,CWE-89,174,0.1916,0.2,0.2076,0.1429,0.1429,0.1942,0.6494,True,
32485,16,CWE-89,175,0.1903,0.1143,0.3043,0.1143,0.0,0.0285,0.0,False,freq_unsafe=0.000<0.02
8076,16,CWE-89,176,0.1886,0.1429,0.2573,0.1429,0.1429,0.0997,0.3164,True,
14376,16,CWE-89,177,0.1881,0.2286,0.1845,0.1143,0.1429,0.2751,0.6737,True,
18133,16,CWE-89,178,0.1871,0.1429,0.2677,0.1143,0.1429,0.0442,0.4178,True,
5951,16,CWE-89,179,0.1869,0.1143,0.2814,0.1429,0.1429,0.0562,0.349,True,
1710,16,CWE-89,180,0.1868,0.2,0.1955,0.1429,0.1429,0.1882,0.8109,True,
28170,16,CWE-89,181,0.1857,0.2857,0.107,0.1429,0.2857,0.1927,0.7611,True,
3497,16,CWE-89,182,0.1851,0.1429,0.2626,0.1143,0.1429,0.003,0.4237,True,
26274,16,CWE-89,183,0.1822,0.1143,0.2697,0.1429,0.1429,0.1529,0.5187,True,
15437,16,CWE-89,184,0.1816,0.1429,0.254,0.1143,0.1429,0.0225,0.3234,True,
5640,16,CWE-89,185,0.1789,0.1143,0.2758,0.1143,0.0,0.1019,0.0,False,freq_unsafe=0.000<0.02
22416,16,CWE-89,186,0.1747,0.1429,0.2368,0.1143,0.1429,0.0142,0.323,True,
29814,16,CWE-89,187,0.1747,0.1429,0.2367,0.1143,0.1429,0.006,0.3171,True,
30017,16,CWE-89,188,0.1737,0.0857,0.3056,0.0857,0.0,0.0315,0.0,False,freq_unsafe=0.000<0.02
32551,16,CWE-89,189,0.1735,0.0571,0.3481,0.0571,0.0,0.0142,0.0,False,freq_unsafe=0.000<0.02
32629,16,CWE-89,190,0.1721,0.1429,0.2303,0.1143,0.1429,0.0412,0.4379,True,
6129,16,CWE-89,191,0.1714,0.2857,0.0429,0.2,0.2857,0.0982,0.6059,True,
28855,16,CWE-89,192,0.1697,0.0571,0.3386,0.0571,0.0,0.0127,0.0,False,freq_unsafe=0.000<0.02
6422,16,CWE-89,193,0.1697,0.1143,0.2529,0.1143,0.1429,0.003,0.3177,True,
3722,16,CWE-89,194,0.1693,0.0857,0.2946,0.0857,0.0,0.048,0.0,False,freq_unsafe=0.000<0.02
12757,16,CWE-89,195,0.1691,0.0857,0.2942,0.0857,0.0,0.0577,0.0,False,freq_unsafe=0.000<0.02
29799,16,CWE-89,196,0.1686,0.2857,0.0785,0.1143,0.2857,0.1919,0.8917,True,
16334,16,CWE-89,197,0.1672,0.1429,0.2179,0.1143,0.1429,0.018,0.3413,True,
28421,16,CWE-89,198,0.1661,0.0571,0.3294,0.0571,0.0,0.0187,0.0,False,freq_unsafe=0.000<0.02
9465,16,CWE-89,199,0.1628,0.3143,0.007,0.1714,0.4286,0.3163,1.3316,True,
25616,16,CWE-89,200,0.1607,0.0857,0.2732,0.0857,0.0,0.033,0.0,False,freq_unsafe=0.000<0.02
6986,16,CWE-338,1,3.4882,0.72,7.6404,0.72,0.8,0.9207,2.7648,True,
8362,16,CWE-338,2,0.9716,0.44,1.769,0.44,0.6,0.2118,2.2777,True,
5407,16,CWE-338,3,0.9601,0.64,1.4803,0.56,0.8,0.518,3.2713,True,
9465,16,CWE-338,4,0.8597,0.36,1.6093,0.36,0.0,0.3181,0.0,False,freq_unsafe=0.000<0.02
9287,16,CWE-338,5,0.8579,0.4,1.5448,0.4,0.0,0.3743,0.0,False,freq_unsafe=0.000<0.02
23278,16,CWE-338,6,0.8514,0.24,1.7686,0.24,0.4,0.1774,2.9477,True,
10210,16,CWE-338,7,0.8139,0.36,1.4948,0.36,0.0,0.1856,0.0,False,freq_unsafe=0.000<0.02
26334,16,CWE-338,8,0.802,0.24,1.645,0.24,0.4,0.1796,2.7417,True,
7384,16,CWE-338,9,0.6983,0.2,1.4458,0.2,0.2,0.0142,1.4458,True,
28644,16,CWE-338,10,0.6933,0.4,1.1331,0.4,0.4,0.0704,1.1331,True,
26704,16,CWE-338,11,0.6495,0.44,0.9637,0.44,0.6,0.1924,1.3161,True,
2917,16,CWE-338,12,0.6273,0.28,1.1483,0.28,0.0,0.2972,0.0,False,freq_unsafe=0.000<0.02
30332,16,CWE-338,13,0.6232,0.2,1.2579,0.2,0.2,0.0165,1.2579,True,
29862,16,CWE-338,14,0.6185,0.36,1.0663,0.24,0.4,0.2784,2.0504,True,
10281,16,CWE-338,15,0.5974,0.28,1.0734,0.28,0.0,0.2201,0.0,False,freq_unsafe=0.000<0.02
12340,16,CWE-338,16,0.567,0.24,1.0575,0.24,0.4,0.1774,1.7624,True,
16033,16,CWE-338,17,0.5624,0.2,1.1061,0.2,0.2,0.0292,1.1894,True,
3791,16,CWE-338,18,0.5543,0.24,1.0258,0.24,0.0,0.1377,0.0,False,freq_unsafe=0.000<0.02
16532,16,CWE-338,19,0.5386,0.24,0.9864,0.24,0.4,0.1789,1.644,True,
23681,16,CWE-338,20,0.5379,0.24,0.9847,0.24,0.4,0.1766,1.6412,True,
9342,16,CWE-338,21,0.5319,0.44,0.7698,0.24,0.4,0.4289,3.0397,True,
27644,16,CWE-338,22,0.5283,0.24,0.9608,0.24,0.4,0.1879,1.6013,True,
10028,16,CWE-338,23,0.5222,0.4,0.7455,0.32,0.4,0.0831,1.2247,True,
5570,16,CWE-338,24,0.5216,0.24,0.944,0.24,0.4,0.1774,1.5734,True,
1710,16,CWE-338,25,0.5182,0.24,0.9356,0.24,0.0,0.1886,0.0,False,freq_unsafe=0.000<0.02
9816,16,CWE-338,26,0.4911,0.28,0.8077,0.28,0.0,0.2545,0.0,False,freq_unsafe=0.000<0.02
28170,16,CWE-338,27,0.4896,0.24,0.8639,0.24,0.4,0.1924,1.6137,True,
11877,16,CWE-338,28,0.486,0.24,0.8549,0.24,0.4,0.2448,1.4249,True,
24755,16,CWE-338,29,0.4778,0.2,0.9146,0.16,0.2,0.0157,1.2343,True,
14783,16,CWE-338,30,0.4722,0.2,0.8806,0.2,0.2,0.0269,0.8806,True,
29380,16,CWE-338,31,0.466,0.2,0.865,0.2,0.2,0.012,0.865,True,
19743,16,CWE-338,32,0.462,0.28,0.7549,0.24,0.4,0.396,0.8788,True,
7839,16,CWE-338,33,0.4502,0.32,0.7255,0.16,0.4,0.4543,2.7126,True,
8413,16,CWE-338,34,0.4321,0.24,0.7203,0.24,0.4,0.1811,1.2004,True,
22911,16,CWE-338,35,0.4186,0.24,0.6865,0.24,0.4,0.1766,1.1442,True,
22892,16,CWE-338,36,0.4152,0.2,0.7381,0.2,0.2,0.0254,0.7381,True,
15506,16,CWE-338,37,0.4087,0.2,0.7218,0.2,0.2,0.0045,0.7218,True,
25100,16,CWE-338,38,0.4055,0.2,0.7138,0.2,0.2,0.021,0.9252,True,
24686,16,CWE-338,39,0.4034,0.24,0.6485,0.24,0.4,0.1766,1.0808,True,
24519,16,CWE-338,40,0.4005,0.2,0.7012,0.2,0.2,0.0052,0.7012,True,
25882,16,CWE-338,41,0.3923,0.2,0.6808,0.2,0.2,0.0007,0.6808,True,
10758,16,CWE-338,42,0.3892,0.2,0.673,0.2,0.0,0.119,0.0,False,freq_unsafe=0.000<0.02
26810,16,CWE-338,43,0.3871,0.24,0.6078,0.24,0.4,0.1781,1.0129,True,
20918,16,CWE-338,44,0.3861,0.24,0.6053,0.24,0.4,0.1766,1.0088,True,
1381,16,CWE-338,45,0.3849,0.24,0.6023,0.24,0.4,0.1766,1.0039,True,
13382,16,CWE-338,46,0.3847,0.24,0.6018,0.24,0.4,0.1789,1.003,True,
9911,16,CWE-338,47,0.3844,0.2,0.661,0.2,0.2,0.0127,0.661,True,
10492,16,CWE-338,48,0.382,0.24,0.595,0.24,0.4,0.1796,0.9917,True,
9416,16,CWE-338,49,0.3792,0.24,0.5879,0.24,0.4,0.2051,1.2621,True,
27973,16,CWE-338,50,0.3777,0.16,0.7042,0.16,0.0,0.0344,0.0,False,freq_unsafe=0.000<0.02
23811,16,CWE-338,51,0.3765,0.24,0.5813,0.24,0.4,0.1766,0.9688,True,
14739,16,CWE-338,52,0.3759,0.24,0.5796,0.24,0.4,0.232,0.9661,True,
11782,16,CWE-338,53,0.3755,0.24,0.5787,0.24,0.4,0.1766,0.9646,True,
10726,16,CWE-338,54,0.3718,0.2,0.6296,0.2,0.2,0.0105,0.6296,True,
8067,16,CWE-338,55,0.3703,0.2,0.6257,0.2,0.2,0.0,0.6257,True,
4325,16,CWE-338,56,0.3699,0.24,0.5647,0.24,0.4,0.1774,0.9412,True,
17868,16,CWE-338,57,0.3692,0.24,0.563,0.24,0.4,0.1766,0.9384,True,
5834,16,CWE-338,58,0.3663,0.24,0.5557,0.24,0.4,0.1766,0.9261,True,
30478,16,CWE-338,59,0.362,0.24,0.5449,0.24,0.4,0.1789,0.9082,True,
7724,16,CWE-338,60,0.3615,0.24,0.5437,0.24,0.4,0.1766,0.9061,True,
19907,16,CWE-338,61,0.3586,0.24,0.5364,0.24,0.4,0.1766,0.894,True,
21892,16,CWE-338,62,0.3542,0.24,0.5256,0.24,0.4,0.1804,0.8759,True,
12384,16,CWE-338,63,0.3511,0.2,0.5777,0.2,0.2,0.0075,0.5777,True,
1334,16,CWE-338,64,0.3509,0.56,0.1973,0.24,0.8,0.7081,3.5399,True,
15693,16,CWE-338,65,0.3467,0.24,0.5068,0.24,0.4,0.1886,0.8446,True,
20510,16,CWE-338,66,0.3467,0.24,0.5067,0.24,0.4,0.1781,0.8445,True,
29799,16,CWE-338,67,0.3438,0.16,0.6194,0.16,0.0,0.1931,0.0,False,freq_unsafe=0.000<0.02
31902,16,CWE-338,68,0.3422,0.2,0.5554,0.2,0.0,0.0726,0.0,False,freq_unsafe=0.000<0.02
15639,16,CWE-338,69,0.341,0.24,0.4925,0.24,0.4,0.1984,0.8209,True,
19441,16,CWE-338,70,0.3332,0.2,0.533,0.2,0.2,0.018,0.6462,True,
8526,16,CWE-338,71,0.3327,0.16,0.5917,0.16,0.2,0.0636,0.8982,True,
10675,16,CWE-338,72,0.3242,0.2,0.5105,0.2,0.2,0.0082,0.5105,True,
20183,16,CWE-338,73,0.3227,0.2,0.5068,0.2,0.2,0.003,0.5068,True,
15016,16,CWE-338,74,0.3201,0.2,0.5002,0.2,0.2,0.012,0.5002,True,
14521,16,CWE-338,75,0.3165,0.2,0.4912,0.2,0.2,0.0576,0.4912,True,
10458,16,CWE-338,76,0.3106,0.2,0.4764,0.2,0.2,0.0284,0.5618,True,
11510,16,CWE-338,77,0.3103,0.2,0.4756,0.2,0.2,0.0007,0.4756,True,
20808,16,CWE-338,78,0.2995,0.2,0.4489,0.2,0.2,0.0052,0.4489,True,
7057,16,CWE-338,79,0.297,0.2,0.4426,0.2,0.2,0.0052,0.4426,True,
11802,16,CWE-338,80,0.2968,0.2,0.442,0.2,0.2,0.0007,0.442,True,
5721,16,CWE-338,81,0.294,0.08,0.6151,0.08,0.0,0.0142,0.0,False,freq_unsafe=0.000<0.02
22138,16,CWE-338,82,0.2896,0.24,0.3839,0.2,0.4,0.1991,0.8465,True,
28710,16,CWE-338,83,0.2886,0.2,0.4215,0.2,0.2,0.0112,0.4215,True,
1709,16,CWE-338,84,0.2856,0.2,0.414,0.2,0.2,0.0015,0.414,True,
23573,16,CWE-338,85,0.2817,0.2,0.4241,0.16,0.2,0.0187,0.6141,True,
26373,16,CWE-338,86,0.2794,0.2,0.4386,0.12,0.2,0.1961,0.7918,True,
7177,16,CWE-338,87,0.278,0.2,0.4149,0.16,0.2,0.0599,0.8432,True,
32485,16,CWE-338,88,0.2745,0.16,0.4263,0.2,0.2,0.0277,0.5322,True,
13435,16,CWE-338,89,0.2733,0.2,0.4033,0.16,0.2,0.0195,0.7299,True,
12029,16,CWE-338,90,0.2729,0.08,0.5622,0.08,0.0,0.0052,0.0,False,freq_unsafe=0.000<0.02
9960,16,CWE-338,91,0.2601,0.08,0.5303,0.08,0.0,0.0157,0.0,False,freq_unsafe=0.000<0.02
19342,16,CWE-338,92,0.2558,0.2,0.3594,0.16,0.2,0.0457,0.4561,True,
23961,16,CWE-338,93,0.2544,0.16,0.376,0.2,0.2,0.006,0.4658,True,
14812,16,CWE-338,94,0.2525,0.08,0.5113,0.08,0.0,0.0165,0.0,False,freq_unsafe=0.000<0.02
24656,16,CWE-338,95,0.2488,0.2,0.3421,0.16,0.2,0.101,0.702,True,
15986,16,CWE-338,96,0.2385,0.2,0.3163,0.16,0.2,0.0651,0.6926,True,
1940,16,CWE-338,97,0.2342,0.04,0.5256,0.04,0.0,0.0397,0.0,False,freq_unsafe=0.000<0.02
6093,16,CWE-338,98,0.2205,0.4,0.0313,0.24,0.6,0.5457,1.856,True,
19331,16,CWE-338,99,0.2195,0.04,0.4888,0.04,0.0,0.0015,0.0,False,freq_unsafe=0.000<0.02
32215,16,CWE-338,100,0.2141,0.12,0.3552,0.12,0.0,0.0142,0.0,False,freq_unsafe=0.000<0.02
14376,16,CWE-338,101,0.2139,0.4,0.0148,0.24,0.4,0.274,1.263,True,
6312,16,CWE-338,102,0.2086,0.12,0.3414,0.12,0.0,0.0838,0.0,False,freq_unsafe=0.000<0.02
10332,16,CWE-338,103,0.2065,0.08,0.3962,0.08,0.0,0.0247,0.0,False,freq_unsafe=0.000<0.02
17518,16,CWE-338,104,0.2054,0.12,0.3335,0.12,0.0,0.0367,0.0,False,freq_unsafe=0.000<0.02
14030,16,CWE-338,105,0.2051,0.12,0.3328,0.12,0.0,0.0367,0.0,False,freq_unsafe=0.000<0.02
25135,16,CWE-338,106,0.2048,0.12,0.332,0.12,0.0,0.015,0.0,False,freq_unsafe=0.000<0.02
3177,16,CWE-338,107,0.2047,0.12,0.3316,0.12,0.0,0.0322,0.0,False,freq_unsafe=0.000<0.02
19880,16,CWE-338,108,0.2018,0.12,0.3246,0.12,0.0,0.0816,0.0,False,freq_unsafe=0.000<0.02
2939,16,CWE-338,109,0.2013,0.08,0.3833,0.08,0.0,0.0284,0.0,False,freq_unsafe=0.000<0.02
25208,16,CWE-338,110,0.201,0.2,0.2424,0.12,0.2,0.0749,0.4993,True,
30944,16,CWE-338,111,0.1996,0.08,0.3791,0.08,0.0,0.0037,0.0,False,freq_unsafe=0.000<0.02
15386,16,CWE-338,112,0.1977,0.2,0.2142,0.16,0.2,0.2493,0.6507,True,
1520,16,CWE-338,113,0.1966,0.08,0.3714,0.08,0.0,0.0254,0.0,False,freq_unsafe=0.000<0.02
26585,16,CWE-338,114,0.1965,0.04,0.4312,0.04,0.0,0.0337,0.0,False,freq_unsafe=0.000<0.02
32266,16,CWE-338,115,0.1929,0.08,0.3622,0.08,0.0,0.009,0.0,False,freq_unsafe=0.000<0.02
10895,16,CWE-338,116,0.1875,0.04,0.4089,0.04,0.0,0.0022,0.0,False,freq_unsafe=0.000<0.02
25717,16,CWE-338,117,0.1868,0.2,0.2071,0.12,0.2,0.2919,0.7299,True,
3845,16,CWE-338,118,0.1868,0.08,0.3469,0.08,0.0,0.0112,0.0,False,freq_unsafe=0.000<0.02
4025,16,CWE-338,119,0.1834,0.08,0.3385,0.08,0.0,0.0082,0.0,False,freq_unsafe=0.000<0.02
17348,16,CWE-338,120,0.1803,0.2,0.1908,0.12,0.2,0.0412,0.415,True,
867,16,CWE-338,121,0.1797,0.08,0.3294,0.08,0.0,0.0075,0.0,False,freq_unsafe=0.000<0.02
11315,16,CWE-338,122,0.1786,0.08,0.3265,0.08,0.0,0.0067,0.0,False,freq_unsafe=0.000<0.02
25616,16,CWE-338,123,0.178,0.08,0.3249,0.08,0.0,0.0329,0.0,False,freq_unsafe=0.000<0.02
17395,16,CWE-338,124,0.1778,0.2,0.1845,0.12,0.2,0.1272,0.4718,True,
20966,16,CWE-338,125,0.1768,0.12,0.262,0.12,0.0,0.0254,0.0,False,freq_unsafe=0.000<0.02
14315,16,CWE-338,126,0.1724,0.08,0.3109,0.08,0.0,0.0254,0.0,False,freq_unsafe=0.000<0.02
4011,16,CWE-338,127,0.1667,0.08,0.2968,0.08,0.0,0.009,0.0,False,freq_unsafe=0.000<0.02
212,16,CWE-338,128,0.1651,0.08,0.2927,0.08,0.0,0.0412,0.0,False,freq_unsafe=0.000<0.02
13416,16,CWE-338,129,0.1609,0.04,0.3422,0.04,0.0,0.0105,0.0,False,freq_unsafe=0.000<0.02
27640,16,CWE-338,130,0.1609,0.08,0.2822,0.08,0.0,0.0442,0.0,False,freq_unsafe=0.000<0.02
17634,16,CWE-338,131,0.1608,0.08,0.2821,0.08,0.0,0.006,0.0,False,freq_unsafe=0.000<0.02
6871,16,CWE-338,132,0.1591,0.08,0.2777,0.08,0.0,0.006,0.0,False,freq_unsafe=0.000<0.02
10124,16,CWE-338,133,0.1582,0.08,0.2754,0.08,0.0,0.0142,0.0,False,freq_unsafe=0.000<0.02
26819,16,CWE-338,134,0.1571,0.08,0.2727,0.08,0.0,0.0434,0.0,False,freq_unsafe=0.000<0.02
20752,16,CWE-338,135,0.1563,0.04,0.3308,0.04,0.0,0.0022,0.0,False,freq_unsafe=0.000<0.02
5083,16,CWE-338,136,0.156,0.08,0.2701,0.08,0.0,0.0269,0.0,False,freq_unsafe=0.000<0.02
14851,16,CWE-338,137,0.1557,0.08,0.2694,0.08,0.0,0.003,0.0,False,freq_unsafe=0.000<0.02
8076,16,CWE-338,138,0.155,0.08,0.2675,0.08,0.0,0.1003,0.0,False,freq_unsafe=0.000<0.02
16045,16,CWE-338,139,0.1521,0.04,0.3202,0.04,0.0,0.0007,0.0,False,freq_unsafe=0.000<0.02
2581,16,CWE-338,140,0.1507,0.04,0.3168,0.04,0.0,0.0037,0.0,False,freq_unsafe=0.000<0.02
9144,16,CWE-338,141,0.1493,0.08,0.2532,0.08,0.0,0.1497,0.0,False,freq_unsafe=0.000<0.02; score=0.1493<0.15
10214,16,CWE-338,142,0.1489,0.08,0.2522,0.08,0.0,0.0479,0.0,False,freq_unsafe=0.000<0.02; score=0.1489<0.15
5640,16,CWE-338,143,0.1472,0.08,0.2479,0.08,0.0,0.1018,0.0,False,freq_unsafe=0.000<0.02; score=0.1472<0.15
23051,16,CWE-338,144,0.1471,0.04,0.3078,0.04,0.0,0.0015,0.0,False,freq_unsafe=0.000<0.02; score=0.1471<0.15
26487,16,CWE-338,145,0.1465,0.04,0.3063,0.04,0.0,0.003,0.0,False,freq_unsafe=0.000<0.02; score=0.1465<0.15
30906,16,CWE-338,146,0.1464,0.04,0.306,0.04,0.0,0.0007,0.0,False,freq_unsafe=0.000<0.02; score=0.1464<0.15
5951,16,CWE-338,147,0.1452,0.08,0.2431,0.08,0.0,0.0569,0.0,False,freq_unsafe=0.000<0.02; score=0.1452<0.15
22880,16,CWE-338,148,0.1444,0.08,0.2409,0.08,0.0,0.0262,0.0,False,freq_unsafe=0.000<0.02; score=0.1444<0.15
10146,16,CWE-338,149,0.143,0.08,0.2374,0.08,0.0,0.0142,0.0,False,freq_unsafe=0.000<0.02; score=0.1430<0.15
686,16,CWE-338,150,0.1405,0.04,0.2912,0.04,0.0,0.0135,0.0,False,freq_unsafe=0.000<0.02; score=0.1405<0.15
31234,16,CWE-338,151,0.1397,0.04,0.2894,0.04,0.0,0.0105,0.0,False,freq_unsafe=0.000<0.02; score=0.1397<0.15
24959,16,CWE-338,152,0.1392,0.08,0.228,0.08,0.0,0.0981,0.0,False,freq_unsafe=0.000<0.02; score=0.1392<0.15
11578,16,CWE-338,153,0.1391,0.08,0.2278,0.08,0.0,0.0225,0.0,False,freq_unsafe=0.000<0.02; score=0.1391<0.15
27435,16,CWE-338,154,0.1389,0.08,0.2273,0.08,0.0,0.0337,0.0,False,freq_unsafe=0.000<0.02; score=0.1389<0.15
20375,16,CWE-338,155,0.1388,0.04,0.287,0.04,0.0,0.0307,0.0,False,freq_unsafe=0.000<0.02; score=0.1388<0.15
18133,16,CWE-338,156,0.1387,0.08,0.2268,0.08,0.0,0.0449,0.0,False,freq_unsafe=0.000<0.02; score=0.1387<0.15
31663,16,CWE-338,157,0.1378,0.04,0.2845,0.04,0.0,0.003,0.0,False,freq_unsafe=0.000<0.02; score=0.1378<0.15
24491,16,CWE-338,158,0.1376,0.04,0.2841,0.04,0.0,0.0052,0.0,False,freq_unsafe=0.000<0.02; score=0.1376<0.15
1853,16,CWE-338,159,0.1358,0.08,0.2196,0.08,0.0,0.0172,0.0,False,freq_unsafe=0.000<0.02; score=0.1358<0.15
17357,16,CWE-338,160,0.1341,0.04,0.2753,0.04,0.0,0.0225,0.0,False,freq_unsafe=0.000<0.02; score=0.1341<0.15
6747,16,CWE-338,161,0.1337,0.08,0.2142,0.08,0.0,0.0225,0.0,False,freq_unsafe=0.000<0.02; score=0.1337<0.15
4118,16,CWE-338,162,0.1329,0.04,0.2723,0.04,0.0,0.0015,0.0,False,freq_unsafe=0.000<0.02; score=0.1329<0.15
26016,16,CWE-338,163,0.1321,0.04,0.2702,0.04,0.0,0.0015,0.0,False,freq_unsafe=0.000<0.02; score=0.1321<0.15
9298,16,CWE-338,164,0.1316,0.04,0.2689,0.04,0.0,0.0037,0.0,False,freq_unsafe=0.000<0.02; score=0.1316<0.15
16656,16,CWE-338,165,0.1297,0.2,0.0643,0.12,0.2,0.14,0.5205,False,score=0.1297<0.15
22601,16,CWE-338,166,0.1287,0.04,0.2618,0.04,0.0,0.015,0.0,False,freq_unsafe=0.000<0.02; score=0.1287<0.15
15432,16,CWE-338,167,0.1284,0.04,0.261,0.04,0.0,0.0225,0.0,False,freq_unsafe=0.000<0.02; score=0.1284<0.15
2573,16,CWE-338,168,0.1284,0.08,0.2009,0.08,0.0,0.0284,0.0,False,freq_unsafe=0.000<0.02; score=0.1284<0.15
605,16,CWE-338,169,0.1272,0.08,0.1981,0.08,0.0,0.0576,0.0,False,freq_unsafe=0.000<0.02; score=0.1272<0.15
28783,16,CWE-338,170,0.1267,0.04,0.2567,0.04,0.0,0.0037,0.0,False,freq_unsafe=0.000<0.02; score=0.1267<0.15
14440,16,CWE-338,171,0.1248,0.04,0.2521,0.04,0.0,0.003,0.0,False,freq_unsafe=0.000<0.02; score=0.1248<0.15
13790,16,CWE-338,172,0.1236,0.08,0.1889,0.08,0.0,0.0322,0.0,False,freq_unsafe=0.000<0.02; score=0.1236<0.15
9712,16,CWE-338,173,0.1236,0.04,0.2489,0.04,0.0,0.0015,0.0,False,freq_unsafe=0.000<0.02; score=0.1236<0.15
5252,16,CWE-338,174,0.1235,0.04,0.2486,0.04,0.0,0.0007,0.0,False,freq_unsafe=0.000<0.02; score=0.1235<0.15
15955,16,CWE-338,175,0.123,0.08,0.1875,0.08,0.0,0.0314,0.0,False,freq_unsafe=0.000<0.02; score=0.1230<0.15
29106,16,CWE-338,176,0.1227,0.04,0.2467,0.04,0.0,0.0022,0.0,False,freq_unsafe=0.000<0.02; score=0.1227<0.15
5034,16,CWE-338,177,0.1224,0.08,0.1861,0.08,0.0,0.0868,0.0,False,freq_unsafe=0.000<0.02; score=0.1224<0.15
6219,16,CWE-338,178,0.1219,0.08,0.1848,0.08,0.0,0.0494,0.0,False,freq_unsafe=0.000<0.02; score=0.1219<0.15
3127,16,CWE-338,179,0.1214,0.08,0.1836,0.08,0.0,0.0367,0.0,False,freq_unsafe=0.000<0.02; score=0.1214<0.15
27549,16,CWE-338,180,0.1212,0.04,0.2431,0.04,0.0,0.0015,0.0,False,freq_unsafe=0.000<0.02; score=0.1212<0.15
16674,16,CWE-338,181,0.121,0.08,0.1825,0.08,0.0,0.0022,0.0,False,freq_unsafe=0.000<0.02; score=0.1210<0.15
7810,16,CWE-338,182,0.1202,0.04,0.2405,0.04,0.0,0.0022,0.0,False,freq_unsafe=0.000<0.02; score=0.1202<0.15
28125,16,CWE-338,183,0.1196,0.04,0.2389,0.04,0.0,0.003,0.0,False,freq_unsafe=0.000<0.02; score=0.1196<0.15
20652,16,CWE-338,184,0.1193,0.04,0.2382,0.04,0.0,0.003,0.0,False,freq_unsafe=0.000<0.02; score=0.1193<0.15
13697,16,CWE-338,185,0.119,0.04,0.2376,0.04,0.0,0.0015,0.0,False,freq_unsafe=0.000<0.02; score=0.1190<0.15
18577,16,CWE-338,186,0.1184,0.08,0.1761,0.08,0.0,0.0225,0.0,False,freq_unsafe=0.000<0.02; score=0.1184<0.15
31368,16,CWE-338,187,0.1156,0.04,0.2289,0.04,0.0,0.0112,0.0,False,freq_unsafe=0.000<0.02; score=0.1156<0.15
1960,16,CWE-338,188,0.1154,0.04,0.2285,0.04,0.0,0.0097,0.0,False,freq_unsafe=0.000<0.02; score=0.1154<0.15
14204,16,CWE-338,189,0.1153,0.04,0.2282,0.04,0.0,0.015,0.0,False,freq_unsafe=0.000<0.02; score=0.1153<0.15
11635,16,CWE-338,190,0.1152,0.08,0.1679,0.08,0.0,0.0135,0.0,False,freq_unsafe=0.000<0.02; score=0.1152<0.15
17240,16,CWE-338,191,0.114,0.04,0.225,0.04,0.0,0.0015,0.0,False,freq_unsafe=0.000<0.02; score=0.1140<0.15
13444,16,CWE-338,192,0.111,0.04,0.2175,0.04,0.0,0.003,0.0,False,freq_unsafe=0.000<0.02; score=0.1110<0.15
28905,16,CWE-338,193,0.1094,0.04,0.2135,0.04,0.0,0.0105,0.0,False,freq_unsafe=0.000<0.02; score=0.1094<0.15
4395,16,CWE-338,194,0.1086,0.04,0.2116,0.04,0.0,0.0007,0.0,False,freq_unsafe=0.000<0.02; score=0.1086<0.15
1019,16,CWE-338,195,0.1081,0.04,0.2102,0.04,0.0,0.0037,0.0,False,freq_unsafe=0.000<0.02; score=0.1081<0.15
18725,16,CWE-338,196,0.1067,0.04,0.2067,0.04,0.0,0.0015,0.0,False,freq_unsafe=0.000<0.02; score=0.1067<0.15
14697,16,CWE-338,197,0.1053,0.04,0.2033,0.04,0.0,0.0052,0.0,False,freq_unsafe=0.000<0.02; score=0.1053<0.15
26105,16,CWE-338,198,0.1052,0.04,0.203,0.04,0.0,0.0067,0.0,False,freq_unsafe=0.000<0.02; score=0.1052<0.15
28108,16,CWE-338,199,0.1048,0.04,0.202,0.04,0.0,0.0045,0.0,False,freq_unsafe=0.000<0.02; score=0.1048<0.15
3846,16,CWE-338,200,0.1036,0.04,0.199,0.04,0.0,0.0007,0.0,False,freq_unsafe=0.000<0.02; score=0.1036<0.15
14376,16,CWE-79,1,0.1312,0.0759,0.2205,0.0633,0.2025,0.2658,0.6064,True,
9816,16,CWE-79,2,0.1164,0.0633,0.2024,0.0506,0.2405,0.1899,0.8181,True,
19743,16,CWE-79,3,0.1099,0.0759,0.1673,0.0633,0.3038,0.2405,0.9618,True,
12360,16,CWE-79,4,0.0959,0.0127,0.2209,0.0127,0.0127,0.0253,0.1574,False,freq_unsafe=0.013<0.02
29862,16,CWE-79,5,0.0934,0.0633,0.1449,0.0506,0.3165,0.2658,1.265,True,
6986,16,CWE-79,6,0.0909,0.1139,0.0943,0.038,0.9367,0.9367,9.2479,True,
17101,16,CWE-79,7,0.0877,0.0253,0.1813,0.0253,0.0253,0.0,0.1813,True,
11737,16,CWE-79,8,0.0856,0.0127,0.1949,0.0127,0.0,0.0127,0.0,False,freq_unsafe=0.000<0.02
3791,16,CWE-79,9,0.0831,0.0506,0.138,0.038,0.1392,0.1646,0.4828,True,
22892,16,CWE-79,10,0.0826,0.0759,0.1051,0.0506,0.443,0.4684,1.74,True,
16339,16,CWE-79,11,0.081,0.0506,0.1329,0.038,0.1646,0.1266,0.5425,True,
2917,16,CWE-79,12,0.0808,0.0506,0.1323,0.038,0.2785,0.3165,1.1959,True,
9287,16,CWE-79,13,0.0807,0.1013,0.0816,0.038,0.5823,0.5696,2.4871,True,
25355,16,CWE-79,14,0.0782,0.038,0.1385,0.038,0.038,0.0,0.1385,True,
26282,16,CWE-79,15,0.0751,0.0253,0.1499,0.0253,0.0506,0.038,0.3293,True,
21413,16,CWE-79,16,0.0748,0.0127,0.1679,0.0127,0.0127,0.0,0.1679,False,freq_unsafe=0.013<0.02
22720,16,CWE-79,17,0.0739,0.0633,0.1025,0.038,0.2911,0.3038,1.2416,True,
30935,16,CWE-79,18,0.0708,0.0253,0.1391,0.0253,0.0253,0.0,0.1391,True,
10758,16,CWE-79,19,0.07,0.1013,0.0484,0.0506,0.8228,0.8101,3.7581,True,
23752,16,CWE-79,20,0.0664,0.0127,0.1471,0.0127,0.0127,0.0253,0.0384,False,freq_unsafe=0.013<0.02
24130,16,CWE-79,21,0.0655,0.0253,0.1257,0.0253,0.1392,0.1139,0.7512,True,
8167,16,CWE-79,22,0.0654,0.0253,0.1255,0.0253,0.038,0.0127,0.1807,True,
2117,16,CWE-79,23,0.0653,0.0253,0.1254,0.0253,0.0127,0.038,0.125,False,freq_unsafe=0.013<0.02
25373,16,CWE-79,24,0.065,0.0506,0.0929,0.038,0.0759,0.0633,0.2976,True,
16892,16,CWE-79,25,0.0632,0.038,0.101,0.038,0.0759,0.0506,0.331,True,
15593,16,CWE-79,26,0.0631,0.0253,0.1197,0.0253,0.038,0.0633,0.1582,True,
13589,16,CWE-79,27,0.0618,0.0253,0.1165,0.0253,0.0127,0.038,0.0351,False,freq_unsafe=0.013<0.02
30705,16,CWE-79,28,0.0598,0.0127,0.1304,0.0127,0.0,0.0127,0.0,False,freq_unsafe=0.000<0.02
9416,16,CWE-79,29,0.0587,0.038,0.096,0.0253,0.1392,0.1139,0.4488,True,
9342,16,CWE-79,30,0.0584,0.0886,0.0384,0.038,0.481,0.4937,2.5056,True,
31038,16,CWE-79,31,0.0574,0.0127,0.1245,0.0127,0.0,0.0127,0.0,False,freq_unsafe=0.000<0.02
8543,16,CWE-79,32,0.0563,0.0127,0.1218,0.0127,0.038,0.0506,0.1193,True,
30079,16,CWE-79,33,0.0542,0.0253,0.0975,0.0253,0.0506,0.0253,0.1688,True,
16817,16,CWE-79,34,0.0539,0.0253,0.0968,0.0253,0.0506,0.0253,0.1628,True,
9465,16,CWE-79,35,0.0538,0.0506,0.0713,0.0253,0.2152,0.2025,0.7949,True,
15437,16,CWE-79,36,0.0536,0.0253,0.0961,0.0253,0.0506,0.0759,0.1919,True,
21803,16,CWE-79,37,0.0536,0.0127,0.1149,0.0127,0.0127,0.0,0.1149,False,freq_unsafe=0.013<0.02
10773,16,CWE-79,38,0.0535,0.0127,0.1147,0.0127,0.0127,0.0253,0.029,False,freq_unsafe=0.013<0.02
19741,16,CWE-79,39,0.0533,0.0127,0.1143,0.0127,0.0253,0.0127,0.1856,True,
22230,16,CWE-79,40,0.0528,0.0253,0.094,0.0253,0.0,0.0253,0.0,False,freq_unsafe=0.000<0.02
15432,16,CWE-79,41,0.0523,0.0253,0.0929,0.0253,0.0759,0.0506,0.367,True,
24755,16,CWE-79,42,0.052,0.0127,0.1111,0.0127,0.0,0.0127,0.0,False,freq_unsafe=0.000<0.02
17628,16,CWE-79,43,0.0513,0.0253,0.0903,0.0253,0.1519,0.1266,0.4887,True,
2960,16,CWE-79,44,0.0512,0.0253,0.09,0.0253,0.038,0.0127,0.1395,True,
12955,16,CWE-79,45,0.0512,0.0253,0.0899,0.0253,0.1013,0.0759,0.3529,True,
1710,16,CWE-79,46,0.0512,0.0633,0.0456,0.038,0.1646,0.1899,0.6196,True,
1951,16,CWE-79,47,0.0511,0.038,0.0771,0.0253,0.1266,0.1139,0.5072,True,
18064,16,CWE-79,48,0.051,0.0127,0.1085,0.0127,0.0,0.0127,0.0,False,freq_unsafe=0.000<0.02
27348,16,CWE-79,49,0.051,0.0127,0.1085,0.0127,0.0127,0.0,0.1085,False,freq_unsafe=0.013<0.02
5034,16,CWE-79,50,0.0505,0.0253,0.0883,0.0253,0.0506,0.0759,0.1246,True,
20619,16,CWE-79,51,0.05,0.0127,0.106,0.0127,0.0,0.0127,0.0,False,freq_unsafe=0.000<0.02; score=0.0500<0.05
7904,16,CWE-79,52,0.0493,0.0127,0.1044,0.0127,0.0,0.0127,0.0,False,freq_unsafe=0.000<0.02; score=0.0493<0.05
17453,16,CWE-79,53,0.0485,0.0127,0.1022,0.0127,0.0127,0.0,0.1022,False,freq_unsafe=0.013<0.02; score=0.0485<0.05
25471,16,CWE-79,54,0.0485,0.0127,0.1022,0.0127,0.0127,0.0253,0.0393,False,freq_unsafe=0.013<0.02; score=0.0485<0.05
8996,16,CWE-79,55,0.0482,0.0127,0.1015,0.0127,0.0,0.0127,0.0,False,freq_unsafe=0.000<0.02; score=0.0482<0.05
3198,16,CWE-79,56,0.0478,0.0253,0.0815,0.0253,0.038,0.0127,0.1125,False,score=0.0478<0.05
5951,16,CWE-79,57,0.0477,0.0253,0.0812,0.0253,0.0886,0.0633,0.2825,False,score=0.0477<0.05
170,16,CWE-79,58,0.0477,0.0127,0.1002,0.0127,0.0253,0.0127,0.1442,False,score=0.0477<0.05
30778,16,CWE-79,59,0.0475,0.0127,0.0999,0.0127,0.0506,0.038,0.2642,False,score=0.0475<0.05
2409,16,CWE-79,60,0.0474,0.0127,0.0995,0.0127,0.0127,0.0253,0.0549,False,freq_unsafe=0.013<0.02; score=0.0474<0.05
11326,16,CWE-79,61,0.0472,0.0253,0.0801,0.0253,0.0253,0.0,0.0801,False,score=0.0472<0.05
20704,16,CWE-79,62,0.047,0.0127,0.0985,0.0127,0.0,0.0127,0.0,False,freq_unsafe=0.000<0.02; score=0.0470<0.05
26213,16,CWE-79,63,0.0467,0.0127,0.0977,0.0127,0.0253,0.0127,0.1964,False,score=0.0467<0.05
31312,16,CWE-79,64,0.0465,0.0127,0.0973,0.0127,0.0,0.0127,0.0,False,freq_unsafe=0.000<0.02; score=0.0465<0.05
14143,16,CWE-79,65,0.0465,0.0127,0.0971,0.0127,0.0,0.0127,0.0,False,freq_unsafe=0.000<0.02; score=0.0465<0.05
14521,16,CWE-79,66,0.0462,0.0253,0.0776,0.0253,0.0506,0.0253,0.1368,False,score=0.0462<0.05
8911,16,CWE-79,67,0.0458,0.0127,0.0954,0.0127,0.0,0.0127,0.0,False,freq_unsafe=0.000<0.02; score=0.0458<0.05
11877,16,CWE-79,68,0.0457,0.0253,0.0763,0.0253,0.1266,0.1519,0.4049,False,score=0.0457<0.05
2310,16,CWE-79,69,0.0457,0.0253,0.0762,0.0253,0.038,0.0127,0.135,False,score=0.0457<0.05
19587,16,CWE-79,70,0.0452,0.0127,0.0939,0.0127,0.0253,0.0127,0.1276,False,score=0.0452<0.05
16158,16,CWE-79,71,0.0449,0.0253,0.0742,0.0253,0.0253,0.0,0.0742,False,score=0.0449<0.05
1882,16,CWE-79,72,0.0443,0.0127,0.0917,0.0127,0.0127,0.0,0.0917,False,freq_unsafe=0.013<0.02; score=0.0443<0.05
6695,16,CWE-79,73,0.0436,0.0253,0.0709,0.0253,0.0253,0.0506,0.0599,False,score=0.0436<0.05
1557,16,CWE-79,74,0.0434,0.0127,0.0895,0.0127,0.0127,0.0,0.0895,False,freq_unsafe=0.013<0.02; score=0.0434<0.05
26674,16,CWE-79,75,0.0432,0.0253,0.0701,0.0253,0.038,0.0127,0.1081,False,score=0.0432<0.05
5298,16,CWE-79,76,0.0431,0.0127,0.0887,0.0127,0.0,0.0127,0.0,False,freq_unsafe=0.000<0.02; score=0.0431<0.05
29437,16,CWE-79,77,0.0429,0.0127,0.0883,0.0127,0.0127,0.0,0.0883,False,freq_unsafe=0.013<0.02; score=0.0429<0.05
6312,16,CWE-79,78,0.0428,0.0759,0.0185,0.0253,0.3165,0.3291,1.3961,False,score=0.0428<0.05
3722,16,CWE-79,79,0.0426,0.0253,0.0686,0.0253,0.0506,0.0253,0.1324,False,score=0.0426<0.05
18336,16,CWE-79,80,0.0425,0.0127,0.0872,0.0127,0.0127,0.0,0.0872,False,freq_unsafe=0.013<0.02; score=0.0425<0.05
11716,16,CWE-79,81,0.0416,0.0253,0.066,0.0253,0.0506,0.0759,0.1276,False,score=0.0416<0.05
5470,16,CWE-79,82,0.0415,0.0253,0.0658,0.0253,0.0127,0.038,0.0659,False,freq_unsafe=0.013<0.02; score=0.0415<0.05
9979,16,CWE-79,83,0.0414,0.0253,0.0656,0.0253,0.0,0.0253,0.0,False,freq_unsafe=0.000<0.02; score=0.0414<0.05
8754,16,CWE-79,84,0.041,0.0127,0.0835,0.0127,0.0127,0.0,0.0835,False,freq_unsafe=0.013<0.02; score=0.0410<0.05
22880,16,CWE-79,85,0.0409,0.0253,0.0642,0.0253,0.0253,0.0506,0.0964,False,score=0.0409<0.05
18021,16,CWE-79,86,0.0407,0.0127,0.0829,0.0127,0.0253,0.0127,0.1596,False,score=0.0407<0.05
7177,16,CWE-79,87,0.0401,0.0253,0.0622,0.0253,0.038,0.0506,0.1577,False,score=0.0401<0.05
4106,16,CWE-79,88,0.04,0.0127,0.0809,0.0127,0.0127,0.0,0.0809,False,freq_unsafe=0.013<0.02; score=0.0400<0.05
1334,16,CWE-79,89,0.0399,0.038,0.0555,0.0127,0.2405,0.2278,0.8979,False,score=0.0399<0.05
32013,16,CWE-79,90,0.0398,0.0127,0.0805,0.0127,0.038,0.0506,0.1143,False,score=0.0398<0.05
29189,16,CWE-79,91,0.0397,0.0127,0.0804,0.0127,0.0,0.0127,0.0,False,freq_unsafe=0.000<0.02; score=0.0397<0.05
30752,16,CWE-79,92,0.0397,0.0253,0.0613,0.0253,0.0759,0.0633,0.2628,False,score=0.0397<0.05
4950,16,CWE-79,93,0.0395,0.0127,0.0798,0.0127,0.038,0.0253,0.1746,False,score=0.0395<0.05
7620,16,CWE-79,94,0.0394,0.0127,0.0795,0.0127,0.0,0.0127,0.0,False,freq_unsafe=0.000<0.02; score=0.0394<0.05
11139,16,CWE-79,95,0.0394,0.0253,0.0668,0.0127,0.0506,0.0633,0.1159,False,score=0.0394<0.05
686,16,CWE-79,96,0.0393,0.0253,0.0604,0.0253,0.0127,0.0253,0.0316,False,freq_unsafe=0.013<0.02; score=0.0393<0.05
16136,16,CWE-79,97,0.0391,0.0253,0.0597,0.0253,0.038,0.0127,0.1017,False,score=0.0391<0.05
17552,16,CWE-79,98,0.039,0.0127,0.0786,0.0127,0.0127,0.0,0.0786,False,freq_unsafe=0.013<0.02; score=0.0390<0.05
10331,16,CWE-79,99,0.039,0.0253,0.0595,0.0253,0.038,0.0127,0.099,False,score=0.0390<0.05
22269,16,CWE-79,100,0.0388,0.0127,0.078,0.0127,0.0,0.0127,0.0,False,freq_unsafe=0.000<0.02; score=0.0388<0.05
29237,16,CWE-79,101,0.0387,0.0127,0.0778,0.0127,0.0127,0.0,0.0778,False,freq_unsafe=0.013<0.02; score=0.0387<0.05
8381,16,CWE-79,102,0.0387,0.038,0.0461,0.0253,0.1013,0.0759,0.2677,False,score=0.0387<0.05
22441,16,CWE-79,103,0.0386,0.0127,0.0775,0.0127,0.0,0.0127,0.0,False,freq_unsafe=0.000<0.02; score=0.0386<0.05
11040,16,CWE-79,104,0.0384,0.0127,0.0771,0.0127,0.038,0.0253,0.153,False,score=0.0384<0.05
12779,16,CWE-79,105,0.0382,0.0127,0.0765,0.0127,0.0127,0.0,0.0765,False,freq_unsafe=0.013<0.02; score=0.0382<0.05
22288,16,CWE-79,106,0.0381,0.0127,0.0761,0.0127,0.1772,0.1646,0.7312,False,score=0.0381<0.05
11595,16,CWE-79,107,0.0379,0.038,0.0505,0.0127,0.2405,0.2278,1.3977,False,score=0.0379<0.05
3999,16,CWE-79,108,0.0377,0.0253,0.0564,0.0253,0.0,0.0253,0.0,False,freq_unsafe=0.000<0.02; score=0.0377<0.05
17876,16,CWE-79,109,0.0373,0.0127,0.0743,0.0127,0.0253,0.038,0.0907,False,score=0.0373<0.05
828,16,CWE-79,110,0.0372,0.0253,0.055,0.0253,0.038,0.0253,0.1584,False,score=0.0372<0.05
26129,16,CWE-79,111,0.0371,0.0127,0.0738,0.0127,0.0127,0.0,0.0738,False,freq_unsafe=0.013<0.02; score=0.0371<0.05
2752,16,CWE-79,112,0.0369,0.0127,0.0733,0.0127,0.0127,0.0253,0.0643,False,freq_unsafe=0.013<0.02; score=0.0369<0.05
26332,16,CWE-79,113,0.0362,0.0127,0.0716,0.0127,0.0127,0.0,0.0716,False,freq_unsafe=0.013<0.02; score=0.0362<0.05
6073,16,CWE-79,114,0.0362,0.0127,0.0714,0.0127,0.0127,0.0,0.0714,False,freq_unsafe=0.013<0.02; score=0.0362<0.05
27319,16,CWE-79,115,0.0361,0.0127,0.0713,0.0127,0.0,0.0127,0.0,False,freq_unsafe=0.000<0.02; score=0.0361<0.05
27941,16,CWE-79,116,0.0358,0.0127,0.0705,0.0127,0.0127,0.0,0.0705,False,freq_unsafe=0.013<0.02; score=0.0358<0.05
12908,16,CWE-79,117,0.0357,0.0127,0.0704,0.0127,0.038,0.0506,0.1778,False,score=0.0357<0.05
28783,16,CWE-79,118,0.0355,0.0127,0.0698,0.0127,0.0,0.0127,0.0,False,freq_unsafe=0.000<0.02; score=0.0355<0.05
14035,16,CWE-79,119,0.0354,0.0127,0.0694,0.0127,0.0,0.0127,0.0,False,freq_unsafe=0.000<0.02; score=0.0354<0.05
14849,16,CWE-79,120,0.0353,0.0127,0.0692,0.0127,0.0127,0.0,0.0692,False,freq_unsafe=0.013<0.02; score=0.0353<0.05
20228,16,CWE-79,121,0.035,0.0253,0.0559,0.0127,0.038,0.0253,0.2882,False,score=0.0350<0.05
17961,16,CWE-79,122,0.035,0.0127,0.0685,0.0127,0.0,0.0127,0.0,False,freq_unsafe=0.000<0.02; score=0.0350<0.05
23260,16,CWE-79,123,0.035,0.0127,0.0684,0.0127,0.0127,0.0,0.0684,False,freq_unsafe=0.013<0.02; score=0.0350<0.05
19342,16,CWE-79,124,0.0349,0.0127,0.0684,0.0127,0.0253,0.0127,0.1399,False,score=0.0349<0.05
2580,16,CWE-79,125,0.0347,0.0127,0.0679,0.0127,0.0127,0.0253,0.0866,False,freq_unsafe=0.013<0.02; score=0.0347<0.05
22673,16,CWE-79,126,0.0347,0.0127,0.0678,0.0127,0.0127,0.0253,0.0383,False,freq_unsafe=0.013<0.02; score=0.0347<0.05
8006,16,CWE-79,127,0.0345,0.0127,0.0672,0.0127,0.0127,0.0,0.0672,False,freq_unsafe=0.013<0.02; score=0.0345<0.05
14637,16,CWE-79,128,0.0344,0.0127,0.067,0.0127,0.0506,0.038,0.1894,False,score=0.0344<0.05
26214,16,CWE-79,129,0.0342,0.0127,0.0666,0.0127,0.0,0.0127,0.0,False,freq_unsafe=0.000<0.02; score=0.0342<0.05
32695,16,CWE-79,130,0.0342,0.0127,0.0666,0.0127,0.0,0.0127,0.0,False,freq_unsafe=0.000<0.02; score=0.0342<0.05
23966,16,CWE-79,131,0.0342,0.0253,0.0475,0.0253,0.0506,0.038,0.1661,False,score=0.0342<0.05
1405,16,CWE-79,132,0.0341,0.0127,0.0663,0.0127,0.0,0.0127,0.0,False,freq_unsafe=0.000<0.02; score=0.0341<0.05
12486,16,CWE-79,133,0.0341,0.0127,0.0662,0.0127,0.0127,0.0,0.0662,False,freq_unsafe=0.013<0.02; score=0.0341<0.05
6818,16,CWE-79,134,0.0337,0.0127,0.0654,0.0127,0.0127,0.0,0.0654,False,freq_unsafe=0.013<0.02; score=0.0337<0.05
15540,16,CWE-79,135,0.0337,0.0127,0.0652,0.0127,0.0127,0.0253,0.0846,False,freq_unsafe=0.013<0.02; score=0.0337<0.05
30950,16,CWE-79,136,0.0334,0.0127,0.0644,0.0127,0.0,0.0127,0.0,False,freq_unsafe=0.000<0.02; score=0.0334<0.05
6632,16,CWE-79,137,0.0333,0.0127,0.0643,0.0127,0.0,0.0127,0.0,False,freq_unsafe=0.000<0.02; score=0.0333<0.05
23348,16,CWE-79,138,0.0332,0.0127,0.064,0.0127,0.0127,0.0,0.064,False,freq_unsafe=0.013<0.02; score=0.0332<0.05
29657,16,CWE-79,139,0.0332,0.0127,0.064,0.0127,0.0,0.0127,0.0,False,freq_unsafe=0.000<0.02; score=0.0332<0.05
17667,16,CWE-79,140,0.0331,0.0127,0.0638,0.0127,0.0,0.0127,0.0,False,freq_unsafe=0.000<0.02; score=0.0331<0.05
5523,16,CWE-79,141,0.033,0.0127,0.0634,0.0127,0.0253,0.0127,0.0948,False,score=0.0330<0.05
18405,16,CWE-79,142,0.0329,0.0127,0.0634,0.0127,0.0127,0.0253,0.0351,False,freq_unsafe=0.013<0.02; score=0.0329<0.05
27135,16,CWE-79,143,0.0328,0.0253,0.0441,0.0253,0.038,0.038,0.1288,False,score=0.0328<0.05
16709,16,CWE-79,144,0.0326,0.0127,0.0625,0.0127,0.0127,0.0,0.0625,False,freq_unsafe=0.013<0.02; score=0.0326<0.05
21335,16,CWE-79,145,0.0326,0.0127,0.0625,0.0127,0.038,0.0253,0.1581,False,score=0.0326<0.05
23656,16,CWE-79,146,0.0325,0.0127,0.0621,0.0127,0.0127,0.0,0.0621,False,freq_unsafe=0.013<0.02; score=0.0325<0.05
26398,16,CWE-79,147,0.0319,0.0127,0.0609,0.0127,0.0,0.0127,0.0,False,freq_unsafe=0.000<0.02; score=0.0319<0.05
2812,16,CWE-79,148,0.0318,0.0127,0.0606,0.0127,0.0127,0.0253,0.0271,False,freq_unsafe=0.013<0.02; score=0.0318<0.05
2256,16,CWE-79,149,0.0318,0.0127,0.0605,0.0127,0.0127,0.0,0.0605,False,freq_unsafe=0.013<0.02; score=0.0318<0.05
1822,16,CWE-79,150,0.0318,0.0127,0.0604,0.0127,0.0,0.0127,0.0,False,freq_unsafe=0.000<0.02; score=0.0318<0.05
17989,16,CWE-79,151,0.0317,0.0127,0.0602,0.0127,0.0253,0.0127,0.092,False,score=0.0317<0.05
23100,16,CWE-79,152,0.0317,0.0127,0.0602,0.0127,0.0127,0.0127,0.0891,False,freq_unsafe=0.013<0.02; score=0.0317<0.05
1218,16,CWE-79,153,0.0316,0.038,0.0348,0.0127,0.1519,0.1392,1.2825,False,score=0.0316<0.05
30574,16,CWE-79,154,0.0316,0.0127,0.06,0.0127,0.0127,0.0,0.06,False,freq_unsafe=0.013<0.02; score=0.0316<0.05
27000,16,CWE-79,155,0.0316,0.0127,0.06,0.0127,0.0253,0.038,0.0781,False,score=0.0316<0.05
17226,16,CWE-79,156,0.0316,0.0127,0.06,0.0127,0.0127,0.0,0.06,False,freq_unsafe=0.013<0.02; score=0.0316<0.05
11630,16,CWE-79,157,0.0315,0.0127,0.0599,0.0127,0.0253,0.038,0.085,False,score=0.0315<0.05
8392,16,CWE-79,158,0.0315,0.0253,0.0472,0.0127,0.0127,0.0253,0.0318,False,freq_unsafe=0.013<0.02; score=0.0315<0.05
26274,16,CWE-79,159,0.0315,0.0127,0.0534,0.0253,0.1139,0.1266,0.3037,False,score=0.0315<0.05
25905,16,CWE-79,160,0.0315,0.0127,0.0597,0.0127,0.0127,0.0253,0.0301,False,freq_unsafe=0.013<0.02; score=0.0315<0.05
3607,16,CWE-79,161,0.0315,0.0127,0.0597,0.0127,0.0127,0.0,0.0597,False,freq_unsafe=0.013<0.02; score=0.0315<0.05
24389,16,CWE-79,162,0.0314,0.0253,0.0406,0.0253,0.0633,0.0506,0.1623,False,score=0.0314<0.05
8407,16,CWE-79,163,0.0312,0.0127,0.059,0.0127,0.0127,0.0,0.059,False,freq_unsafe=0.013<0.02; score=0.0312<0.05
18020,16,CWE-79,164,0.0312,0.0127,0.0589,0.0127,0.0,0.0127,0.0,False,freq_unsafe=0.000<0.02; score=0.0312<0.05
328,16,CWE-79,165,0.0311,0.0127,0.0587,0.0127,0.0,0.0127,0.0,False,freq_unsafe=0.000<0.02; score=0.0311<0.05
10922,16,CWE-79,166,0.0309,0.0127,0.0582,0.0127,0.0127,0.0,0.0582,False,freq_unsafe=0.013<0.02; score=0.0309<0.05
4735,16,CWE-79,167,0.0307,0.0253,0.0389,0.0253,0.0759,0.0633,0.1869,False,score=0.0307<0.05
3845,16,CWE-79,168,0.0306,0.0127,0.0575,0.0127,0.0,0.0127,0.0,False,freq_unsafe=0.000<0.02; score=0.0306<0.05
10357,16,CWE-79,169,0.0305,0.0253,0.0445,0.0127,0.0127,0.0253,0.0674,False,freq_unsafe=0.013<0.02; score=0.0305<0.05
28683,16,CWE-79,170,0.0303,0.0127,0.0568,0.0127,0.0,0.0127,0.0,False,freq_unsafe=0.000<0.02; score=0.0303<0.05
22314,16,CWE-79,171,0.0302,0.0127,0.0565,0.0127,0.0,0.0127,0.0,False,freq_unsafe=0.000<0.02; score=0.0302<0.05
895,16,CWE-79,172,0.0302,0.0127,0.0565,0.0127,0.0127,0.0,0.0565,False,freq_unsafe=0.013<0.02; score=0.0302<0.05
18087,16,CWE-79,173,0.0302,0.0127,0.0564,0.0127,0.0127,0.0253,0.0348,False,freq_unsafe=0.013<0.02; score=0.0302<0.05
7943,16,CWE-79,174,0.0298,0.0127,0.0556,0.0127,0.0127,0.0,0.0556,False,freq_unsafe=0.013<0.02; score=0.0298<0.05
24810,16,CWE-79,175,0.0297,0.0127,0.0553,0.0127,0.0253,0.0127,0.1193,False,score=0.0297<0.05
17004,16,CWE-79,176,0.0296,0.0253,0.036,0.0253,0.038,0.0253,0.1042,False,score=0.0296<0.05
22386,16,CWE-79,177,0.0296,0.0127,0.0549,0.0127,0.0127,0.0,0.0549,False,freq_unsafe=0.013<0.02; score=0.0296<0.05
10281,16,CWE-79,178,0.0295,0.0127,0.0548,0.0127,0.1266,0.1139,0.4601,False,score=0.0295<0.05
30173,16,CWE-79,179,0.0295,0.0127,0.0548,0.0127,0.0127,0.0,0.0548,False,freq_unsafe=0.013<0.02; score=0.0295<0.05
28022,16,CWE-79,180,0.0294,0.0253,0.0419,0.0127,0.0886,0.1013,0.2793,False,score=0.0294<0.05
15342,16,CWE-79,181,0.0294,0.0127,0.0545,0.0127,0.0,0.0127,0.0,False,freq_unsafe=0.000<0.02; score=0.0294<0.05
14277,16,CWE-79,182,0.0293,0.0127,0.0543,0.0127,0.0127,0.0253,0.0289,False,freq_unsafe=0.013<0.02; score=0.0293<0.05
14589,16,CWE-79,183,0.0292,0.0127,0.054,0.0127,0.038,0.0253,0.1326,False,score=0.0292<0.05
20800,16,CWE-79,184,0.0292,0.0127,0.0539,0.0127,0.0127,0.0,0.0539,False,freq_unsafe=0.013<0.02; score=0.0292<0.05
3210,16,CWE-79,185,0.0291,0.0127,0.0538,0.0127,0.0253,0.038,0.0895,False,score=0.0291<0.05
14522,16,CWE-79,186,0.029,0.0127,0.0536,0.0127,0.0127,0.0,0.0536,False,freq_unsafe=0.013<0.02; score=0.0290<0.05
12757,16,CWE-79,187,0.0288,0.0127,0.0531,0.0127,0.0253,0.0127,0.1077,False,score=0.0288<0.05
3537,16,CWE-79,188,0.0288,0.0127,0.053,0.0127,0.0127,0.0,0.053,False,freq_unsafe=0.013<0.02; score=0.0288<0.05
13841,16,CWE-79,189,0.0286,0.0127,0.0526,0.0127,0.0127,0.0,0.0526,False,freq_unsafe=0.013<0.02; score=0.0286<0.05
11322,16,CWE-79,190,0.0286,0.0127,0.0526,0.0127,0.0,0.0127,0.0,False,freq_unsafe=0.000<0.02; score=0.0286<0.05
23996,16,CWE-79,191,0.0286,0.038,0.0209,0.0253,0.038,0.0127,0.1624,False,score=0.0286<0.05
24837,16,CWE-79,192,0.0284,0.0127,0.052,0.0127,0.0127,0.0,0.052,False,freq_unsafe=0.013<0.02; score=0.0284<0.05
10417,16,CWE-79,193,0.0284,0.0127,0.0519,0.0127,0.0127,0.0,0.0519,False,freq_unsafe=0.013<0.02; score=0.0284<0.05
676,16,CWE-79,194,0.0283,0.0127,0.0519,0.0127,0.0127,0.0,0.0519,False,freq_unsafe=0.013<0.02; score=0.0283<0.05
9261,16,CWE-79,195,0.0283,0.0127,0.0518,0.0127,0.0127,0.0253,0.0333,False,freq_unsafe=0.013<0.02; score=0.0283<0.05
22484,16,CWE-79,196,0.0283,0.0127,0.0518,0.0127,0.038,0.0253,0.1402,False,score=0.0283<0.05
27399,16,CWE-79,197,0.0283,0.0127,0.0516,0.0127,0.0,0.0127,0.0,False,freq_unsafe=0.000<0.02; score=0.0283<0.05
32717,16,CWE-79,198,0.0282,0.0127,0.0516,0.0127,0.0127,0.0,0.0516,False,freq_unsafe=0.013<0.02; score=0.0282<0.05
9355,16,CWE-79,199,0.0282,0.0127,0.0515,0.0127,0.0,0.0127,0.0,False,freq_unsafe=0.000<0.02; score=0.0282<0.05
25021,16,CWE-79,200,0.028,0.0127,0.0511,0.0127,0.0127,0.0,0.0511,False,freq_unsafe=0.013<0.02; score=0.0280<0.05
3791,16,CWE-125,1,0.1802,0.1053,0.2991,0.0921,0.2105,0.1579,0.7907,True,
19743,16,CWE-125,2,0.1739,0.0921,0.2966,0.0921,0.1579,0.0658,0.5705,True,
6986,16,CWE-125,3,0.169,0.1447,0.2449,0.0658,0.9474,0.9605,9.1265,True,
1218,16,CWE-125,4,0.1428,0.0526,0.278,0.0526,0.1711,0.1184,1.2324,True,
17876,16,CWE-125,5,0.1392,0.0658,0.2494,0.0658,0.0789,0.0395,0.3889,True,
6312,16,CWE-125,6,0.1269,0.0921,0.1922,0.0658,0.2895,0.2632,1.2118,True,
11625,16,CWE-125,7,0.1241,0.0395,0.2509,0.0395,0.0789,0.0526,0.4806,True,
1334,16,CWE-125,8,0.1178,0.0789,0.1958,0.0395,0.3158,0.2895,1.4486,True,
10758,16,CWE-125,9,0.1128,0.0658,0.1899,0.0526,0.75,0.75,3.2271,True,
11877,16,CWE-125,10,0.1101,0.0526,0.1963,0.0526,0.1184,0.1579,0.4147,True,
9287,16,CWE-125,11,0.1093,0.0921,0.1549,0.0526,0.4474,0.4342,2.0229,True,
2917,16,CWE-125,12,0.1083,0.0526,0.1984,0.0395,0.1842,0.2105,0.8245,True,
14273,16,CWE-125,13,0.1055,0.0132,0.244,0.0132,0.0,0.0132,0.0,False,freq_unsafe=0.000<0.02
8526,16,CWE-125,14,0.1048,0.0395,0.2028,0.0395,0.0789,0.0395,0.3847,True,
4424,16,CWE-125,15,0.0967,0.0132,0.2221,0.0132,0.0132,0.0,0.2221,False,freq_unsafe=0.013<0.02
8381,16,CWE-125,16,0.0937,0.0789,0.129,0.0526,0.0526,0.1053,0.1642,True,
15639,16,CWE-125,17,0.0933,0.0658,0.1412,0.0526,0.0921,0.0395,0.2324,True,
17026,16,CWE-125,18,0.0897,0.0132,0.2045,0.0132,0.0,0.0132,0.0,False,freq_unsafe=0.000<0.02
11466,16,CWE-125,19,0.089,0.0263,0.1831,0.0263,0.0,0.0263,0.0,False,freq_unsafe=0.000<0.02
29799,16,CWE-125,20,0.0886,0.0789,0.1098,0.0658,0.25,0.2368,0.9155,True,
25784,16,CWE-125,21,0.0874,0.0526,0.1396,0.0526,0.2105,0.1579,0.5656,True,
26199,16,CWE-125,22,0.0873,0.0395,0.1591,0.0395,0.0658,0.0263,0.2922,True,
16761,16,CWE-125,23,0.0869,0.0132,0.1976,0.0132,0.0,0.0132,0.0,False,freq_unsafe=0.000<0.02
25697,16,CWE-125,24,0.0842,0.0395,0.1514,0.0395,0.0263,0.0658,0.0779,True,
9820,16,CWE-125,25,0.0828,0.0395,0.1478,0.0395,0.1711,0.1447,0.9445,True,
14739,16,CWE-125,26,0.0818,0.0526,0.132,0.0395,0.1579,0.1184,0.482,True,
160,16,CWE-125,27,0.0807,0.0395,0.1424,0.0395,0.0526,0.0132,0.2213,True,
28446,16,CWE-125,28,0.0798,0.0132,0.1798,0.0132,0.0132,0.0,0.1798,False,freq_unsafe=0.013<0.02
21901,16,CWE-125,29,0.0789,0.0263,0.1577,0.0263,0.0132,0.0395,0.0679,False,freq_unsafe=0.013<0.02
25902,16,CWE-125,30,0.078,0.0263,0.1555,0.0263,0.0263,0.0,0.1555,True,
13697,16,CWE-125,31,0.0778,0.0132,0.1747,0.0132,0.0132,0.0,0.1747,False,freq_unsafe=0.013<0.02
9342,16,CWE-125,32,0.0777,0.0921,0.0759,0.0526,0.4605,0.4605,2.3135,True,
3991,16,CWE-125,33,0.0773,0.0395,0.1341,0.0395,0.0263,0.0658,0.0972,True,
11926,16,CWE-125,34,0.075,0.0395,0.1284,0.0395,0.1053,0.1447,0.286,True,
15920,16,CWE-125,35,0.0744,0.0395,0.1268,0.0395,0.0132,0.0526,0.0572,False,freq_unsafe=0.013<0.02
10017,16,CWE-125,36,0.0738,0.0263,0.145,0.0263,0.0,0.0263,0.0,False,freq_unsafe=0.000<0.02
5294,16,CWE-125,37,0.0736,0.0395,0.1247,0.0395,0.0658,0.0263,0.265,True,
17065,16,CWE-125,38,0.0731,0.0263,0.1433,0.0263,0.0395,0.0132,0.1762,True,
228,16,CWE-125,39,0.0731,0.0526,0.1038,0.0526,0.0526,0.0789,0.1187,True,
24468,16,CWE-125,40,0.0724,0.0395,0.1218,0.0395,0.0395,0.0,0.1218,True,
6732,16,CWE-125,41,0.0718,0.0263,0.14,0.0263,0.0,0.0263,0.0,False,freq_unsafe=0.000<0.02
24130,16,CWE-125,42,0.0716,0.0395,0.1198,0.0395,0.1579,0.1184,0.624,True,
15617,16,CWE-125,43,0.0712,0.0132,0.1583,0.0132,0.0132,0.0,0.1583,False,freq_unsafe=0.013<0.02
2167,16,CWE-125,44,0.0708,0.0263,0.1376,0.0263,0.0526,0.0263,0.2934,True,
4910,16,CWE-125,45,0.0706,0.0132,0.1568,0.0132,0.0,0.0132,0.0,False,freq_unsafe=0.000<0.02
1023,16,CWE-125,46,0.0701,0.0263,0.1358,0.0263,0.0526,0.0263,0.2295,True,
30752,16,CWE-125,47,0.0701,0.0395,0.116,0.0395,0.0263,0.0658,0.0989,True,
31500,16,CWE-125,48,0.0695,0.0263,0.1342,0.0263,0.0,0.0263,0.0,False,freq_unsafe=0.000<0.02
25280,16,CWE-125,49,0.0694,0.0395,0.1143,0.0395,0.0,0.0395,0.0,False,freq_unsafe=0.000<0.02
24964,16,CWE-125,50,0.0692,0.0263,0.1336,0.0263,0.0,0.0263,0.0,False,freq_unsafe=0.000<0.02
10895,16,CWE-125,51,0.0691,0.0132,0.1531,0.0132,0.0,0.0132,0.0,False,freq_unsafe=0.000<0.02
29862,16,CWE-125,52,0.069,0.0395,0.12,0.0263,0.1842,0.1579,0.8713,True,
16339,16,CWE-125,53,0.069,0.0658,0.087,0.0395,0.1447,0.1053,0.4694,True,
11139,16,CWE-125,54,0.0671,0.0395,0.1085,0.0395,0.0132,0.0526,0.036,False,freq_unsafe=0.013<0.02
190,16,CWE-125,55,0.0667,0.0263,0.1273,0.0263,0.0789,0.0526,0.3358,True,
25611,16,CWE-125,56,0.0667,0.0132,0.147,0.0132,0.0,0.0132,0.0,False,freq_unsafe=0.000<0.02
18857,16,CWE-125,57,0.0665,0.0526,0.0939,0.0395,0.2105,0.2237,0.6704,True,
7177,16,CWE-125,58,0.0664,0.0263,0.1266,0.0263,0.0395,0.0132,0.1924,True,
6219,16,CWE-125,59,0.066,0.0263,0.1256,0.0263,0.0,0.0263,0.0,False,freq_unsafe=0.000<0.02
25262,16,CWE-125,60,0.0658,0.0263,0.1184,0.0395,0.0526,0.0263,0.2251,True,
10281,16,CWE-125,61,0.0654,0.0658,0.0713,0.0526,0.2763,0.2632,0.8144,True,
17228,16,CWE-125,62,0.0653,0.0132,0.1434,0.0132,0.0132,0.0,0.1434,False,freq_unsafe=0.013<0.02
10374,16,CWE-125,63,0.0652,0.0263,0.1236,0.0263,0.0,0.0263,0.0,False,freq_unsafe=0.000<0.02
6093,16,CWE-125,64,0.0651,0.0789,0.0574,0.0526,0.2237,0.2105,0.6769,True,
4465,16,CWE-125,65,0.065,0.0263,0.1229,0.0263,0.0395,0.0658,0.1578,True,
22288,16,CWE-125,66,0.0646,0.0526,0.0892,0.0395,0.1579,0.1184,0.5956,True,
18725,16,CWE-125,67,0.0645,0.0132,0.1416,0.0132,0.0,0.0132,0.0,False,freq_unsafe=0.000<0.02
11630,16,CWE-125,68,0.0644,0.0395,0.1019,0.0395,0.0526,0.0263,0.2171,True,
26550,16,CWE-125,69,0.0639,0.0395,0.1005,0.0395,0.0658,0.0395,0.2088,True,
6599,16,CWE-125,70,0.0639,0.0263,0.1202,0.0263,0.1053,0.0789,0.4273,True,
16892,16,CWE-125,71,0.0636,0.0263,0.1195,0.0263,0.0658,0.0789,0.2462,True,
24959,16,CWE-125,72,0.0633,0.0395,0.0924,0.0526,0.1053,0.0658,0.2794,True,
18936,16,CWE-125,73,0.0624,0.0132,0.1363,0.0132,0.0,0.0132,0.0,False,freq_unsafe=0.000<0.02
3497,16,CWE-125,74,0.0612,0.0132,0.1333,0.0132,0.0,0.0132,0.0,False,freq_unsafe=0.000<0.02
1951,16,CWE-125,75,0.0606,0.0263,0.112,0.0263,0.0526,0.0789,0.1917,True,
10025,16,CWE-125,76,0.0605,0.0263,0.1118,0.0263,0.0,0.0263,0.0,False,freq_unsafe=0.000<0.02
5453,16,CWE-125,77,0.0604,0.0132,0.1314,0.0132,0.0132,0.0,0.1314,False,freq_unsafe=0.013<0.02
25185,16,CWE-125,78,0.0602,0.0263,0.1109,0.0263,0.0263,0.0,0.1109,True,
16656,16,CWE-125,79,0.0599,0.0526,0.0775,0.0395,0.1053,0.1316,0.2778,True,
11635,16,CWE-125,80,0.0598,0.0395,0.0903,0.0395,0.0132,0.0526,0.0287,False,freq_unsafe=0.013<0.02
26373,16,CWE-125,81,0.0596,0.0658,0.07,0.0263,0.2105,0.1842,0.8868,True,
14376,16,CWE-125,82,0.0593,0.0395,0.0957,0.0263,0.2895,0.2895,0.9876,True,
2246,16,CWE-125,83,0.0593,0.0132,0.1286,0.0132,0.0,0.0132,0.0,False,freq_unsafe=0.000<0.02
29656,16,CWE-125,84,0.0591,0.0263,0.1083,0.0263,0.0263,0.0,0.1083,True,
22279,16,CWE-125,85,0.0591,0.0263,0.1083,0.0263,0.0132,0.0395,0.0315,False,freq_unsafe=0.013<0.02
21982,16,CWE-125,86,0.0589,0.0263,0.1013,0.0395,0.0526,0.0263,0.1933,True,
40,16,CWE-125,87,0.0588,0.0263,0.1076,0.0263,0.0,0.0263,0.0,False,freq_unsafe=0.000<0.02
1040,16,CWE-125,88,0.0582,0.0263,0.1059,0.0263,0.0263,0.0,0.1059,True,
30339,16,CWE-125,89,0.058,0.0132,0.1253,0.0132,0.0132,0.0,0.1253,False,freq_unsafe=0.013<0.02
24333,16,CWE-125,90,0.0576,0.0132,0.1242,0.0132,0.0132,0.0,0.1242,False,freq_unsafe=0.013<0.02
9816,16,CWE-125,91,0.0575,0.0526,0.0713,0.0395,0.2237,0.25,0.7456,True,
7328,16,CWE-125,92,0.0574,0.0395,0.0843,0.0395,0.0526,0.0789,0.1387,True,
27435,16,CWE-125,93,0.0574,0.0263,0.104,0.0263,0.0395,0.0132,0.1453,True,
25021,16,CWE-125,94,0.0573,0.0132,0.1234,0.0132,0.0132,0.0263,0.1022,False,freq_unsafe=0.013<0.02
18089,16,CWE-125,95,0.0571,0.0132,0.123,0.0132,0.0132,0.0,0.123,False,freq_unsafe=0.013<0.02
22402,16,CWE-125,96,0.0561,0.0263,0.1009,0.0263,0.0132,0.0263,0.0373,False,freq_unsafe=0.013<0.02
32130,16,CWE-125,97,0.0559,0.0132,0.1201,0.0132,0.0263,0.0132,0.155,True,
26213,16,CWE-125,98,0.0559,0.0132,0.1201,0.0132,0.0263,0.0132,0.15,True,
958,16,CWE-125,99,0.0556,0.0132,0.1192,0.0132,0.0,0.0132,0.0,False,freq_unsafe=0.000<0.02
26103,16,CWE-125,100,0.0554,0.0132,0.1187,0.0132,0.0132,0.0,0.1187,False,freq_unsafe=0.013<0.02
23752,16,CWE-125,101,0.0553,0.0132,0.1185,0.0132,0.0132,0.0,0.1185,False,freq_unsafe=0.013<0.02
4234,16,CWE-125,102,0.0552,0.0263,0.0985,0.0263,0.0,0.0263,0.0,False,freq_unsafe=0.000<0.02
16371,16,CWE-125,103,0.0551,0.0132,0.118,0.0132,0.0132,0.0,0.118,False,freq_unsafe=0.013<0.02
22893,16,CWE-125,104,0.0545,0.0132,0.1164,0.0132,0.0263,0.0132,0.1596,True,
30510,16,CWE-125,105,0.0545,0.0263,0.0967,0.0263,0.0526,0.0263,0.162,True,
26205,16,CWE-125,106,0.0542,0.0263,0.0959,0.0263,0.0,0.0263,0.0,False,freq_unsafe=0.000<0.02
23624,16,CWE-125,107,0.0539,0.0263,0.0952,0.0263,0.0263,0.0526,0.1115,True,
26274,16,CWE-125,108,0.0533,0.0526,0.0675,0.0263,0.1053,0.1184,0.3031,True,
30728,16,CWE-125,109,0.0529,0.0132,0.1124,0.0132,0.0132,0.0263,0.0485,False,freq_unsafe=0.013<0.02
28170,16,CWE-125,110,0.0527,0.0263,0.0923,0.0263,0.0395,0.0132,0.1454,True,
13382,16,CWE-125,111,0.0527,0.0263,0.0922,0.0263,0.0395,0.0132,0.1252,True,
32704,16,CWE-125,112,0.0525,0.0263,0.0918,0.0263,0.0395,0.0132,0.1417,True,
25067,16,CWE-125,113,0.0525,0.0132,0.1114,0.0132,0.0263,0.0395,0.2063,True,
0,16,CWE-125,114,0.0524,0.0132,0.1114,0.0132,0.0,0.0132,0.0,False,freq_unsafe=0.000<0.02
22720,16,CWE-125,115,0.0523,0.0658,0.0518,0.0263,0.3158,0.3026,1.1791,True,
31632,16,CWE-125,116,0.052,0.0132,0.1102,0.0132,0.0132,0.0,0.1102,False,freq_unsafe=0.013<0.02
9647,16,CWE-125,117,0.0513,0.0132,0.1086,0.0132,0.0,0.0132,0.0,False,freq_unsafe=0.000<0.02
20259,16,CWE-125,118,0.0512,0.0132,0.1083,0.0132,0.0132,0.0,0.1083,False,freq_unsafe=0.013<0.02
28202,16,CWE-125,119,0.0511,0.0132,0.1081,0.0132,0.0263,0.0263,0.0801,True,
9794,16,CWE-125,120,0.0504,0.0132,0.1062,0.0132,0.0,0.0132,0.0,False,freq_unsafe=0.000<0.02
5721,16,CWE-125,121,0.0503,0.0132,0.1061,0.0132,0.0,0.0132,0.0,False,freq_unsafe=0.000<0.02
25627,16,CWE-125,122,0.0498,0.0132,0.1047,0.0132,0.0132,0.0,0.1047,False,freq_unsafe=0.013<0.02; score=0.0498<0.05
3274,16,CWE-125,123,0.0495,0.0132,0.1041,0.0132,0.0132,0.0,0.1041,False,freq_unsafe=0.013<0.02; score=0.0495<0.05
4735,16,CWE-125,124,0.0494,0.0395,0.0643,0.0395,0.1184,0.0921,0.2963,False,score=0.0494<0.05
8845,16,CWE-125,125,0.0493,0.0263,0.0838,0.0263,0.0,0.0263,0.0,False,freq_unsafe=0.000<0.02; score=0.0493<0.05
24183,16,CWE-125,126,0.0492,0.0263,0.0835,0.0263,0.0263,0.0526,0.1164,False,score=0.0492<0.05
12340,16,CWE-125,127,0.0491,0.0263,0.0833,0.0263,0.0789,0.0526,0.2425,False,score=0.0491<0.05
26704,16,CWE-125,128,0.049,0.0263,0.083,0.0263,0.0526,0.0263,0.1525,False,score=0.0490<0.05
6610,16,CWE-125,129,0.0489,0.0263,0.0828,0.0263,0.0263,0.0,0.0828,False,score=0.0489<0.05
12883,16,CWE-125,130,0.0489,0.0263,0.0827,0.0263,0.0132,0.0395,0.0681,False,freq_unsafe=0.013<0.02; score=0.0489<0.05
15096,16,CWE-125,131,0.0488,0.0132,0.1022,0.0132,0.0,0.0132,0.0,False,freq_unsafe=0.000<0.02; score=0.0488<0.05
2011,16,CWE-125,132,0.0488,0.0132,0.1021,0.0132,0.0,0.0132,0.0,False,freq_unsafe=0.000<0.02; score=0.0488<0.05
26059,16,CWE-125,133,0.0487,0.0132,0.1021,0.0132,0.0132,0.0132,0.0638,False,freq_unsafe=0.013<0.02; score=0.0487<0.05
10357,16,CWE-125,134,0.048,0.0132,0.1002,0.0132,0.0263,0.0132,0.1635,False,score=0.0480<0.05
3888,16,CWE-125,135,0.0478,0.0263,0.0799,0.0263,0.0,0.0263,0.0,False,freq_unsafe=0.000<0.02; score=0.0478<0.05
22230,16,CWE-125,136,0.0475,0.0526,0.0529,0.0263,0.0658,0.0526,0.1906,False,score=0.0475<0.05
26419,16,CWE-125,137,0.0472,0.0132,0.0982,0.0132,0.0132,0.0,0.0982,False,freq_unsafe=0.013<0.02; score=0.0472<0.05
24445,16,CWE-125,138,0.0471,0.0132,0.0981,0.0132,0.0,0.0132,0.0,False,freq_unsafe=0.000<0.02; score=0.0471<0.05
4975,16,CWE-125,139,0.0471,0.0263,0.0782,0.0263,0.0395,0.0132,0.1186,False,score=0.0471<0.05
24044,16,CWE-125,140,0.0468,0.0132,0.0974,0.0132,0.0,0.0132,0.0,False,freq_unsafe=0.000<0.02; score=0.0468<0.05
28306,16,CWE-125,141,0.0468,0.0263,0.071,0.0395,0.0263,0.0526,0.0823,False,score=0.0468<0.05
21830,16,CWE-125,142,0.0468,0.0132,0.0972,0.0132,0.0,0.0132,0.0,False,freq_unsafe=0.000<0.02; score=0.0468<0.05
14889,16,CWE-125,143,0.0467,0.0132,0.0971,0.0132,0.0263,0.0395,0.1333,False,score=0.0467<0.05
448,16,CWE-125,144,0.0466,0.0132,0.0967,0.0132,0.0132,0.0,0.0967,False,freq_unsafe=0.013<0.02; score=0.0466<0.05
29659,16,CWE-125,145,0.0465,0.0263,0.0769,0.0263,0.0132,0.0395,0.0471,False,freq_unsafe=0.013<0.02; score=0.0465<0.05
23278,16,CWE-125,146,0.0464,0.0132,0.0964,0.0132,0.0263,0.0132,0.1933,False,score=0.0464<0.05
8488,16,CWE-125,147,0.0461,0.0132,0.0955,0.0132,0.0,0.0132,0.0,False,freq_unsafe=0.000<0.02; score=0.0461<0.05
31441,16,CWE-125,148,0.0456,0.0132,0.0943,0.0132,0.0263,0.0132,0.1257,False,score=0.0456<0.05
7839,16,CWE-125,149,0.0456,0.0263,0.0745,0.0263,0.0395,0.0658,0.1391,False,score=0.0456<0.05
12126,16,CWE-125,150,0.0455,0.0132,0.0941,0.0132,0.0132,0.0263,0.0381,False,freq_unsafe=0.013<0.02; score=0.0455<0.05
18464,16,CWE-125,151,0.0453,0.0263,0.0737,0.0263,0.0263,0.0,0.0737,False,score=0.0453<0.05
12751,16,CWE-125,152,0.0453,0.0132,0.0934,0.0132,0.0263,0.0132,0.1768,False,score=0.0453<0.05
15693,16,CWE-125,153,0.0452,0.0263,0.0735,0.0263,0.0395,0.0132,0.1013,False,score=0.0452<0.05
18545,16,CWE-125,154,0.045,0.0263,0.0797,0.0132,0.0263,0.0395,0.1077,False,score=0.0450<0.05
20272,16,CWE-125,155,0.0449,0.0263,0.0728,0.0263,0.0395,0.0132,0.1109,False,score=0.0449<0.05
4950,16,CWE-125,156,0.0448,0.0526,0.0397,0.0395,0.0526,0.0921,0.2085,False,score=0.0448<0.05
24498,16,CWE-125,157,0.0447,0.0132,0.0921,0.0132,0.0,0.0132,0.0,False,freq_unsafe=0.000<0.02; score=0.0447<0.05
30511,16,CWE-125,158,0.0447,0.0132,0.092,0.0132,0.0,0.0132,0.0,False,freq_unsafe=0.000<0.02; score=0.0447<0.05
6975,16,CWE-125,159,0.0447,0.0263,0.0722,0.0263,0.0,0.0263,0.0,False,freq_unsafe=0.000<0.02; score=0.0447<0.05
21330,16,CWE-125,160,0.0446,0.0132,0.0918,0.0132,0.0132,0.0,0.0918,False,freq_unsafe=0.013<0.02; score=0.0446<0.05
1320,16,CWE-125,161,0.0446,0.0263,0.0786,0.0132,0.0395,0.0263,0.2275,False,score=0.0446<0.05
32049,16,CWE-125,162,0.0445,0.0132,0.0915,0.0132,0.0132,0.0,0.0915,False,freq_unsafe=0.013<0.02; score=0.0445<0.05
31118,16,CWE-125,163,0.0443,0.0263,0.0712,0.0263,0.0526,0.0263,0.1576,False,score=0.0443<0.05
1710,16,CWE-125,164,0.0439,0.0526,0.0441,0.0263,0.1842,0.1974,0.669,False,score=0.0439<0.05
9845,16,CWE-125,165,0.0438,0.0132,0.0897,0.0132,0.0132,0.0,0.0897,False,freq_unsafe=0.013<0.02; score=0.0438<0.05
18483,16,CWE-125,166,0.0437,0.0132,0.0894,0.0132,0.0132,0.0,0.0894,False,freq_unsafe=0.013<0.02; score=0.0437<0.05
15183,16,CWE-125,167,0.0436,0.0263,0.0694,0.0263,0.0395,0.0132,0.0969,False,score=0.0436<0.05
15955,16,CWE-125,168,0.0433,0.0658,0.0358,0.0132,0.1184,0.1053,0.3553,False,score=0.0433<0.05
8990,16,CWE-125,169,0.043,0.0132,0.0878,0.0132,0.0132,0.0,0.0878,False,freq_unsafe=0.013<0.02; score=0.0430<0.05
17628,16,CWE-125,170,0.0427,0.0263,0.0672,0.0263,0.0789,0.0526,0.2624,False,score=0.0427<0.05
24379,16,CWE-125,171,0.0425,0.0263,0.0668,0.0263,0.0395,0.0132,0.1178,False,score=0.0425<0.05
2270,16,CWE-125,172,0.0424,0.0132,0.0863,0.0132,0.0132,0.0,0.0863,False,freq_unsafe=0.013<0.02; score=0.0424<0.05
22205,16,CWE-125,173,0.0424,0.0263,0.0732,0.0132,0.0395,0.0263,0.1687,False,score=0.0424<0.05
1053,16,CWE-125,174,0.0424,0.0132,0.0862,0.0132,0.0395,0.0263,0.2065,False,score=0.0424<0.05
9465,16,CWE-125,175,0.0424,0.0789,0.0006,0.0526,0.2763,0.3289,1.178,False,score=0.0424<0.05
11716,16,CWE-125,176,0.0423,0.0526,0.0399,0.0263,0.0789,0.0921,0.1997,False,score=0.0423<0.05
14189,16,CWE-125,177,0.0421,0.0132,0.0855,0.0132,0.0132,0.0,0.0855,False,freq_unsafe=0.013<0.02; score=0.0421<0.05
27540,16,CWE-125,178,0.0421,0.0263,0.0657,0.0263,0.0263,0.0,0.0657,False,score=0.0421<0.05
11595,16,CWE-125,179,0.042,0.0395,0.0524,0.0263,0.2368,0.2368,1.4123,False,score=0.0420<0.05
26121,16,CWE-125,180,0.0419,0.0132,0.0851,0.0132,0.0132,0.0,0.0851,False,freq_unsafe=0.013<0.02; score=0.0419<0.05
26334,16,CWE-125,181,0.0417,0.0132,0.0845,0.0132,0.0263,0.0132,0.1747,False,score=0.0417<0.05
9437,16,CWE-125,182,0.0416,0.0132,0.0842,0.0132,0.0132,0.0,0.0842,False,freq_unsafe=0.013<0.02; score=0.0416<0.05
20070,16,CWE-125,183,0.0414,0.0132,0.0839,0.0132,0.0,0.0132,0.0,False,freq_unsafe=0.000<0.02; score=0.0414<0.05
4961,16,CWE-125,184,0.0414,0.0263,0.064,0.0263,0.0,0.0263,0.0,False,freq_unsafe=0.000<0.02; score=0.0414<0.05
32266,16,CWE-125,185,0.0414,0.0263,0.0639,0.0263,0.0,0.0263,0.0,False,freq_unsafe=0.000<0.02; score=0.0414<0.05
7775,16,CWE-125,186,0.0414,0.0263,0.0639,0.0263,0.0263,0.0,0.0639,False,score=0.0414<0.05
7916,16,CWE-125,187,0.0413,0.0132,0.0836,0.0132,0.0132,0.0,0.0836,False,freq_unsafe=0.013<0.02; score=0.0413<0.05
4469,16,CWE-125,188,0.0412,0.0132,0.0833,0.0132,0.0132,0.0,0.0833,False,freq_unsafe=0.013<0.02; score=0.0412<0.05
1111,16,CWE-125,189,0.0412,0.0263,0.0635,0.0263,0.0,0.0263,0.0,False,freq_unsafe=0.000<0.02; score=0.0412<0.05
16105,16,CWE-125,190,0.0412,0.0132,0.0832,0.0132,0.0,0.0132,0.0,False,freq_unsafe=0.000<0.02; score=0.0412<0.05
21892,16,CWE-125,191,0.0408,0.0263,0.0626,0.0263,0.0789,0.0526,0.2959,False,score=0.0408<0.05
9643,16,CWE-125,192,0.0407,0.0263,0.0623,0.0263,0.0263,0.0,0.0623,False,score=0.0407<0.05
31541,16,CWE-125,193,0.0404,0.0132,0.0812,0.0132,0.0,0.0132,0.0,False,freq_unsafe=0.000<0.02; score=0.0404<0.05
22104,16,CWE-125,194,0.0403,0.0263,0.0612,0.0263,0.0,0.0263,0.0,False,freq_unsafe=0.000<0.02; score=0.0403<0.05
26138,16,CWE-125,195,0.04,0.0132,0.0803,0.0132,0.0395,0.0263,0.1471,False,score=0.0400<0.05
8679,16,CWE-125,196,0.0397,0.0132,0.0796,0.0132,0.0,0.0132,0.0,False,freq_unsafe=0.000<0.02; score=0.0397<0.05
23845,16,CWE-125,197,0.0397,0.0132,0.0796,0.0132,0.0132,0.0,0.0796,False,freq_unsafe=0.013<0.02; score=0.0397<0.05
23422,16,CWE-125,198,0.0397,0.0263,0.0597,0.0263,0.0,0.0263,0.0,False,freq_unsafe=0.000<0.02; score=0.0397<0.05
32552,16,CWE-125,199,0.0395,0.0132,0.0791,0.0132,0.0,0.0132,0.0,False,freq_unsafe=0.000<0.02; score=0.0395<0.05
8076,16,CWE-125,200,0.0394,0.0263,0.0591,0.0263,0.0263,0.0,0.0591,False,score=0.0394<0.05
6986,16,CWE-787,1,0.1759,0.0923,0.3168,0.0615,0.9846,0.9692,10.311,False,"both_high(fu=0.98,fs=0.97)"
6093,16,CWE-787,2,0.1151,0.0462,0.2184,0.0462,0.2615,0.2308,1.0938,True,
14376,16,CWE-787,3,0.115,0.0615,0.1952,0.0615,0.3077,0.2462,1.0134,True,
9768,16,CWE-787,4,0.1042,0.0462,0.1913,0.0462,0.0308,0.0769,0.105,True,
22720,16,CWE-787,5,0.1001,0.0462,0.1734,0.0615,0.2615,0.2923,0.8697,True,
5034,16,CWE-787,6,0.0984,0.0615,0.1537,0.0615,0.0923,0.1538,0.2865,True,
9820,16,CWE-787,7,0.095,0.0462,0.1683,0.0462,0.1385,0.1846,0.7654,True,
27215,16,CWE-787,8,0.0899,0.0308,0.1787,0.0308,0.0308,0.0,0.1787,True,
11907,16,CWE-787,9,0.0889,0.0308,0.176,0.0308,0.0154,0.0462,0.0484,False,freq_unsafe=0.015<0.02
1218,16,CWE-787,10,0.0849,0.0308,0.1661,0.0308,0.1385,0.1692,1.3654,True,
16587,16,CWE-787,11,0.0846,0.0154,0.1884,0.0154,0.0154,0.0,0.1884,False,freq_unsafe=0.015<0.02
22288,16,CWE-787,12,0.0844,0.0462,0.1418,0.0462,0.2,0.1538,0.7171,True,
22206,16,CWE-787,13,0.0798,0.0154,0.1763,0.0154,0.0154,0.0308,0.0678,False,freq_unsafe=0.015<0.02
1320,16,CWE-787,14,0.0778,0.0308,0.1483,0.0308,0.0308,0.0,0.1483,True,
10758,16,CWE-787,15,0.0777,0.0615,0.1096,0.0462,0.8154,0.8,3.6055,True,
11595,16,CWE-787,16,0.0765,0.0615,0.1067,0.0462,0.2154,0.2154,1.3528,True,
29960,16,CWE-787,17,0.075,0.0154,0.1645,0.0154,0.0,0.0154,0.0,False,freq_unsafe=0.000<0.02
17625,16,CWE-787,18,0.0738,0.0462,0.1152,0.0462,0.0462,0.0,0.1152,True,
12060,16,CWE-787,19,0.0737,0.0154,0.1612,0.0154,0.0154,0.0,0.1612,False,freq_unsafe=0.015<0.02
19743,16,CWE-787,20,0.0715,0.0462,0.1018,0.0615,0.1846,0.2,0.5818,True,
24815,16,CWE-787,21,0.0711,0.0308,0.1316,0.0308,0.0,0.0308,0.0,False,freq_unsafe=0.000<0.02
11756,16,CWE-787,22,0.0699,0.0154,0.1516,0.0154,0.0,0.0154,0.0,False,freq_unsafe=0.000<0.02
14034,16,CWE-787,23,0.0694,0.0308,0.1273,0.0308,0.0,0.0308,0.0,False,freq_unsafe=0.000<0.02
22493,16,CWE-787,24,0.0691,0.0308,0.1266,0.0308,0.0154,0.0462,0.0357,False,freq_unsafe=0.015<0.02
1334,16,CWE-787,25,0.0689,0.0615,0.0877,0.0462,0.2923,0.3231,1.3131,True,
25717,16,CWE-787,26,0.0688,0.0769,0.0721,0.0462,0.1846,0.1692,0.5855,True,
23335,16,CWE-787,27,0.0685,0.0308,0.1251,0.0308,0.0308,0.0,0.1251,True,
14666,16,CWE-787,28,0.0676,0.0308,0.1228,0.0308,0.0,0.0308,0.0,False,freq_unsafe=0.000<0.02
9416,16,CWE-787,29,0.0672,0.0462,0.0988,0.0462,0.1077,0.0615,0.2858,True,
19933,16,CWE-787,30,0.0671,0.0308,0.1215,0.0308,0.0,0.0308,0.0,False,freq_unsafe=0.000<0.02
15432,16,CWE-787,31,0.0653,0.0308,0.1172,0.0308,0.0154,0.0462,0.0541,False,freq_unsafe=0.015<0.02
9342,16,CWE-787,32,0.065,0.0462,0.101,0.0308,0.4615,0.4769,1.8918,True,
16892,16,CWE-787,33,0.065,0.0308,0.1162,0.0308,0.0769,0.0462,0.3791,True,
18805,16,CWE-787,34,0.0639,0.0308,0.1137,0.0308,0.0462,0.0154,0.2129,True,
5951,16,CWE-787,35,0.0639,0.0308,0.1136,0.0308,0.0769,0.0462,0.2664,True,
21415,16,CWE-787,36,0.0638,0.0154,0.1364,0.0154,0.0,0.0154,0.0,False,freq_unsafe=0.000<0.02
24157,16,CWE-787,37,0.0633,0.0154,0.1351,0.0154,0.0,0.0154,0.0,False,freq_unsafe=0.000<0.02
2917,16,CWE-787,38,0.0621,0.0769,0.0628,0.0308,0.2769,0.2769,1.3032,True,
7839,16,CWE-787,39,0.0618,0.0308,0.1084,0.0308,0.0154,0.0462,0.0371,False,freq_unsafe=0.015<0.02
22137,16,CWE-787,40,0.0618,0.0154,0.1314,0.0154,0.0154,0.0,0.1314,False,freq_unsafe=0.015<0.02
32691,16,CWE-787,41,0.0568,0.0154,0.1189,0.0154,0.0,0.0154,0.0,False,freq_unsafe=0.000<0.02
4163,16,CWE-787,42,0.0566,0.0308,0.0954,0.0308,0.0154,0.0462,0.0331,False,freq_unsafe=0.015<0.02
329,16,CWE-787,43,0.0563,0.0308,0.0945,0.0308,0.0462,0.0154,0.1415,True,
16828,16,CWE-787,44,0.0561,0.0154,0.1173,0.0154,0.0154,0.0,0.1173,False,freq_unsafe=0.015<0.02
22892,16,CWE-787,45,0.0559,0.0615,0.0627,0.0308,0.4,0.4154,1.7173,True,
25550,16,CWE-787,46,0.0558,0.0154,0.1164,0.0154,0.0,0.0154,0.0,False,freq_unsafe=0.000<0.02
14671,16,CWE-787,47,0.0555,0.0154,0.1156,0.0154,0.0154,0.0,0.1156,False,freq_unsafe=0.015<0.02
32586,16,CWE-787,48,0.0553,0.0154,0.1152,0.0154,0.0,0.0154,0.0,False,freq_unsafe=0.000<0.02
19806,16,CWE-787,49,0.0551,0.0154,0.1148,0.0154,0.0154,0.0,0.1148,False,freq_unsafe=0.015<0.02
28022,16,CWE-787,50,0.0551,0.0462,0.0762,0.0308,0.1385,0.1538,0.3796,True,
22135,16,CWE-787,51,0.0548,0.0154,0.1138,0.0154,0.0154,0.0,0.1138,False,freq_unsafe=0.015<0.02
17395,16,CWE-787,52,0.0538,0.0308,0.0884,0.0308,0.0615,0.0923,0.1876,True,
3678,16,CWE-787,53,0.0534,0.0308,0.0873,0.0308,0.0,0.0308,0.0,False,freq_unsafe=0.000<0.02
8137,16,CWE-787,54,0.0534,0.0308,0.0949,0.0154,0.0462,0.0615,0.1647,True,
10281,16,CWE-787,55,0.0533,0.0308,0.0872,0.0308,0.0923,0.1231,0.3506,True,
2580,16,CWE-787,56,0.0531,0.0154,0.1097,0.0154,0.0,0.0154,0.0,False,freq_unsafe=0.000<0.02
13716,16,CWE-787,57,0.0522,0.0154,0.1074,0.0154,0.0308,0.0154,0.1672,True,
12955,16,CWE-787,58,0.0515,0.0308,0.0749,0.0462,0.0923,0.1077,0.2904,True,
26732,16,CWE-787,59,0.0512,0.0154,0.1049,0.0154,0.0154,0.0,0.1049,False,freq_unsafe=0.015<0.02
15897,16,CWE-787,60,0.0504,0.0154,0.103,0.0154,0.0154,0.0,0.103,False,freq_unsafe=0.015<0.02
228,16,CWE-787,61,0.0504,0.0308,0.0797,0.0308,0.0615,0.0308,0.1836,True,
3785,16,CWE-787,62,0.0503,0.0308,0.0797,0.0308,0.0462,0.0154,0.1363,True,
22389,16,CWE-787,63,0.0503,0.0308,0.0795,0.0308,0.0308,0.0,0.0795,True,
3944,16,CWE-787,64,0.0502,0.0308,0.0793,0.0308,0.0,0.0308,0.0,False,freq_unsafe=0.000<0.02
26709,16,CWE-787,65,0.0499,0.0308,0.0785,0.0308,0.0308,0.0,0.0785,False,score=0.0499<0.05
3030,16,CWE-787,66,0.0497,0.0154,0.1012,0.0154,0.0154,0.0,0.1012,False,freq_unsafe=0.015<0.02; score=0.0497<0.05
2412,16,CWE-787,67,0.0496,0.0154,0.101,0.0154,0.0154,0.0308,0.0639,False,freq_unsafe=0.015<0.02; score=0.0496<0.05
31203,16,CWE-787,68,0.0495,0.0154,0.1008,0.0154,0.0154,0.0,0.1008,False,freq_unsafe=0.015<0.02; score=0.0495<0.05
14521,16,CWE-787,69,0.0495,0.0308,0.0775,0.0308,0.0,0.0308,0.0,False,freq_unsafe=0.000<0.02; score=0.0495<0.05
18369,16,CWE-787,70,0.0491,0.0308,0.0767,0.0308,0.0462,0.0154,0.17,False,score=0.0491<0.05
22678,16,CWE-787,71,0.0491,0.0308,0.0766,0.0308,0.0,0.0308,0.0,False,freq_unsafe=0.000<0.02; score=0.0491<0.05
10199,16,CWE-787,72,0.049,0.0154,0.0994,0.0154,0.0,0.0154,0.0,False,freq_unsafe=0.000<0.02; score=0.0490<0.05
27091,16,CWE-787,73,0.0487,0.0154,0.0988,0.0154,0.0308,0.0154,0.1412,False,score=0.0487<0.05
14739,16,CWE-787,74,0.048,0.0308,0.0739,0.0308,0.0923,0.1231,0.2704,False,score=0.0480<0.05
5294,16,CWE-787,75,0.0479,0.0154,0.0968,0.0154,0.0154,0.0,0.0968,False,freq_unsafe=0.015<0.02; score=0.0479<0.05
13103,16,CWE-787,76,0.0478,0.0154,0.0963,0.0154,0.0,0.0154,0.0,False,freq_unsafe=0.000<0.02; score=0.0478<0.05
21024,16,CWE-787,77,0.047,0.0308,0.0712,0.0308,0.0,0.0308,0.0,False,freq_unsafe=0.000<0.02; score=0.0470<0.05
21602,16,CWE-787,78,0.0467,0.0308,0.0706,0.0308,0.0,0.0308,0.0,False,freq_unsafe=0.000<0.02; score=0.0467<0.05
14124,16,CWE-787,79,0.0465,0.0154,0.0932,0.0154,0.0308,0.0154,0.1399,False,score=0.0465<0.05
18239,16,CWE-787,80,0.0462,0.0154,0.0925,0.0154,0.0154,0.0,0.0925,False,freq_unsafe=0.015<0.02; score=0.0462<0.05
17987,16,CWE-787,81,0.0461,0.0154,0.0922,0.0154,0.0,0.0154,0.0,False,freq_unsafe=0.000<0.02; score=0.0461<0.05
11926,16,CWE-787,82,0.0461,0.0308,0.0691,0.0308,0.1538,0.1231,0.3761,False,score=0.0461<0.05
497,16,CWE-787,83,0.0458,0.0154,0.0915,0.0154,0.0154,0.0,0.0915,False,freq_unsafe=0.015<0.02; score=0.0458<0.05
29862,16,CWE-787,84,0.0457,0.0308,0.0682,0.0308,0.2,0.1846,0.7557,False,score=0.0457<0.05
8180,16,CWE-787,85,0.0444,0.0308,0.0648,0.0308,0.0308,0.0,0.0648,False,score=0.0444<0.05
13416,16,CWE-787,86,0.0443,0.0154,0.0878,0.0154,0.0154,0.0,0.0878,False,freq_unsafe=0.015<0.02; score=0.0443<0.05
28644,16,CWE-787,87,0.0441,0.0308,0.064,0.0308,0.1538,0.1692,0.4362,False,score=0.0441<0.05
11916,16,CWE-787,88,0.044,0.0154,0.087,0.0154,0.0,0.0154,0.0,False,freq_unsafe=0.000<0.02; score=0.0440<0.05
448,16,CWE-787,89,0.0436,0.0154,0.086,0.0154,0.0154,0.0,0.086,False,freq_unsafe=0.015<0.02; score=0.0436<0.05
9487,16,CWE-787,90,0.0435,0.0154,0.0857,0.0154,0.0462,0.0615,0.2186,False,score=0.0435<0.05
15068,16,CWE-787,91,0.0432,0.0154,0.0848,0.0154,0.0,0.0154,0.0,False,freq_unsafe=0.000<0.02; score=0.0432<0.05
24632,16,CWE-787,92,0.0432,0.0154,0.0848,0.0154,0.0462,0.0308,0.2654,False,score=0.0432<0.05
9653,16,CWE-787,93,0.0428,0.0154,0.0839,0.0154,0.0154,0.0308,0.036,False,freq_unsafe=0.015<0.02; score=0.0428<0.05
31225,16,CWE-787,94,0.0423,0.0154,0.0826,0.0154,0.0,0.0154,0.0,False,freq_unsafe=0.000<0.02; score=0.0423<0.05
4950,16,CWE-787,95,0.0419,0.0154,0.0818,0.0154,0.0308,0.0462,0.1554,False,score=0.0419<0.05
12333,16,CWE-787,96,0.0419,0.0154,0.0818,0.0154,0.0,0.0154,0.0,False,freq_unsafe=0.000<0.02; score=0.0419<0.05
11326,16,CWE-787,97,0.0418,0.0154,0.0814,0.0154,0.0154,0.0308,0.0556,False,freq_unsafe=0.015<0.02; score=0.0418<0.05
9465,16,CWE-787,98,0.0417,0.0615,0.035,0.0154,0.1846,0.2,0.6339,False,score=0.0417<0.05
29799,16,CWE-787,99,0.0415,0.0308,0.0575,0.0308,0.1692,0.1846,0.4897,False,score=0.0415<0.05
10226,16,CWE-787,100,0.0413,0.0154,0.0802,0.0154,0.0154,0.0308,0.0494,False,freq_unsafe=0.015<0.02; score=0.0413<0.05
23757,16,CWE-787,101,0.0412,0.0154,0.0799,0.0154,0.0,0.0154,0.0,False,freq_unsafe=0.000<0.02; score=0.0412<0.05
10084,16,CWE-787,102,0.0411,0.0154,0.0798,0.0154,0.0308,0.0154,0.1396,False,score=0.0411<0.05
1547,16,CWE-787,103,0.0411,0.0154,0.0797,0.0154,0.0,0.0154,0.0,False,freq_unsafe=0.000<0.02; score=0.0411<0.05
31500,16,CWE-787,104,0.041,0.0154,0.0794,0.0154,0.0154,0.0,0.0794,False,freq_unsafe=0.015<0.02; score=0.0410<0.05
26413,16,CWE-787,105,0.0408,0.0154,0.0789,0.0154,0.0,0.0154,0.0,False,freq_unsafe=0.000<0.02; score=0.0408<0.05
26296,16,CWE-787,106,0.0407,0.0154,0.0787,0.0154,0.0,0.0154,0.0,False,freq_unsafe=0.000<0.02; score=0.0407<0.05
7595,16,CWE-787,107,0.0407,0.0154,0.0786,0.0154,0.0615,0.0769,0.2709,False,score=0.0407<0.05
29437,16,CWE-787,108,0.0404,0.0154,0.0779,0.0154,0.0,0.0154,0.0,False,freq_unsafe=0.000<0.02; score=0.0404<0.05
20678,16,CWE-787,109,0.0403,0.0154,0.0777,0.0154,0.0308,0.0154,0.2352,False,score=0.0403<0.05
4028,16,CWE-787,110,0.04,0.0154,0.0769,0.0154,0.0154,0.0,0.0769,False,freq_unsafe=0.015<0.02; score=0.0400<0.05
9647,16,CWE-787,111,0.0399,0.0154,0.0767,0.0154,0.0154,0.0,0.0767,False,freq_unsafe=0.015<0.02; score=0.0399<0.05
23573,16,CWE-787,112,0.0398,0.0154,0.0765,0.0154,0.0308,0.0154,0.1423,False,score=0.0398<0.05
20652,16,CWE-787,113,0.039,0.0154,0.0745,0.0154,0.0,0.0154,0.0,False,freq_unsafe=0.000<0.02; score=0.0390<0.05
16225,16,CWE-787,114,0.0389,0.0154,0.0743,0.0154,0.0154,0.0308,0.0851,False,freq_unsafe=0.015<0.02; score=0.0389<0.05
25697,16,CWE-787,115,0.0389,0.0154,0.0741,0.0154,0.0154,0.0308,0.0594,False,freq_unsafe=0.015<0.02; score=0.0389<0.05
25185,16,CWE-787,116,0.0388,0.0154,0.0738,0.0154,0.0154,0.0,0.0738,False,freq_unsafe=0.015<0.02; score=0.0388<0.05
17180,16,CWE-787,117,0.0387,0.0154,0.0737,0.0154,0.0308,0.0154,0.1319,False,score=0.0387<0.05
25186,16,CWE-787,118,0.0385,0.0154,0.0731,0.0154,0.0,0.0154,0.0,False,freq_unsafe=0.000<0.02; score=0.0385<0.05
12438,16,CWE-787,119,0.0385,0.0154,0.0731,0.0154,0.0154,0.0,0.0731,False,freq_unsafe=0.015<0.02; score=0.0385<0.05
12207,16,CWE-787,120,0.0381,0.0154,0.0722,0.0154,0.0,0.0154,0.0,False,freq_unsafe=0.000<0.02; score=0.0381<0.05
1940,16,CWE-787,121,0.0381,0.0308,0.0568,0.0154,0.0615,0.0615,0.3545,False,score=0.0381<0.05
1710,16,CWE-787,122,0.0381,0.0462,0.0337,0.0308,0.2,0.2,0.7199,False,score=0.0381<0.05
1933,16,CWE-787,123,0.0373,0.0154,0.0701,0.0154,0.0,0.0154,0.0,False,freq_unsafe=0.000<0.02; score=0.0373<0.05
11830,16,CWE-787,124,0.0372,0.0154,0.0698,0.0154,0.0,0.0154,0.0,False,freq_unsafe=0.000<0.02; score=0.0372<0.05
29094,16,CWE-787,125,0.0371,0.0154,0.0697,0.0154,0.0462,0.0308,0.1697,False,score=0.0371<0.05
16174,16,CWE-787,126,0.0369,0.0154,0.0692,0.0154,0.0154,0.0308,0.1227,False,freq_unsafe=0.015<0.02; score=0.0369<0.05
18128,16,CWE-787,127,0.0369,0.0154,0.0692,0.0154,0.0154,0.0,0.0692,False,freq_unsafe=0.015<0.02; score=0.0369<0.05
6835,16,CWE-787,128,0.0368,0.0154,0.069,0.0154,0.0154,0.0154,0.1804,False,freq_unsafe=0.015<0.02; score=0.0368<0.05
19408,16,CWE-787,129,0.0366,0.0154,0.0683,0.0154,0.0154,0.0,0.0683,False,freq_unsafe=0.015<0.02; score=0.0366<0.05
16817,16,CWE-787,130,0.0363,0.0308,0.0447,0.0308,0.0462,0.0308,0.1313,False,score=0.0363<0.05
9102,16,CWE-787,131,0.0363,0.0154,0.0678,0.0154,0.0615,0.0462,0.2228,False,score=0.0363<0.05
16376,16,CWE-787,132,0.0362,0.0154,0.0675,0.0154,0.0154,0.0154,0.0476,False,freq_unsafe=0.015<0.02; score=0.0362<0.05
9117,16,CWE-787,133,0.0362,0.0154,0.0675,0.0154,0.0308,0.0308,0.2646,False,score=0.0362<0.05
24130,16,CWE-787,134,0.0362,0.0308,0.052,0.0154,0.2,0.1846,0.7497,False,score=0.0362<0.05
19011,16,CWE-787,135,0.0361,0.0154,0.0672,0.0154,0.0,0.0154,0.0,False,freq_unsafe=0.000<0.02; score=0.0361<0.05
992,16,CWE-787,136,0.036,0.0154,0.0669,0.0154,0.0154,0.0,0.0669,False,freq_unsafe=0.015<0.02; score=0.0360<0.05
18985,16,CWE-787,137,0.0358,0.0154,0.0665,0.0154,0.0154,0.0,0.0665,False,freq_unsafe=0.015<0.02; score=0.0358<0.05
24389,16,CWE-787,138,0.0355,0.0308,0.0502,0.0154,0.0154,0.0308,0.0469,False,freq_unsafe=0.015<0.02; score=0.0355<0.05
20251,16,CWE-787,139,0.0353,0.0154,0.0651,0.0154,0.0154,0.0,0.0651,False,freq_unsafe=0.015<0.02; score=0.0353<0.05
2573,16,CWE-787,140,0.0352,0.0154,0.0648,0.0154,0.0,0.0154,0.0,False,freq_unsafe=0.000<0.02; score=0.0352<0.05
2961,16,CWE-787,141,0.035,0.0154,0.0645,0.0154,0.0,0.0154,0.0,False,freq_unsafe=0.000<0.02; score=0.0350<0.05
27541,16,CWE-787,142,0.0347,0.0154,0.0638,0.0154,0.0,0.0154,0.0,False,freq_unsafe=0.000<0.02; score=0.0347<0.05
5064,16,CWE-787,143,0.0346,0.0154,0.0633,0.0154,0.0,0.0154,0.0,False,freq_unsafe=0.000<0.02; score=0.0346<0.05
27337,16,CWE-787,144,0.0345,0.0154,0.0632,0.0154,0.0,0.0154,0.0,False,freq_unsafe=0.000<0.02; score=0.0345<0.05
21817,16,CWE-787,145,0.0345,0.0154,0.0632,0.0154,0.0,0.0154,0.0,False,freq_unsafe=0.000<0.02; score=0.0345<0.05
2905,16,CWE-787,146,0.0344,0.0154,0.063,0.0154,0.0308,0.0154,0.152,False,score=0.0344<0.05
31312,16,CWE-787,147,0.0343,0.0154,0.0628,0.0154,0.0,0.0154,0.0,False,freq_unsafe=0.000<0.02; score=0.0343<0.05
10982,16,CWE-787,148,0.0341,0.0154,0.0621,0.0154,0.0154,0.0,0.0621,False,freq_unsafe=0.015<0.02; score=0.0341<0.05
20103,16,CWE-787,149,0.0339,0.0154,0.0617,0.0154,0.0308,0.0154,0.1727,False,score=0.0339<0.05
11343,16,CWE-787,150,0.0337,0.0154,0.0612,0.0154,0.0,0.0154,0.0,False,freq_unsafe=0.000<0.02; score=0.0337<0.05
13778,16,CWE-787,151,0.0336,0.0154,0.0609,0.0154,0.0154,0.0,0.0609,False,freq_unsafe=0.015<0.02; score=0.0336<0.05
14637,16,CWE-787,152,0.0336,0.0154,0.0609,0.0154,0.0308,0.0154,0.1137,False,score=0.0336<0.05
28027,16,CWE-787,153,0.0336,0.0154,0.0608,0.0154,0.0,0.0154,0.0,False,freq_unsafe=0.000<0.02; score=0.0336<0.05
28672,16,CWE-787,154,0.0335,0.0154,0.0608,0.0154,0.0154,0.0,0.0608,False,freq_unsafe=0.015<0.02; score=0.0335<0.05
9287,16,CWE-787,155,0.0335,0.0615,0.0068,0.0308,0.4462,0.4462,1.8196,False,score=0.0335<0.05
5217,16,CWE-787,156,0.0334,0.0154,0.0604,0.0154,0.0308,0.0154,0.1074,False,score=0.0334<0.05
28896,16,CWE-787,157,0.0332,0.0154,0.0599,0.0154,0.0,0.0154,0.0,False,freq_unsafe=0.000<0.02; score=0.0332<0.05
13242,16,CWE-787,158,0.0332,0.0154,0.0598,0.0154,0.0,0.0154,0.0,False,freq_unsafe=0.000<0.02; score=0.0332<0.05
3364,16,CWE-787,159,0.0331,0.0154,0.0597,0.0154,0.0,0.0154,0.0,False,freq_unsafe=0.000<0.02; score=0.0331<0.05
17065,16,CWE-787,160,0.0328,0.0154,0.059,0.0154,0.0154,0.0,0.059,False,freq_unsafe=0.015<0.02; score=0.0328<0.05
0,16,CWE-787,161,0.0328,0.0154,0.059,0.0154,0.0154,0.0,0.059,False,freq_unsafe=0.015<0.02; score=0.0328<0.05
30016,16,CWE-787,162,0.0328,0.0154,0.0589,0.0154,0.0,0.0154,0.0,False,freq_unsafe=0.000<0.02; score=0.0328<0.05
26674,16,CWE-787,163,0.0327,0.0154,0.0587,0.0154,0.0,0.0154,0.0,False,freq_unsafe=0.000<0.02; score=0.0327<0.05
1146,16,CWE-787,164,0.0327,0.0154,0.0587,0.0154,0.0,0.0154,0.0,False,freq_unsafe=0.000<0.02; score=0.0327<0.05
4511,16,CWE-787,165,0.0324,0.0154,0.0579,0.0154,0.0308,0.0154,0.0943,False,score=0.0324<0.05
4652,16,CWE-787,166,0.0322,0.0154,0.0573,0.0154,0.0154,0.0,0.0573,False,freq_unsafe=0.015<0.02; score=0.0322<0.05
29396,16,CWE-787,167,0.0322,0.0154,0.0573,0.0154,0.0,0.0154,0.0,False,freq_unsafe=0.000<0.02; score=0.0322<0.05
11080,16,CWE-787,168,0.0321,0.0154,0.0573,0.0154,0.0308,0.0154,0.1011,False,score=0.0321<0.05
28929,16,CWE-787,169,0.032,0.0154,0.057,0.0154,0.0,0.0154,0.0,False,freq_unsafe=0.000<0.02; score=0.0320<0.05
28430,16,CWE-787,170,0.032,0.0154,0.057,0.0154,0.0,0.0154,0.0,False,freq_unsafe=0.000<0.02; score=0.0320<0.05
15437,16,CWE-787,171,0.0318,0.0154,0.0486,0.0308,0.0769,0.0615,0.2221,False,score=0.0318<0.05
26214,16,CWE-787,172,0.0317,0.0154,0.0561,0.0154,0.0,0.0154,0.0,False,freq_unsafe=0.000<0.02; score=0.0317<0.05
32330,16,CWE-787,173,0.0317,0.0154,0.0561,0.0154,0.0154,0.0,0.0561,False,freq_unsafe=0.015<0.02; score=0.0317<0.05
9485,16,CWE-787,174,0.0316,0.0154,0.0558,0.0154,0.0154,0.0,0.0558,False,freq_unsafe=0.015<0.02; score=0.0316<0.05
23498,16,CWE-787,175,0.0314,0.0154,0.0555,0.0154,0.0154,0.0,0.0555,False,freq_unsafe=0.015<0.02; score=0.0314<0.05
28530,16,CWE-787,176,0.0314,0.0154,0.0554,0.0154,0.0154,0.0,0.0554,False,freq_unsafe=0.015<0.02; score=0.0314<0.05
20246,16,CWE-787,177,0.0314,0.0154,0.0554,0.0154,0.0923,0.0769,0.2611,False,score=0.0314<0.05
11735,16,CWE-787,178,0.0314,0.0154,0.0554,0.0154,0.0,0.0154,0.0,False,freq_unsafe=0.000<0.02; score=0.0314<0.05
22194,16,CWE-787,179,0.0314,0.0154,0.0553,0.0154,0.0,0.0154,0.0,False,freq_unsafe=0.000<0.02; score=0.0314<0.05
12812,16,CWE-787,180,0.0311,0.0154,0.0548,0.0154,0.0154,0.0,0.0548,False,freq_unsafe=0.015<0.02; score=0.0311<0.05
15161,16,CWE-787,181,0.0311,0.0154,0.0547,0.0154,0.0,0.0154,0.0,False,freq_unsafe=0.000<0.02; score=0.0311<0.05
29848,16,CWE-787,182,0.0311,0.0154,0.0547,0.0154,0.0308,0.0154,0.0884,False,score=0.0311<0.05
8809,16,CWE-787,183,0.0311,0.0154,0.0546,0.0154,0.0154,0.0,0.0546,False,freq_unsafe=0.015<0.02; score=0.0311<0.05
3668,16,CWE-787,184,0.031,0.0154,0.0543,0.0154,0.0,0.0154,0.0,False,freq_unsafe=0.000<0.02; score=0.0310<0.05
15263,16,CWE-787,185,0.0309,0.0154,0.0541,0.0154,0.0,0.0154,0.0,False,freq_unsafe=0.000<0.02; score=0.0309<0.05
15572,16,CWE-787,186,0.0308,0.0154,0.054,0.0154,0.0308,0.0154,0.1017,False,score=0.0308<0.05
4356,16,CWE-787,187,0.0306,0.0154,0.0535,0.0154,0.0154,0.0154,0.0318,False,freq_unsafe=0.015<0.02; score=0.0306<0.05
20259,16,CWE-787,188,0.0305,0.0154,0.0532,0.0154,0.0154,0.0,0.0532,False,freq_unsafe=0.015<0.02; score=0.0305<0.05
32319,16,CWE-787,189,0.0305,0.0154,0.0532,0.0154,0.0,0.0154,0.0,False,freq_unsafe=0.000<0.02; score=0.0305<0.05
20272,16,CWE-787,190,0.0303,0.0154,0.0527,0.0154,0.0154,0.0,0.0527,False,freq_unsafe=0.015<0.02; score=0.0303<0.05
30988,16,CWE-787,191,0.0302,0.0154,0.0525,0.0154,0.0,0.0154,0.0,False,freq_unsafe=0.000<0.02; score=0.0302<0.05
7949,16,CWE-787,192,0.0302,0.0154,0.0524,0.0154,0.0308,0.0154,0.1647,False,score=0.0302<0.05
19976,16,CWE-787,193,0.0301,0.0154,0.0522,0.0154,0.0154,0.0,0.0522,False,freq_unsafe=0.015<0.02; score=0.0301<0.05
2546,16,CWE-787,194,0.03,0.0154,0.052,0.0154,0.0308,0.0154,0.1034,False,score=0.0300<0.05
20261,16,CWE-787,195,0.03,0.0154,0.0519,0.0154,0.0,0.0154,0.0,False,freq_unsafe=0.000<0.02; score=0.0300<0.05
15268,16,CWE-787,196,0.03,0.0154,0.0519,0.0154,0.0,0.0154,0.0,False,freq_unsafe=0.000<0.02; score=0.0300<0.05
7367,16,CWE-787,197,0.0298,0.0154,0.0515,0.0154,0.0154,0.0,0.0515,False,freq_unsafe=0.015<0.02; score=0.0298<0.05
21901,16,CWE-787,198,0.0298,0.0154,0.0515,0.0154,0.0154,0.0,0.0515,False,freq_unsafe=0.015<0.02; score=0.0298<0.05
2705,16,CWE-787,199,0.0298,0.0154,0.0513,0.0154,0.1231,0.1385,0.581,False,score=0.0298<0.05
25585,16,CWE-787,200,0.0296,0.0154,0.051,0.0154,0.0154,0.0,0.051,False,freq_unsafe=0.015<0.02; score=0.0296<0.05
6986,16,CWE-190,1,0.3266,0.1059,0.6753,0.0706,0.9176,0.9412,9.0696,True,
9465,16,CWE-190,2,0.2231,0.0941,0.4107,0.1059,0.2353,0.1529,0.9153,True,
10758,16,CWE-190,3,0.1542,0.1294,0.2209,0.0706,0.8353,0.8118,3.9782,True,
11625,16,CWE-190,4,0.1309,0.0471,0.2566,0.0471,0.1059,0.0706,0.5741,True,
22720,16,CWE-190,5,0.1117,0.0824,0.1675,0.0588,0.2706,0.3294,1.1952,True,
7839,16,CWE-190,6,0.097,0.0353,0.1896,0.0353,0.0353,0.0,0.1896,True,
26373,16,CWE-190,7,0.091,0.0588,0.1392,0.0588,0.2118,0.1882,0.8654,True,
14376,16,CWE-190,8,0.0886,0.0588,0.145,0.0353,0.2118,0.1765,0.8286,True,
9287,16,CWE-190,9,0.086,0.0824,0.1092,0.0471,0.4471,0.4118,1.7673,True,
26413,16,CWE-190,10,0.0831,0.0353,0.1549,0.0353,0.0353,0.0,0.1549,True,
27913,16,CWE-190,11,0.0817,0.0353,0.1514,0.0353,0.0118,0.0471,0.0362,False,freq_unsafe=0.012<0.02
22402,16,CWE-190,12,0.0816,0.0353,0.1571,0.0235,0.0824,0.0588,0.3036,True,
9416,16,CWE-190,13,0.0814,0.0471,0.1329,0.0471,0.0588,0.1059,0.2272,True,
6312,16,CWE-190,14,0.0807,0.0941,0.09,0.0353,0.2588,0.2824,1.0823,True,
5951,16,CWE-190,15,0.0779,0.0471,0.13,0.0353,0.0941,0.1294,0.2977,True,
4850,16,CWE-190,16,0.0774,0.0235,0.1582,0.0235,0.0353,0.0118,0.2006,True,
10357,16,CWE-190,17,0.077,0.0353,0.1395,0.0353,0.0471,0.0118,0.2004,True,
5719,16,CWE-190,18,0.0749,0.0353,0.1343,0.0353,0.0353,0.0,0.1343,True,
25717,16,CWE-190,19,0.0747,0.0353,0.1279,0.0471,0.2118,0.1765,0.6144,True,
24130,16,CWE-190,20,0.0739,0.0588,0.1023,0.0471,0.1294,0.1765,0.7079,True,
26059,16,CWE-190,21,0.0733,0.0118,0.1656,0.0118,0.0118,0.0,0.1656,False,freq_unsafe=0.012<0.02
24959,16,CWE-190,22,0.0715,0.0353,0.1258,0.0353,0.0706,0.0353,0.2251,True,
13552,16,CWE-190,23,0.0701,0.0235,0.14,0.0235,0.0118,0.0353,0.042,False,freq_unsafe=0.012<0.02
8254,16,CWE-190,24,0.0701,0.0235,0.1399,0.0235,0.0235,0.0,0.1399,True,
25784,16,CWE-190,25,0.0694,0.0471,0.1088,0.0353,0.1882,0.1529,0.5385,True,
18857,16,CWE-190,26,0.0687,0.0471,0.107,0.0353,0.2235,0.2,0.715,True,
9045,16,CWE-190,27,0.0687,0.0118,0.154,0.0118,0.0,0.0118,0.0,False,freq_unsafe=0.000<0.02
18428,16,CWE-190,28,0.0682,0.0353,0.1175,0.0353,0.0,0.0353,0.0,False,freq_unsafe=0.000<0.02
19259,16,CWE-190,29,0.0676,0.0353,0.1162,0.0353,0.0,0.0353,0.0,False,freq_unsafe=0.000<0.02
17876,16,CWE-190,30,0.0675,0.0353,0.1158,0.0353,0.0471,0.0588,0.151,True,
11877,16,CWE-190,31,0.067,0.0471,0.097,0.0471,0.0941,0.0941,0.2764,True,
14940,16,CWE-190,32,0.0668,0.0118,0.1495,0.0118,0.0118,0.0,0.1495,False,freq_unsafe=0.012<0.02
22892,16,CWE-190,33,0.0653,0.0588,0.0868,0.0353,0.4,0.4235,1.4769,True,
9342,16,CWE-190,34,0.0648,0.0824,0.0561,0.0471,0.4118,0.4353,1.9155,True,
32697,16,CWE-190,35,0.0637,0.0118,0.1416,0.0118,0.0118,0.0,0.1416,False,freq_unsafe=0.012<0.02
26619,16,CWE-190,36,0.0634,0.0118,0.1408,0.0118,0.0,0.0118,0.0,False,freq_unsafe=0.000<0.02
1546,16,CWE-190,37,0.0633,0.0235,0.123,0.0235,0.0235,0.0,0.123,True,
13089,16,CWE-190,38,0.0626,0.0353,0.1034,0.0353,0.0235,0.0588,0.1287,True,
21423,16,CWE-190,39,0.0623,0.0235,0.1204,0.0235,0.0,0.0235,0.0,False,freq_unsafe=0.000<0.02
19806,16,CWE-190,40,0.0622,0.0118,0.1377,0.0118,0.0118,0.0118,0.026,False,freq_unsafe=0.012<0.02
30907,16,CWE-190,41,0.0616,0.0235,0.1187,0.0235,0.0118,0.0353,0.0391,False,freq_unsafe=0.012<0.02
1754,16,CWE-190,42,0.0612,0.0235,0.1178,0.0235,0.0941,0.1176,0.3667,True,
1710,16,CWE-190,43,0.0611,0.0353,0.0998,0.0353,0.1412,0.1294,0.4628,True,
2273,16,CWE-190,44,0.0601,0.0235,0.1149,0.0235,0.0118,0.0235,0.0482,False,freq_unsafe=0.012<0.02
3635,16,CWE-190,45,0.0585,0.0118,0.1286,0.0118,0.0118,0.0,0.1286,False,freq_unsafe=0.012<0.02
8076,16,CWE-190,46,0.0584,0.0235,0.1107,0.0235,0.0235,0.0353,0.0682,True,
6156,16,CWE-190,47,0.0583,0.0235,0.1104,0.0235,0.0353,0.0118,0.1572,True,
28022,16,CWE-190,48,0.0583,0.0706,0.0633,0.0235,0.0824,0.1059,0.2594,True,
15386,16,CWE-190,49,0.0582,0.0471,0.0807,0.0353,0.1647,0.1294,0.4558,True,
16371,16,CWE-190,50,0.058,0.0118,0.1273,0.0118,0.0118,0.0,0.1273,False,freq_unsafe=0.012<0.02
17690,16,CWE-190,51,0.0575,0.0235,0.1086,0.0235,0.0235,0.0,0.1086,True,
9816,16,CWE-190,52,0.0575,0.0588,0.0732,0.0235,0.2,0.2235,0.6795,True,
5640,16,CWE-190,53,0.0574,0.0353,0.0906,0.0353,0.0588,0.0824,0.134,True,
28079,16,CWE-190,54,0.0574,0.0353,0.0904,0.0353,0.0,0.0353,0.0,False,freq_unsafe=0.000<0.02
21103,16,CWE-190,55,0.0568,0.0118,0.1244,0.0118,0.0,0.0118,0.0,False,freq_unsafe=0.000<0.02
8679,16,CWE-190,56,0.0568,0.0118,0.1243,0.0118,0.0,0.0118,0.0,False,freq_unsafe=0.000<0.02
9820,16,CWE-190,57,0.0563,0.0353,0.0877,0.0353,0.1765,0.1412,0.7626,True,
22839,16,CWE-190,58,0.0562,0.0235,0.0994,0.0353,0.0118,0.0353,0.03,False,freq_unsafe=0.012<0.02
3222,16,CWE-190,59,0.056,0.0118,0.1224,0.0118,0.0118,0.0,0.1224,False,freq_unsafe=0.012<0.02
17101,16,CWE-190,60,0.0555,0.0118,0.1211,0.0118,0.0118,0.0,0.1211,False,freq_unsafe=0.012<0.02
22550,16,CWE-190,61,0.0555,0.0235,0.1034,0.0235,0.0235,0.0,0.1034,True,
24430,16,CWE-190,62,0.0554,0.0235,0.1032,0.0235,0.0235,0.0,0.1032,True,
6793,16,CWE-190,63,0.0553,0.0118,0.1207,0.0118,0.0118,0.0,0.1207,False,freq_unsafe=0.012<0.02
10715,16,CWE-190,64,0.0548,0.0235,0.1018,0.0235,0.0235,0.0,0.1018,True,
7589,16,CWE-190,65,0.0545,0.0118,0.1187,0.0118,0.0,0.0118,0.0,False,freq_unsafe=0.000<0.02
2917,16,CWE-190,66,0.0545,0.0824,0.0422,0.0235,0.2471,0.2471,0.9439,True,
18124,16,CWE-190,67,0.0539,0.0235,0.0995,0.0235,0.0235,0.0,0.0995,True,
4316,16,CWE-190,68,0.0534,0.0118,0.1158,0.0118,0.0118,0.0235,0.0587,False,freq_unsafe=0.012<0.02
5407,16,CWE-190,69,0.0532,0.0235,0.0978,0.0235,0.0353,0.0588,0.1516,True,
16728,16,CWE-190,70,0.0524,0.0235,0.0956,0.0235,0.0235,0.0,0.0956,True,
13179,16,CWE-190,71,0.0523,0.0118,0.1132,0.0118,0.0118,0.0,0.1132,False,freq_unsafe=0.012<0.02
19820,16,CWE-190,72,0.0523,0.0235,0.0954,0.0235,0.0,0.0235,0.0,False,freq_unsafe=0.000<0.02
3817,16,CWE-190,73,0.0522,0.0118,0.1128,0.0118,0.0118,0.0235,0.0336,False,freq_unsafe=0.012<0.02
6505,16,CWE-190,74,0.0521,0.0118,0.1127,0.0118,0.0,0.0118,0.0,False,freq_unsafe=0.000<0.02
21802,16,CWE-190,75,0.0521,0.0235,0.0949,0.0235,0.0,0.0235,0.0,False,freq_unsafe=0.000<0.02
6599,16,CWE-190,76,0.0518,0.0471,0.0707,0.0235,0.1294,0.1059,0.402,True,
3789,16,CWE-190,77,0.0517,0.0118,0.1116,0.0118,0.0118,0.0,0.1116,False,freq_unsafe=0.012<0.02
12161,16,CWE-190,78,0.0515,0.0353,0.0816,0.0235,0.0588,0.0353,0.3173,True,
5034,16,CWE-190,79,0.0514,0.0471,0.0639,0.0353,0.1647,0.1765,0.4904,True,
5825,16,CWE-190,80,0.0513,0.0118,0.1107,0.0118,0.0,0.0118,0.0,False,freq_unsafe=0.000<0.02
1037,16,CWE-190,81,0.0512,0.0118,0.1105,0.0118,0.0118,0.0,0.1105,False,freq_unsafe=0.012<0.02
2326,16,CWE-190,82,0.0512,0.0235,0.0927,0.0235,0.0353,0.0118,0.1228,True,
24550,16,CWE-190,83,0.0511,0.0118,0.1101,0.0118,0.0118,0.0,0.1101,False,freq_unsafe=0.012<0.02
18095,16,CWE-190,84,0.0511,0.0118,0.11,0.0118,0.0,0.0118,0.0,False,freq_unsafe=0.000<0.02
23049,16,CWE-190,85,0.0509,0.0118,0.1095,0.0118,0.0118,0.0,0.1095,False,freq_unsafe=0.012<0.02
31087,16,CWE-190,86,0.0507,0.0353,0.0797,0.0235,0.0471,0.0235,0.1474,True,
1853,16,CWE-190,87,0.0506,0.0235,0.0912,0.0235,0.0,0.0235,0.0,False,freq_unsafe=0.000<0.02
5669,16,CWE-190,88,0.0506,0.0118,0.1088,0.0118,0.0118,0.0,0.1088,False,freq_unsafe=0.012<0.02
26332,16,CWE-190,89,0.0505,0.0235,0.0909,0.0235,0.0118,0.0235,0.0475,False,freq_unsafe=0.012<0.02
3198,16,CWE-190,90,0.0499,0.0235,0.0895,0.0235,0.0235,0.0,0.0895,False,score=0.0499<0.05
3497,16,CWE-190,91,0.0497,0.0118,0.1067,0.0118,0.0,0.0118,0.0,False,freq_unsafe=0.000<0.02; score=0.0497<0.05
4735,16,CWE-190,92,0.0496,0.0353,0.077,0.0235,0.1294,0.1529,0.3433,False,score=0.0496<0.05
26213,16,CWE-190,93,0.0496,0.0118,0.1062,0.0118,0.0118,0.0,0.1062,False,freq_unsafe=0.012<0.02; score=0.0496<0.05
31692,16,CWE-190,94,0.0489,0.0235,0.087,0.0235,0.0,0.0235,0.0,False,freq_unsafe=0.000<0.02; score=0.0489<0.05
25391,16,CWE-190,95,0.0488,0.0235,0.0868,0.0235,0.0235,0.0,0.0868,False,score=0.0488<0.05
17666,16,CWE-190,96,0.0488,0.0118,0.1042,0.0118,0.0,0.0118,0.0,False,freq_unsafe=0.000<0.02; score=0.0488<0.05
30883,16,CWE-190,97,0.0487,0.0235,0.0864,0.0235,0.0588,0.0353,0.1834,False,score=0.0487<0.05
26138,16,CWE-190,98,0.0486,0.0118,0.1039,0.0118,0.0235,0.0118,0.1333,False,score=0.0486<0.05
8219,16,CWE-190,99,0.0484,0.0235,0.0858,0.0235,0.0353,0.0235,0.1413,False,score=0.0484<0.05
22327,16,CWE-190,100,0.0483,0.0118,0.1032,0.0118,0.0,0.0118,0.0,False,freq_unsafe=0.000<0.02; score=0.0483<0.05
20703,16,CWE-190,101,0.0482,0.0235,0.0852,0.0235,0.0353,0.0118,0.1101,False,score=0.0482<0.05
4721,16,CWE-190,102,0.048,0.0235,0.0848,0.0235,0.0,0.0235,0.0,False,freq_unsafe=0.000<0.02; score=0.0480<0.05
29185,16,CWE-190,103,0.0477,0.0118,0.1016,0.0118,0.0118,0.0,0.1016,False,freq_unsafe=0.012<0.02; score=0.0477<0.05
8543,16,CWE-190,104,0.0476,0.0118,0.1012,0.0118,0.0,0.0118,0.0,False,freq_unsafe=0.000<0.02; score=0.0476<0.05
241,16,CWE-190,105,0.0475,0.0118,0.1011,0.0118,0.0118,0.0235,0.0681,False,freq_unsafe=0.012<0.02; score=0.0475<0.05
9979,16,CWE-190,106,0.0474,0.0235,0.0833,0.0235,0.0588,0.0353,0.1844,False,score=0.0474<0.05
8839,16,CWE-190,107,0.0474,0.0118,0.1008,0.0118,0.0118,0.0,0.1008,False,freq_unsafe=0.012<0.02; score=0.0474<0.05
16926,16,CWE-190,108,0.0473,0.0118,0.1005,0.0118,0.0118,0.0235,0.0391,False,freq_unsafe=0.012<0.02; score=0.0473<0.05
10551,16,CWE-190,109,0.0471,0.0118,0.1,0.0118,0.0118,0.0,0.1,False,freq_unsafe=0.012<0.02; score=0.0471<0.05
9085,16,CWE-190,110,0.047,0.0353,0.0704,0.0235,0.0118,0.0353,0.0299,False,freq_unsafe=0.012<0.02; score=0.0470<0.05
20744,16,CWE-190,111,0.0469,0.0118,0.0995,0.0118,0.0118,0.0,0.0995,False,freq_unsafe=0.012<0.02; score=0.0469<0.05
20955,16,CWE-190,112,0.0468,0.0235,0.0816,0.0235,0.0353,0.0118,0.1348,False,score=0.0468<0.05
14849,16,CWE-190,113,0.0467,0.0118,0.099,0.0118,0.0118,0.0,0.099,False,freq_unsafe=0.012<0.02; score=0.0467<0.05
2022,16,CWE-190,114,0.0467,0.0118,0.099,0.0118,0.0,0.0118,0.0,False,freq_unsafe=0.000<0.02; score=0.0467<0.05
11595,16,CWE-190,115,0.0463,0.0588,0.0452,0.0235,0.2353,0.2471,1.3452,False,score=0.0463<0.05
27532,16,CWE-190,116,0.0462,0.0353,0.0683,0.0235,0.0471,0.0235,0.148,False,score=0.0462<0.05
1334,16,CWE-190,117,0.0459,0.0824,0.0148,0.0353,0.4235,0.4353,1.9059,False,score=0.0459<0.05
32721,16,CWE-190,118,0.0458,0.0118,0.0969,0.0118,0.0,0.0118,0.0,False,freq_unsafe=0.000<0.02; score=0.0458<0.05
3607,16,CWE-190,119,0.0458,0.0118,0.0969,0.0118,0.0118,0.0,0.0969,False,freq_unsafe=0.012<0.02; score=0.0458<0.05
10226,16,CWE-190,120,0.0456,0.0118,0.0964,0.0118,0.0118,0.0235,0.0487,False,freq_unsafe=0.012<0.02; score=0.0456<0.05
18022,16,CWE-190,121,0.0456,0.0118,0.0964,0.0118,0.0118,0.0,0.0964,False,freq_unsafe=0.012<0.02; score=0.0456<0.05
17395,16,CWE-190,122,0.0455,0.0235,0.0786,0.0235,0.1294,0.1059,0.3878,False,score=0.0455<0.05
5523,16,CWE-190,123,0.0453,0.0235,0.0781,0.0235,0.0,0.0235,0.0,False,freq_unsafe=0.000<0.02; score=0.0453<0.05
10303,16,CWE-190,124,0.0451,0.0353,0.0656,0.0235,0.0471,0.0235,0.146,False,score=0.0451<0.05
22138,16,CWE-190,125,0.0449,0.0118,0.0947,0.0118,0.0353,0.0471,0.0745,False,score=0.0449<0.05
20746,16,CWE-190,126,0.0445,0.0235,0.0761,0.0235,0.0353,0.0118,0.1058,False,score=0.0445<0.05
24187,16,CWE-190,127,0.0445,0.0235,0.076,0.0235,0.0118,0.0353,0.0262,False,freq_unsafe=0.012<0.02; score=0.0445<0.05
4991,16,CWE-190,128,0.0445,0.0118,0.0937,0.0118,0.0,0.0118,0.0,False,freq_unsafe=0.000<0.02; score=0.0445<0.05
28360,16,CWE-190,129,0.0442,0.0118,0.093,0.0118,0.0,0.0118,0.0,False,freq_unsafe=0.000<0.02; score=0.0442<0.05
26098,16,CWE-190,130,0.044,0.0235,0.0747,0.0235,0.0118,0.0353,0.0279,False,freq_unsafe=0.012<0.02; score=0.0440<0.05
1218,16,CWE-190,131,0.0439,0.0471,0.0568,0.0118,0.1647,0.1529,1.3963,False,score=0.0439<0.05
4199,16,CWE-190,132,0.0438,0.0118,0.0918,0.0118,0.0118,0.0,0.0918,False,freq_unsafe=0.012<0.02; score=0.0438<0.05
13168,16,CWE-190,133,0.0437,0.0118,0.0917,0.0118,0.0,0.0118,0.0,False,freq_unsafe=0.000<0.02; score=0.0437<0.05
20227,16,CWE-190,134,0.0437,0.0118,0.0916,0.0118,0.0,0.0118,0.0,False,freq_unsafe=0.000<0.02; score=0.0437<0.05
12767,16,CWE-190,135,0.0435,0.0353,0.0618,0.0235,0.0353,0.0118,0.0874,False,score=0.0435<0.05
11926,16,CWE-190,136,0.0433,0.0353,0.0554,0.0353,0.0941,0.0824,0.3098,False,score=0.0433<0.05
30289,16,CWE-190,137,0.0433,0.0118,0.0907,0.0118,0.0,0.0118,0.0,False,freq_unsafe=0.000<0.02; score=0.0433<0.05
27047,16,CWE-190,138,0.0433,0.0235,0.0729,0.0235,0.0235,0.0,0.0729,False,score=0.0433<0.05
20589,16,CWE-190,139,0.0432,0.0118,0.0904,0.0118,0.0118,0.0235,0.0321,False,freq_unsafe=0.012<0.02; score=0.0432<0.05
12190,16,CWE-190,140,0.0432,0.0235,0.0726,0.0235,0.0118,0.0353,0.0333,False,freq_unsafe=0.012<0.02; score=0.0432<0.05
31670,16,CWE-190,141,0.0431,0.0235,0.0724,0.0235,0.0,0.0235,0.0,False,freq_unsafe=0.000<0.02; score=0.0431<0.05
29799,16,CWE-190,142,0.043,0.0471,0.0486,0.0235,0.1412,0.1412,0.4917,False,score=0.0430<0.05
5355,16,CWE-190,143,0.0429,0.0235,0.072,0.0235,0.0,0.0235,0.0,False,freq_unsafe=0.000<0.02; score=0.0429<0.05
3722,16,CWE-190,144,0.0429,0.0118,0.0895,0.0118,0.0471,0.0353,0.208,False,score=0.0429<0.05
28710,16,CWE-190,145,0.0427,0.0235,0.0713,0.0235,0.0235,0.0,0.0713,False,score=0.0427<0.05
1023,16,CWE-190,146,0.0423,0.0235,0.0706,0.0235,0.0471,0.0235,0.1674,False,score=0.0423<0.05
27655,16,CWE-190,147,0.0423,0.0118,0.0882,0.0118,0.0118,0.0,0.0882,False,freq_unsafe=0.012<0.02; score=0.0423<0.05
20977,16,CWE-190,148,0.0422,0.0235,0.0702,0.0235,0.0353,0.0118,0.1291,False,score=0.0422<0.05
2519,16,CWE-190,149,0.0422,0.0235,0.0702,0.0235,0.0235,0.0,0.0702,False,score=0.0422<0.05
2812,16,CWE-190,150,0.0418,0.0235,0.0691,0.0235,0.0235,0.0353,0.0622,False,score=0.0418<0.05
17625,16,CWE-190,151,0.0418,0.0235,0.0691,0.0235,0.0118,0.0353,0.0258,False,freq_unsafe=0.012<0.02; score=0.0418<0.05
170,16,CWE-190,152,0.0418,0.0118,0.0867,0.0118,0.0118,0.0235,0.028,False,freq_unsafe=0.012<0.02; score=0.0418<0.05
4950,16,CWE-190,153,0.0417,0.0588,0.0338,0.0235,0.0471,0.0706,0.2619,False,score=0.0417<0.05
2892,16,CWE-190,154,0.0415,0.0235,0.0686,0.0235,0.0353,0.0118,0.1058,False,score=0.0415<0.05
6676,16,CWE-190,155,0.0415,0.0118,0.0803,0.0235,0.0118,0.0235,0.0248,False,freq_unsafe=0.012<0.02; score=0.0415<0.05
4961,16,CWE-190,156,0.0415,0.0353,0.0567,0.0235,0.0353,0.0118,0.1409,False,score=0.0415<0.05
13526,16,CWE-190,157,0.0411,0.0118,0.0852,0.0118,0.0,0.0118,0.0,False,freq_unsafe=0.000<0.02; score=0.0411<0.05
27455,16,CWE-190,158,0.041,0.0118,0.0849,0.0118,0.0118,0.0235,0.0271,False,freq_unsafe=0.012<0.02; score=0.0410<0.05
20966,16,CWE-190,159,0.0408,0.0235,0.0668,0.0235,0.0,0.0235,0.0,False,freq_unsafe=0.000<0.02; score=0.0408<0.05
13523,16,CWE-190,160,0.0405,0.0118,0.0837,0.0118,0.0,0.0118,0.0,False,freq_unsafe=0.000<0.02; score=0.0405<0.05
21080,16,CWE-190,161,0.0403,0.0118,0.083,0.0118,0.0118,0.0,0.083,False,freq_unsafe=0.012<0.02; score=0.0403<0.05
29848,16,CWE-190,162,0.0401,0.0235,0.0649,0.0235,0.0353,0.0118,0.1164,False,score=0.0401<0.05
4021,16,CWE-190,163,0.0395,0.0235,0.0634,0.0235,0.0235,0.0471,0.0638,False,score=0.0395<0.05
6745,16,CWE-190,164,0.0394,0.0235,0.0633,0.0235,0.0,0.0235,0.0,False,freq_unsafe=0.000<0.02; score=0.0394<0.05
22880,16,CWE-190,165,0.0392,0.0235,0.0627,0.0235,0.0471,0.0706,0.1093,False,score=0.0392<0.05
23089,16,CWE-190,166,0.0391,0.0118,0.0801,0.0118,0.0,0.0118,0.0,False,freq_unsafe=0.000<0.02; score=0.0391<0.05
29572,16,CWE-190,167,0.0391,0.0118,0.0801,0.0118,0.0,0.0118,0.0,False,freq_unsafe=0.000<0.02; score=0.0391<0.05
24729,16,CWE-190,168,0.0391,0.0235,0.0624,0.0235,0.0471,0.0235,0.1482,False,score=0.0391<0.05
31057,16,CWE-190,169,0.039,0.0118,0.0799,0.0118,0.0235,0.0118,0.1357,False,score=0.0390<0.05
5540,16,CWE-190,170,0.039,0.0235,0.0622,0.0235,0.0235,0.0,0.0622,False,score=0.0390<0.05
26585,16,CWE-190,171,0.039,0.0235,0.068,0.0118,0.0941,0.0824,0.5011,False,score=0.0390<0.05
11228,16,CWE-190,172,0.039,0.0118,0.0798,0.0118,0.0,0.0118,0.0,False,freq_unsafe=0.000<0.02; score=0.0390<0.05
32181,16,CWE-190,173,0.039,0.0118,0.0798,0.0118,0.0118,0.0118,0.104,False,freq_unsafe=0.012<0.02; score=0.0390<0.05
24763,16,CWE-190,174,0.0389,0.0118,0.0797,0.0118,0.0118,0.0,0.0797,False,freq_unsafe=0.012<0.02; score=0.0389<0.05
12509,16,CWE-190,175,0.0389,0.0118,0.0796,0.0118,0.0118,0.0,0.0796,False,freq_unsafe=0.012<0.02; score=0.0389<0.05
23100,16,CWE-190,176,0.0388,0.0118,0.0794,0.0118,0.0118,0.0118,0.1138,False,freq_unsafe=0.012<0.02; score=0.0388<0.05
14628,16,CWE-190,177,0.0385,0.0235,0.061,0.0235,0.0,0.0235,0.0,False,freq_unsafe=0.000<0.02; score=0.0385<0.05
16417,16,CWE-190,178,0.0385,0.0235,0.0609,0.0235,0.0,0.0235,0.0,False,freq_unsafe=0.000<0.02; score=0.0385<0.05
32473,16,CWE-190,179,0.0384,0.0118,0.0785,0.0118,0.0118,0.0,0.0785,False,freq_unsafe=0.012<0.02; score=0.0384<0.05
3791,16,CWE-190,180,0.0383,0.0706,0.0134,0.0235,0.1294,0.1529,0.5049,False,score=0.0383<0.05
18158,16,CWE-190,181,0.0382,0.0118,0.0779,0.0118,0.0,0.0118,0.0,False,freq_unsafe=0.000<0.02; score=0.0382<0.05
22288,16,CWE-190,182,0.0382,0.0235,0.0602,0.0235,0.1412,0.1412,0.5556,False,score=0.0382<0.05
22349,16,CWE-190,183,0.0382,0.0235,0.0601,0.0235,0.0235,0.0,0.0601,False,score=0.0382<0.05
12083,16,CWE-190,184,0.0381,0.0235,0.06,0.0235,0.0235,0.0,0.06,False,score=0.0381<0.05
24256,16,CWE-190,185,0.0381,0.0118,0.0775,0.0118,0.0118,0.0,0.0775,False,freq_unsafe=0.012<0.02; score=0.0381<0.05
18094,16,CWE-190,186,0.0379,0.0118,0.077,0.0118,0.0471,0.0353,0.2106,False,score=0.0379<0.05
14724,16,CWE-190,187,0.0378,0.0118,0.077,0.0118,0.0353,0.0235,0.1396,False,score=0.0378<0.05
19933,16,CWE-190,188,0.0378,0.0353,0.0475,0.0235,0.0235,0.0471,0.0783,False,score=0.0378<0.05
16564,16,CWE-190,189,0.0378,0.0118,0.0768,0.0118,0.0118,0.0,0.0768,False,freq_unsafe=0.012<0.02; score=0.0378<0.05
2682,16,CWE-190,190,0.0377,0.0235,0.0591,0.0235,0.0235,0.0,0.0591,False,score=0.0377<0.05
29061,16,CWE-190,191,0.0377,0.0235,0.0589,0.0235,0.0,0.0235,0.0,False,freq_unsafe=0.000<0.02; score=0.0377<0.05
2100,16,CWE-190,192,0.0373,0.0118,0.0755,0.0118,0.0118,0.0,0.0755,False,freq_unsafe=0.012<0.02; score=0.0373<0.05
22747,16,CWE-190,193,0.0372,0.0118,0.0754,0.0118,0.0118,0.0,0.0754,False,freq_unsafe=0.012<0.02; score=0.0372<0.05
4514,16,CWE-190,194,0.0371,0.0235,0.0575,0.0235,0.0235,0.0,0.0575,False,score=0.0371<0.05
23254,16,CWE-190,195,0.0371,0.0118,0.0751,0.0118,0.0118,0.0,0.0751,False,freq_unsafe=0.012<0.02; score=0.0371<0.05
31846,16,CWE-190,196,0.037,0.0118,0.075,0.0118,0.0118,0.0,0.075,False,freq_unsafe=0.012<0.02; score=0.0370<0.05
26155,16,CWE-190,197,0.037,0.0118,0.0749,0.0118,0.0118,0.0,0.0749,False,freq_unsafe=0.012<0.02; score=0.0370<0.05
25185,16,CWE-190,198,0.037,0.0118,0.0748,0.0118,0.0118,0.0235,0.0328,False,freq_unsafe=0.012<0.02; score=0.0370<0.05
15437,16,CWE-190,199,0.0369,0.0235,0.0569,0.0235,0.0353,0.0588,0.0769,False,score=0.0369<0.05
16656,16,CWE-190,200,0.0368,0.0353,0.0449,0.0235,0.0588,0.0471,0.1825,False,score=0.0368<0.05
9342,16,CWE-476,1,0.1774,0.0667,0.3435,0.0667,0.48,0.5067,2.1343,True,
1334,16,CWE-476,2,0.1205,0.0667,0.2013,0.0667,0.3867,0.3467,1.5331,True,
5484,16,CWE-476,3,0.1087,0.04,0.2116,0.04,0.0533,0.0133,0.3165,True,
6986,16,CWE-476,4,0.1057,0.0933,0.1509,0.04,0.9467,0.9467,10.0108,True,
9465,16,CWE-476,5,0.1047,0.0533,0.1883,0.04,0.16,0.2,0.4876,True,
9287,16,CWE-476,6,0.1041,0.12,0.1137,0.0533,0.4533,0.4533,1.7926,True,
12333,16,CWE-476,7,0.1015,0.04,0.1937,0.04,0.0,0.04,0.0,False,freq_unsafe=0.000<0.02
22670,16,CWE-476,8,0.1003,0.04,0.1907,0.04,0.04,0.0,0.1907,True,
1547,16,CWE-476,9,0.0983,0.04,0.1857,0.04,0.0,0.04,0.0,False,freq_unsafe=0.000<0.02
2665,16,CWE-476,10,0.0981,0.0133,0.2253,0.0133,0.0,0.0133,0.0,False,freq_unsafe=0.000<0.02
32249,16,CWE-476,11,0.0946,0.04,0.1766,0.04,0.0533,0.0133,0.2417,True,
11195,16,CWE-476,12,0.0942,0.0133,0.2156,0.0133,0.0,0.0133,0.0,False,freq_unsafe=0.000<0.02
22866,16,CWE-476,13,0.0941,0.0133,0.2152,0.0133,0.0133,0.0,0.2152,False,freq_unsafe=0.013<0.02
21602,16,CWE-476,14,0.0918,0.04,0.1696,0.04,0.0,0.04,0.0,False,freq_unsafe=0.000<0.02
10758,16,CWE-476,15,0.0908,0.12,0.087,0.04,0.7333,0.6933,3.2689,True,
2256,16,CWE-476,16,0.09,0.0267,0.185,0.0267,0.04,0.0267,0.2504,True,
13671,16,CWE-476,17,0.0859,0.0133,0.1949,0.0133,0.0133,0.0,0.1949,False,freq_unsafe=0.013<0.02
24613,16,CWE-476,18,0.0822,0.04,0.1521,0.0267,0.08,0.0533,0.3523,True,
14739,16,CWE-476,19,0.0795,0.0533,0.1255,0.04,0.12,0.16,0.3381,True,
11326,16,CWE-476,20,0.078,0.04,0.1417,0.0267,0.0133,0.04,0.0466,False,freq_unsafe=0.013<0.02
436,16,CWE-476,21,0.0767,0.0133,0.1719,0.0133,0.0133,0.0,0.1719,False,freq_unsafe=0.013<0.02
16028,16,CWE-476,22,0.0764,0.0267,0.151,0.0267,0.0133,0.04,0.0415,False,freq_unsafe=0.013<0.02
25717,16,CWE-476,23,0.0762,0.04,0.1237,0.0533,0.2,0.16,0.6239,True,
16268,16,CWE-476,24,0.0755,0.0267,0.1487,0.0267,0.0267,0.0,0.1487,True,
2917,16,CWE-476,25,0.0753,0.04,0.135,0.0267,0.2,0.1733,0.8992,True,
19331,16,CWE-476,26,0.0753,0.0133,0.1683,0.0133,0.0,0.0133,0.0,False,freq_unsafe=0.000<0.02
28644,16,CWE-476,27,0.0752,0.04,0.128,0.04,0.04,0.08,0.1139,True,
14376,16,CWE-476,28,0.0739,0.0667,0.0846,0.0667,0.24,0.2667,0.7691,True,
8392,16,CWE-476,29,0.0733,0.0267,0.1433,0.0267,0.0133,0.04,0.0293,False,freq_unsafe=0.013<0.02
12372,16,CWE-476,30,0.0728,0.04,0.122,0.04,0.04,0.0,0.122,True,
25101,16,CWE-476,31,0.0711,0.0133,0.1578,0.0133,0.0,0.0133,0.0,False,freq_unsafe=0.000<0.02
3791,16,CWE-476,32,0.0709,0.0533,0.1107,0.0267,0.1467,0.1333,0.5597,True,
20763,16,CWE-476,33,0.0709,0.0133,0.1573,0.0133,0.0,0.0133,0.0,False,freq_unsafe=0.000<0.02
1903,16,CWE-476,34,0.0708,0.0267,0.137,0.0267,0.0,0.0267,0.0,False,freq_unsafe=0.000<0.02
18116,16,CWE-476,35,0.0706,0.0133,0.1564,0.0133,0.0,0.0133,0.0,False,freq_unsafe=0.000<0.02
26282,16,CWE-476,36,0.0702,0.0267,0.1356,0.0267,0.0667,0.04,0.3151,True,
16709,16,CWE-476,37,0.0696,0.0267,0.134,0.0267,0.0267,0.0,0.134,True,
15769,16,CWE-476,38,0.069,0.0133,0.1524,0.0133,0.0133,0.0,0.1524,False,freq_unsafe=0.013<0.02
32089,16,CWE-476,39,0.0677,0.0133,0.1492,0.0133,0.0,0.0133,0.0,False,freq_unsafe=0.000<0.02
4950,16,CWE-476,40,0.0669,0.04,0.1072,0.04,0.1333,0.12,0.4234,True,
5913,16,CWE-476,41,0.0665,0.0133,0.1464,0.0133,0.0,0.0133,0.0,False,freq_unsafe=0.000<0.02
8172,16,CWE-476,42,0.0665,0.0267,0.1262,0.0267,0.0267,0.0,0.1262,True,
25784,16,CWE-476,43,0.0658,0.0533,0.0979,0.0267,0.1067,0.1333,0.3304,True,
31440,16,CWE-476,44,0.0658,0.0267,0.1244,0.0267,0.0267,0.0,0.1244,True,
6093,16,CWE-476,45,0.0657,0.0933,0.0442,0.0533,0.3067,0.2667,1.1751,True,
5509,16,CWE-476,46,0.0655,0.0133,0.1437,0.0133,0.0133,0.0,0.1437,False,freq_unsafe=0.013<0.02
11949,16,CWE-476,47,0.0653,0.0267,0.1234,0.0267,0.0267,0.0,0.1234,True,
13531,16,CWE-476,48,0.0653,0.0133,0.1433,0.0133,0.0,0.0133,0.0,False,freq_unsafe=0.000<0.02
12955,16,CWE-476,49,0.0638,0.0267,0.1195,0.0267,0.0667,0.04,0.2734,True,
23545,16,CWE-476,50,0.0629,0.0133,0.1373,0.0133,0.0133,0.0,0.1373,False,freq_unsafe=0.013<0.02
11716,16,CWE-476,51,0.0628,0.04,0.0969,0.04,0.08,0.1067,0.2303,True,
24633,16,CWE-476,52,0.0626,0.0133,0.1366,0.0133,0.0,0.0133,0.0,False,freq_unsafe=0.000<0.02
11877,16,CWE-476,53,0.0626,0.0533,0.0831,0.04,0.1867,0.1467,0.5437,True,
9816,16,CWE-476,54,0.0614,0.0667,0.0602,0.0533,0.2267,0.2133,0.7437,True,
18633,16,CWE-476,55,0.0608,0.0133,0.1319,0.0133,0.0133,0.0,0.1319,False,freq_unsafe=0.013<0.02
26402,16,CWE-476,56,0.0597,0.0133,0.1293,0.0133,0.0267,0.0133,0.186,True,
8839,16,CWE-476,57,0.0592,0.0133,0.128,0.0133,0.0133,0.0,0.128,False,freq_unsafe=0.013<0.02
1710,16,CWE-476,58,0.0592,0.04,0.0947,0.0267,0.1733,0.1867,0.5477,True,
28860,16,CWE-476,59,0.0578,0.0267,0.1045,0.0267,0.0,0.0267,0.0,False,freq_unsafe=0.000<0.02
4502,16,CWE-476,60,0.0577,0.0133,0.1243,0.0133,0.0,0.0133,0.0,False,freq_unsafe=0.000<0.02
6695,16,CWE-476,61,0.0571,0.0267,0.1029,0.0267,0.0133,0.04,0.0483,False,freq_unsafe=0.013<0.02
6590,16,CWE-476,62,0.057,0.0133,0.1225,0.0133,0.0133,0.0267,0.0312,False,freq_unsafe=0.013<0.02
6073,16,CWE-476,63,0.0565,0.0133,0.1213,0.0133,0.0133,0.0133,0.0274,False,freq_unsafe=0.013<0.02
24964,16,CWE-476,64,0.0562,0.0133,0.1205,0.0133,0.0133,0.0,0.1205,False,freq_unsafe=0.013<0.02
27809,16,CWE-476,65,0.0556,0.0133,0.1189,0.0133,0.0133,0.0,0.1189,False,freq_unsafe=0.013<0.02
7904,16,CWE-476,66,0.0546,0.0267,0.0966,0.0267,0.0267,0.0533,0.1524,True,
21269,16,CWE-476,67,0.0546,0.0133,0.1164,0.0133,0.0133,0.0,0.1164,False,freq_unsafe=0.013<0.02
1023,16,CWE-476,68,0.0545,0.04,0.0829,0.0267,0.0667,0.04,0.2064,True,
6670,16,CWE-476,69,0.0545,0.0133,0.1162,0.0133,0.0,0.0133,0.0,False,freq_unsafe=0.000<0.02
32691,16,CWE-476,70,0.0544,0.0133,0.1161,0.0133,0.0,0.0133,0.0,False,freq_unsafe=0.000<0.02
895,16,CWE-476,71,0.0541,0.0267,0.0887,0.04,0.08,0.0533,0.2615,True,
2580,16,CWE-476,72,0.0539,0.0133,0.1147,0.0133,0.0,0.0133,0.0,False,freq_unsafe=0.000<0.02
12383,16,CWE-476,73,0.0536,0.0133,0.114,0.0133,0.0,0.0133,0.0,False,freq_unsafe=0.000<0.02
9085,16,CWE-476,74,0.0536,0.04,0.0739,0.04,0.04,0.0133,0.1025,True,
29660,16,CWE-476,75,0.0529,0.0133,0.1122,0.0133,0.0133,0.0,0.1122,False,freq_unsafe=0.013<0.02
26274,16,CWE-476,76,0.0525,0.0667,0.0513,0.0267,0.1733,0.16,0.5406,True,
19535,16,CWE-476,77,0.0525,0.0533,0.0646,0.0267,0.1467,0.12,0.4496,True,
28079,16,CWE-476,78,0.0523,0.0267,0.0907,0.0267,0.0267,0.0533,0.0933,True,
6354,16,CWE-476,79,0.0521,0.0133,0.1102,0.0133,0.0,0.0133,0.0,False,freq_unsafe=0.000<0.02
20259,16,CWE-476,80,0.052,0.0267,0.0899,0.0267,0.0133,0.0267,0.0337,False,freq_unsafe=0.013<0.02
14399,16,CWE-476,81,0.0519,0.0133,0.1097,0.0133,0.0133,0.0,0.1097,False,freq_unsafe=0.013<0.02
2905,16,CWE-476,82,0.0514,0.0267,0.0884,0.0267,0.04,0.0133,0.1285,True,
32723,16,CWE-476,83,0.0512,0.0133,0.1079,0.0133,0.0,0.0133,0.0,False,freq_unsafe=0.000<0.02
7044,16,CWE-476,84,0.0505,0.0267,0.0863,0.0267,0.04,0.0133,0.1154,True,
32535,16,CWE-476,85,0.0505,0.0133,0.1061,0.0133,0.0133,0.0,0.1061,False,freq_unsafe=0.013<0.02
18658,16,CWE-476,86,0.0502,0.0133,0.1054,0.0133,0.0133,0.0,0.1054,False,freq_unsafe=0.013<0.02
30258,16,CWE-476,87,0.0496,0.0133,0.1039,0.0133,0.0,0.0133,0.0,False,freq_unsafe=0.000<0.02; score=0.0496<0.05
2715,16,CWE-476,88,0.0492,0.0133,0.1031,0.0133,0.0133,0.0133,0.0276,False,freq_unsafe=0.013<0.02; score=0.0492<0.05
13552,16,CWE-476,89,0.0492,0.0267,0.0829,0.0267,0.04,0.0667,0.1277,False,score=0.0492<0.05
7595,16,CWE-476,90,0.0492,0.0133,0.1029,0.0133,0.0133,0.0267,0.0445,False,freq_unsafe=0.013<0.02; score=0.0492<0.05
8679,16,CWE-476,91,0.049,0.0133,0.1025,0.0133,0.0,0.0133,0.0,False,freq_unsafe=0.000<0.02; score=0.0490<0.05
18128,16,CWE-476,92,0.0489,0.0133,0.1023,0.0133,0.0133,0.0,0.1023,False,freq_unsafe=0.013<0.02; score=0.0489<0.05
24656,16,CWE-476,93,0.0486,0.0133,0.1014,0.0133,0.0,0.0133,0.0,False,freq_unsafe=0.000<0.02; score=0.0486<0.05
7255,16,CWE-476,94,0.0485,0.0133,0.1012,0.0133,0.0133,0.0,0.1012,False,freq_unsafe=0.013<0.02; score=0.0485<0.05
27135,16,CWE-476,95,0.0481,0.0133,0.1003,0.0133,0.0133,0.0,0.1003,False,freq_unsafe=0.013<0.02; score=0.0481<0.05
17395,16,CWE-476,96,0.0481,0.0267,0.0803,0.0267,0.1067,0.0933,0.3684,False,score=0.0481<0.05
22441,16,CWE-476,97,0.0479,0.0133,0.0998,0.0133,0.0,0.0133,0.0,False,freq_unsafe=0.000<0.02; score=0.0479<0.05
8407,16,CWE-476,98,0.0479,0.0133,0.0997,0.0133,0.0267,0.0133,0.1735,False,score=0.0479<0.05
21393,16,CWE-476,99,0.0476,0.0133,0.0991,0.0133,0.0,0.0133,0.0,False,freq_unsafe=0.000<0.02; score=0.0476<0.05
15432,16,CWE-476,100,0.0476,0.0267,0.079,0.0267,0.0533,0.0267,0.2606,False,score=0.0476<0.05
7589,16,CWE-476,101,0.0476,0.0133,0.0989,0.0133,0.0,0.0133,0.0,False,freq_unsafe=0.000<0.02; score=0.0476<0.05
31217,16,CWE-476,102,0.0475,0.0133,0.0989,0.0133,0.0267,0.04,0.0683,False,score=0.0475<0.05
12029,16,CWE-476,103,0.0475,0.0133,0.0988,0.0133,0.0,0.0133,0.0,False,freq_unsafe=0.000<0.02; score=0.0475<0.05
22314,16,CWE-476,104,0.0473,0.0267,0.0848,0.0133,0.0267,0.04,0.1075,False,score=0.0473<0.05
29799,16,CWE-476,105,0.0469,0.0267,0.0772,0.0267,0.1733,0.1467,0.5986,False,score=0.0469<0.05
4488,16,CWE-476,106,0.0467,0.0133,0.0967,0.0133,0.0,0.0133,0.0,False,freq_unsafe=0.000<0.02; score=0.0467<0.05
19078,16,CWE-476,107,0.0466,0.0267,0.0765,0.0267,0.0,0.0267,0.0,False,freq_unsafe=0.000<0.02; score=0.0466<0.05
11879,16,CWE-476,108,0.0466,0.0133,0.0964,0.0133,0.0133,0.0,0.0964,False,freq_unsafe=0.013<0.02; score=0.0466<0.05
7528,16,CWE-476,109,0.0465,0.0267,0.083,0.0133,0.0267,0.0133,0.1503,False,score=0.0465<0.05
15404,16,CWE-476,110,0.0463,0.0267,0.0758,0.0267,0.04,0.0533,0.0955,False,score=0.0463<0.05
7691,16,CWE-476,111,0.0462,0.0133,0.0956,0.0133,0.0,0.0133,0.0,False,freq_unsafe=0.000<0.02; score=0.0462<0.05
16024,16,CWE-476,112,0.0461,0.0267,0.0754,0.0267,0.0,0.0267,0.0,False,freq_unsafe=0.000<0.02; score=0.0461<0.05
6973,16,CWE-476,113,0.0461,0.0267,0.0753,0.0267,0.0267,0.04,0.0949,False,score=0.0461<0.05
5951,16,CWE-476,114,0.0459,0.0533,0.0482,0.0267,0.1067,0.08,0.3116,False,score=0.0459<0.05
26843,16,CWE-476,115,0.0454,0.0267,0.0734,0.0267,0.0267,0.0,0.0734,False,score=0.0454<0.05
31247,16,CWE-476,116,0.0452,0.0133,0.0931,0.0133,0.0133,0.0,0.0931,False,freq_unsafe=0.013<0.02; score=0.0452<0.05
26445,16,CWE-476,117,0.0451,0.0133,0.0927,0.0133,0.0,0.0133,0.0,False,freq_unsafe=0.000<0.02; score=0.0451<0.05
22932,16,CWE-476,118,0.0449,0.0133,0.0923,0.0133,0.0267,0.04,0.0823,False,score=0.0449<0.05
15148,16,CWE-476,119,0.0447,0.0133,0.0917,0.0133,0.0,0.0133,0.0,False,freq_unsafe=0.000<0.02; score=0.0447<0.05
4850,16,CWE-476,120,0.0445,0.0133,0.0912,0.0133,0.0267,0.0133,0.1521,False,score=0.0445<0.05
17628,16,CWE-476,121,0.0444,0.0267,0.071,0.0267,0.0667,0.0533,0.2243,False,score=0.0444<0.05
8737,16,CWE-476,122,0.0444,0.0133,0.0909,0.0133,0.0267,0.04,0.1433,False,score=0.0444<0.05
22288,16,CWE-476,123,0.0441,0.0267,0.0702,0.0267,0.0933,0.08,0.3852,False,score=0.0441<0.05
19880,16,CWE-476,124,0.044,0.0267,0.07,0.0267,0.0267,0.0533,0.0676,False,score=0.0440<0.05
32698,16,CWE-476,125,0.0436,0.0133,0.089,0.0133,0.0133,0.0,0.089,False,freq_unsafe=0.013<0.02; score=0.0436<0.05
2681,16,CWE-476,126,0.0434,0.0267,0.0684,0.0267,0.0267,0.0,0.0684,False,score=0.0434<0.05
19743,16,CWE-476,127,0.0434,0.04,0.0551,0.0267,0.2,0.2133,0.5861,False,score=0.0434<0.05
23966,16,CWE-476,128,0.0434,0.0267,0.0684,0.0267,0.04,0.0133,0.1281,False,score=0.0434<0.05
29140,16,CWE-476,129,0.0432,0.0133,0.0881,0.0133,0.0133,0.0,0.0881,False,freq_unsafe=0.013<0.02; score=0.0432<0.05
22206,16,CWE-476,130,0.0432,0.0133,0.0879,0.0133,0.0,0.0133,0.0,False,freq_unsafe=0.000<0.02; score=0.0432<0.05
25208,16,CWE-476,131,0.043,0.0267,0.0675,0.0267,0.0267,0.0533,0.0842,False,score=0.0430<0.05
21848,16,CWE-476,132,0.0428,0.0133,0.0869,0.0133,0.0133,0.0,0.0869,False,freq_unsafe=0.013<0.02; score=0.0428<0.05
19806,16,CWE-476,133,0.0424,0.0133,0.0861,0.0133,0.0133,0.0,0.0861,False,freq_unsafe=0.013<0.02; score=0.0424<0.05
12839,16,CWE-476,134,0.0424,0.0133,0.086,0.0133,0.0133,0.0267,0.0777,False,freq_unsafe=0.013<0.02; score=0.0424<0.05
24632,16,CWE-476,135,0.0423,0.0133,0.0858,0.0133,0.0133,0.0,0.0858,False,freq_unsafe=0.013<0.02; score=0.0423<0.05
24130,16,CWE-476,136,0.042,0.0267,0.0716,0.0133,0.08,0.0667,0.3631,False,score=0.0420<0.05
20070,16,CWE-476,137,0.0418,0.0133,0.0844,0.0133,0.0,0.0133,0.0,False,freq_unsafe=0.000<0.02; score=0.0418<0.05
28944,16,CWE-476,138,0.0417,0.0267,0.0643,0.0267,0.0133,0.04,0.0291,False,freq_unsafe=0.013<0.02; score=0.0417<0.05
6328,16,CWE-476,139,0.0416,0.0267,0.0706,0.0133,0.04,0.0267,0.1453,False,score=0.0416<0.05
13166,16,CWE-476,140,0.0415,0.0133,0.0838,0.0133,0.0,0.0133,0.0,False,freq_unsafe=0.000<0.02; score=0.0415<0.05
5704,16,CWE-476,141,0.0414,0.0133,0.0834,0.0133,0.0133,0.0267,0.0345,False,freq_unsafe=0.013<0.02; score=0.0414<0.05
30778,16,CWE-476,142,0.0413,0.0133,0.0834,0.0133,0.04,0.0267,0.1745,False,score=0.0413<0.05
29718,16,CWE-476,143,0.0411,0.0133,0.0827,0.0133,0.0,0.0133,0.0,False,freq_unsafe=0.000<0.02; score=0.0411<0.05
25783,16,CWE-476,144,0.0411,0.0267,0.0626,0.0267,0.0267,0.0,0.0626,False,score=0.0411<0.05
5194,16,CWE-476,145,0.041,0.0133,0.0825,0.0133,0.0133,0.0,0.0825,False,freq_unsafe=0.013<0.02; score=0.0410<0.05
5410,16,CWE-476,146,0.041,0.0267,0.0625,0.0267,0.0,0.0267,0.0,False,freq_unsafe=0.000<0.02; score=0.0410<0.05
8381,16,CWE-476,147,0.041,0.0267,0.0625,0.0267,0.0267,0.0,0.0625,False,score=0.0410<0.05
27887,16,CWE-476,148,0.0405,0.0133,0.0813,0.0133,0.0,0.0133,0.0,False,freq_unsafe=0.000<0.02; score=0.0405<0.05
31569,16,CWE-476,149,0.0403,0.0133,0.0807,0.0133,0.04,0.0267,0.1762,False,score=0.0403<0.05
17635,16,CWE-476,150,0.0402,0.0133,0.0805,0.0133,0.0,0.0133,0.0,False,freq_unsafe=0.000<0.02; score=0.0402<0.05
9162,16,CWE-476,151,0.0401,0.0133,0.0803,0.0133,0.0267,0.0133,0.1148,False,score=0.0401<0.05
26663,16,CWE-476,152,0.0401,0.0133,0.0802,0.0133,0.0133,0.0,0.0802,False,freq_unsafe=0.013<0.02; score=0.0401<0.05
2362,16,CWE-476,153,0.0399,0.04,0.0398,0.04,0.08,0.0933,0.3577,False,score=0.0399<0.05
8896,16,CWE-476,154,0.0398,0.0133,0.0795,0.0133,0.0133,0.0,0.0795,False,freq_unsafe=0.013<0.02; score=0.0398<0.05
17726,16,CWE-476,155,0.0398,0.0133,0.0794,0.0133,0.0133,0.0,0.0794,False,freq_unsafe=0.013<0.02; score=0.0398<0.05
25355,16,CWE-476,156,0.0396,0.0133,0.079,0.0133,0.0267,0.0133,0.1318,False,score=0.0396<0.05
9286,16,CWE-476,157,0.0393,0.0267,0.0582,0.0267,0.0267,0.0133,0.0861,False,score=0.0393<0.05
30264,16,CWE-476,158,0.0391,0.0133,0.0778,0.0133,0.0133,0.0,0.0778,False,freq_unsafe=0.013<0.02; score=0.0391<0.05
29337,16,CWE-476,159,0.0388,0.0133,0.077,0.0133,0.0,0.0133,0.0,False,freq_unsafe=0.000<0.02; score=0.0388<0.05
7943,16,CWE-476,160,0.0385,0.0133,0.0762,0.0133,0.0133,0.0,0.0762,False,freq_unsafe=0.013<0.02; score=0.0385<0.05
10025,16,CWE-476,161,0.0383,0.0267,0.0624,0.0133,0.04,0.0267,0.2011,False,score=0.0383<0.05
20936,16,CWE-476,162,0.0383,0.0133,0.0757,0.0133,0.0133,0.0,0.0757,False,freq_unsafe=0.013<0.02; score=0.0383<0.05
12930,16,CWE-476,163,0.0382,0.0133,0.0756,0.0133,0.0133,0.0,0.0756,False,freq_unsafe=0.013<0.02; score=0.0382<0.05
30047,16,CWE-476,164,0.0382,0.0133,0.0755,0.0133,0.0267,0.0133,0.1171,False,score=0.0382<0.05
20543,16,CWE-476,165,0.0381,0.0133,0.0753,0.0133,0.0267,0.0133,0.1292,False,score=0.0381<0.05
9504,16,CWE-476,166,0.038,0.0133,0.0751,0.0133,0.0,0.0133,0.0,False,freq_unsafe=0.000<0.02; score=0.0380<0.05
25423,16,CWE-476,167,0.038,0.0133,0.0751,0.0133,0.0,0.0133,0.0,False,freq_unsafe=0.000<0.02; score=0.0380<0.05
18857,16,CWE-476,168,0.0379,0.0667,0.0082,0.04,0.1067,0.1333,0.4338,False,score=0.0379<0.05
22786,16,CWE-476,169,0.0378,0.0133,0.0746,0.0133,0.0267,0.0133,0.1019,False,score=0.0378<0.05
26704,16,CWE-476,170,0.0378,0.0267,0.0545,0.0267,0.0667,0.08,0.2245,False,score=0.0378<0.05
11630,16,CWE-476,171,0.0375,0.0133,0.0738,0.0133,0.0133,0.0267,0.0613,False,freq_unsafe=0.013<0.02; score=0.0375<0.05
15617,16,CWE-476,172,0.0374,0.0133,0.0734,0.0133,0.0133,0.0267,0.1625,False,freq_unsafe=0.013<0.02; score=0.0374<0.05
15917,16,CWE-476,173,0.0371,0.0133,0.0726,0.0133,0.0133,0.0,0.0726,False,freq_unsafe=0.013<0.02; score=0.0371<0.05
26373,16,CWE-476,174,0.037,0.0533,0.0326,0.0133,0.1333,0.12,0.5021,False,score=0.0370<0.05
3845,16,CWE-476,175,0.037,0.0133,0.0725,0.0133,0.0,0.0133,0.0,False,freq_unsafe=0.000<0.02; score=0.0370<0.05
16817,16,CWE-476,176,0.037,0.0267,0.0524,0.0267,0.04,0.0267,0.1608,False,score=0.0370<0.05
170,16,CWE-476,177,0.0369,0.0267,0.0589,0.0133,0.0667,0.0533,0.2666,False,score=0.0369<0.05
23749,16,CWE-476,178,0.0369,0.0133,0.0723,0.0133,0.0,0.0133,0.0,False,freq_unsafe=0.000<0.02; score=0.0369<0.05
4179,16,CWE-476,179,0.0364,0.0133,0.0709,0.0133,0.0,0.0133,0.0,False,freq_unsafe=0.000<0.02; score=0.0364<0.05
2545,16,CWE-476,180,0.0363,0.0133,0.0707,0.0133,0.0,0.0133,0.0,False,freq_unsafe=0.000<0.02; score=0.0363<0.05
8219,16,CWE-476,181,0.0363,0.0133,0.0707,0.0133,0.0133,0.0,0.0707,False,freq_unsafe=0.013<0.02; score=0.0363<0.05
11595,16,CWE-476,182,0.0362,0.04,0.0438,0.0133,0.2,0.1867,1.1715,False,score=0.0362<0.05
8899,16,CWE-476,183,0.0361,0.0133,0.0704,0.0133,0.0133,0.0,0.0704,False,freq_unsafe=0.013<0.02; score=0.0361<0.05
27693,16,CWE-476,184,0.0361,0.0133,0.0704,0.0133,0.0133,0.0,0.0704,False,freq_unsafe=0.013<0.02; score=0.0361<0.05
3069,16,CWE-476,185,0.036,0.0133,0.0701,0.0133,0.0133,0.0,0.0701,False,freq_unsafe=0.013<0.02; score=0.0360<0.05
29437,16,CWE-476,186,0.0359,0.0133,0.0699,0.0133,0.0267,0.0133,0.1045,False,score=0.0359<0.05
8442,16,CWE-476,187,0.0358,0.0133,0.0696,0.0133,0.0,0.0133,0.0,False,freq_unsafe=0.000<0.02; score=0.0358<0.05
5530,16,CWE-476,188,0.0358,0.0133,0.0695,0.0133,0.0133,0.0,0.0695,False,freq_unsafe=0.013<0.02; score=0.0358<0.05
13778,16,CWE-476,189,0.0355,0.0133,0.0687,0.0133,0.0,0.0133,0.0,False,freq_unsafe=0.000<0.02; score=0.0355<0.05
29058,16,CWE-476,190,0.0354,0.0133,0.0685,0.0133,0.0,0.0133,0.0,False,freq_unsafe=0.000<0.02; score=0.0354<0.05
18561,16,CWE-476,191,0.0354,0.0133,0.0684,0.0133,0.0267,0.0133,0.1474,False,score=0.0354<0.05
24141,16,CWE-476,192,0.0353,0.0133,0.0683,0.0133,0.0133,0.0,0.0683,False,freq_unsafe=0.013<0.02; score=0.0353<0.05
4011,16,CWE-476,193,0.0353,0.0133,0.0682,0.0133,0.0,0.0133,0.0,False,freq_unsafe=0.000<0.02; score=0.0353<0.05
9144,16,CWE-476,194,0.0352,0.04,0.0348,0.0267,0.0667,0.0533,0.1777,False,score=0.0352<0.05
17814,16,CWE-476,195,0.0352,0.0133,0.068,0.0133,0.0,0.0133,0.0,False,freq_unsafe=0.000<0.02; score=0.0352<0.05
16926,16,CWE-476,196,0.0351,0.0133,0.0678,0.0133,0.0,0.0133,0.0,False,freq_unsafe=0.000<0.02; score=0.0351<0.05
3411,16,CWE-476,197,0.035,0.0133,0.0676,0.0133,0.0133,0.0267,0.0472,False,freq_unsafe=0.013<0.02; score=0.0350<0.05
23517,16,CWE-476,198,0.035,0.0133,0.0675,0.0133,0.0267,0.04,0.0861,False,score=0.0350<0.05
1218,16,CWE-476,199,0.0345,0.0267,0.053,0.0133,0.0933,0.1067,0.8459,False,score=0.0345<0.05
8646,16,CWE-476,200,0.0344,0.0133,0.0661,0.0133,0.0,0.0133,0.0,False,freq_unsafe=0.000<0.02; score=0.0344<0.05
16897,19,CWE-120,1,1.1837,0.5857,2.2094,0.3286,0.7857,0.9405,8.7203,True,
151,19,CWE-120,2,0.8915,0.3143,1.8001,0.2286,0.4286,0.6014,2.9744,True,
19738,19,CWE-120,3,0.7823,0.4,1.4201,0.2714,0.5,0.4808,2.4791,True,
11462,19,CWE-120,4,0.6763,0.3571,1.205,0.2571,0.4286,0.2841,1.9664,True,
20937,19,CWE-120,5,0.6141,0.3571,1.0139,0.3286,0.4286,0.2811,1.7449,True,
14842,19,CWE-120,6,0.5818,0.2714,1.0687,0.2286,0.3571,0.1394,1.5617,True,
14193,19,CWE-120,7,0.5692,0.3571,0.8945,0.3429,0.3571,0.0264,0.9269,True,
27826,19,CWE-120,8,0.5598,0.2143,1.078,0.2143,0.2143,0.0219,1.078,True,
13091,19,CWE-120,9,0.556,0.3286,0.9472,0.2286,0.4286,0.2713,1.6558,True,
32012,19,CWE-120,10,0.529,0.2714,0.9154,0.2714,0.2857,0.0392,0.992,True,
17961,19,CWE-120,11,0.5137,0.3429,0.82,0.2429,0.5,0.4092,2.1932,True,
29026,19,CWE-120,12,0.4918,0.2429,0.8653,0.2429,0.0,0.2856,0.0,False,freq_unsafe=0.000<0.02
5403,19,CWE-120,13,0.4027,0.1429,0.7925,0.1429,0.1429,0.0505,0.9179,True,
14440,19,CWE-120,14,0.393,0.2286,0.6825,0.1429,0.2857,0.1891,1.4996,True,
18993,19,CWE-120,15,0.3928,0.1429,0.7747,0.1286,0.1429,0.0362,0.8447,True,
26893,19,CWE-120,16,0.3737,0.0857,0.8057,0.0857,0.0,0.046,0.0,False,freq_unsafe=0.000<0.02
4312,19,CWE-120,17,0.3591,0.2714,0.5262,0.2,0.0714,0.2555,0.3455,True,
1913,19,CWE-120,18,0.3569,0.2857,0.5351,0.1429,0.3571,0.2283,1.29,True,
15311,19,CWE-120,19,0.3393,0.2143,0.5339,0.2,0.2143,0.058,0.5993,True,
19984,19,CWE-120,20,0.3326,0.2143,0.5243,0.1857,0.2143,0.0317,0.6796,True,
19483,19,CWE-120,21,0.3317,0.2857,0.4506,0.1857,0.3571,0.257,1.0311,True,
22439,19,CWE-120,22,0.3105,0.2,0.4906,0.1714,0.2143,0.0859,0.7265,True,
4380,19,CWE-120,23,0.306,0.1429,0.5508,0.1429,0.1429,0.0166,0.5838,True,
31800,19,CWE-120,24,0.3035,0.1714,0.5017,0.1714,0.0,0.1439,0.0,False,freq_unsafe=0.000<0.02
12906,19,CWE-120,25,0.3029,0.2,0.4716,0.1714,0.2143,0.1266,0.633,True,
16192,19,CWE-120,26,0.2925,0.1714,0.4884,0.1429,0.2143,0.2645,1.4169,True,
6551,19,CWE-120,27,0.2893,0.1143,0.5518,0.1143,0.0714,0.1176,0.161,True,
1317,19,CWE-120,28,0.2764,0.1429,0.4767,0.1429,0.1429,0.058,0.5123,True,
6273,19,CWE-120,29,0.2654,0.3714,0.1993,0.1857,0.4286,0.4152,1.7801,True,
4700,19,CWE-120,30,0.2618,0.1429,0.4474,0.1286,0.1429,0.0211,0.5033,True,
32696,19,CWE-120,31,0.2609,0.1429,0.438,0.1429,0.1429,0.0294,0.4799,True,
18458,19,CWE-120,32,0.2568,0.0714,0.5349,0.0714,0.0714,0.0068,0.5349,True,
1757,19,CWE-120,33,0.2556,0.1286,0.4462,0.1286,0.1429,0.0203,0.5013,True,
14049,19,CWE-120,34,0.2429,0.0714,0.5001,0.0714,0.0714,0.0008,0.5001,True,
31956,19,CWE-120,35,0.2411,0.1429,0.3885,0.1429,0.1429,0.0347,0.42,True,
32404,19,CWE-120,36,0.2394,0.0714,0.4913,0.0714,0.0714,0.0015,0.4913,True,
20332,19,CWE-120,37,0.238,0.1143,0.4237,0.1143,0.1429,0.1861,0.4845,True,
7705,19,CWE-120,38,0.2376,0.0714,0.4869,0.0714,0.0714,0.0015,0.4869,True,
2068,19,CWE-120,39,0.234,0.2714,0.2564,0.1143,0.5,0.4544,1.972,True,
3848,19,CWE-120,40,0.232,0.1429,0.3656,0.1429,0.1429,0.0068,0.3656,True,
4280,19,CWE-120,41,0.229,0.0714,0.4653,0.0714,0.0714,0.003,0.4653,True,
15417,19,CWE-120,42,0.2269,0.0714,0.4601,0.0714,0.0714,0.003,0.4601,True,
12186,19,CWE-120,43,0.2188,0.2286,0.2613,0.1143,0.3571,0.4265,1.286,True,
19008,19,CWE-120,44,0.2135,0.1143,0.3624,0.1143,0.1429,0.1952,0.4118,True,
5923,19,CWE-120,45,0.2083,0.1571,0.285,0.1571,0.2143,0.2841,0.5797,True,
13750,19,CWE-120,46,0.2081,0.0714,0.4132,0.0714,0.0714,0.0098,0.4132,True,
30380,19,CWE-120,47,0.207,0.0714,0.4105,0.0714,0.0714,0.0113,0.4461,True,
14279,19,CWE-120,48,0.2062,0.0714,0.4084,0.0714,0.0714,0.0083,0.4084,True,
23329,19,CWE-120,49,0.2061,0.0714,0.4081,0.0714,0.0714,0.0038,0.4081,True,
11931,19,CWE-120,50,0.2042,0.0714,0.4033,0.0714,0.0714,0.006,0.4033,True,
3571,19,CWE-120,51,0.2029,0.0857,0.3786,0.0857,0.1429,0.1846,0.6311,True,
1622,19,CWE-120,52,0.2018,0.0714,0.3973,0.0714,0.0714,0.0098,0.3973,True,
8634,19,CWE-120,53,0.2011,0.0714,0.3957,0.0714,0.0714,0.0317,0.4372,True,
7777,19,CWE-120,54,0.1974,0.0714,0.3864,0.0714,0.0714,0.0136,0.3864,True,
1748,19,CWE-120,55,0.1964,0.0857,0.3624,0.0857,0.0,0.1047,0.0,False,freq_unsafe=0.000<0.02
30742,19,CWE-120,56,0.1963,0.1714,0.2623,0.1143,0.2143,0.0836,0.5288,True,
13827,19,CWE-120,57,0.1951,0.1857,0.2593,0.0857,0.1429,0.211,0.7405,True,
14552,19,CWE-120,58,0.1926,0.0714,0.3744,0.0714,0.0714,0.0083,0.3744,True,
28315,19,CWE-120,59,0.1925,0.0714,0.3742,0.0714,0.0714,0.0008,0.3742,True,
16912,19,CWE-120,60,0.1915,0.0714,0.3717,0.0714,0.0714,0.0008,0.3717,True,
2865,19,CWE-120,61,0.1906,0.0714,0.3695,0.0714,0.0714,0.0166,0.4035,True,
543,19,CWE-120,62,0.1875,0.0714,0.3686,0.0571,0.0714,0.0173,0.5117,True,
29314,19,CWE-120,63,0.1874,0.0714,0.3615,0.0714,0.0714,0.0,0.3615,True,
18837,19,CWE-120,64,0.1862,0.0714,0.3584,0.0714,0.0714,0.0098,0.3584,True,
24293,19,CWE-120,65,0.1842,0.0714,0.3533,0.0714,0.0714,0.0158,0.4258,True,
23706,19,CWE-120,66,0.1825,0.0714,0.3491,0.0714,0.0714,0.0023,0.3491,True,
3674,19,CWE-120,67,0.1814,0.2,0.1748,0.1571,0.4286,0.3157,1.5167,True,
4633,19,CWE-120,68,0.1812,0.0714,0.3458,0.0714,0.0714,0.006,0.3458,True,
25954,19,CWE-120,69,0.1809,0.1429,0.2593,0.1,0.1429,0.0226,0.4224,True,
367,19,CWE-120,70,0.1801,0.1429,0.2503,0.1143,0.1429,0.0512,0.4701,True,
16615,19,CWE-120,71,0.1791,0.0714,0.3407,0.0714,0.0714,0.009,0.3407,True,
5540,19,CWE-120,72,0.1787,0.1143,0.2752,0.1143,0.1429,0.202,0.3358,True,
5813,19,CWE-120,73,0.1777,0.0429,0.38,0.0429,0.0,0.0256,0.0,False,freq_unsafe=0.000<0.02
23088,19,CWE-120,74,0.1773,0.0714,0.336,0.0714,0.0714,0.0083,0.336,True,
18806,19,CWE-120,75,0.1758,0.0714,0.3323,0.0714,0.0714,0.0053,0.3323,True,
19056,19,CWE-120,76,0.1747,0.0714,0.3297,0.0714,0.0714,0.0015,0.3297,True,
6573,19,CWE-120,77,0.1714,0.0714,0.3214,0.0714,0.0714,0.006,0.3214,True,
13197,19,CWE-120,78,0.1712,0.0714,0.3208,0.0714,0.0714,0.0234,0.3208,True,
10414,19,CWE-120,79,0.169,0.0714,0.3152,0.0714,0.0714,0.0008,0.3152,True,
14865,19,CWE-120,80,0.1681,0.0714,0.3131,0.0714,0.0714,0.0053,0.3131,True,
20051,19,CWE-120,81,0.1672,0.0714,0.3109,0.0714,0.0714,0.0038,0.3109,True,
21288,19,CWE-120,82,0.1662,0.0714,0.3083,0.0714,0.0714,0.003,0.3083,True,
11003,19,CWE-120,83,0.1657,0.0857,0.2857,0.0857,0.1429,0.1786,0.4761,True,
213,19,CWE-120,84,0.1649,0.0714,0.305,0.0714,0.0714,0.0219,0.305,True,
6105,19,CWE-120,85,0.1645,0.0714,0.3041,0.0714,0.0714,0.0023,0.3041,True,
30291,19,CWE-120,86,0.1645,0.0714,0.304,0.0714,0.0714,0.0,0.304,True,
17007,19,CWE-120,87,0.1644,0.0714,0.3037,0.0714,0.0714,0.0,0.3037,True,
29810,19,CWE-120,88,0.1625,0.1429,0.1991,0.1286,0.2143,0.1138,0.5246,True,
23536,19,CWE-120,89,0.1624,0.0714,0.299,0.0714,0.0714,0.0083,0.3503,True,
2287,19,CWE-120,90,0.1617,0.2286,0.1044,0.1429,0.4286,0.468,1.438,True,
20220,19,CWE-120,91,0.1604,0.0714,0.2937,0.0714,0.0714,0.0008,0.2937,True,
9406,19,CWE-120,92,0.1595,0.0857,0.2702,0.0857,0.1429,0.1778,0.4503,True,
15975,19,CWE-120,93,0.159,0.0714,0.2904,0.0714,0.0714,0.0023,0.2904,True,
10430,19,CWE-120,94,0.1587,0.0714,0.2896,0.0714,0.0714,0.0023,0.2896,True,
1705,19,CWE-120,95,0.1569,0.0714,0.285,0.0714,0.0714,0.0053,0.285,True,
23814,19,CWE-120,96,0.1565,0.0857,0.2697,0.0714,0.0714,0.1334,0.2356,True,
3172,19,CWE-120,97,0.1563,0.0714,0.2836,0.0714,0.0714,0.0098,0.3451,True,
3709,19,CWE-120,98,0.1539,0.0714,0.2775,0.0714,0.0714,0.0023,0.2775,True,
11498,19,CWE-120,99,0.1534,0.0714,0.2763,0.0714,0.0714,0.0,0.2763,True,
3596,19,CWE-120,100,0.1504,0.0714,0.2687,0.0714,0.0714,0.0,0.2687,True,
18037,19,CWE-120,101,0.1495,0.0714,0.2666,0.0714,0.0714,0.0188,0.2666,False,score=0.1495<0.15
10538,19,CWE-120,102,0.1495,0.0714,0.2665,0.0714,0.0714,0.0015,0.2665,False,score=0.1495<0.15
20250,19,CWE-120,103,0.148,0.0714,0.263,0.0714,0.0714,0.0023,0.263,False,score=0.1480<0.15
20549,19,CWE-120,104,0.1474,0.0714,0.2612,0.0714,0.0714,0.0068,0.2612,False,score=0.1474<0.15
14275,19,CWE-120,105,0.1473,0.0714,0.2611,0.0714,0.0714,0.0143,0.3931,False,score=0.1473<0.15
22117,19,CWE-120,106,0.1473,0.0714,0.261,0.0714,0.0714,0.0,0.261,False,score=0.1473<0.15
31411,19,CWE-120,107,0.1471,0.0857,0.2392,0.0857,0.0,0.0806,0.0,False,freq_unsafe=0.000<0.02; score=0.1471<0.15
25982,19,CWE-120,108,0.1468,0.0714,0.2599,0.0714,0.0714,0.0008,0.2599,False,score=0.1468<0.15
9108,19,CWE-120,109,0.1463,0.0714,0.2586,0.0714,0.0714,0.006,0.2586,False,score=0.1463<0.15
7889,19,CWE-120,110,0.1458,0.1286,0.1717,0.1286,0.1429,0.0573,0.3765,False,score=0.1458<0.15
8682,19,CWE-120,111,0.1455,0.0714,0.2566,0.0714,0.0714,0.0023,0.2566,False,score=0.1455<0.15
29751,19,CWE-120,112,0.1453,0.0714,0.2561,0.0714,0.0714,0.0045,0.2561,False,score=0.1453<0.15
17824,19,CWE-120,113,0.1443,0.0714,0.2535,0.0714,0.0714,0.0068,0.2535,False,score=0.1443<0.15
20467,19,CWE-120,114,0.1436,0.0714,0.2519,0.0714,0.0714,0.0015,0.2519,False,score=0.1436<0.15
16137,19,CWE-120,115,0.1431,0.0714,0.2505,0.0714,0.0714,0.0015,0.2505,False,score=0.1431<0.15
23436,19,CWE-120,116,0.1426,0.1,0.2065,0.1,0.1429,0.0482,0.2966,False,score=0.1426<0.15
6603,19,CWE-120,117,0.142,0.0714,0.2478,0.0714,0.0,0.0475,0.0,False,freq_unsafe=0.000<0.02; score=0.1420<0.15
16522,19,CWE-120,118,0.1413,0.0714,0.246,0.0714,0.0714,0.009,0.246,False,score=0.1413<0.15
2343,19,CWE-120,119,0.1402,0.0714,0.2433,0.0714,0.0714,0.0234,0.2433,False,score=0.1402<0.15
12917,19,CWE-120,120,0.1401,0.0714,0.243,0.0714,0.0714,0.009,0.243,False,score=0.1401<0.15
2857,19,CWE-120,121,0.1397,0.0714,0.2422,0.0714,0.0714,0.003,0.2422,False,score=0.1397<0.15
20459,19,CWE-120,122,0.1377,0.0714,0.237,0.0714,0.0714,0.0219,0.237,False,score=0.1377<0.15
10111,19,CWE-120,123,0.1376,0.0714,0.2367,0.0714,0.0,0.0512,0.0,False,freq_unsafe=0.000<0.02; score=0.1376<0.15
30294,19,CWE-120,124,0.137,0.0714,0.2354,0.0714,0.0714,0.0045,0.2354,False,score=0.1370<0.15
19776,19,CWE-120,125,0.1368,0.0714,0.2347,0.0714,0.0714,0.003,0.2347,False,score=0.1368<0.15
29022,19,CWE-120,126,0.1359,0.0857,0.2113,0.0857,0.1429,0.1778,0.3521,False,score=0.1359<0.15
28606,19,CWE-120,127,0.1354,0.0714,0.2313,0.0714,0.0714,0.0173,0.2624,False,score=0.1354<0.15
16900,19,CWE-120,128,0.1348,0.0714,0.2298,0.0714,0.0714,0.0038,0.2298,False,score=0.1348<0.15
19004,19,CWE-120,129,0.1345,0.0714,0.2291,0.0714,0.0714,0.0452,0.3175,False,score=0.1345<0.15
16028,19,CWE-120,130,0.1336,0.0857,0.2054,0.0857,0.1429,0.1786,0.3423,False,score=0.1336<0.15
16252,19,CWE-120,131,0.1331,0.0714,0.2257,0.0714,0.0714,0.003,0.2257,False,score=0.1331<0.15
20327,19,CWE-120,132,0.133,0.0714,0.2253,0.0714,0.0714,0.0,0.2253,False,score=0.1330<0.15
14206,19,CWE-120,133,0.1314,0.0714,0.2213,0.0714,0.0714,0.0075,0.2213,False,score=0.1314<0.15
14398,19,CWE-120,134,0.131,0.0857,0.199,0.0857,0.1429,0.1778,0.3317,False,score=0.1310<0.15
31981,19,CWE-120,135,0.1308,0.0714,0.2198,0.0714,0.0714,0.0023,0.2198,False,score=0.1308<0.15
10796,19,CWE-120,136,0.1306,0.0857,0.198,0.0857,0.1429,0.1884,0.33,False,score=0.1306<0.15
10448,19,CWE-120,137,0.1304,0.0714,0.2188,0.0714,0.0,0.0497,0.0,False,freq_unsafe=0.000<0.02; score=0.1304<0.15
31786,19,CWE-120,138,0.1301,0.0571,0.2323,0.0714,0.0714,0.0106,0.2896,False,score=0.1301<0.15
5874,19,CWE-120,139,0.1298,0.0714,0.2175,0.0714,0.0714,0.0008,0.2175,False,score=0.1298<0.15
10988,19,CWE-120,140,0.1295,0.0429,0.2595,0.0429,0.0,0.0761,0.0,False,freq_unsafe=0.000<0.02; score=0.1295<0.15
22755,19,CWE-120,141,0.1289,0.0714,0.2151,0.0714,0.0714,0.006,0.2151,False,score=0.1289<0.15
11432,19,CWE-120,142,0.1287,0.0714,0.2146,0.0714,0.0714,0.0015,0.2146,False,score=0.1287<0.15
5948,19,CWE-120,143,0.1283,0.0714,0.2137,0.0714,0.0714,0.0015,0.2137,False,score=0.1283<0.15
1784,19,CWE-120,144,0.1283,0.0714,0.2137,0.0714,0.0714,0.0068,0.2137,False,score=0.1283<0.15
24779,19,CWE-120,145,0.1283,0.0714,0.2137,0.0714,0.0,0.0347,0.0,False,freq_unsafe=0.000<0.02; score=0.1283<0.15
32247,19,CWE-120,146,0.1276,0.0571,0.2332,0.0571,0.0,0.0196,0.0,False,freq_unsafe=0.000<0.02; score=0.1276<0.15
7047,19,CWE-120,147,0.1273,0.0714,0.2112,0.0714,0.0714,0.0045,0.2112,False,score=0.1273<0.15
29539,19,CWE-120,148,0.1271,0.0714,0.2105,0.0714,0.0714,0.0339,0.2585,False,score=0.1271<0.15
14803,19,CWE-120,149,0.1267,0.0714,0.2095,0.0714,0.0714,0.0023,0.2095,False,score=0.1267<0.15
4224,19,CWE-120,150,0.1258,0.0714,0.2073,0.0714,0.0714,0.003,0.2073,False,score=0.1258<0.15
9170,19,CWE-120,151,0.1252,0.0714,0.2059,0.0714,0.0714,0.0015,0.2059,False,score=0.1252<0.15
15529,19,CWE-120,152,0.1248,0.0714,0.2049,0.0714,0.0714,0.0015,0.2049,False,score=0.1248<0.15
16599,19,CWE-120,153,0.1233,0.0571,0.2226,0.0571,0.0,0.0384,0.0,False,freq_unsafe=0.000<0.02; score=0.1233<0.15
27675,19,CWE-120,154,0.1232,0.0714,0.2009,0.0714,0.0714,0.0015,0.2009,False,score=0.1232<0.15
1586,19,CWE-120,155,0.1229,0.0571,0.2216,0.0571,0.0714,0.0678,0.5305,False,score=0.1229<0.15
5103,19,CWE-120,156,0.1226,0.0714,0.1994,0.0714,0.0714,0.0,0.1994,False,score=0.1226<0.15
4990,19,CWE-120,157,0.1224,0.0714,0.1989,0.0714,0.0714,0.0203,0.1989,False,score=0.1224<0.15
16703,19,CWE-120,158,0.1224,0.0714,0.1988,0.0714,0.0714,0.0143,0.1988,False,score=0.1224<0.15
14070,19,CWE-120,159,0.1224,0.0714,0.1987,0.0714,0.0714,0.0008,0.1987,False,score=0.1224<0.15
6096,19,CWE-120,160,0.1223,0.0857,0.1771,0.0857,0.1429,0.1778,0.2951,False,score=0.1223<0.15
3601,19,CWE-120,161,0.1223,0.0714,0.1985,0.0714,0.0714,0.0219,0.2284,False,score=0.1223<0.15
20219,19,CWE-120,162,0.1217,0.0714,0.1972,0.0714,0.0714,0.003,0.1972,False,score=0.1217<0.15
1552,19,CWE-120,163,0.1214,0.0714,0.2034,0.0571,0.0714,0.049,0.3334,False,score=0.1214<0.15
11917,19,CWE-120,164,0.1213,0.0714,0.1961,0.0714,0.0714,0.0038,0.1961,False,score=0.1213<0.15
12824,19,CWE-120,165,0.121,0.0714,0.2097,0.0429,0.0714,0.0844,0.1795,False,score=0.1210<0.15
28115,19,CWE-120,166,0.121,0.0714,0.1953,0.0714,0.0714,0.0075,0.1953,False,score=0.1210<0.15
31828,19,CWE-120,167,0.121,0.0429,0.2381,0.0429,0.0,0.0279,0.0,False,freq_unsafe=0.000<0.02; score=0.1210<0.15
5895,19,CWE-120,168,0.1202,0.0714,0.1934,0.0714,0.0714,0.0271,0.1934,False,score=0.1202<0.15
5384,19,CWE-120,169,0.1192,0.0714,0.1909,0.0714,0.0714,0.0143,0.1909,False,score=0.1192<0.15
3638,19,CWE-120,170,0.1192,0.0714,0.1908,0.0714,0.0714,0.0121,0.1908,False,score=0.1192<0.15
32292,19,CWE-120,171,0.119,0.0714,0.1903,0.0714,0.0714,0.0068,0.1903,False,score=0.1190<0.15
9586,19,CWE-120,172,0.1186,0.0714,0.1894,0.0714,0.0714,0.0158,0.2283,False,score=0.1186<0.15
15049,19,CWE-120,173,0.1186,0.0714,0.1964,0.0571,0.0714,0.0188,0.2678,False,score=0.1186<0.15
5808,19,CWE-120,174,0.1185,0.0714,0.1892,0.0714,0.0714,0.0113,0.1892,False,score=0.1185<0.15
30843,19,CWE-120,175,0.1185,0.0714,0.1892,0.0714,0.0714,0.0038,0.2187,False,score=0.1185<0.15
3084,19,CWE-120,176,0.1184,0.0714,0.1887,0.0714,0.0714,0.0038,0.1887,False,score=0.1184<0.15
17391,19,CWE-120,177,0.1182,0.0714,0.1883,0.0714,0.0714,0.0,0.1883,False,score=0.1182<0.15
8131,19,CWE-120,178,0.118,0.0714,0.188,0.0714,0.0714,0.0045,0.188,False,score=0.1180<0.15
16139,19,CWE-120,179,0.1176,0.0714,0.1868,0.0714,0.0714,0.0106,0.1868,False,score=0.1176<0.15
14949,19,CWE-120,180,0.117,0.0714,0.1853,0.0714,0.0714,0.0023,0.1853,False,score=0.1170<0.15
10643,19,CWE-120,181,0.1168,0.0714,0.1848,0.0714,0.0714,0.003,0.1848,False,score=0.1168<0.15
7702,19,CWE-120,182,0.1167,0.0714,0.1846,0.0714,0.0714,0.0068,0.1846,False,score=0.1167<0.15
23169,19,CWE-120,183,0.1167,0.0714,0.1845,0.0714,0.0714,0.0,0.1845,False,score=0.1167<0.15
14739,19,CWE-120,184,0.1164,0.0714,0.1838,0.0714,0.0714,0.0038,0.1838,False,score=0.1164<0.15
15849,19,CWE-120,185,0.1161,0.1714,0.0473,0.1429,0.2143,0.1922,0.7324,False,score=0.1161<0.15
16858,19,CWE-120,186,0.1159,0.0714,0.1826,0.0714,0.0714,0.003,0.1826,False,score=0.1159<0.15
6075,19,CWE-120,187,0.1154,0.0714,0.1814,0.0714,0.0714,0.0015,0.1814,False,score=0.1154<0.15
23024,19,CWE-120,188,0.1151,0.0571,0.2021,0.0571,0.0,0.0324,0.0,False,freq_unsafe=0.000<0.02; score=0.1151<0.15
9253,19,CWE-120,189,0.1149,0.0429,0.223,0.0429,0.0,0.0505,0.0,False,freq_unsafe=0.000<0.02; score=0.1149<0.15
22540,19,CWE-120,190,0.1142,0.0714,0.1783,0.0714,0.0714,0.0,0.1783,False,score=0.1142<0.15
19227,19,CWE-120,191,0.1135,0.0714,0.1767,0.0714,0.0714,0.0023,0.1767,False,score=0.1135<0.15
16805,19,CWE-120,192,0.1128,0.0714,0.1749,0.0714,0.0714,0.0158,0.1749,False,score=0.1128<0.15
2977,19,CWE-120,193,0.1116,0.0714,0.1718,0.0714,0.0714,0.0045,0.2041,False,score=0.1116<0.15
18889,19,CWE-120,194,0.1112,0.0714,0.1709,0.0714,0.0714,0.0075,0.1709,False,score=0.1112<0.15
20390,19,CWE-120,195,0.1112,0.0714,0.1708,0.0714,0.0714,0.0,0.1708,False,score=0.1112<0.15
32094,19,CWE-120,196,0.1109,0.0714,0.1701,0.0714,0.0714,0.0113,0.2046,False,score=0.1109<0.15
17665,19,CWE-120,197,0.1107,0.0714,0.1695,0.0714,0.0714,0.0008,0.1695,False,score=0.1107<0.15
12227,19,CWE-120,198,0.1101,0.0429,0.2109,0.0429,0.0,0.0098,0.0,False,freq_unsafe=0.000<0.02; score=0.1101<0.15
18461,19,CWE-120,199,0.1098,0.0714,0.1675,0.0714,0.0714,0.0008,0.1675,False,score=0.1098<0.15
17353,19,CWE-120,200,0.1098,0.0714,0.1673,0.0714,0.0714,0.0,0.1673,False,score=0.1098<0.15
16897,19,CWE-327,1,0.7755,0.3571,1.478,0.2071,1.0,0.9375,11.7736,True,
2068,19,CWE-327,2,0.5914,0.3429,1.0106,0.25,0.6071,0.4516,3.191,True,
151,19,CWE-327,3,0.4911,0.3286,0.8349,0.1286,0.6786,0.5979,5.6982,True,
23042,19,CWE-327,4,0.4712,0.3,0.7388,0.2786,0.3571,0.0929,1.0337,True,
23814,19,CWE-327,5,0.4669,0.1786,0.9031,0.1714,0.25,0.1302,1.3702,True,
1913,19,CWE-327,6,0.371,0.3214,0.4953,0.2214,0.4286,0.2254,1.3658,True,
12068,19,CWE-327,7,0.3611,0.2214,0.5921,0.1786,0.3571,0.2338,1.3622,True,
28732,19,CWE-327,8,0.3529,0.2143,0.575,0.1857,0.3214,0.1264,1.0842,True,
5923,19,CWE-327,9,0.3388,0.2286,0.5292,0.1786,0.2143,0.2848,0.6018,True,
13827,19,CWE-327,10,0.3308,0.2143,0.5412,0.1429,0.25,0.2094,1.1046,True,
5895,19,CWE-327,11,0.3197,0.1286,0.5993,0.1429,0.1429,0.0251,0.6555,True,
29026,19,CWE-327,12,0.317,0.2143,0.4782,0.2,0.3571,0.281,1.2888,True,
13091,19,CWE-327,13,0.295,0.1714,0.491,0.15,0.1429,0.2757,0.3893,True,
6551,19,CWE-327,14,0.2945,0.1286,0.5505,0.1143,0.1786,0.1158,1.0389,True,
17961,19,CWE-327,15,0.2757,0.2,0.4214,0.1357,0.5,0.4082,2.0094,True,
19483,19,CWE-327,16,0.275,0.2,0.4268,0.1214,0.3214,0.2567,1.1796,True,
21184,19,CWE-327,17,0.2577,0.1071,0.4835,0.1071,0.1071,0.0107,0.4991,True,
14842,19,CWE-327,18,0.2496,0.15,0.4061,0.1357,0.25,0.1394,0.8504,True,
31623,19,CWE-327,19,0.2434,0.0786,0.4906,0.0786,0.0,0.0632,0.0,False,freq_unsafe=0.000<0.02
10854,19,CWE-327,20,0.2241,0.1,0.4068,0.1071,0.1071,0.0145,0.4212,True,
3571,19,CWE-327,21,0.2198,0.0929,0.4102,0.0929,0.1429,0.1851,0.6311,True,
31126,19,CWE-327,22,0.217,0.1071,0.3853,0.1,0.1071,0.051,0.421,True,
10724,19,CWE-327,23,0.2142,0.0643,0.4391,0.0643,0.0714,0.0122,0.4648,True,
78,19,CWE-327,24,0.2099,0.1071,0.3747,0.0857,0.1071,0.0419,0.4415,True,
15849,19,CWE-327,25,0.2039,0.1643,0.2919,0.1071,0.1071,0.1942,0.37,True,
11462,19,CWE-327,26,0.1956,0.1929,0.2532,0.0857,0.2857,0.2856,1.4505,True,
2495,19,CWE-327,27,0.1953,0.0714,0.3846,0.0643,0.0714,0.0046,0.4394,True,
20571,19,CWE-327,28,0.1951,0.0714,0.3805,0.0714,0.0714,0.0076,0.3805,True,
19008,19,CWE-327,29,0.1869,0.1071,0.3066,0.1071,0.1429,0.1957,0.4118,True,
10777,19,CWE-327,30,0.1864,0.1071,0.3052,0.1071,0.1071,0.0183,0.3052,True,
19738,19,CWE-327,31,0.186,0.2643,0.1328,0.1357,0.5,0.4806,3.4121,True,
26893,19,CWE-327,32,0.1851,0.0643,0.3662,0.0643,0.0,0.0465,0.0,False,freq_unsafe=0.000<0.02
2798,19,CWE-327,33,0.1834,0.1286,0.2834,0.0929,0.1429,0.0693,0.5278,True,
11418,19,CWE-327,34,0.1828,0.1,0.3036,0.1071,0.1071,0.0152,0.3184,True,
20332,19,CWE-327,35,0.1817,0.0929,0.3149,0.0929,0.1429,0.1866,0.4845,True,
6273,19,CWE-327,36,0.1812,0.1643,0.228,0.1214,0.4286,0.4151,1.4193,True,
11003,19,CWE-327,37,0.1795,0.0929,0.3095,0.0929,0.1429,0.179,0.4761,True,
20564,19,CWE-327,38,0.1789,0.1143,0.2757,0.1143,0.1429,0.1904,0.3355,True,
18279,19,CWE-327,39,0.1788,0.1,0.3005,0.0929,0.1071,0.0518,0.4049,True,
29810,19,CWE-327,40,0.1779,0.1286,0.259,0.1143,0.1786,0.1135,0.4846,True,
2287,19,CWE-327,41,0.1739,0.2429,0.149,0.0857,0.4286,0.4684,1.2149,True,
9406,19,CWE-327,42,0.1728,0.0929,0.2927,0.0929,0.1429,0.1782,0.4503,True,
17354,19,CWE-327,43,0.1711,0.0357,0.3742,0.0357,0.0357,0.0,0.3742,True,
12186,19,CWE-327,44,0.1708,0.2214,0.1271,0.1571,0.3929,0.4265,1.4396,True,
20442,19,CWE-327,45,0.1705,0.0714,0.319,0.0714,0.0714,0.0099,0.3435,True,
6510,19,CWE-327,46,0.1641,0.0286,0.3673,0.0286,0.0357,0.0084,0.5381,True,
26479,19,CWE-327,47,0.1625,0.0357,0.3526,0.0357,0.0357,0.0023,0.3526,True,
26861,19,CWE-327,48,0.158,0.0357,0.3415,0.0357,0.0357,0.0,0.3415,True,
29383,19,CWE-327,49,0.1577,0.0714,0.2908,0.0643,0.0714,0.0183,0.3863,True,
5540,19,CWE-327,50,0.1551,0.1,0.2377,0.1,0.1429,0.2026,0.3358,True,
18037,19,CWE-327,51,0.1544,0.0714,0.2823,0.0643,0.0714,0.0183,0.3277,True,
4973,19,CWE-327,52,0.1543,0.0357,0.3321,0.0357,0.0357,0.0023,0.3321,True,
20937,19,CWE-327,53,0.1542,0.1357,0.2141,0.0714,0.3571,0.281,1.2686,True,
10194,19,CWE-327,54,0.1533,0.1071,0.2225,0.1071,0.1071,0.0023,0.2225,True,
17622,19,CWE-327,55,0.1527,0.0357,0.3281,0.0357,0.0357,0.0038,0.3281,True,
10176,19,CWE-327,56,0.1522,0.0643,0.2841,0.0643,0.0,0.0586,0.0,False,freq_unsafe=0.000<0.02
1586,19,CWE-327,57,0.1503,0.0929,0.2507,0.0643,0.1071,0.067,0.7262,True,
28706,19,CWE-327,58,0.1476,0.0714,0.2619,0.0714,0.0714,0.0289,0.2921,False,score=0.1476<0.15
29022,19,CWE-327,59,0.1473,0.0929,0.2289,0.0929,0.1429,0.1782,0.3521,False,score=0.1473<0.15
3191,19,CWE-327,60,0.147,0.0714,0.2639,0.0643,0.0714,0.0061,0.3179,False,score=0.1470<0.15
82,19,CWE-327,61,0.1454,0.0714,0.2564,0.0714,0.0714,0.0023,0.2564,False,score=0.1454<0.15
32019,19,CWE-327,62,0.1454,0.0714,0.2564,0.0714,0.0714,0.0335,0.2933,False,score=0.1454<0.15
28608,19,CWE-327,63,0.1452,0.1,0.2167,0.0929,0.1071,0.0183,0.2872,False,score=0.1452<0.15
16028,19,CWE-327,64,0.1447,0.0929,0.2225,0.0929,0.1429,0.179,0.3423,False,score=0.1447<0.15
22799,19,CWE-327,65,0.1447,0.0357,0.3082,0.0357,0.0357,0.0129,0.3734,False,score=0.1447<0.15
3674,19,CWE-327,66,0.1432,0.1643,0.158,0.0714,0.3214,0.3168,1.2346,False,score=0.1432<0.15
14398,19,CWE-327,67,0.142,0.0929,0.2156,0.0929,0.1429,0.1782,0.3317,False,score=0.1420<0.15
10796,19,CWE-327,68,0.1415,0.0929,0.2145,0.0929,0.1429,0.1889,0.33,False,score=0.1415<0.15
1680,19,CWE-327,69,0.1413,0.0357,0.2998,0.0357,0.0357,0.0008,0.2998,False,score=0.1413<0.15
1533,19,CWE-327,70,0.1395,0.0357,0.2952,0.0357,0.0357,0.0015,0.3118,False,score=0.1395<0.15
6898,19,CWE-327,71,0.139,0.0643,0.2581,0.05,0.0714,0.0198,0.3624,False,score=0.1390<0.15
6096,19,CWE-327,72,0.1325,0.0929,0.1918,0.0929,0.1429,0.1782,0.2951,False,score=0.1325<0.15
8634,19,CWE-327,73,0.132,0.0714,0.23,0.0571,0.0714,0.0312,0.3517,False,score=0.1320<0.15
16192,19,CWE-327,74,0.1309,0.1714,0.1271,0.0571,0.2857,0.2635,1.1945,False,score=0.1309<0.15
32114,19,CWE-327,75,0.1307,0.0714,0.2233,0.0643,0.0714,0.0236,0.284,False,score=0.1307<0.15
24150,19,CWE-327,76,0.1306,0.0357,0.2731,0.0357,0.0357,0.003,0.2894,False,score=0.1306<0.15
2123,19,CWE-327,77,0.1296,0.0714,0.2169,0.0714,0.0714,0.0015,0.2169,False,score=0.1296<0.15
3254,19,CWE-327,78,0.1289,0.0929,0.1973,0.0643,0.1071,0.0411,0.4591,False,score=0.1289<0.15
25672,19,CWE-327,79,0.1288,0.0357,0.2684,0.0357,0.0357,0.0,0.2684,False,score=0.1288<0.15
15851,19,CWE-327,80,0.1281,0.0357,0.2667,0.0357,0.0357,0.003,0.2814,False,score=0.1281<0.15
25948,19,CWE-327,81,0.1264,0.0786,0.1981,0.0786,0.0714,0.0815,0.1652,False,score=0.1264<0.15
27769,19,CWE-327,82,0.1255,0.0571,0.228,0.0571,0.0714,0.0297,0.2914,False,score=0.1255<0.15
29013,19,CWE-327,83,0.1252,0.0357,0.2595,0.0357,0.0357,0.0008,0.2595,False,score=0.1252<0.15
17566,19,CWE-327,84,0.124,0.0357,0.2565,0.0357,0.0357,0.0099,0.2758,False,score=0.1240<0.15
26817,19,CWE-327,85,0.124,0.0357,0.2565,0.0357,0.0357,0.0061,0.2565,False,score=0.1240<0.15
21893,19,CWE-327,86,0.1237,0.0357,0.2557,0.0357,0.0357,0.0076,0.2557,False,score=0.1237<0.15
24717,19,CWE-327,87,0.1209,0.1,0.1558,0.0929,0.1429,0.1066,0.4047,False,score=0.1209<0.15
28750,19,CWE-327,88,0.1184,0.0714,0.1924,0.0643,0.0714,0.0145,0.2224,False,score=0.1184<0.15
13599,19,CWE-327,89,0.1179,0.0357,0.2413,0.0357,0.0357,0.0015,0.2413,False,score=0.1179<0.15
25081,19,CWE-327,90,0.1176,0.0714,0.1869,0.0714,0.0714,0.0015,0.1869,False,score=0.1176<0.15
17558,19,CWE-327,91,0.1175,0.0714,0.1901,0.0643,0.0714,0.0396,0.2666,False,score=0.1175<0.15
4380,19,CWE-327,92,0.1162,0.0714,0.1834,0.0714,0.0714,0.0168,0.1834,False,score=0.1162<0.15
20038,19,CWE-327,93,0.1154,0.0714,0.1814,0.0714,0.0714,0.0046,0.1814,False,score=0.1154<0.15
24977,19,CWE-327,94,0.1145,0.0643,0.1934,0.0571,0.0714,0.032,0.3372,False,score=0.1145<0.15
1552,19,CWE-327,95,0.1144,0.0571,0.2002,0.0571,0.0357,0.0495,0.0984,False,score=0.1144<0.15
31411,19,CWE-327,96,0.113,0.0786,0.1647,0.0786,0.0357,0.0807,0.0748,False,score=0.1130<0.15
24451,19,CWE-327,97,0.1127,0.0357,0.2281,0.0357,0.0357,0.0129,0.2281,False,score=0.1127<0.15
19281,19,CWE-327,98,0.1125,0.0714,0.1742,0.0714,0.0714,0.0023,0.1742,False,score=0.1125<0.15
11159,19,CWE-327,99,0.1125,0.0643,0.1883,0.0571,0.0714,0.0221,0.2509,False,score=0.1125<0.15
8121,19,CWE-327,100,0.1115,0.0357,0.2252,0.0357,0.0357,0.0023,0.2252,False,score=0.1115<0.15
28606,19,CWE-327,101,0.1108,0.0643,0.1807,0.0643,0.0714,0.0168,0.2136,False,score=0.1108<0.15
27228,19,CWE-327,102,0.1099,0.0357,0.2212,0.0357,0.0357,0.0038,0.2212,False,score=0.1099<0.15
13913,19,CWE-327,103,0.1098,0.1,0.1316,0.0857,0.1071,0.0495,0.2886,False,score=0.1098<0.15
1669,19,CWE-327,104,0.1084,0.0357,0.2175,0.0357,0.0357,0.0107,0.2175,False,score=0.1084<0.15
18900,19,CWE-327,105,0.108,0.0357,0.2165,0.0357,0.0357,0.0099,0.2165,False,score=0.1080<0.15
1748,19,CWE-327,106,0.1079,0.0571,0.1841,0.0571,0.0,0.1059,0.0,False,freq_unsafe=0.000<0.02; score=0.1079<0.15
4603,19,CWE-327,107,0.1077,0.0786,0.1513,0.0786,0.0357,0.0594,0.0743,False,score=0.1077<0.15
25508,19,CWE-327,108,0.1075,0.0714,0.1652,0.0643,0.0714,0.0046,0.1877,False,score=0.1075<0.15
32126,19,CWE-327,109,0.1072,0.0357,0.2143,0.0357,0.0357,0.003,0.237,False,score=0.1072<0.15
273,19,CWE-327,110,0.1069,0.1,0.1351,0.0643,0.0357,0.0655,0.1161,False,score=0.1069<0.15
10768,19,CWE-327,111,0.1068,0.0357,0.2134,0.0357,0.0357,0.0069,0.2699,False,score=0.1068<0.15
27115,19,CWE-327,112,0.1065,0.0357,0.2127,0.0357,0.0357,0.0,0.2127,False,score=0.1065<0.15
19674,19,CWE-327,113,0.1064,0.0714,0.1625,0.0643,0.0714,0.0236,0.1791,False,score=0.1064<0.15
18483,19,CWE-327,114,0.1056,0.1357,0.1032,0.05,0.2143,0.1797,0.6459,False,score=0.1056<0.15
22183,19,CWE-327,115,0.1053,0.0714,0.1597,0.0643,0.0714,0.003,0.191,False,score=0.1053<0.15
28460,19,CWE-327,116,0.1047,0.0714,0.1582,0.0643,0.0714,0.0137,0.201,False,score=0.1047<0.15
1441,19,CWE-327,117,0.1044,0.0714,0.1539,0.0714,0.0714,0.0183,0.1539,False,score=0.1044<0.15
24293,19,CWE-327,118,0.1033,0.0429,0.1939,0.0429,0.0,0.0168,0.0,False,freq_unsafe=0.000<0.02; score=0.1033<0.15
19004,19,CWE-327,119,0.1018,0.0571,0.1652,0.0643,0.0357,0.0457,0.0897,False,score=0.1018<0.15
1585,19,CWE-327,120,0.1018,0.0357,0.2009,0.0357,0.0357,0.0046,0.2009,False,score=0.1018<0.15
25534,19,CWE-327,121,0.1011,0.0643,0.1564,0.0643,0.0714,0.0145,0.1765,False,score=0.1011<0.15
573,19,CWE-327,122,0.1006,0.05,0.1764,0.05,0.0,0.0297,0.0,False,freq_unsafe=0.000<0.02; score=0.1006<0.15
29693,19,CWE-327,123,0.0998,0.0357,0.1959,0.0357,0.0357,0.0038,0.2336,False,score=0.0998<0.15
27684,19,CWE-327,124,0.0995,0.0643,0.1523,0.0643,0.0714,0.0663,0.2934,False,score=0.0995<0.15
7012,19,CWE-327,125,0.0994,0.1,0.12,0.0571,0.1429,0.0792,0.3639,False,score=0.0994<0.15
5551,19,CWE-327,126,0.0992,0.0357,0.1945,0.0357,0.0357,0.0053,0.2269,False,score=0.0992<0.15
23436,19,CWE-327,127,0.099,0.0714,0.1474,0.0571,0.0714,0.0487,0.2236,False,score=0.0990<0.15
5813,19,CWE-327,128,0.0989,0.0357,0.1972,0.0286,0.0357,0.0251,0.2864,False,score=0.0989<0.15
17324,19,CWE-327,129,0.0983,0.0357,0.1922,0.0357,0.0357,0.0053,0.2131,False,score=0.0983<0.15
32612,19,CWE-327,130,0.0982,0.0714,0.1454,0.0571,0.0714,0.0381,0.2009,False,score=0.0982<0.15
30742,19,CWE-327,131,0.0972,0.0786,0.1288,0.0714,0.1071,0.0845,0.3069,False,score=0.0972<0.15
13690,19,CWE-327,132,0.0969,0.1143,0.0957,0.0643,0.2143,0.2049,0.5109,False,score=0.0969<0.15
31800,19,CWE-327,133,0.0957,0.1,0.1143,0.05,0.1429,0.1424,0.4126,False,score=0.0957<0.15
30367,19,CWE-327,134,0.0951,0.0786,0.12,0.0786,0.1071,0.0343,0.3037,False,score=0.0951<0.15
18258,19,CWE-327,135,0.0943,0.0714,0.1359,0.0571,0.0714,0.0168,0.1849,False,score=0.0943<0.15
28628,19,CWE-327,136,0.0942,0.0357,0.182,0.0357,0.0357,0.0,0.182,False,score=0.0942<0.15
11129,19,CWE-327,137,0.094,0.0571,0.1493,0.0571,0.0,0.0358,0.0,False,freq_unsafe=0.000<0.02; score=0.0940<0.15
15198,19,CWE-327,138,0.0932,0.0357,0.1795,0.0357,0.0357,0.0015,0.1795,False,score=0.0932<0.15
5707,19,CWE-327,139,0.0932,0.0357,0.1795,0.0357,0.0357,0.0015,0.1795,False,score=0.0932<0.15
28058,19,CWE-327,140,0.0931,0.0357,0.1793,0.0357,0.0357,0.0015,0.1793,False,score=0.0931<0.15
16603,19,CWE-327,141,0.0931,0.0357,0.1791,0.0357,0.0357,0.0,0.1791,False,score=0.0931<0.15
8221,19,CWE-327,142,0.0921,0.0429,0.166,0.0429,0.0,0.0327,0.0,False,freq_unsafe=0.000<0.02; score=0.0921<0.15
10988,19,CWE-327,143,0.0915,0.0643,0.1465,0.0357,0.1071,0.0746,0.3919,False,score=0.0915<0.15
25441,19,CWE-327,144,0.0913,0.0357,0.1747,0.0357,0.0357,0.0015,0.1747,False,score=0.0913<0.15
12564,19,CWE-327,145,0.0912,0.0643,0.135,0.0571,0.0714,0.0099,0.2063,False,score=0.0912<0.15
22570,19,CWE-327,146,0.0908,0.0357,0.1734,0.0357,0.0357,0.0008,0.1734,False,score=0.0908<0.15
25736,19,CWE-327,147,0.0906,0.0357,0.173,0.0357,0.0357,0.0046,0.173,False,score=0.0906<0.15
14932,19,CWE-327,148,0.0904,0.0357,0.1724,0.0357,0.0357,0.0008,0.1724,False,score=0.0904<0.15
21776,19,CWE-327,149,0.0897,0.0714,0.1279,0.05,0.0714,0.0358,0.1775,False,score=0.0897<0.15
5550,19,CWE-327,150,0.0887,0.0643,0.1253,0.0643,0.0714,0.0236,0.1759,False,score=0.0887<0.15
4523,19,CWE-327,151,0.0884,0.0357,0.1675,0.0357,0.0357,0.0008,0.1675,False,score=0.0884<0.15
18408,19,CWE-327,152,0.0882,0.0357,0.167,0.0357,0.0357,0.0168,0.2437,False,score=0.0882<0.15
1317,19,CWE-327,153,0.0875,0.05,0.1438,0.05,0.0,0.0602,0.0,False,freq_unsafe=0.000<0.02; score=0.0875<0.15
3413,19,CWE-327,154,0.0875,0.0786,0.1115,0.0571,0.1071,0.0396,0.2707,False,score=0.0875<0.15
30419,19,CWE-327,155,0.0874,0.0357,0.1648,0.0357,0.0357,0.0084,0.1648,False,score=0.0874<0.15
14821,19,CWE-327,156,0.087,0.0357,0.164,0.0357,0.0357,0.0008,0.164,False,score=0.0870<0.15
6651,19,CWE-327,157,0.0867,0.0357,0.1631,0.0357,0.0357,0.0198,0.1819,False,score=0.0867<0.15
1515,19,CWE-327,158,0.0865,0.0214,0.1841,0.0214,0.0,0.0107,0.0,False,freq_unsafe=0.000<0.02; score=0.0865<0.15
11888,19,CWE-327,159,0.0864,0.0429,0.1517,0.0429,0.0,0.0274,0.0,False,freq_unsafe=0.000<0.02; score=0.0864<0.15
22439,19,CWE-327,160,0.0862,0.0929,0.1047,0.0357,0.1071,0.0868,0.3862,False,score=0.0862<0.15
9253,19,CWE-327,161,0.0861,0.0857,0.0902,0.0786,0.1071,0.0487,0.2656,False,score=0.0861<0.15
4312,19,CWE-327,162,0.086,0.1643,0.0223,0.0571,0.2857,0.2529,0.942,False,score=0.0860<0.15
7611,19,CWE-327,163,0.0858,0.0357,0.1609,0.0357,0.0357,0.0076,0.1609,False,score=0.0858<0.15
18993,19,CWE-327,164,0.0855,0.0357,0.1602,0.0357,0.0,0.0381,0.0,False,freq_unsafe=0.000<0.02; score=0.0855<0.15
32346,19,CWE-327,165,0.0852,0.0357,0.1595,0.0357,0.0357,0.0,0.1595,False,score=0.0852<0.15
5196,19,CWE-327,166,0.0847,0.0357,0.1582,0.0357,0.0357,0.0084,0.1582,False,score=0.0847<0.15
1116,19,CWE-327,167,0.0846,0.1214,0.0616,0.0571,0.1429,0.0815,0.5526,False,score=0.0846<0.15
22009,19,CWE-327,168,0.0845,0.0643,0.1147,0.0643,0.0714,0.0183,0.1773,False,score=0.0845<0.15
30696,19,CWE-327,169,0.0844,0.0357,0.1574,0.0357,0.0357,0.0046,0.1574,False,score=0.0844<0.15
7144,19,CWE-327,170,0.0838,0.0357,0.156,0.0357,0.0357,0.0015,0.156,False,score=0.0838<0.15
3058,19,CWE-327,171,0.0833,0.0357,0.1548,0.0357,0.0357,0.003,0.1548,False,score=0.0833<0.15
11715,19,CWE-327,172,0.0829,0.0357,0.1537,0.0357,0.0357,0.0046,0.1537,False,score=0.0829<0.15
15966,19,CWE-327,173,0.0827,0.0571,0.1211,0.0571,0.0714,0.0137,0.2068,False,score=0.0827<0.15
15311,19,CWE-327,174,0.0826,0.05,0.1244,0.0643,0.0357,0.0602,0.0737,False,score=0.0826<0.15
28163,19,CWE-327,175,0.0824,0.0357,0.1525,0.0357,0.0,0.0198,0.0,False,freq_unsafe=0.000<0.02; score=0.0824<0.15
15298,19,CWE-327,176,0.0822,0.0429,0.1412,0.0429,0.0,0.0708,0.0,False,freq_unsafe=0.000<0.02; score=0.0822<0.15
4361,19,CWE-327,177,0.0821,0.0357,0.1516,0.0357,0.0357,0.0069,0.1516,False,score=0.0821<0.15
23100,19,CWE-327,178,0.082,0.0286,0.1623,0.0286,0.0,0.0145,0.0,False,freq_unsafe=0.000<0.02; score=0.0820<0.15
24779,19,CWE-327,179,0.0817,0.0357,0.1507,0.0357,0.0,0.035,0.0,False,freq_unsafe=0.000<0.02; score=0.0817<0.15
6408,19,CWE-327,180,0.0811,0.0357,0.1493,0.0357,0.0357,0.0069,0.1493,False,score=0.0811<0.15
25853,19,CWE-327,181,0.0806,0.0357,0.1478,0.0357,0.0,0.0267,0.0,False,freq_unsafe=0.000<0.02; score=0.0806<0.15
11757,19,CWE-327,182,0.0794,0.0357,0.145,0.0357,0.0357,0.035,0.1619,False,score=0.0794<0.15
29663,19,CWE-327,183,0.0792,0.0357,0.1444,0.0357,0.0357,0.0,0.1444,False,score=0.0792<0.15
21429,19,CWE-327,184,0.0781,0.0357,0.1418,0.0357,0.0357,0.0015,0.1418,False,score=0.0781<0.15
32696,19,CWE-327,185,0.0781,0.0714,0.0952,0.0571,0.0714,0.0297,0.1672,False,score=0.0781<0.15
30706,19,CWE-327,186,0.0781,0.0357,0.1416,0.0357,0.0357,0.0084,0.161,False,score=0.0781<0.15
32292,19,CWE-327,187,0.0779,0.0357,0.1412,0.0357,0.0357,0.0069,0.1412,False,score=0.0779<0.15
3017,19,CWE-327,188,0.0778,0.0357,0.1409,0.0357,0.0357,0.0069,0.1409,False,score=0.0778<0.15
16599,19,CWE-327,189,0.0775,0.0286,0.1509,0.0286,0.0,0.0388,0.0,False,freq_unsafe=0.000<0.02; score=0.0775<0.15
19809,19,CWE-327,190,0.0773,0.0357,0.1397,0.0357,0.0357,0.0008,0.1397,False,score=0.0773<0.15
7570,19,CWE-327,191,0.0769,0.0357,0.1388,0.0357,0.0357,0.0,0.1388,False,score=0.0769<0.15
6808,19,CWE-327,192,0.076,0.0429,0.1258,0.0429,0.0,0.0297,0.0,False,freq_unsafe=0.000<0.02; score=0.0760<0.15
5588,19,CWE-327,193,0.0756,0.0643,0.1068,0.0357,0.0357,0.0777,0.1107,False,score=0.0756<0.15
30485,19,CWE-327,194,0.0754,0.0357,0.135,0.0357,0.0357,0.0122,0.2035,False,score=0.0754<0.15
30989,19,CWE-327,195,0.0754,0.0357,0.1349,0.0357,0.0357,0.0008,0.1349,False,score=0.0754<0.15
15089,19,CWE-327,196,0.0753,0.0357,0.1347,0.0357,0.0357,0.0008,0.1347,False,score=0.0753<0.15
4784,19,CWE-327,197,0.0751,0.0286,0.1414,0.0357,0.0357,0.0038,0.1948,False,score=0.0751<0.15
30126,19,CWE-327,198,0.075,0.0357,0.134,0.0357,0.0357,0.0,0.134,False,score=0.0750<0.15
18729,19,CWE-327,199,0.075,0.0357,0.134,0.0357,0.0357,0.0,0.134,False,score=0.0750<0.15
8198,19,CWE-327,200,0.075,0.0357,0.1339,0.0357,0.0357,0.0046,0.1597,False,score=0.0750<0.15
23042,19,CWE-89,1,1.3728,0.8,2.2463,0.7714,0.8571,0.0945,2.4681,True,
12186,19,CWE-89,2,0.7767,0.5714,1.2133,0.3143,0.5714,0.425,2.1576,True,
11462,19,CWE-89,3,0.7548,0.5143,1.2014,0.3429,0.5714,0.2841,2.2587,True,
151,19,CWE-89,4,0.7428,0.6571,0.9998,0.4,0.7143,0.599,7.0708,True,
31800,19,CWE-89,5,0.741,0.5143,1.1239,0.4286,0.5714,0.1402,1.6225,True,
19738,19,CWE-89,6,0.7074,0.6,1.0114,0.3143,0.7143,0.4798,5.3789,True,
555,19,CWE-89,7,0.6431,0.1429,1.3935,0.1429,0.1429,0.0015,1.3935,True,
14270,19,CWE-89,8,0.629,0.2857,1.144,0.2857,0.2857,0.0157,1.144,True,
13091,19,CWE-89,9,0.6173,0.3714,1.0148,0.3143,0.4286,0.2721,1.6891,True,
15849,19,CWE-89,10,0.6089,0.2857,1.1366,0.2,0.2857,0.1919,1.469,True,
14587,19,CWE-89,11,0.5432,0.1429,1.1436,0.1429,0.1429,0.003,1.1436,True,
29026,19,CWE-89,12,0.5382,0.4857,0.717,0.2857,0.5714,0.2811,1.5665,True,
14739,19,CWE-89,13,0.526,0.1429,1.1007,0.1429,0.1429,0.0037,1.1007,True,
12040,19,CWE-89,14,0.5243,0.1429,1.0966,0.1429,0.1429,0.0015,1.0966,True,
29439,19,CWE-89,15,0.5077,0.1429,1.0549,0.1429,0.1429,0.006,1.0549,True,
6157,19,CWE-89,16,0.4926,0.1429,1.0172,0.1429,0.1429,0.0082,1.0172,True,
10988,19,CWE-89,17,0.4774,0.2571,0.8222,0.2286,0.2857,0.0742,1.1596,True,
2287,19,CWE-89,18,0.4704,0.4857,0.576,0.2286,0.2857,0.4685,0.8504,True,
2068,19,CWE-89,19,0.4675,0.4857,0.5686,0.2286,0.5714,0.4543,2.7108,True,
11000,19,CWE-89,20,0.4624,0.1429,0.9418,0.1429,0.1429,0.0,0.9418,True,
23695,19,CWE-89,21,0.4454,0.1429,0.8993,0.1429,0.1429,0.0,0.8993,True,
25948,19,CWE-89,22,0.436,0.2286,0.7472,0.2286,0.0,0.0817,0.0,False,freq_unsafe=0.000<0.02
12404,19,CWE-89,23,0.434,0.2571,0.6992,0.2571,0.2857,0.045,0.7718,True,
10268,19,CWE-89,24,0.4324,0.2,0.7811,0.2,0.0,0.0525,0.0,False,freq_unsafe=0.000<0.02
28564,19,CWE-89,25,0.4278,0.1429,0.8552,0.1429,0.1429,0.0007,0.8552,True,
12906,19,CWE-89,26,0.4242,0.2857,0.6747,0.2,0.2857,0.1267,1.0936,True,
16897,19,CWE-89,27,0.4224,0.6286,0.3274,0.2,1.0,0.9385,10.7577,True,
759,19,CWE-89,28,0.4221,0.1429,0.841,0.1429,0.1429,0.0052,0.841,True,
20459,19,CWE-89,29,0.4207,0.1429,0.8374,0.1429,0.1429,0.0217,1.004,True,
24451,19,CWE-89,30,0.4188,0.1429,0.8327,0.1429,0.1429,0.0127,0.8327,True,
26847,19,CWE-89,31,0.416,0.1429,0.8257,0.1429,0.1429,0.0022,0.8257,True,
19483,19,CWE-89,32,0.4141,0.4,0.5352,0.2,0.4286,0.2571,1.4639,True,
26893,19,CWE-89,33,0.4054,0.1429,0.8136,0.1143,0.1429,0.045,1.1886,True,
31126,19,CWE-89,34,0.3846,0.2857,0.5901,0.1714,0.2857,0.051,0.9207,True,
8079,19,CWE-89,35,0.3843,0.1429,0.7465,0.1429,0.1429,0.0037,0.8301,True,
23583,19,CWE-89,36,0.3799,0.1429,0.7353,0.1429,0.1429,0.0135,0.843,True,
3571,19,CWE-89,37,0.3782,0.1714,0.6882,0.1714,0.0,0.1852,0.0,False,freq_unsafe=0.000<0.02
8768,19,CWE-89,38,0.3778,0.1429,0.7302,0.1429,0.1429,0.018,0.8736,True,
28864,19,CWE-89,39,0.3732,0.2571,0.5474,0.2571,0.2857,0.012,0.6762,True,
7705,19,CWE-89,40,0.369,0.1429,0.7083,0.1429,0.1429,0.0015,0.7083,True,
5588,19,CWE-89,41,0.3662,0.2286,0.5727,0.2286,0.0,0.0772,0.0,False,freq_unsafe=0.000<0.02
15298,19,CWE-89,42,0.3637,0.2857,0.4948,0.2571,0.2857,0.0682,0.6578,True,
16599,19,CWE-89,43,0.3635,0.1429,0.6944,0.1429,0.1429,0.0375,0.8142,True,
16192,19,CWE-89,44,0.3609,0.1429,0.6878,0.1429,0.1429,0.2646,0.3721,True,
14595,19,CWE-89,45,0.3595,0.1429,0.6845,0.1429,0.1429,0.0007,0.6845,True,
21034,19,CWE-89,46,0.347,0.1429,0.6533,0.1429,0.1429,0.012,0.6533,True,
7777,19,CWE-89,47,0.3453,0.1429,0.649,0.1429,0.1429,0.0135,0.649,True,
6510,19,CWE-89,48,0.3445,0.0571,0.7756,0.0571,0.0,0.009,0.0,False,freq_unsafe=0.000<0.02
17474,19,CWE-89,49,0.3432,0.1429,0.6438,0.1429,0.1429,0.0045,0.6438,True,
31956,19,CWE-89,50,0.3368,0.2571,0.4707,0.2286,0.2857,0.0345,0.6211,True,
5461,19,CWE-89,51,0.3326,0.1429,0.6172,0.1429,0.1429,0.0112,0.6172,True,
18077,19,CWE-89,52,0.3325,0.1429,0.6169,0.1429,0.1429,0.0,0.6169,True,
29486,19,CWE-89,53,0.3282,0.1429,0.6063,0.1429,0.1429,0.0202,0.6649,True,
6932,19,CWE-89,54,0.3259,0.1429,0.6004,0.1429,0.1429,0.0045,0.6004,True,
3674,19,CWE-89,55,0.3208,0.1714,0.5306,0.2,0.2857,0.3171,0.6842,True,
18900,19,CWE-89,56,0.3172,0.1429,0.5788,0.1429,0.1429,0.0097,0.6455,True,
28732,19,CWE-89,57,0.3169,0.1714,0.5351,0.1714,0.0,0.1312,0.0,False,freq_unsafe=0.000<0.02
20816,19,CWE-89,58,0.3163,0.1429,0.5764,0.1429,0.1429,0.0022,0.5764,True,
10176,19,CWE-89,59,0.3159,0.1429,0.5754,0.1429,0.0,0.0577,0.0,False,freq_unsafe=0.000<0.02
8222,19,CWE-89,60,0.3057,0.1429,0.55,0.1429,0.1429,0.0135,0.55,True,
1209,19,CWE-89,61,0.3037,0.1429,0.545,0.1429,0.1429,0.0247,0.6038,True,
28485,19,CWE-89,62,0.3021,0.1429,0.541,0.1429,0.1429,0.0007,0.541,True,
11914,19,CWE-89,63,0.3018,0.1429,0.5402,0.1429,0.1429,0.0165,0.6096,True,
19008,19,CWE-89,64,0.3017,0.1714,0.4971,0.1714,0.0,0.1957,0.0,False,freq_unsafe=0.000<0.02
4702,19,CWE-89,65,0.3002,0.1429,0.5361,0.1429,0.1429,0.0037,0.5361,True,
7369,19,CWE-89,66,0.3002,0.1429,0.5361,0.1429,0.1429,0.0022,0.5361,True,
21570,19,CWE-89,67,0.2976,0.1429,0.5297,0.1429,0.1429,0.0075,0.5297,True,
1151,19,CWE-89,68,0.2963,0.1429,0.5266,0.1429,0.1429,0.0142,0.7436,True,
5403,19,CWE-89,69,0.2906,0.1429,0.5123,0.1429,0.0,0.0517,0.0,False,freq_unsafe=0.000<0.02
2977,19,CWE-89,70,0.2902,0.1429,0.5112,0.1429,0.1429,0.0045,0.5112,True,
5808,19,CWE-89,71,0.2872,0.1429,0.5037,0.1429,0.1429,0.0112,0.5037,True,
20208,19,CWE-89,72,0.2867,0.1429,0.5025,0.1429,0.1429,0.0067,0.5025,True,
20332,19,CWE-89,73,0.2795,0.1429,0.4845,0.1429,0.0,0.1867,0.0,False,freq_unsafe=0.000<0.02
28482,19,CWE-89,74,0.2765,0.1429,0.4769,0.1429,0.1429,0.0,0.4769,True,
11003,19,CWE-89,75,0.2761,0.1429,0.4761,0.1429,0.0,0.1792,0.0,False,freq_unsafe=0.000<0.02
26452,19,CWE-89,76,0.2761,0.1429,0.4759,0.1429,0.1429,0.0015,0.4759,True,
5850,19,CWE-89,77,0.2752,0.1429,0.4736,0.1429,0.1429,0.009,0.4736,True,
3169,19,CWE-89,78,0.2748,0.1429,0.4727,0.1429,0.1429,0.0127,0.4727,True,
31295,19,CWE-89,79,0.2707,0.1429,0.4624,0.1429,0.1429,0.0112,0.5199,True,
17961,19,CWE-89,80,0.2693,0.4,0.159,0.2286,0.4286,0.41,2.024,True,
9406,19,CWE-89,81,0.2658,0.1429,0.4503,0.1429,0.0,0.1784,0.0,False,freq_unsafe=0.000<0.02
13690,19,CWE-89,82,0.2656,0.1714,0.4068,0.1714,0.0,0.2061,0.0,False,freq_unsafe=0.000<0.02
5540,19,CWE-89,83,0.2633,0.1714,0.4012,0.1714,0.0,0.2024,0.0,False,freq_unsafe=0.000<0.02
14105,19,CWE-89,84,0.2597,0.1429,0.435,0.1429,0.1429,0.0037,0.435,True,
4409,19,CWE-89,85,0.2593,0.1429,0.434,0.1429,0.1429,0.0,0.434,True,
10796,19,CWE-89,86,0.2588,0.1714,0.3898,0.1714,0.0,0.1889,0.0,False,freq_unsafe=0.000<0.02
20465,19,CWE-89,87,0.2564,0.1429,0.4267,0.1429,0.1429,0.0067,0.4267,True,
16210,19,CWE-89,88,0.2557,0.1429,0.4251,0.1429,0.1429,0.0172,0.4945,True,
12350,19,CWE-89,89,0.2545,0.1429,0.4219,0.1429,0.1429,0.0007,0.4219,True,
18483,19,CWE-89,90,0.2514,0.2,0.2999,0.2571,0.2857,0.1799,0.5874,True,
4868,19,CWE-89,91,0.2504,0.1429,0.4118,0.1429,0.1429,0.006,0.4118,True,
7698,19,CWE-89,92,0.2477,0.1429,0.4049,0.1429,0.1429,0.0015,0.4049,True,
5445,19,CWE-89,93,0.2473,0.1429,0.4039,0.1429,0.1429,0.0067,0.4039,True,
24293,19,CWE-89,94,0.247,0.1429,0.4031,0.1429,0.1429,0.0157,0.4031,True,
25258,19,CWE-89,95,0.2431,0.1429,0.3936,0.1429,0.1429,0.012,0.3936,True,
7955,19,CWE-89,96,0.242,0.1429,0.3907,0.1429,0.1429,0.0,0.3907,True,
9253,19,CWE-89,97,0.2378,0.0857,0.4659,0.0857,0.0,0.0502,0.0,False,freq_unsafe=0.000<0.02
6483,19,CWE-89,98,0.2375,0.1429,0.3794,0.1429,0.1429,0.0067,0.3794,True,
1913,19,CWE-89,99,0.2352,0.3714,0.1167,0.2,0.4286,0.2286,1.2692,True,
5118,19,CWE-89,100,0.2346,0.1429,0.3723,0.1429,0.1429,0.012,0.4405,True,
6273,19,CWE-89,101,0.2337,0.4286,0.0843,0.1429,0.5714,0.4145,1.8431,True,
31623,19,CWE-89,102,0.233,0.2571,0.2397,0.1714,0.2857,0.0607,0.7587,True,
31232,19,CWE-89,103,0.2327,0.1429,0.3675,0.1429,0.1429,0.0127,0.3675,True,
17566,19,CWE-89,104,0.231,0.1429,0.3632,0.1429,0.1429,0.0097,0.3632,True,
816,19,CWE-89,105,0.2294,0.1143,0.4021,0.1143,0.0,0.0907,0.0,False,freq_unsafe=0.000<0.02
27025,19,CWE-89,106,0.2272,0.1429,0.3538,0.1429,0.1429,0.0082,0.3538,True,
29673,19,CWE-89,107,0.2267,0.1429,0.3668,0.1143,0.1429,0.0172,0.4649,True,
30036,19,CWE-89,108,0.2267,0.1429,0.3525,0.1429,0.0,0.0517,0.0,False,freq_unsafe=0.000<0.02
29022,19,CWE-89,109,0.2266,0.1429,0.3521,0.1429,0.0,0.1784,0.0,False,freq_unsafe=0.000<0.02
18806,19,CWE-89,110,0.2262,0.1429,0.3654,0.1143,0.1429,0.0052,0.4756,True,
9586,19,CWE-89,111,0.2233,0.1429,0.344,0.1429,0.1429,0.0157,0.344,True,
24474,19,CWE-89,112,0.2229,0.1429,0.3431,0.1429,0.1429,0.0,0.3431,True,
16028,19,CWE-89,113,0.2226,0.1429,0.3423,0.1429,0.0,0.1792,0.0,False,freq_unsafe=0.000<0.02
23089,19,CWE-89,114,0.2226,0.1429,0.3422,0.1429,0.1429,0.0037,0.3422,True,
30696,19,CWE-89,115,0.2225,0.1429,0.3419,0.1429,0.1429,0.0045,0.3419,True,
23033,19,CWE-89,116,0.2217,0.1429,0.3399,0.1429,0.1429,0.0,0.3399,True,
20564,19,CWE-89,117,0.2199,0.1429,0.3355,0.1429,0.0,0.1904,0.0,False,freq_unsafe=0.000<0.02
9744,19,CWE-89,118,0.2193,0.1429,0.3339,0.1429,0.1429,0.0067,0.3339,True,
4623,19,CWE-89,119,0.2192,0.0857,0.4195,0.0857,0.0,0.0165,0.0,False,freq_unsafe=0.000<0.02
4939,19,CWE-89,120,0.219,0.1429,0.3331,0.1429,0.1429,0.0112,0.3331,True,
4949,19,CWE-89,121,0.219,0.1429,0.3331,0.1429,0.1429,0.021,0.4024,True,
573,19,CWE-89,122,0.2185,0.1429,0.3463,0.1143,0.1429,0.0285,0.4615,True,
14398,19,CWE-89,123,0.2184,0.1429,0.3317,0.1429,0.0,0.1784,0.0,False,freq_unsafe=0.000<0.02
1930,19,CWE-89,124,0.2182,0.1429,0.3311,0.1429,0.1429,0.0247,0.3311,True,
7012,19,CWE-89,125,0.2181,0.1429,0.3309,0.1429,0.0,0.081,0.0,False,freq_unsafe=0.000<0.02
8780,19,CWE-89,126,0.2175,0.1429,0.3437,0.1143,0.1429,0.0022,0.4655,True,
29990,19,CWE-89,127,0.217,0.1429,0.3283,0.1429,0.1429,0.0015,0.3283,True,
18447,19,CWE-89,128,0.217,0.1429,0.3283,0.1429,0.1429,0.0015,0.3283,True,
23814,19,CWE-89,129,0.2168,0.0857,0.4135,0.0857,0.0,0.1334,0.0,False,freq_unsafe=0.000<0.02
4308,19,CWE-89,130,0.2157,0.1429,0.3251,0.1429,0.1429,0.0007,0.3251,True,
31380,19,CWE-89,131,0.2151,0.1429,0.3236,0.1429,0.1429,0.0007,0.3236,True,
9499,19,CWE-89,132,0.2133,0.1429,0.319,0.1429,0.1429,0.0015,0.319,True,
3778,19,CWE-89,133,0.2123,0.1429,0.3164,0.1429,0.1429,0.003,0.3164,True,
32094,19,CWE-89,134,0.2119,0.1429,0.3156,0.1429,0.1429,0.0112,0.3156,True,
20349,19,CWE-89,135,0.2105,0.1429,0.3119,0.1429,0.1429,0.024,0.4559,True,
3691,19,CWE-89,136,0.209,0.1429,0.3083,0.1429,0.1429,0.0172,0.3083,True,
15240,19,CWE-89,137,0.2087,0.1429,0.3076,0.1429,0.1429,0.0015,0.3076,True,
13250,19,CWE-89,138,0.2069,0.1429,0.3029,0.1429,0.1429,0.0097,0.3029,True,
16063,19,CWE-89,139,0.2068,0.1429,0.317,0.1143,0.1429,0.0135,0.4065,True,
6086,19,CWE-89,140,0.205,0.1429,0.2983,0.1429,0.1429,0.0112,0.2983,True,
10448,19,CWE-89,141,0.205,0.1429,0.2983,0.1429,0.1429,0.0487,0.4431,True,
6859,19,CWE-89,142,0.2047,0.1429,0.2975,0.1429,0.1429,0.0,0.2975,True,
16050,19,CWE-89,143,0.2046,0.1429,0.2973,0.1429,0.1429,0.0105,0.2973,True,
13925,19,CWE-89,144,0.2042,0.1429,0.2963,0.1429,0.1429,0.0007,0.2963,True,
15311,19,CWE-89,145,0.2039,0.1429,0.3097,0.1143,0.1429,0.0592,0.4064,True,
17189,19,CWE-89,146,0.2039,0.1429,0.2954,0.1429,0.1429,0.0007,0.2954,True,
11757,19,CWE-89,147,0.2038,0.1143,0.3525,0.0857,0.1429,0.0345,0.2839,True,
6096,19,CWE-89,148,0.2038,0.1429,0.2951,0.1429,0.0,0.1784,0.0,False,freq_unsafe=0.000<0.02
5342,19,CWE-89,149,0.2029,0.1429,0.2931,0.1429,0.1429,0.003,0.2931,True,
27530,19,CWE-89,150,0.2025,0.1429,0.2919,0.1429,0.1429,0.0052,0.2919,True,
21497,19,CWE-89,151,0.2025,0.1429,0.2919,0.1429,0.1429,0.003,0.2919,True,
5725,19,CWE-89,152,0.2023,0.1429,0.2914,0.1429,0.1429,0.0037,0.2914,True,
29136,19,CWE-89,153,0.2016,0.1429,0.2898,0.1429,0.1429,0.0,0.2898,True,
23156,19,CWE-89,154,0.2008,0.1429,0.2876,0.1429,0.1429,0.0007,0.2876,True,
25340,19,CWE-89,155,0.2,0.1429,0.2856,0.1429,0.1429,0.0,0.2856,True,
14842,19,CWE-89,156,0.2,0.2,0.257,0.0857,0.1429,0.1417,0.558,True,
24340,19,CWE-89,157,0.1968,0.1429,0.292,0.1143,0.1429,0.0157,0.3843,True,
27684,19,CWE-89,158,0.1952,0.1143,0.3166,0.1143,0.0,0.0667,0.0,False,freq_unsafe=0.000<0.02
18125,19,CWE-89,159,0.1936,0.0857,0.3554,0.0857,0.0,0.03,0.0,False,freq_unsafe=0.000<0.02
12264,19,CWE-89,160,0.1878,0.0571,0.3839,0.0571,0.0,0.006,0.0,False,freq_unsafe=0.000<0.02
28989,19,CWE-89,161,0.1784,0.1429,0.246,0.1143,0.1429,0.021,0.3537,True,
12444,19,CWE-89,162,0.177,0.0857,0.3139,0.0857,0.0,0.0172,0.0,False,freq_unsafe=0.000<0.02
4990,19,CWE-89,163,0.1763,0.1429,0.2407,0.1143,0.1429,0.0202,0.3274,True,
16675,19,CWE-89,164,0.1757,0.0571,0.3536,0.0571,0.0,0.0022,0.0,False,freq_unsafe=0.000<0.02
9659,19,CWE-89,165,0.1744,0.1429,0.2361,0.1143,0.1429,0.0112,0.3574,True,
5923,19,CWE-89,166,0.1722,0.2857,0.0877,0.1143,0.2857,0.2834,0.8181,True,
1392,19,CWE-89,167,0.1705,0.0857,0.2977,0.0857,0.0,0.027,0.0,False,freq_unsafe=0.000<0.02
4614,19,CWE-89,168,0.1668,0.1143,0.2455,0.1143,0.1429,0.0217,0.307,True,
13827,19,CWE-89,169,0.1651,0.1714,0.17,0.1429,0.1429,0.2106,0.8132,True,
14440,19,CWE-89,170,0.165,0.2857,0.0696,0.1143,0.2857,0.1897,0.9424,True,
20508,19,CWE-89,171,0.1644,0.1143,0.2254,0.1429,0.1429,0.0067,0.3593,True,
30808,19,CWE-89,172,0.1636,0.1429,0.209,0.1143,0.1429,0.0232,0.3767,True,
6808,19,CWE-89,173,0.1627,0.0857,0.2781,0.0857,0.0,0.0292,0.0,False,freq_unsafe=0.000<0.02
27769,19,CWE-89,174,0.1626,0.1429,0.2065,0.1143,0.1429,0.03,0.2989,True,
18279,19,CWE-89,175,0.162,0.1429,0.2194,0.0857,0.1429,0.0525,0.4375,True,
27034,19,CWE-89,176,0.1592,0.1429,0.1979,0.1143,0.1429,0.042,0.2847,True,
3172,19,CWE-89,177,0.1588,0.1429,0.1971,0.1143,0.1429,0.0097,0.2947,True,
24717,19,CWE-89,178,0.1584,0.0857,0.2673,0.0857,0.0,0.1079,0.0,False,freq_unsafe=0.000<0.02
29545,19,CWE-89,179,0.1583,0.1143,0.2244,0.1143,0.1429,0.0367,0.2819,True,
10111,19,CWE-89,180,0.1556,0.0571,0.3032,0.0571,0.0,0.051,0.0,False,freq_unsafe=0.000<0.02
4380,19,CWE-89,181,0.1536,0.0571,0.2982,0.0571,0.0,0.018,0.0,False,freq_unsafe=0.000<0.02
1367,19,CWE-89,182,0.1528,0.0571,0.2963,0.0571,0.0,0.015,0.0,False,freq_unsafe=0.000<0.02
12423,19,CWE-89,183,0.1521,0.0286,0.3375,0.0286,0.0,0.0007,0.0,False,freq_unsafe=0.000<0.02
15049,19,CWE-89,184,0.1508,0.0571,0.2914,0.0571,0.0,0.0195,0.0,False,freq_unsafe=0.000<0.02
20937,19,CWE-89,185,0.1461,0.2286,0.0796,0.1143,0.2857,0.2826,1.0009,False,score=0.1461<0.15
18993,19,CWE-89,186,0.1449,0.0857,0.2336,0.0857,0.0,0.0375,0.0,False,freq_unsafe=0.000<0.02; score=0.1449<0.15
472,19,CWE-89,187,0.1433,0.0571,0.2727,0.0571,0.0,0.0045,0.0,False,freq_unsafe=0.000<0.02; score=0.1433<0.15
13913,19,CWE-89,188,0.1407,0.1143,0.1802,0.1143,0.1429,0.0502,0.3084,False,score=0.1407<0.15
4312,19,CWE-89,189,0.1392,0.2,0.0622,0.1714,0.2857,0.2534,0.9568,False,score=0.1392<0.15
806,19,CWE-89,190,0.1387,0.1429,0.161,0.0857,0.1429,0.0645,0.3566,False,score=0.1387<0.15
15946,19,CWE-89,191,0.1374,0.1429,0.1577,0.0857,0.1429,0.0375,0.2874,False,score=0.1374<0.15
30742,19,CWE-89,192,0.1373,0.1429,0.1575,0.0857,0.1429,0.0847,0.2977,False,score=0.1373<0.15
25229,19,CWE-89,193,0.1368,0.0286,0.2993,0.0286,0.0,0.0022,0.0,False,freq_unsafe=0.000<0.02; score=0.1368<0.15
27826,19,CWE-89,194,0.1356,0.0571,0.2533,0.0571,0.0,0.024,0.0,False,freq_unsafe=0.000<0.02; score=0.1356<0.15
22755,19,CWE-89,195,0.1344,0.0571,0.2504,0.0571,0.0,0.0067,0.0,False,freq_unsafe=0.000<0.02; score=0.1344<0.15
1748,19,CWE-89,196,0.1335,0.1429,0.1336,0.1143,0.1429,0.1034,0.3326,False,score=0.1335<0.15
23436,19,CWE-89,197,0.1326,0.0857,0.203,0.0857,0.0,0.0495,0.0,False,freq_unsafe=0.000<0.02; score=0.1326<0.15
29385,19,CWE-89,198,0.1321,0.0286,0.2874,0.0286,0.0,0.0007,0.0,False,freq_unsafe=0.000<0.02; score=0.1321<0.15
14097,19,CWE-89,199,0.1314,0.0857,0.2,0.0857,0.0,0.0337,0.0,False,freq_unsafe=0.000<0.02; score=0.1314<0.15
29810,19,CWE-89,200,0.131,0.1429,0.1274,0.1143,0.1429,0.1147,0.4033,False,score=0.1310<0.15
16897,19,CWE-338,1,1.3355,0.76,2.3988,0.36,0.8,0.9394,8.6677,True,
151,19,CWE-338,2,1.0794,0.6,1.9784,0.24,0.4,0.6003,3.3056,True,
2287,19,CWE-338,3,0.9226,0.64,1.4666,0.4,0.8,0.4663,2.488,True,
2068,19,CWE-338,4,0.8539,0.52,1.4348,0.36,0.6,0.4543,2.9833,True,
19738,19,CWE-338,5,0.8307,0.32,1.6368,0.24,0.4,0.4813,2.2156,True,
12068,19,CWE-338,6,0.7966,0.4,1.3915,0.4,0.0,0.2373,0.0,False,freq_unsafe=0.000<0.02
16192,19,CWE-338,7,0.7547,0.24,1.4867,0.32,0.2,0.2642,0.4459,True,
25948,19,CWE-338,8,0.698,0.4,1.1449,0.4,0.4,0.0801,1.3632,True,
27826,19,CWE-338,9,0.6749,0.2,1.3873,0.2,0.2,0.0232,1.3873,True,
23814,19,CWE-338,10,0.611,0.28,1.1075,0.28,0.0,0.1332,0.0,False,freq_unsafe=0.000<0.02
13827,19,CWE-338,11,0.5744,0.24,1.0761,0.24,0.0,0.2111,0.0,False,freq_unsafe=0.000<0.02
30701,19,CWE-338,12,0.5538,0.2,1.0845,0.2,0.2,0.0127,1.0845,True,
3571,19,CWE-338,13,0.533,0.24,0.9725,0.24,0.4,0.1834,1.767,True,
5923,19,CWE-338,14,0.5285,0.4,0.7612,0.32,0.6,0.2822,1.648,True,
23425,19,CWE-338,15,0.5098,0.2,0.9745,0.2,0.2,0.0022,0.9745,True,
19483,19,CWE-338,16,0.5002,0.24,0.8906,0.24,0.0,0.259,0.0,False,freq_unsafe=0.000<0.02
23100,19,CWE-338,17,0.4772,0.2,0.8931,0.2,0.2,0.0135,0.8931,True,
20332,19,CWE-338,18,0.4696,0.24,0.8139,0.24,0.4,0.1849,1.3565,True,
11003,19,CWE-338,19,0.4639,0.24,0.7998,0.24,0.4,0.1774,1.333,True,
4700,19,CWE-338,20,0.4566,0.2,0.8415,0.2,0.2,0.0217,0.9444,True,
9406,19,CWE-338,21,0.4466,0.24,0.7564,0.24,0.4,0.1766,1.2607,True,
23201,19,CWE-338,22,0.4461,0.2,0.8152,0.2,0.2,0.0254,0.8152,True,
15975,19,CWE-338,23,0.4453,0.2,0.8132,0.2,0.2,0.0022,0.8132,True,
29361,19,CWE-338,24,0.4375,0.2,0.7937,0.2,0.2,0.0007,0.7937,True,
15849,19,CWE-338,25,0.4219,0.2,0.7547,0.2,0.0,0.1931,0.0,False,freq_unsafe=0.000<0.02
1757,19,CWE-338,26,0.4204,0.2,0.751,0.2,0.2,0.021,0.751,True,
9108,19,CWE-338,27,0.4096,0.2,0.724,0.2,0.2,0.006,0.724,True,
6273,19,CWE-338,28,0.3933,0.44,0.4631,0.16,0.4,0.4154,1.537,True,
13091,19,CWE-338,29,0.3881,0.28,0.5502,0.28,0.2,0.2732,0.3985,True,
1913,19,CWE-338,30,0.388,0.28,0.5501,0.28,0.4,0.229,1.3165,True,
19679,19,CWE-338,31,0.3836,0.2,0.6589,0.2,0.2,0.0097,0.6589,True,
28606,19,CWE-338,32,0.381,0.2,0.6525,0.2,0.2,0.0172,0.7348,True,
29022,19,CWE-338,33,0.3806,0.24,0.5915,0.24,0.4,0.1766,0.9859,True,
17558,19,CWE-338,34,0.3798,0.2,0.6496,0.2,0.0,0.0404,0.0,False,freq_unsafe=0.000<0.02
18725,19,CWE-338,35,0.3756,0.2,0.639,0.2,0.2,0.012,0.7842,True,
16028,19,CWE-338,36,0.374,0.24,0.575,0.24,0.4,0.1774,0.9583,True,
1586,19,CWE-338,37,0.3732,0.2,0.673,0.12,0.2,0.0674,1.4853,True,
13690,19,CWE-338,38,0.372,0.24,0.57,0.24,0.4,0.2043,0.95,True,
20937,19,CWE-338,39,0.37,0.2,0.6249,0.2,0.0,0.2837,0.0,False,freq_unsafe=0.000<0.02
20564,19,CWE-338,40,0.3694,0.24,0.5636,0.24,0.4,0.1886,0.9394,True,
14206,19,CWE-338,41,0.3679,0.2,0.6196,0.2,0.2,0.0075,0.6196,True,
14398,19,CWE-338,42,0.3669,0.24,0.5573,0.24,0.4,0.1766,0.9288,True,
21954,19,CWE-338,43,0.3661,0.2,0.6152,0.2,0.2,0.0007,0.6152,True,
10796,19,CWE-338,44,0.3658,0.24,0.5544,0.24,0.4,0.1871,0.924,True,
6629,19,CWE-338,45,0.3563,0.2,0.5908,0.2,0.2,0.0,0.5908,True,
1116,19,CWE-338,46,0.3455,0.2,0.5838,0.16,0.2,0.0823,0.9909,True,
6096,19,CWE-338,47,0.3423,0.24,0.4958,0.24,0.4,0.1766,0.8264,True,
23058,19,CWE-338,48,0.3374,0.2,0.5434,0.2,0.2,0.0007,0.5434,True,
14193,19,CWE-338,49,0.3351,0.2,0.5376,0.2,0.2,0.0292,0.5376,True,
573,19,CWE-338,50,0.334,0.2,0.555,0.16,0.2,0.0284,0.8063,True,
13360,19,CWE-338,51,0.3338,0.08,0.7145,0.08,0.0,0.003,0.0,False,freq_unsafe=0.000<0.02
5540,19,CWE-338,52,0.3216,0.24,0.464,0.2,0.4,0.2006,0.9402,True,
13570,19,CWE-338,53,0.3141,0.2,0.4852,0.2,0.2,0.0045,0.4852,True,
17961,19,CWE-338,54,0.3116,0.36,0.319,0.2,0.4,0.4102,1.2541,True,
23088,19,CWE-338,55,0.3068,0.2,0.4669,0.2,0.2,0.0082,0.4669,True,
23042,19,CWE-338,56,0.3,0.16,0.5101,0.16,0.0,0.0988,0.0,False,freq_unsafe=0.000<0.02
16816,19,CWE-338,57,0.2982,0.2,0.4456,0.2,0.2,0.0022,0.4456,True,
32643,19,CWE-338,58,0.2979,0.2,0.4448,0.2,0.2,0.006,0.4448,True,
26687,19,CWE-338,59,0.2973,0.2,0.4433,0.2,0.2,0.0,0.4433,True,
607,19,CWE-338,60,0.2962,0.2,0.4404,0.2,0.2,0.0007,0.4404,True,
14949,19,CWE-338,61,0.2957,0.2,0.4392,0.2,0.2,0.0022,0.5188,True,
15331,19,CWE-338,62,0.2948,0.08,0.6169,0.08,0.0,0.0127,0.0,False,freq_unsafe=0.000<0.02
25173,19,CWE-338,63,0.294,0.2,0.4349,0.2,0.2,0.0082,0.4349,True,
10111,19,CWE-338,64,0.2924,0.16,0.4909,0.16,0.0,0.0509,0.0,False,freq_unsafe=0.000<0.02
11462,19,CWE-338,65,0.2908,0.36,0.2669,0.2,0.4,0.2852,1.126,True,
23185,19,CWE-338,66,0.2907,0.2,0.4268,0.2,0.2,0.015,0.4268,True,
524,19,CWE-338,67,0.29,0.2,0.4249,0.2,0.2,0.0037,0.4249,True,
6898,19,CWE-338,68,0.2833,0.12,0.5283,0.12,0.0,0.021,0.0,False,freq_unsafe=0.000<0.02
10107,19,CWE-338,69,0.2807,0.2,0.4016,0.2,0.2,0.0022,0.4016,True,
4949,19,CWE-338,70,0.2801,0.2,0.4003,0.2,0.2,0.021,0.4852,True,
4312,19,CWE-338,71,0.2797,0.16,0.4594,0.16,0.0,0.2545,0.0,False,freq_unsafe=0.000<0.02
15311,19,CWE-338,72,0.2797,0.16,0.4393,0.2,0.2,0.0591,0.5454,True,
19008,19,CWE-338,73,0.2756,0.24,0.3689,0.16,0.4,0.1939,1.153,True,
32012,19,CWE-338,74,0.2754,0.08,0.5685,0.08,0.0,0.0419,0.0,False,freq_unsafe=0.000<0.02
19984,19,CWE-338,75,0.2738,0.12,0.5044,0.12,0.0,0.0337,0.0,False,freq_unsafe=0.000<0.02
8221,19,CWE-338,76,0.2714,0.04,0.6186,0.04,0.0,0.0322,0.0,False,freq_unsafe=0.000<0.02
13913,19,CWE-338,77,0.2697,0.16,0.4342,0.16,0.0,0.0509,0.0,False,freq_unsafe=0.000<0.02
12824,19,CWE-338,78,0.2695,0.2,0.3938,0.16,0.2,0.0838,0.8092,True,
29026,19,CWE-338,79,0.2612,0.32,0.2729,0.12,0.2,0.2829,1.034,True,
10988,19,CWE-338,80,0.261,0.08,0.5325,0.08,0.0,0.0756,0.0,False,freq_unsafe=0.000<0.02
29383,19,CWE-338,81,0.2599,0.2,0.3697,0.16,0.2,0.0187,0.5383,True,
8559,19,CWE-338,82,0.2519,0.12,0.4497,0.12,0.0,0.0172,0.0,False,freq_unsafe=0.000<0.02
24340,19,CWE-338,83,0.2466,0.12,0.4365,0.12,0.0,0.0165,0.0,False,freq_unsafe=0.000<0.02
10777,19,CWE-338,84,0.2458,0.12,0.4344,0.12,0.0,0.0202,0.0,False,freq_unsafe=0.000<0.02
19922,19,CWE-338,85,0.2456,0.08,0.494,0.08,0.0,0.0127,0.0,False,freq_unsafe=0.000<0.02
3674,19,CWE-338,86,0.2425,0.24,0.3064,0.12,0.2,0.3174,0.777,True,
26893,19,CWE-338,87,0.241,0.04,0.5426,0.04,0.0,0.0457,0.0,False,freq_unsafe=0.000<0.02
22439,19,CWE-338,88,0.237,0.12,0.4126,0.12,0.0,0.0876,0.0,False,freq_unsafe=0.000<0.02
10176,19,CWE-338,89,0.2285,0.08,0.4513,0.08,0.0,0.0576,0.0,False,freq_unsafe=0.000<0.02
816,19,CWE-338,90,0.2243,0.2,0.2806,0.16,0.2,0.0898,0.4886,True,
791,19,CWE-338,91,0.2219,0.08,0.4348,0.08,0.0,0.0112,0.0,False,freq_unsafe=0.000<0.02
30742,19,CWE-338,92,0.221,0.2,0.2725,0.16,0.2,0.0846,0.4553,True,
7889,19,CWE-338,93,0.2199,0.16,0.2898,0.2,0.2,0.0576,0.4639,True,
12568,19,CWE-338,94,0.2155,0.12,0.3588,0.12,0.0,0.0112,0.0,False,freq_unsafe=0.000<0.02
28608,19,CWE-338,95,0.2146,0.12,0.3565,0.12,0.0,0.0202,0.0,False,freq_unsafe=0.000<0.02
27220,19,CWE-338,96,0.2109,0.08,0.4073,0.08,0.0,0.0187,0.0,False,freq_unsafe=0.000<0.02
1854,19,CWE-338,97,0.2109,0.12,0.3472,0.12,0.0,0.0105,0.0,False,freq_unsafe=0.000<0.02
18483,19,CWE-338,98,0.2098,0.12,0.3444,0.12,0.0,0.1811,0.0,False,freq_unsafe=0.000<0.02
512,19,CWE-338,99,0.2016,0.2,0.2239,0.16,0.2,0.0247,0.4352,True,
21776,19,CWE-338,100,0.2001,0.12,0.3203,0.12,0.0,0.0367,0.0,False,freq_unsafe=0.000<0.02
1748,19,CWE-338,101,0.1971,0.12,0.3128,0.12,0.0,0.104,0.0,False,freq_unsafe=0.000<0.02
12906,19,CWE-338,102,0.1917,0.08,0.3591,0.08,0.0,0.128,0.0,False,freq_unsafe=0.000<0.02
31800,19,CWE-338,103,0.1906,0.12,0.2965,0.12,0.0,0.143,0.0,False,freq_unsafe=0.000<0.02
7611,19,CWE-338,104,0.1897,0.08,0.3542,0.08,0.0,0.0082,0.0,False,freq_unsafe=0.000<0.02
367,19,CWE-338,105,0.1889,0.08,0.3523,0.08,0.0,0.0524,0.0,False,freq_unsafe=0.000<0.02
9257,19,CWE-338,106,0.188,0.04,0.41,0.04,0.0,0.0007,0.0,False,freq_unsafe=0.000<0.02
28740,19,CWE-338,107,0.1824,0.08,0.3359,0.08,0.0,0.0015,0.0,False,freq_unsafe=0.000<0.02
22032,19,CWE-338,108,0.1808,0.04,0.3919,0.04,0.0,0.003,0.0,False,freq_unsafe=0.000<0.02
14842,19,CWE-338,109,0.1716,0.16,0.1691,0.2,0.2,0.1415,0.4102,True,
8108,19,CWE-338,110,0.1687,0.2,0.1419,0.16,0.2,0.0075,0.4715,True,
3413,19,CWE-338,111,0.1667,0.16,0.1967,0.12,0.2,0.0404,0.5071,True,
2189,19,CWE-338,112,0.1661,0.04,0.3552,0.04,0.0,0.0105,0.0,False,freq_unsafe=0.000<0.02
3594,19,CWE-338,113,0.1659,0.04,0.3547,0.04,0.0,0.0022,0.0,False,freq_unsafe=0.000<0.02
26678,19,CWE-338,114,0.1638,0.08,0.2894,0.08,0.0,0.0075,0.0,False,freq_unsafe=0.000<0.02
1533,19,CWE-338,115,0.1637,0.04,0.3492,0.04,0.0,0.0022,0.0,False,freq_unsafe=0.000<0.02
6379,19,CWE-338,116,0.1628,0.04,0.347,0.04,0.0,0.0015,0.0,False,freq_unsafe=0.000<0.02
10690,19,CWE-338,117,0.1624,0.08,0.286,0.08,0.0,0.0374,0.0,False,freq_unsafe=0.000<0.02
12186,19,CWE-338,118,0.16,0.24,0.0801,0.16,0.4,0.4259,1.0292,True,
9176,19,CWE-338,119,0.1572,0.04,0.3329,0.04,0.0,0.0007,0.0,False,freq_unsafe=0.000<0.02
206,19,CWE-338,120,0.154,0.04,0.3249,0.04,0.0,0.006,0.0,False,freq_unsafe=0.000<0.02
6603,19,CWE-338,121,0.1534,0.08,0.2635,0.08,0.0,0.0472,0.0,False,freq_unsafe=0.000<0.02
21211,19,CWE-338,122,0.153,0.08,0.2624,0.08,0.0,0.0052,0.0,False,freq_unsafe=0.000<0.02
29810,19,CWE-338,123,0.1513,0.2,0.1183,0.12,0.2,0.1145,0.3979,True,
19392,19,CWE-338,124,0.1507,0.08,0.2568,0.08,0.0,0.0142,0.0,False,freq_unsafe=0.000<0.02
1768,19,CWE-338,125,0.1483,0.08,0.2508,0.08,0.0,0.0269,0.0,False,freq_unsafe=0.000<0.02; score=0.1483<0.15
1609,19,CWE-338,126,0.1461,0.04,0.3052,0.04,0.0,0.0037,0.0,False,freq_unsafe=0.000<0.02; score=0.1461<0.15
10178,19,CWE-338,127,0.1459,0.04,0.3049,0.04,0.0,0.003,0.0,False,freq_unsafe=0.000<0.02; score=0.1459<0.15
3127,19,CWE-338,128,0.1458,0.04,0.3044,0.04,0.0,0.0052,0.0,False,freq_unsafe=0.000<0.02; score=0.1458<0.15
30808,19,CWE-338,129,0.1455,0.08,0.2438,0.08,0.0,0.024,0.0,False,freq_unsafe=0.000<0.02; score=0.1455<0.15
29918,19,CWE-338,130,0.1449,0.04,0.3023,0.04,0.0,0.0037,0.0,False,freq_unsafe=0.000<0.02; score=0.1449<0.15
9403,19,CWE-338,131,0.1446,0.08,0.2414,0.08,0.0,0.003,0.0,False,freq_unsafe=0.000<0.02; score=0.1446<0.15
9936,19,CWE-338,132,0.143,0.08,0.2375,0.08,0.0,0.0172,0.0,False,freq_unsafe=0.000<0.02; score=0.1430<0.15
17430,19,CWE-338,133,0.1428,0.08,0.2369,0.08,0.0,0.0479,0.0,False,freq_unsafe=0.000<0.02; score=0.1428<0.15
28548,19,CWE-338,134,0.1421,0.04,0.2952,0.04,0.0,0.0015,0.0,False,freq_unsafe=0.000<0.02; score=0.1421<0.15
28706,19,CWE-338,135,0.1416,0.2,0.094,0.12,0.2,0.0292,0.4321,False,score=0.1416<0.15
18210,19,CWE-338,136,0.1402,0.04,0.2904,0.04,0.0,0.0022,0.0,False,freq_unsafe=0.000<0.02; score=0.1402<0.15
4627,19,CWE-338,137,0.1398,0.04,0.2895,0.04,0.0,0.0037,0.0,False,freq_unsafe=0.000<0.02; score=0.1398<0.15
29486,19,CWE-338,138,0.1395,0.08,0.2288,0.08,0.0,0.021,0.0,False,freq_unsafe=0.000<0.02; score=0.1395<0.15
10076,19,CWE-338,139,0.1382,0.08,0.2255,0.08,0.0,0.006,0.0,False,freq_unsafe=0.000<0.02; score=0.1382<0.15
21314,19,CWE-338,140,0.1378,0.04,0.2846,0.04,0.0,0.0007,0.0,False,freq_unsafe=0.000<0.02; score=0.1378<0.15
19674,19,CWE-338,141,0.1371,0.08,0.2228,0.08,0.0,0.0247,0.0,False,freq_unsafe=0.000<0.02; score=0.1371<0.15
25667,19,CWE-338,142,0.1338,0.08,0.2145,0.08,0.0,0.0389,0.0,False,freq_unsafe=0.000<0.02; score=0.1338<0.15
7012,19,CWE-338,143,0.133,0.08,0.2124,0.08,0.0,0.0808,0.0,False,freq_unsafe=0.000<0.02; score=0.1330<0.15
6808,19,CWE-338,144,0.1318,0.04,0.2696,0.04,0.0,0.0292,0.0,False,freq_unsafe=0.000<0.02; score=0.1318<0.15
7213,19,CWE-338,145,0.1316,0.04,0.269,0.04,0.0,0.003,0.0,False,freq_unsafe=0.000<0.02; score=0.1316<0.15
4603,19,CWE-338,146,0.1314,0.08,0.2084,0.08,0.0,0.0591,0.0,False,freq_unsafe=0.000<0.02; score=0.1314<0.15
11129,19,CWE-338,147,0.13,0.08,0.205,0.08,0.0,0.0352,0.0,False,freq_unsafe=0.000<0.02; score=0.1300<0.15
13244,19,CWE-338,148,0.1299,0.08,0.2048,0.08,0.0,0.0172,0.0,False,freq_unsafe=0.000<0.02; score=0.1299<0.15
9586,19,CWE-338,149,0.1298,0.08,0.2046,0.08,0.0,0.0165,0.0,False,freq_unsafe=0.000<0.02; score=0.1298<0.15
30056,19,CWE-338,150,0.1295,0.08,0.2036,0.08,0.0,0.0225,0.0,False,freq_unsafe=0.000<0.02; score=0.1295<0.15
27769,19,CWE-338,151,0.1293,0.08,0.2034,0.08,0.0,0.0307,0.0,False,freq_unsafe=0.000<0.02; score=0.1293<0.15
32019,19,CWE-338,152,0.129,0.08,0.2026,0.08,0.0,0.0344,0.0,False,freq_unsafe=0.000<0.02; score=0.1290<0.15
3934,19,CWE-338,153,0.128,0.04,0.26,0.04,0.0,0.0045,0.0,False,freq_unsafe=0.000<0.02; score=0.1280<0.15
1118,19,CWE-338,154,0.128,0.04,0.2599,0.04,0.0,0.0022,0.0,False,freq_unsafe=0.000<0.02; score=0.1280<0.15
3295,19,CWE-338,155,0.1263,0.04,0.2559,0.04,0.0,0.0037,0.0,False,freq_unsafe=0.000<0.02; score=0.1263<0.15
15298,19,CWE-338,156,0.1261,0.08,0.1952,0.08,0.0,0.0696,0.0,False,freq_unsafe=0.000<0.02; score=0.1261<0.15
29035,19,CWE-338,157,0.1253,0.04,0.2533,0.04,0.0,0.003,0.0,False,freq_unsafe=0.000<0.02; score=0.1253<0.15
5895,19,CWE-338,158,0.125,0.08,0.1924,0.08,0.0,0.0277,0.0,False,freq_unsafe=0.000<0.02; score=0.1250<0.15
10735,19,CWE-338,159,0.1249,0.08,0.1924,0.08,0.0,0.0307,0.0,False,freq_unsafe=0.000<0.02; score=0.1249<0.15
27760,19,CWE-338,160,0.1238,0.04,0.2495,0.04,0.0,0.0007,0.0,False,freq_unsafe=0.000<0.02; score=0.1238<0.15
19206,19,CWE-338,161,0.1238,0.04,0.2494,0.04,0.0,0.0135,0.0,False,freq_unsafe=0.000<0.02; score=0.1238<0.15
5588,19,CWE-338,162,0.1228,0.08,0.187,0.08,0.0,0.0771,0.0,False,freq_unsafe=0.000<0.02; score=0.1228<0.15
18477,19,CWE-338,163,0.1224,0.04,0.2461,0.04,0.0,0.003,0.0,False,freq_unsafe=0.000<0.02; score=0.1224<0.15
6494,19,CWE-338,164,0.1214,0.08,0.1834,0.08,0.0,0.0112,0.0,False,freq_unsafe=0.000<0.02; score=0.1214<0.15
11714,19,CWE-338,165,0.1212,0.08,0.1831,0.08,0.0,0.0269,0.0,False,freq_unsafe=0.000<0.02; score=0.1212<0.15
15271,19,CWE-338,166,0.1199,0.08,0.1797,0.08,0.0,0.006,0.0,False,freq_unsafe=0.000<0.02; score=0.1199<0.15
31411,19,CWE-338,167,0.1197,0.08,0.1792,0.08,0.0,0.0801,0.0,False,freq_unsafe=0.000<0.02; score=0.1197<0.15
27725,19,CWE-338,168,0.1193,0.04,0.2382,0.04,0.0,0.003,0.0,False,freq_unsafe=0.000<0.02; score=0.1193<0.15
2711,19,CWE-338,169,0.1192,0.04,0.2379,0.04,0.0,0.0112,0.0,False,freq_unsafe=0.000<0.02; score=0.1192<0.15
1908,19,CWE-338,170,0.1187,0.04,0.2367,0.04,0.0,0.0097,0.0,False,freq_unsafe=0.000<0.02; score=0.1187<0.15
3691,19,CWE-338,171,0.1181,0.08,0.1753,0.08,0.0,0.018,0.0,False,freq_unsafe=0.000<0.02; score=0.1181<0.15
2154,19,CWE-338,172,0.1178,0.08,0.1744,0.08,0.0,0.0015,0.0,False,freq_unsafe=0.000<0.02; score=0.1178<0.15
2798,19,CWE-338,173,0.1174,0.2,0.0335,0.12,0.2,0.0704,0.6585,False,score=0.1174<0.15
24711,19,CWE-338,174,0.1169,0.08,0.1721,0.08,0.0,0.0359,0.0,False,freq_unsafe=0.000<0.02; score=0.1169<0.15
15993,19,CWE-338,175,0.1164,0.08,0.1711,0.08,0.0,0.0232,0.0,False,freq_unsafe=0.000<0.02; score=0.1164<0.15
26590,19,CWE-338,176,0.1146,0.04,0.2264,0.04,0.0,0.0067,0.0,False,freq_unsafe=0.000<0.02; score=0.1146<0.15
19934,19,CWE-338,177,0.1143,0.04,0.2257,0.04,0.0,0.0037,0.0,False,freq_unsafe=0.000<0.02; score=0.1143<0.15
1905,19,CWE-338,178,0.1139,0.04,0.2248,0.04,0.0,0.018,0.0,False,freq_unsafe=0.000<0.02; score=0.1139<0.15
23436,19,CWE-338,179,0.1138,0.08,0.1645,0.08,0.0,0.0494,0.0,False,freq_unsafe=0.000<0.02; score=0.1138<0.15
21553,19,CWE-338,180,0.1131,0.04,0.2228,0.04,0.0,0.012,0.0,False,freq_unsafe=0.000<0.02; score=0.1131<0.15
4361,19,CWE-338,181,0.1131,0.04,0.2227,0.04,0.0,0.0075,0.0,False,freq_unsafe=0.000<0.02; score=0.1131<0.15
27933,19,CWE-338,182,0.113,0.04,0.2224,0.04,0.0,0.003,0.0,False,freq_unsafe=0.000<0.02; score=0.1130<0.15
19425,19,CWE-338,183,0.1119,0.04,0.2197,0.04,0.0,0.003,0.0,False,freq_unsafe=0.000<0.02; score=0.1119<0.15
31558,19,CWE-338,184,0.1111,0.04,0.2178,0.04,0.0,0.0015,0.0,False,freq_unsafe=0.000<0.02; score=0.1111<0.15
6551,19,CWE-338,185,0.1104,0.04,0.2161,0.04,0.0,0.1175,0.0,False,freq_unsafe=0.000<0.02; score=0.1104<0.15
29661,19,CWE-338,186,0.1094,0.04,0.2135,0.04,0.0,0.0015,0.0,False,freq_unsafe=0.000<0.02; score=0.1094<0.15
13041,19,CWE-338,187,0.1094,0.04,0.2134,0.04,0.0,0.0082,0.0,False,freq_unsafe=0.000<0.02; score=0.1094<0.15
23048,19,CWE-338,188,0.1089,0.04,0.2123,0.04,0.0,0.018,0.0,False,freq_unsafe=0.000<0.02; score=0.1089<0.15
27801,19,CWE-338,189,0.1084,0.04,0.211,0.04,0.0,0.0232,0.0,False,freq_unsafe=0.000<0.02; score=0.1084<0.15
28122,19,CWE-338,190,0.1073,0.04,0.2083,0.04,0.0,0.0015,0.0,False,freq_unsafe=0.000<0.02; score=0.1073<0.15
16909,19,CWE-338,191,0.1071,0.04,0.2078,0.04,0.0,0.0045,0.0,False,freq_unsafe=0.000<0.02; score=0.1071<0.15
5850,19,CWE-338,192,0.1067,0.04,0.2066,0.04,0.0,0.0097,0.0,False,freq_unsafe=0.000<0.02; score=0.1067<0.15
28732,19,CWE-338,193,0.1047,0.2,0.0017,0.12,0.2,0.1302,0.8465,False,score=0.1047<0.15
20402,19,CWE-338,194,0.1041,0.04,0.2002,0.04,0.0,0.0067,0.0,False,freq_unsafe=0.000<0.02; score=0.1041<0.15
26604,19,CWE-338,195,0.1031,0.04,0.1978,0.04,0.0,0.003,0.0,False,freq_unsafe=0.000<0.02; score=0.1031<0.15
8264,19,CWE-338,196,0.1027,0.04,0.1968,0.04,0.0,0.006,0.0,False,freq_unsafe=0.000<0.02; score=0.1027<0.15
30267,19,CWE-338,197,0.1016,0.04,0.1941,0.04,0.0,0.0045,0.0,False,freq_unsafe=0.000<0.02; score=0.1016<0.15
14932,19,CWE-338,198,0.1012,0.04,0.1931,0.04,0.0,0.0015,0.0,False,freq_unsafe=0.000<0.02; score=0.1012<0.15
31777,19,CWE-338,199,0.1009,0.04,0.1922,0.04,0.0,0.003,0.0,False,freq_unsafe=0.000<0.02; score=0.1009<0.15
25512,19,CWE-338,200,0.1003,0.04,0.1907,0.04,0.0,0.003,0.0,False,freq_unsafe=0.000<0.02; score=0.1003<0.15
16897,19,CWE-79,1,0.4428,0.1266,0.9362,0.0886,0.7595,0.7975,7.3332,True,
17961,19,CWE-79,2,0.1602,0.1139,0.2487,0.0759,0.5949,0.5316,2.5121,True,
17340,19,CWE-79,3,0.1323,0.038,0.2737,0.038,0.0633,0.0253,0.4322,True,
10988,19,CWE-79,4,0.1304,0.0759,0.2183,0.0633,0.1139,0.1772,0.3648,True,
13091,19,CWE-79,5,0.1083,0.1013,0.1505,0.038,0.3165,0.3544,1.2122,True,
13827,19,CWE-79,6,0.1078,0.1013,0.1428,0.0506,0.3924,0.3797,1.617,True,
12186,19,CWE-79,7,0.1066,0.0759,0.1717,0.038,0.3797,0.3418,1.3044,True,
3674,19,CWE-79,8,0.1053,0.0759,0.1619,0.0506,0.2785,0.2278,1.0692,True,
16969,19,CWE-79,9,0.0955,0.0127,0.2197,0.0127,0.0127,0.0,0.2197,False,freq_unsafe=0.013<0.02
15298,19,CWE-79,10,0.089,0.0506,0.1402,0.0633,0.1646,0.1899,0.4334,True,
11462,19,CWE-79,11,0.0869,0.0633,0.1288,0.0506,0.0759,0.0886,0.2303,True,
25624,19,CWE-79,12,0.0826,0.038,0.1496,0.038,0.0506,0.0886,0.1681,True,
23455,19,CWE-79,13,0.0815,0.038,0.1468,0.038,0.0506,0.0253,0.2578,True,
15921,19,CWE-79,14,0.081,0.0127,0.1836,0.0127,0.0127,0.0253,0.0496,False,freq_unsafe=0.013<0.02
12155,19,CWE-79,15,0.0739,0.038,0.1277,0.038,0.038,0.0759,0.0946,True,
1586,19,CWE-79,16,0.073,0.0253,0.1445,0.0253,0.0253,0.0506,0.1821,True,
8108,19,CWE-79,17,0.0725,0.0127,0.1622,0.0127,0.0,0.0127,0.0,False,freq_unsafe=0.000<0.02
15955,19,CWE-79,18,0.0711,0.0253,0.1399,0.0253,0.0253,0.0,0.1399,True,
22429,19,CWE-79,19,0.0707,0.0127,0.1577,0.0127,0.0127,0.0,0.1577,False,freq_unsafe=0.013<0.02
2068,19,CWE-79,20,0.0689,0.0759,0.0773,0.038,0.4051,0.3797,1.6327,True,
12543,19,CWE-79,21,0.0679,0.038,0.1128,0.038,0.0633,0.0253,0.2052,True,
31861,19,CWE-79,22,0.0664,0.0253,0.128,0.0253,0.0506,0.0253,0.2459,True,
14412,19,CWE-79,23,0.0663,0.0253,0.1277,0.0253,0.038,0.0127,0.1766,True,
20111,19,CWE-79,24,0.066,0.0127,0.146,0.0127,0.0127,0.0253,0.0931,False,freq_unsafe=0.013<0.02
19946,19,CWE-79,25,0.0656,0.0506,0.1007,0.0253,0.2152,0.2278,1.3069,True,
19483,19,CWE-79,26,0.0655,0.0506,0.1004,0.0253,0.1899,0.2152,0.6463,True,
4940,19,CWE-79,27,0.065,0.038,0.1055,0.038,0.0886,0.0506,0.2334,True,
27396,19,CWE-79,28,0.0647,0.0127,0.1429,0.0127,0.0,0.0127,0.0,False,freq_unsafe=0.000<0.02
151,19,CWE-79,29,0.0645,0.038,0.1106,0.0253,0.1139,0.1392,0.4346,True,
24208,19,CWE-79,30,0.0642,0.0127,0.1415,0.0127,0.0,0.0127,0.0,False,freq_unsafe=0.000<0.02
18795,19,CWE-79,31,0.0639,0.0127,0.1408,0.0127,0.0253,0.0127,0.1963,True,
6551,19,CWE-79,32,0.0638,0.0127,0.1406,0.0127,0.0253,0.0127,0.2135,True,
9881,19,CWE-79,33,0.0622,0.038,0.0986,0.038,0.038,0.0,0.0986,True,
6574,19,CWE-79,34,0.0607,0.0253,0.1139,0.0253,0.038,0.0127,0.1446,True,
5403,19,CWE-79,35,0.0604,0.038,0.0941,0.038,0.2785,0.2911,1.0511,True,
6898,19,CWE-79,36,0.0589,0.0253,0.1092,0.0253,0.0506,0.038,0.2242,True,
28864,19,CWE-79,37,0.0587,0.038,0.0962,0.0253,0.0633,0.0886,0.2158,True,
25954,19,CWE-79,38,0.0575,0.0506,0.0806,0.0253,0.2278,0.2025,1.1011,True,
31711,19,CWE-79,39,0.0573,0.0127,0.1243,0.0127,0.0,0.0127,0.0,False,freq_unsafe=0.000<0.02
18234,19,CWE-79,40,0.0566,0.0253,0.1036,0.0253,0.0253,0.0,0.1036,True,
3927,19,CWE-79,41,0.056,0.0127,0.1211,0.0127,0.0,0.0127,0.0,False,freq_unsafe=0.000<0.02
11611,19,CWE-79,42,0.0547,0.0253,0.0987,0.0253,0.0127,0.038,0.0265,False,freq_unsafe=0.013<0.02
5682,19,CWE-79,43,0.0546,0.0253,0.0986,0.0253,0.038,0.0127,0.1405,True,
13750,19,CWE-79,44,0.0545,0.038,0.0792,0.038,0.0886,0.0633,0.264,True,
12306,19,CWE-79,45,0.0544,0.0253,0.0981,0.0253,0.0759,0.0506,0.2907,True,
23436,19,CWE-79,46,0.0544,0.0633,0.0537,0.038,0.1519,0.1139,0.4516,True,
24779,19,CWE-79,47,0.0543,0.0253,0.0978,0.0253,0.1519,0.1646,0.7642,True,
6651,19,CWE-79,48,0.0543,0.0253,0.0977,0.0253,0.038,0.0127,0.16,True,
24211,19,CWE-79,49,0.0534,0.0127,0.1144,0.0127,0.0127,0.0,0.1144,False,freq_unsafe=0.013<0.02
16192,19,CWE-79,50,0.053,0.0253,0.0883,0.038,0.1646,0.1899,0.5371,True,
18058,19,CWE-79,51,0.0528,0.0253,0.094,0.0253,0.0253,0.0,0.094,True,
2884,19,CWE-79,52,0.0527,0.0253,0.0939,0.0253,0.0,0.0253,0.0,False,freq_unsafe=0.000<0.02
22150,19,CWE-79,53,0.0527,0.0127,0.1127,0.0127,0.0127,0.0,0.1127,False,freq_unsafe=0.013<0.02
1852,19,CWE-79,54,0.0523,0.0127,0.1118,0.0127,0.0127,0.0,0.1118,False,freq_unsafe=0.013<0.02
12068,19,CWE-79,55,0.0517,0.0506,0.0595,0.038,0.0886,0.0506,0.2802,True,
29943,19,CWE-79,56,0.0516,0.0127,0.1101,0.0127,0.0253,0.0127,0.2132,True,
27128,19,CWE-79,57,0.0514,0.0253,0.0906,0.0253,0.0633,0.038,0.2097,True,
15849,19,CWE-79,58,0.0512,0.0633,0.0457,0.038,0.1646,0.2025,0.6574,True,
15364,19,CWE-79,59,0.0511,0.0127,0.1087,0.0127,0.0633,0.0506,0.2603,True,
31698,19,CWE-79,60,0.0506,0.0253,0.0885,0.0253,0.0506,0.0253,0.1479,True,
9520,19,CWE-79,61,0.0504,0.038,0.0689,0.038,0.038,0.0127,0.0943,True,
6508,19,CWE-79,62,0.0496,0.0127,0.1049,0.0127,0.0127,0.0,0.1049,False,freq_unsafe=0.013<0.02; score=0.0496<0.05
24340,19,CWE-79,63,0.049,0.0253,0.0845,0.0253,0.0,0.0253,0.0,False,freq_unsafe=0.000<0.02; score=0.0490<0.05
9890,19,CWE-79,64,0.0484,0.0253,0.083,0.0253,0.0253,0.0,0.083,False,score=0.0484<0.05
23006,19,CWE-79,65,0.0483,0.0127,0.1018,0.0127,0.0,0.0127,0.0,False,freq_unsafe=0.000<0.02; score=0.0483<0.05
1748,19,CWE-79,66,0.0481,0.0759,0.0191,0.0506,0.7848,0.7722,3.2253,False,score=0.0481<0.05
14440,19,CWE-79,67,0.0478,0.0253,0.0753,0.038,0.1013,0.0759,0.2915,False,score=0.0478<0.05
25114,19,CWE-79,68,0.0477,0.0253,0.0812,0.0253,0.0253,0.0,0.0812,False,score=0.0477<0.05
31628,19,CWE-79,69,0.0467,0.0127,0.0977,0.0127,0.0127,0.0,0.0977,False,freq_unsafe=0.013<0.02; score=0.0467<0.05
32101,19,CWE-79,70,0.0465,0.0127,0.0971,0.0127,0.0633,0.0506,0.2369,False,score=0.0465<0.05
27445,19,CWE-79,71,0.0464,0.0253,0.0781,0.0253,0.0253,0.0,0.0781,False,score=0.0464<0.05
18408,19,CWE-79,72,0.046,0.0127,0.096,0.0127,0.0127,0.0,0.096,False,freq_unsafe=0.013<0.02; score=0.0460<0.05
10142,19,CWE-79,73,0.046,0.0253,0.0769,0.0253,0.0,0.0253,0.0,False,freq_unsafe=0.000<0.02; score=0.0460<0.05
10466,19,CWE-79,74,0.0457,0.038,0.0637,0.0253,0.2152,0.1899,0.6783,False,score=0.0457<0.05
15898,19,CWE-79,75,0.0457,0.0253,0.0763,0.0253,0.0506,0.0253,0.1684,False,score=0.0457<0.05
31081,19,CWE-79,76,0.0455,0.0253,0.0759,0.0253,0.0886,0.0633,0.2972,False,score=0.0455<0.05
16063,19,CWE-79,77,0.0452,0.0127,0.0941,0.0127,0.0,0.0127,0.0,False,freq_unsafe=0.000<0.02; score=0.0452<0.05
28609,19,CWE-79,78,0.0449,0.0127,0.0933,0.0127,0.0253,0.038,0.0591,False,score=0.0449<0.05
8229,19,CWE-79,79,0.0448,0.0127,0.093,0.0127,0.0,0.0127,0.0,False,freq_unsafe=0.000<0.02; score=0.0448<0.05
25081,19,CWE-79,80,0.0446,0.0127,0.0925,0.0127,0.0127,0.0,0.0925,False,freq_unsafe=0.013<0.02; score=0.0446<0.05
18015,19,CWE-79,81,0.0446,0.0127,0.0925,0.0127,0.0253,0.0127,0.1612,False,score=0.0446<0.05
9253,19,CWE-79,82,0.0445,0.0127,0.0922,0.0127,0.0,0.0127,0.0,False,freq_unsafe=0.000<0.02; score=0.0445<0.05
19247,19,CWE-79,83,0.0445,0.0127,0.0922,0.0127,0.0127,0.0,0.0922,False,freq_unsafe=0.013<0.02; score=0.0445<0.05
16628,19,CWE-79,84,0.0444,0.0127,0.092,0.0127,0.0253,0.0253,0.0814,False,score=0.0444<0.05
14597,19,CWE-79,85,0.0444,0.0127,0.092,0.0127,0.0,0.0127,0.0,False,freq_unsafe=0.000<0.02; score=0.0444<0.05
19738,19,CWE-79,86,0.0443,0.0253,0.0728,0.0253,0.038,0.0633,0.1824,False,score=0.0443<0.05
414,19,CWE-79,87,0.0439,0.0127,0.0907,0.0127,0.0127,0.0253,0.0347,False,freq_unsafe=0.013<0.02; score=0.0439<0.05
1816,19,CWE-79,88,0.0437,0.0127,0.0903,0.0127,0.0127,0.0253,0.083,False,freq_unsafe=0.013<0.02; score=0.0437<0.05
27030,19,CWE-79,89,0.0434,0.0253,0.0706,0.0253,0.0253,0.0,0.0706,False,score=0.0434<0.05
29026,19,CWE-79,90,0.0425,0.0253,0.0683,0.0253,0.0886,0.1139,0.2633,False,score=0.0425<0.05
29751,19,CWE-79,91,0.0418,0.0253,0.0666,0.0253,0.0253,0.0,0.0666,False,score=0.0418<0.05
12824,19,CWE-79,92,0.0417,0.0127,0.0852,0.0127,0.038,0.0253,0.1718,False,score=0.0417<0.05
13526,19,CWE-79,93,0.0416,0.0253,0.0659,0.0253,0.038,0.0127,0.1023,False,score=0.0416<0.05
18804,19,CWE-79,94,0.0414,0.0253,0.0655,0.0253,0.038,0.0127,0.154,False,score=0.0414<0.05
8081,19,CWE-79,95,0.0414,0.0253,0.0654,0.0253,0.0633,0.038,0.1609,False,score=0.0414<0.05
20776,19,CWE-79,96,0.0413,0.0253,0.0652,0.0253,0.0127,0.038,0.0297,False,freq_unsafe=0.013<0.02; score=0.0413<0.05
12640,19,CWE-79,97,0.0409,0.0127,0.0833,0.0127,0.0,0.0127,0.0,False,freq_unsafe=0.000<0.02; score=0.0409<0.05
13289,19,CWE-79,98,0.0409,0.0253,0.0643,0.0253,0.0253,0.0,0.0643,False,score=0.0409<0.05
30683,19,CWE-79,99,0.0407,0.0253,0.0638,0.0253,0.0127,0.038,0.0424,False,freq_unsafe=0.013<0.02; score=0.0407<0.05
29636,19,CWE-79,100,0.0406,0.0127,0.0825,0.0127,0.0127,0.0253,0.0764,False,freq_unsafe=0.013<0.02; score=0.0406<0.05
11961,19,CWE-79,101,0.0406,0.0127,0.0825,0.0127,0.0253,0.038,0.072,False,score=0.0406<0.05
5248,19,CWE-79,102,0.0405,0.0253,0.0632,0.0253,0.0633,0.038,0.1542,False,score=0.0405<0.05
15374,19,CWE-79,103,0.0403,0.0127,0.0819,0.0127,0.0,0.0127,0.0,False,freq_unsafe=0.000<0.02; score=0.0403<0.05
6949,19,CWE-79,104,0.0403,0.0253,0.0628,0.0253,0.0,0.0253,0.0,False,freq_unsafe=0.000<0.02; score=0.0403<0.05
10474,19,CWE-79,105,0.0403,0.0127,0.0817,0.0127,0.0127,0.0,0.0817,False,freq_unsafe=0.013<0.02; score=0.0403<0.05
3959,19,CWE-79,106,0.0403,0.0127,0.0817,0.0127,0.0,0.0127,0.0,False,freq_unsafe=0.000<0.02; score=0.0403<0.05
736,19,CWE-79,107,0.0398,0.0127,0.0806,0.0127,0.0127,0.0,0.0806,False,freq_unsafe=0.013<0.02; score=0.0398<0.05
32247,19,CWE-79,108,0.0397,0.0127,0.0802,0.0127,0.0253,0.038,0.0807,False,score=0.0397<0.05
2533,19,CWE-79,109,0.0394,0.0127,0.0795,0.0127,0.0127,0.0,0.0795,False,freq_unsafe=0.013<0.02; score=0.0394<0.05
1230,19,CWE-79,110,0.039,0.0127,0.0786,0.0127,0.0127,0.0,0.0786,False,freq_unsafe=0.013<0.02; score=0.0390<0.05
22287,19,CWE-79,111,0.039,0.0127,0.0786,0.0127,0.0,0.0127,0.0,False,freq_unsafe=0.000<0.02; score=0.0390<0.05
1392,19,CWE-79,112,0.0386,0.0127,0.0776,0.0127,0.0127,0.0253,0.0752,False,freq_unsafe=0.013<0.02; score=0.0386<0.05
30308,19,CWE-79,113,0.0386,0.0253,0.0586,0.0253,0.0253,0.0,0.0586,False,score=0.0386<0.05
6339,19,CWE-79,114,0.0386,0.0253,0.0586,0.0253,0.0886,0.0633,0.1992,False,score=0.0386<0.05
5868,19,CWE-79,115,0.0384,0.0253,0.0581,0.0253,0.0506,0.0253,0.1509,False,score=0.0384<0.05
19805,19,CWE-79,116,0.0383,0.0127,0.0769,0.0127,0.0127,0.0253,0.0328,False,freq_unsafe=0.013<0.02; score=0.0383<0.05
29232,19,CWE-79,117,0.0382,0.0127,0.0764,0.0127,0.0127,0.0,0.0764,False,freq_unsafe=0.013<0.02; score=0.0382<0.05
32126,19,CWE-79,118,0.0379,0.0253,0.0567,0.0253,0.0127,0.038,0.0554,False,freq_unsafe=0.013<0.02; score=0.0379<0.05
115,19,CWE-79,119,0.0378,0.0253,0.0564,0.0253,0.0253,0.0506,0.0692,False,score=0.0378<0.05
21163,19,CWE-79,120,0.0375,0.0253,0.0558,0.0253,0.038,0.0127,0.2019,False,score=0.0375<0.05
12676,19,CWE-79,121,0.0371,0.0127,0.0738,0.0127,0.0127,0.0,0.0738,False,freq_unsafe=0.013<0.02; score=0.0371<0.05
21629,19,CWE-79,122,0.037,0.0127,0.0736,0.0127,0.0127,0.0,0.0736,False,freq_unsafe=0.013<0.02; score=0.0370<0.05
9672,19,CWE-79,123,0.037,0.0253,0.0608,0.0127,0.0253,0.038,0.1191,False,score=0.0370<0.05
3017,19,CWE-79,124,0.0363,0.0127,0.0718,0.0127,0.0127,0.0,0.0718,False,freq_unsafe=0.013<0.02; score=0.0363<0.05
6467,19,CWE-79,125,0.036,0.0127,0.071,0.0127,0.0127,0.0,0.071,False,freq_unsafe=0.013<0.02; score=0.0360<0.05
30978,19,CWE-79,126,0.036,0.0127,0.071,0.0127,0.0,0.0127,0.0,False,freq_unsafe=0.000<0.02; score=0.0360<0.05
1331,19,CWE-79,127,0.0359,0.0127,0.0707,0.0127,0.0127,0.0,0.0707,False,freq_unsafe=0.013<0.02; score=0.0359<0.05
14206,19,CWE-79,128,0.0357,0.0253,0.0513,0.0253,0.0506,0.0633,0.2058,False,score=0.0357<0.05
16775,19,CWE-79,129,0.035,0.0127,0.0685,0.0127,0.038,0.0506,0.1126,False,score=0.0350<0.05
13987,19,CWE-79,130,0.0347,0.0127,0.0677,0.0127,0.0127,0.0,0.0677,False,freq_unsafe=0.013<0.02; score=0.0347<0.05
4871,19,CWE-79,131,0.0345,0.0127,0.0673,0.0127,0.0253,0.0127,0.1024,False,score=0.0345<0.05
1369,19,CWE-79,132,0.0345,0.0127,0.0673,0.0127,0.0127,0.0,0.0673,False,freq_unsafe=0.013<0.02; score=0.0345<0.05
6273,19,CWE-79,133,0.0345,0.0253,0.0419,0.038,0.3418,0.3291,1.2734,False,score=0.0345<0.05
29206,19,CWE-79,134,0.0344,0.0127,0.0669,0.0127,0.0127,0.0253,0.04,False,freq_unsafe=0.013<0.02; score=0.0344<0.05
20979,19,CWE-79,135,0.0343,0.0127,0.0668,0.0127,0.0,0.0127,0.0,False,freq_unsafe=0.000<0.02; score=0.0343<0.05
12906,19,CWE-79,136,0.0341,0.038,0.0345,0.0253,0.038,0.0633,0.1527,False,score=0.0341<0.05
13712,19,CWE-79,137,0.034,0.0127,0.066,0.0127,0.0,0.0127,0.0,False,freq_unsafe=0.000<0.02; score=0.0340<0.05
31480,19,CWE-79,138,0.0337,0.0127,0.0652,0.0127,0.038,0.0253,0.1597,False,score=0.0337<0.05
4246,19,CWE-79,139,0.0336,0.0127,0.065,0.0127,0.0633,0.0506,0.2468,False,score=0.0336<0.05
1737,19,CWE-79,140,0.0335,0.0253,0.0522,0.0127,0.0253,0.038,0.0751,False,score=0.0335<0.05
1092,19,CWE-79,141,0.0334,0.0127,0.0646,0.0127,0.0253,0.038,0.1247,False,score=0.0334<0.05
13824,19,CWE-79,142,0.0334,0.0127,0.0644,0.0127,0.0127,0.0253,0.0468,False,freq_unsafe=0.013<0.02; score=0.0334<0.05
5415,19,CWE-79,143,0.0332,0.0127,0.064,0.0127,0.0127,0.0253,0.0847,False,freq_unsafe=0.013<0.02; score=0.0332<0.05
12103,19,CWE-79,144,0.0332,0.0253,0.0513,0.0127,0.038,0.0253,0.1616,False,score=0.0332<0.05
19535,19,CWE-79,145,0.0331,0.0253,0.0511,0.0127,0.0506,0.038,0.145,False,score=0.0331<0.05
8905,19,CWE-79,146,0.0327,0.0127,0.0564,0.0253,0.038,0.0253,0.1145,False,score=0.0327<0.05
1546,19,CWE-79,147,0.0325,0.0127,0.0623,0.0127,0.0127,0.0,0.0623,False,freq_unsafe=0.013<0.02; score=0.0325<0.05
21893,19,CWE-79,148,0.0325,0.0127,0.0622,0.0127,0.0127,0.0,0.0622,False,freq_unsafe=0.013<0.02; score=0.0325<0.05
17430,19,CWE-79,149,0.0322,0.0127,0.0614,0.0127,0.0127,0.0,0.0614,False,freq_unsafe=0.013<0.02; score=0.0322<0.05
10441,19,CWE-79,150,0.032,0.0127,0.0611,0.0127,0.0127,0.0,0.0611,False,freq_unsafe=0.013<0.02; score=0.0320<0.05
24747,19,CWE-79,151,0.032,0.0127,0.0609,0.0127,0.0253,0.0127,0.0903,False,score=0.0320<0.05
31828,19,CWE-79,152,0.0317,0.0127,0.0603,0.0127,0.0,0.0127,0.0,False,freq_unsafe=0.000<0.02; score=0.0317<0.05
9455,19,CWE-79,153,0.0317,0.0127,0.0603,0.0127,0.0127,0.0,0.0603,False,freq_unsafe=0.013<0.02; score=0.0317<0.05
27738,19,CWE-79,154,0.0315,0.0506,0.0091,0.038,0.2911,0.2785,0.9589,False,score=0.0315<0.05
27084,19,CWE-79,155,0.0314,0.0127,0.0596,0.0127,0.0127,0.0,0.0596,False,freq_unsafe=0.013<0.02; score=0.0314<0.05
25229,19,CWE-79,156,0.0312,0.0127,0.0589,0.0127,0.0127,0.0,0.0589,False,freq_unsafe=0.013<0.02; score=0.0312<0.05
15534,19,CWE-79,157,0.0308,0.0127,0.0579,0.0127,0.0253,0.038,0.0538,False,score=0.0308<0.05
30124,19,CWE-79,158,0.0304,0.0127,0.0571,0.0127,0.0127,0.0,0.0571,False,freq_unsafe=0.013<0.02; score=0.0304<0.05
27825,19,CWE-79,159,0.0304,0.0127,0.057,0.0127,0.0127,0.0,0.057,False,freq_unsafe=0.013<0.02; score=0.0304<0.05
4852,19,CWE-79,160,0.0303,0.0127,0.0567,0.0127,0.0127,0.0,0.0567,False,freq_unsafe=0.013<0.02; score=0.0303<0.05
15750,19,CWE-79,161,0.0302,0.0253,0.044,0.0127,0.1013,0.0886,0.3433,False,score=0.0302<0.05
21608,19,CWE-79,162,0.0302,0.0127,0.0566,0.0127,0.0633,0.0506,0.219,False,score=0.0302<0.05
15433,19,CWE-79,163,0.0301,0.0127,0.0562,0.0127,0.0127,0.0,0.0562,False,freq_unsafe=0.013<0.02; score=0.0301<0.05
6206,19,CWE-79,164,0.03,0.0127,0.0497,0.0253,0.038,0.0253,0.1109,False,score=0.0300<0.05
8070,19,CWE-79,165,0.0299,0.0253,0.0431,0.0127,0.0506,0.038,0.1284,False,score=0.0299<0.05
252,19,CWE-79,166,0.0298,0.0127,0.0555,0.0127,0.0253,0.0253,0.0595,False,score=0.0298<0.05
8768,19,CWE-79,167,0.0296,0.0127,0.0549,0.0127,0.0633,0.0506,0.1912,False,score=0.0296<0.05
13367,19,CWE-79,168,0.0295,0.0127,0.0548,0.0127,0.0,0.0127,0.0,False,freq_unsafe=0.000<0.02; score=0.0295<0.05
21840,19,CWE-79,169,0.0295,0.0127,0.0547,0.0127,0.0,0.0127,0.0,False,freq_unsafe=0.000<0.02; score=0.0295<0.05
7689,19,CWE-79,170,0.0294,0.0127,0.0545,0.0127,0.0127,0.0,0.0545,False,freq_unsafe=0.013<0.02; score=0.0294<0.05
3925,19,CWE-79,171,0.0292,0.0127,0.0541,0.0127,0.0,0.0127,0.0,False,freq_unsafe=0.000<0.02; score=0.0292<0.05
27252,19,CWE-79,172,0.0292,0.0127,0.0539,0.0127,0.0633,0.0759,0.2636,False,score=0.0292<0.05
24967,19,CWE-79,173,0.0291,0.0127,0.0539,0.0127,0.0,0.0127,0.0,False,freq_unsafe=0.000<0.02; score=0.0291<0.05
21137,19,CWE-79,174,0.0291,0.0253,0.0412,0.0127,0.038,0.0506,0.1167,False,score=0.0291<0.05
24711,19,CWE-79,175,0.0291,0.0127,0.0537,0.0127,0.0,0.0127,0.0,False,freq_unsafe=0.000<0.02; score=0.0291<0.05
1222,19,CWE-79,176,0.0291,0.0127,0.0536,0.0127,0.0,0.0127,0.0,False,freq_unsafe=0.000<0.02; score=0.0291<0.05
6802,19,CWE-79,177,0.0287,0.0127,0.0528,0.0127,0.0,0.0127,0.0,False,freq_unsafe=0.000<0.02; score=0.0287<0.05
15012,19,CWE-79,178,0.0286,0.0127,0.0526,0.0127,0.0,0.0127,0.0,False,freq_unsafe=0.000<0.02; score=0.0286<0.05
6808,19,CWE-79,179,0.0286,0.0127,0.0525,0.0127,0.0127,0.0,0.0525,False,freq_unsafe=0.013<0.02; score=0.0286<0.05
15915,19,CWE-79,180,0.0284,0.0127,0.0521,0.0127,0.0127,0.0,0.0521,False,freq_unsafe=0.013<0.02; score=0.0284<0.05
16209,19,CWE-79,181,0.0283,0.0127,0.0517,0.0127,0.0,0.0127,0.0,False,freq_unsafe=0.000<0.02; score=0.0283<0.05
16139,19,CWE-79,182,0.0283,0.0127,0.0517,0.0127,0.0127,0.0253,0.0397,False,freq_unsafe=0.013<0.02; score=0.0283<0.05
1186,19,CWE-79,183,0.0282,0.0127,0.0515,0.0127,0.0127,0.0,0.0515,False,freq_unsafe=0.013<0.02; score=0.0282<0.05
29108,19,CWE-79,184,0.0281,0.0127,0.0513,0.0127,0.0,0.0127,0.0,False,freq_unsafe=0.000<0.02; score=0.0281<0.05
4400,19,CWE-79,185,0.028,0.0127,0.051,0.0127,0.0,0.0127,0.0,False,freq_unsafe=0.000<0.02; score=0.0280<0.05
20668,19,CWE-79,186,0.0278,0.0127,0.0506,0.0127,0.0,0.0127,0.0,False,freq_unsafe=0.000<0.02; score=0.0278<0.05
12917,19,CWE-79,187,0.0278,0.0127,0.0504,0.0127,0.0253,0.0127,0.0775,False,score=0.0278<0.05
14347,19,CWE-79,188,0.0276,0.0127,0.05,0.0127,0.0253,0.038,0.0629,False,score=0.0276<0.05
19998,19,CWE-79,189,0.0275,0.0127,0.0499,0.0127,0.0127,0.0,0.0499,False,freq_unsafe=0.013<0.02; score=0.0275<0.05
354,19,CWE-79,190,0.0275,0.0127,0.0498,0.0127,0.0127,0.0127,0.0792,False,freq_unsafe=0.013<0.02; score=0.0275<0.05
747,19,CWE-79,191,0.0274,0.0127,0.0496,0.0127,0.0127,0.0253,0.1082,False,freq_unsafe=0.013<0.02; score=0.0274<0.05
5150,19,CWE-79,192,0.0274,0.0127,0.0495,0.0127,0.0127,0.0,0.0495,False,freq_unsafe=0.013<0.02; score=0.0274<0.05
8350,19,CWE-79,193,0.0273,0.0127,0.0494,0.0127,0.0,0.0127,0.0,False,freq_unsafe=0.000<0.02; score=0.0273<0.05
27297,19,CWE-79,194,0.0273,0.0127,0.0493,0.0127,0.038,0.0253,0.1107,False,score=0.0273<0.05
27562,19,CWE-79,195,0.0272,0.0127,0.049,0.0127,0.0127,0.0,0.049,False,freq_unsafe=0.013<0.02; score=0.0272<0.05
23375,19,CWE-79,196,0.0272,0.0127,0.049,0.0127,0.0,0.0127,0.0,False,freq_unsafe=0.000<0.02; score=0.0272<0.05
8486,19,CWE-79,197,0.0272,0.0127,0.049,0.0127,0.0127,0.0,0.049,False,freq_unsafe=0.013<0.02; score=0.0272<0.05
30524,19,CWE-79,198,0.0272,0.0127,0.0489,0.0127,0.0127,0.0,0.0489,False,freq_unsafe=0.013<0.02; score=0.0272<0.05
20195,19,CWE-79,199,0.027,0.0127,0.0484,0.0127,0.0253,0.0127,0.0799,False,score=0.0270<0.05
23042,19,CWE-79,200,0.0269,0.0253,0.0293,0.0253,0.0506,0.0506,0.1894,False,score=0.0269<0.05
15849,19,CWE-125,1,0.132,0.0658,0.2312,0.0658,0.2368,0.2763,0.9063,True,
12186,19,CWE-125,2,0.1303,0.0921,0.1941,0.0789,0.1974,0.1711,0.6947,True,
16192,19,CWE-125,3,0.1207,0.0789,0.1964,0.0526,0.3158,0.3553,1.2731,True,
1586,19,CWE-125,4,0.1192,0.0263,0.2586,0.0263,0.0526,0.0263,0.4052,True,
17961,19,CWE-125,5,0.1144,0.0789,0.1742,0.0658,0.5395,0.5132,2.058,True,
5772,19,CWE-125,6,0.1083,0.0263,0.2312,0.0263,0.0,0.0263,0.0,False,freq_unsafe=0.000<0.02
6273,19,CWE-125,7,0.1078,0.0921,0.1446,0.0658,0.1842,0.1447,0.6723,True,
2124,19,CWE-125,8,0.1077,0.0789,0.164,0.0526,0.1842,0.1316,0.5549,True,
5923,19,CWE-125,9,0.1012,0.0921,0.1345,0.0526,0.2895,0.2632,0.871,True,
15298,19,CWE-125,10,0.1011,0.0789,0.141,0.0658,0.1447,0.1842,0.3822,True,
11966,19,CWE-125,11,0.1006,0.0395,0.1924,0.0395,0.0,0.0395,0.0,False,freq_unsafe=0.000<0.02
13091,19,CWE-125,12,0.0994,0.0789,0.1367,0.0658,0.3026,0.3421,1.0883,True,
12068,19,CWE-125,13,0.0984,0.0658,0.154,0.0526,0.1184,0.0658,0.3793,True,
16897,19,CWE-125,14,0.0982,0.1316,0.081,0.0658,0.8289,0.8289,7.7493,True,
15311,19,CWE-125,15,0.0976,0.0526,0.1651,0.0526,0.0921,0.1447,0.2689,True,
4312,19,CWE-125,16,0.0972,0.0789,0.1313,0.0658,0.2895,0.3158,0.9631,True,
23436,19,CWE-125,17,0.0972,0.0658,0.1443,0.0658,0.2237,0.1711,0.6816,True,
11462,19,CWE-125,18,0.0967,0.0526,0.1629,0.0526,0.1316,0.0921,0.4582,True,
16544,19,CWE-125,19,0.0956,0.0132,0.2192,0.0132,0.0,0.0132,0.0,False,freq_unsafe=0.000<0.02
1116,19,CWE-125,20,0.0951,0.0263,0.1982,0.0263,0.0789,0.0526,0.4685,True,
14440,19,CWE-125,21,0.0925,0.0789,0.1259,0.0526,0.1711,0.1184,0.6191,True,
22736,19,CWE-125,22,0.0904,0.0395,0.1668,0.0395,0.0658,0.0395,0.3178,True,
47,19,CWE-125,23,0.09,0.0132,0.2052,0.0132,0.0132,0.0,0.2052,False,freq_unsafe=0.013<0.02
19348,19,CWE-125,24,0.0897,0.0395,0.1715,0.0263,0.0658,0.0395,0.3626,True,
661,19,CWE-125,25,0.089,0.0263,0.183,0.0263,0.0,0.0263,0.0,False,freq_unsafe=0.000<0.02
25853,19,CWE-125,26,0.0877,0.0395,0.1601,0.0395,0.0526,0.0263,0.2336,True,
151,19,CWE-125,27,0.0869,0.0789,0.112,0.0526,0.2763,0.3026,0.9662,True,
15657,19,CWE-125,28,0.0856,0.0132,0.1943,0.0132,0.0,0.0132,0.0,False,freq_unsafe=0.000<0.02
13913,19,CWE-125,29,0.0823,0.0526,0.1268,0.0526,0.0395,0.0921,0.0978,True,
30036,19,CWE-125,30,0.0821,0.1053,0.0736,0.0526,0.1711,0.1447,0.5186,True,
13827,19,CWE-125,31,0.0817,0.0921,0.0858,0.0526,0.3289,0.3421,1.5686,True,
12518,19,CWE-125,32,0.0809,0.0395,0.143,0.0395,0.0,0.0395,0.0,False,freq_unsafe=0.000<0.02
5774,19,CWE-125,33,0.0803,0.0132,0.181,0.0132,0.0132,0.0,0.181,False,freq_unsafe=0.013<0.02
26531,19,CWE-125,34,0.0786,0.0132,0.1768,0.0132,0.0,0.0132,0.0,False,freq_unsafe=0.000<0.02
21137,19,CWE-125,35,0.0779,0.0263,0.1553,0.0263,0.0526,0.0395,0.2822,True,
28122,19,CWE-125,36,0.0757,0.0132,0.1696,0.0132,0.0132,0.0,0.1696,False,freq_unsafe=0.013<0.02
1515,19,CWE-125,37,0.0749,0.0395,0.1346,0.0263,0.1316,0.1184,0.9557,True,
31956,19,CWE-125,38,0.0747,0.0658,0.1012,0.0395,0.0789,0.0921,0.1902,True,
13703,19,CWE-125,39,0.0738,0.0395,0.1252,0.0395,0.0526,0.0132,0.161,True,
26306,19,CWE-125,40,0.0716,0.0132,0.1593,0.0132,0.0,0.0132,0.0,False,freq_unsafe=0.000<0.02
4973,19,CWE-125,41,0.0698,0.0132,0.1549,0.0132,0.0,0.0132,0.0,False,freq_unsafe=0.000<0.02
1913,19,CWE-125,42,0.0696,0.0658,0.0819,0.0526,0.2105,0.1842,0.6036,True,
15534,19,CWE-125,43,0.0695,0.0395,0.121,0.0263,0.0526,0.0395,0.2437,True,
19483,19,CWE-125,44,0.0679,0.0395,0.1105,0.0395,0.1974,0.1974,0.6935,True,
32397,19,CWE-125,45,0.0677,0.0526,0.0968,0.0395,0.0263,0.0658,0.0651,True,
424,19,CWE-125,46,0.0673,0.0132,0.1485,0.0132,0.0,0.0132,0.0,False,freq_unsafe=0.000<0.02
23472,19,CWE-125,47,0.0663,0.0395,0.1066,0.0395,0.1974,0.1711,0.8541,True,
10300,19,CWE-125,48,0.0651,0.0263,0.1233,0.0263,0.0263,0.0,0.1233,True,
11159,19,CWE-125,49,0.0649,0.0263,0.1228,0.0263,0.0526,0.0789,0.1841,True,
9226,19,CWE-125,50,0.0645,0.0263,0.1219,0.0263,0.0,0.0263,0.0,False,freq_unsafe=0.000<0.02
14932,19,CWE-125,51,0.0637,0.0132,0.1394,0.0132,0.0,0.0132,0.0,False,freq_unsafe=0.000<0.02
16580,19,CWE-125,52,0.0636,0.0132,0.1393,0.0132,0.0132,0.0,0.1393,False,freq_unsafe=0.013<0.02
3674,19,CWE-125,53,0.0629,0.0658,0.0782,0.0263,0.2632,0.2368,0.8266,True,
3836,19,CWE-125,54,0.0628,0.0132,0.1373,0.0132,0.0132,0.0,0.1373,False,freq_unsafe=0.013<0.02
7447,19,CWE-125,55,0.0618,0.0263,0.1149,0.0263,0.0263,0.0,0.1149,True,
29661,19,CWE-125,56,0.0613,0.0132,0.1336,0.0132,0.0,0.0132,0.0,False,freq_unsafe=0.000<0.02
20051,19,CWE-125,57,0.0608,0.0263,0.1125,0.0263,0.1447,0.1316,0.9093,True,
14693,19,CWE-125,58,0.0602,0.0132,0.1307,0.0132,0.0132,0.0132,0.028,False,freq_unsafe=0.013<0.02
27228,19,CWE-125,59,0.0599,0.0132,0.13,0.0132,0.0,0.0132,0.0,False,freq_unsafe=0.000<0.02
23253,19,CWE-125,60,0.0597,0.0263,0.1099,0.0263,0.0,0.0263,0.0,False,freq_unsafe=0.000<0.02
27121,19,CWE-125,61,0.0592,0.0132,0.1283,0.0132,0.0,0.0132,0.0,False,freq_unsafe=0.000<0.02
2068,19,CWE-125,62,0.0592,0.1053,0.023,0.0395,0.4211,0.4079,1.488,True,
29673,19,CWE-125,63,0.0583,0.0395,0.0865,0.0395,0.0,0.0395,0.0,False,freq_unsafe=0.000<0.02
7904,19,CWE-125,64,0.0582,0.0132,0.1259,0.0132,0.0132,0.0,0.1259,False,freq_unsafe=0.013<0.02
32463,19,CWE-125,65,0.0581,0.0132,0.1256,0.0132,0.0132,0.0,0.1256,False,freq_unsafe=0.013<0.02
32196,19,CWE-125,66,0.0581,0.0395,0.086,0.0395,0.0789,0.0395,0.1937,True,
12543,19,CWE-125,67,0.0577,0.0263,0.1048,0.0263,0.1053,0.0789,0.3465,True,
19004,19,CWE-125,68,0.0577,0.0263,0.1047,0.0263,0.0263,0.0526,0.0896,True,
470,19,CWE-125,69,0.0575,0.0263,0.1043,0.0263,0.0263,0.0,0.1043,True,
15881,19,CWE-125,70,0.0569,0.0263,0.1027,0.0263,0.0,0.0263,0.0,False,freq_unsafe=0.000<0.02
12906,19,CWE-125,71,0.0567,0.0395,0.0825,0.0395,0.0658,0.0526,0.209,True,
20937,19,CWE-125,72,0.0564,0.0395,0.0884,0.0263,0.0789,0.0658,0.2924,True,
24234,19,CWE-125,73,0.0562,0.0132,0.1208,0.0132,0.0132,0.0,0.1208,False,freq_unsafe=0.013<0.02
28750,19,CWE-125,74,0.0559,0.0263,0.1002,0.0263,0.0132,0.0395,0.028,False,freq_unsafe=0.013<0.02
10536,19,CWE-125,75,0.0558,0.0132,0.1199,0.0132,0.0132,0.0,0.1199,False,freq_unsafe=0.013<0.02
10988,19,CWE-125,76,0.0558,0.0395,0.0869,0.0263,0.0789,0.0921,0.3503,True,
18837,19,CWE-125,77,0.0555,0.0395,0.0927,0.0132,0.1447,0.1447,0.6064,True,
15946,19,CWE-125,78,0.0553,0.0263,0.0988,0.0263,0.0395,0.0658,0.1289,True,
12277,19,CWE-125,79,0.0553,0.0132,0.1184,0.0132,0.0132,0.0,0.1184,False,freq_unsafe=0.013<0.02
22757,19,CWE-125,80,0.055,0.0263,0.0981,0.0263,0.0263,0.0395,0.0582,True,
25564,19,CWE-125,81,0.0549,0.0132,0.1175,0.0132,0.0132,0.0,0.1175,False,freq_unsafe=0.013<0.02
12141,19,CWE-125,82,0.0539,0.0132,0.1151,0.0132,0.0395,0.0263,0.217,True,
14177,19,CWE-125,83,0.0537,0.0263,0.0949,0.0263,0.0132,0.0395,0.0554,False,freq_unsafe=0.013<0.02
1748,19,CWE-125,84,0.0537,0.0921,0.0093,0.0658,0.7237,0.7105,2.867,True,
6558,19,CWE-125,85,0.0536,0.0263,0.0946,0.0263,0.0395,0.0132,0.127,True,
747,19,CWE-125,86,0.0531,0.0263,0.0934,0.0263,0.0526,0.0263,0.2239,True,
1908,19,CWE-125,87,0.053,0.0263,0.093,0.0263,0.0,0.0263,0.0,False,freq_unsafe=0.000<0.02
15921,19,CWE-125,88,0.0524,0.0132,0.1114,0.0132,0.0132,0.0,0.1114,False,freq_unsafe=0.013<0.02
21507,19,CWE-125,89,0.0524,0.0132,0.1112,0.0132,0.0,0.0132,0.0,False,freq_unsafe=0.000<0.02
31416,19,CWE-125,90,0.0522,0.0263,0.0911,0.0263,0.0,0.0263,0.0,False,freq_unsafe=0.000<0.02
22994,19,CWE-125,91,0.0521,0.0132,0.1106,0.0132,0.0132,0.0,0.1106,False,freq_unsafe=0.013<0.02
29197,19,CWE-125,92,0.052,0.0132,0.1102,0.0132,0.0,0.0132,0.0,False,freq_unsafe=0.000<0.02
8780,19,CWE-125,93,0.0518,0.0132,0.1098,0.0132,0.0,0.0132,0.0,False,freq_unsafe=0.000<0.02
28002,19,CWE-125,94,0.0516,0.0132,0.1093,0.0132,0.0263,0.0395,0.2205,True,
25954,19,CWE-125,95,0.0515,0.0263,0.0894,0.0263,0.2237,0.2237,1.1603,True,
825,19,CWE-125,96,0.0514,0.0132,0.1089,0.0132,0.0132,0.0,0.1089,False,freq_unsafe=0.013<0.02
16209,19,CWE-125,97,0.0512,0.0263,0.0886,0.0263,0.0132,0.0395,0.0831,False,freq_unsafe=0.013<0.02
15809,19,CWE-125,98,0.0511,0.0132,0.1081,0.0132,0.0132,0.0,0.1081,False,freq_unsafe=0.013<0.02
23881,19,CWE-125,99,0.05,0.0132,0.1052,0.0132,0.0,0.0132,0.0,False,freq_unsafe=0.000<0.02; score=0.0500<0.05
6551,19,CWE-125,100,0.0498,0.0263,0.0851,0.0263,0.0395,0.0132,0.135,False,score=0.0498<0.05
1092,19,CWE-125,101,0.0497,0.0132,0.1046,0.0132,0.0132,0.0,0.1046,False,freq_unsafe=0.013<0.02; score=0.0497<0.05
13747,19,CWE-125,102,0.0497,0.0263,0.0848,0.0263,0.0263,0.0,0.0848,False,score=0.0497<0.05
11644,19,CWE-125,103,0.0494,0.0132,0.1039,0.0132,0.0132,0.0,0.1039,False,freq_unsafe=0.013<0.02; score=0.0494<0.05
23115,19,CWE-125,104,0.0494,0.0263,0.0841,0.0263,0.0132,0.0395,0.0281,False,freq_unsafe=0.013<0.02; score=0.0494<0.05
30696,19,CWE-125,105,0.0487,0.0132,0.102,0.0132,0.0132,0.0,0.102,False,freq_unsafe=0.013<0.02; score=0.0487<0.05
14842,19,CWE-125,106,0.0487,0.0658,0.0362,0.0395,0.1053,0.1447,0.3653,False,score=0.0487<0.05
625,19,CWE-125,107,0.0487,0.0263,0.0822,0.0263,0.0395,0.0132,0.1109,False,score=0.0487<0.05
15364,19,CWE-125,108,0.0486,0.0263,0.0821,0.0263,0.0395,0.0132,0.166,False,score=0.0486<0.05
21322,19,CWE-125,109,0.0486,0.0132,0.1017,0.0132,0.0,0.0132,0.0,False,freq_unsafe=0.000<0.02; score=0.0486<0.05
1533,19,CWE-125,110,0.0483,0.0132,0.1011,0.0132,0.0,0.0132,0.0,False,freq_unsafe=0.000<0.02; score=0.0483<0.05
4242,19,CWE-125,111,0.0482,0.0263,0.0811,0.0263,0.0263,0.0,0.0811,False,score=0.0482<0.05
24779,19,CWE-125,112,0.0482,0.0658,0.0416,0.0263,0.2105,0.2237,0.7854,False,score=0.0482<0.05
25488,19,CWE-125,113,0.048,0.0132,0.1004,0.0132,0.0526,0.0395,0.2043,False,score=0.0480<0.05
27072,19,CWE-125,114,0.048,0.0132,0.1003,0.0132,0.0,0.0132,0.0,False,freq_unsafe=0.000<0.02; score=0.0480<0.05
1411,19,CWE-125,115,0.048,0.0132,0.1003,0.0132,0.0132,0.0,0.1003,False,freq_unsafe=0.013<0.02; score=0.0480<0.05
13025,19,CWE-125,116,0.0477,0.0132,0.0994,0.0132,0.0789,0.0658,0.408,False,score=0.0477<0.05
3877,19,CWE-125,117,0.0474,0.0263,0.0789,0.0263,0.0395,0.0658,0.1393,False,score=0.0474<0.05
10305,19,CWE-125,118,0.0473,0.0132,0.0986,0.0132,0.0132,0.0,0.0986,False,freq_unsafe=0.013<0.02; score=0.0473<0.05
21694,19,CWE-125,119,0.0472,0.0132,0.0983,0.0132,0.0132,0.0,0.0983,False,freq_unsafe=0.013<0.02; score=0.0472<0.05
25624,19,CWE-125,120,0.0472,0.0263,0.0785,0.0263,0.0658,0.0395,0.2006,False,score=0.0472<0.05
4871,19,CWE-125,121,0.0468,0.0263,0.0775,0.0263,0.0263,0.0,0.0775,False,score=0.0468<0.05
10014,19,CWE-125,122,0.046,0.0263,0.0756,0.0263,0.0789,0.0526,0.1919,False,score=0.0460<0.05
30989,19,CWE-125,123,0.046,0.0263,0.0755,0.0263,0.0,0.0263,0.0,False,freq_unsafe=0.000<0.02; score=0.0460<0.05
5143,19,CWE-125,124,0.046,0.0395,0.0623,0.0263,0.0395,0.0132,0.1196,False,score=0.0460<0.05
22840,19,CWE-125,125,0.0459,0.0132,0.0951,0.0132,0.0,0.0132,0.0,False,freq_unsafe=0.000<0.02; score=0.0459<0.05
6690,19,CWE-125,126,0.0459,0.0132,0.095,0.0132,0.0,0.0132,0.0,False,freq_unsafe=0.000<0.02; score=0.0459<0.05
32696,19,CWE-125,127,0.0458,0.0395,0.0619,0.0263,0.0921,0.1184,0.2407,False,score=0.0458<0.05
29558,19,CWE-125,128,0.0458,0.0263,0.075,0.0263,0.0263,0.0,0.075,False,score=0.0458<0.05
19287,19,CWE-125,129,0.0458,0.0263,0.0749,0.0263,0.0,0.0263,0.0,False,freq_unsafe=0.000<0.02; score=0.0458<0.05
4940,19,CWE-125,130,0.0454,0.0263,0.074,0.0263,0.1053,0.0789,0.2951,False,score=0.0454<0.05
12272,19,CWE-125,131,0.0454,0.0132,0.0937,0.0132,0.0,0.0132,0.0,False,freq_unsafe=0.000<0.02; score=0.0454<0.05
9981,19,CWE-125,132,0.0453,0.0263,0.0738,0.0263,0.0,0.0263,0.0,False,freq_unsafe=0.000<0.02; score=0.0453<0.05
13523,19,CWE-125,133,0.0452,0.0132,0.0932,0.0132,0.0132,0.0263,0.1001,False,freq_unsafe=0.013<0.02; score=0.0452<0.05
30651,19,CWE-125,134,0.045,0.0132,0.0928,0.0132,0.0132,0.0,0.0928,False,freq_unsafe=0.013<0.02; score=0.0450<0.05
20525,19,CWE-125,135,0.045,0.0263,0.073,0.0263,0.0,0.0263,0.0,False,freq_unsafe=0.000<0.02; score=0.0450<0.05
15860,19,CWE-125,136,0.0449,0.0132,0.0925,0.0132,0.0132,0.0,0.0925,False,freq_unsafe=0.013<0.02; score=0.0449<0.05
11351,19,CWE-125,137,0.0448,0.0132,0.0923,0.0132,0.0132,0.0263,0.0314,False,freq_unsafe=0.013<0.02; score=0.0448<0.05
27445,19,CWE-125,138,0.0446,0.0132,0.0918,0.0132,0.0263,0.0395,0.074,False,score=0.0446<0.05
1151,19,CWE-125,139,0.0443,0.0132,0.0844,0.0263,0.0395,0.0263,0.2249,False,score=0.0443<0.05
13320,19,CWE-125,140,0.0442,0.0132,0.0907,0.0132,0.0132,0.0,0.0907,False,freq_unsafe=0.013<0.02; score=0.0442<0.05
1053,19,CWE-125,141,0.044,0.0132,0.0903,0.0132,0.0,0.0132,0.0,False,freq_unsafe=0.000<0.02; score=0.0440<0.05
29128,19,CWE-125,142,0.044,0.0132,0.0903,0.0132,0.0132,0.0,0.0903,False,freq_unsafe=0.013<0.02; score=0.0440<0.05
27782,19,CWE-125,143,0.044,0.0132,0.0902,0.0132,0.0132,0.0,0.0902,False,freq_unsafe=0.013<0.02; score=0.0440<0.05
13663,19,CWE-125,144,0.0439,0.0132,0.0899,0.0132,0.0132,0.0,0.0899,False,freq_unsafe=0.013<0.02; score=0.0439<0.05
27541,19,CWE-125,145,0.0438,0.0132,0.0896,0.0132,0.0,0.0132,0.0,False,freq_unsafe=0.000<0.02; score=0.0438<0.05
26893,19,CWE-125,146,0.0434,0.0395,0.0559,0.0263,0.2105,0.1974,1.3941,False,score=0.0434<0.05
5435,19,CWE-125,147,0.0429,0.0263,0.0677,0.0263,0.0132,0.0263,0.0357,False,freq_unsafe=0.013<0.02; score=0.0429<0.05
20571,19,CWE-125,148,0.0425,0.0132,0.0865,0.0132,0.0263,0.0132,0.1675,False,score=0.0425<0.05
26830,19,CWE-125,149,0.0422,0.0263,0.066,0.0263,0.0,0.0263,0.0,False,freq_unsafe=0.000<0.02; score=0.0422<0.05
27684,19,CWE-125,150,0.0421,0.0263,0.0657,0.0263,0.0395,0.0132,0.0948,False,score=0.0421<0.05
29026,19,CWE-125,151,0.0421,0.0395,0.0459,0.0395,0.1447,0.1579,0.3504,False,score=0.0421<0.05
31643,19,CWE-125,152,0.042,0.0132,0.0787,0.0263,0.0395,0.0263,0.1656,False,score=0.0420<0.05
3285,19,CWE-125,153,0.0419,0.0132,0.0851,0.0132,0.0132,0.0,0.0851,False,freq_unsafe=0.013<0.02; score=0.0419<0.05
28412,19,CWE-125,154,0.0418,0.0132,0.0848,0.0132,0.0,0.0132,0.0,False,freq_unsafe=0.000<0.02; score=0.0418<0.05
20576,19,CWE-125,155,0.0417,0.0132,0.0845,0.0132,0.0,0.0132,0.0,False,freq_unsafe=0.000<0.02; score=0.0417<0.05
27017,19,CWE-125,156,0.0416,0.0132,0.0842,0.0132,0.0132,0.0263,0.031,False,freq_unsafe=0.013<0.02; score=0.0416<0.05
6735,19,CWE-125,157,0.0415,0.0263,0.0644,0.0263,0.0,0.0263,0.0,False,freq_unsafe=0.000<0.02; score=0.0415<0.05
8318,19,CWE-125,158,0.0415,0.0263,0.0643,0.0263,0.0132,0.0395,0.0689,False,freq_unsafe=0.013<0.02; score=0.0415<0.05
21435,19,CWE-125,159,0.0414,0.0132,0.0838,0.0132,0.0,0.0132,0.0,False,freq_unsafe=0.000<0.02; score=0.0414<0.05
28864,19,CWE-125,160,0.0413,0.0263,0.0637,0.0263,0.0658,0.0395,0.2146,False,score=0.0413<0.05
2189,19,CWE-125,161,0.0412,0.0263,0.0636,0.0263,0.0,0.0263,0.0,False,freq_unsafe=0.000<0.02; score=0.0412<0.05
19535,19,CWE-125,162,0.0412,0.0263,0.0636,0.0263,0.0,0.0263,0.0,False,freq_unsafe=0.000<0.02; score=0.0412<0.05
21514,19,CWE-125,163,0.0411,0.0132,0.0831,0.0132,0.0,0.0132,0.0,False,freq_unsafe=0.000<0.02; score=0.0411<0.05
25114,19,CWE-125,164,0.041,0.0395,0.0499,0.0263,0.0395,0.0658,0.2154,False,score=0.0410<0.05
7149,19,CWE-125,165,0.0409,0.0132,0.0825,0.0132,0.0,0.0132,0.0,False,freq_unsafe=0.000<0.02; score=0.0409<0.05
2015,19,CWE-125,166,0.0407,0.0132,0.082,0.0132,0.0263,0.0132,0.1137,False,score=0.0407<0.05
26816,19,CWE-125,167,0.0406,0.0132,0.0818,0.0132,0.0,0.0132,0.0,False,freq_unsafe=0.000<0.02; score=0.0406<0.05
26560,19,CWE-125,168,0.0405,0.0132,0.0815,0.0132,0.0132,0.0,0.0815,False,freq_unsafe=0.013<0.02; score=0.0405<0.05
16101,19,CWE-125,169,0.0403,0.0132,0.081,0.0132,0.0132,0.0,0.081,False,freq_unsafe=0.013<0.02; score=0.0403<0.05
30485,19,CWE-125,170,0.0402,0.0132,0.0809,0.0132,0.0,0.0132,0.0,False,freq_unsafe=0.000<0.02; score=0.0402<0.05
28741,19,CWE-125,171,0.0402,0.0132,0.0807,0.0132,0.0,0.0132,0.0,False,freq_unsafe=0.000<0.02; score=0.0402<0.05
8081,19,CWE-125,172,0.0401,0.0263,0.0608,0.0263,0.0,0.0263,0.0,False,freq_unsafe=0.000<0.02; score=0.0401<0.05
6547,19,CWE-125,173,0.0399,0.0263,0.0669,0.0132,0.0526,0.0395,0.1906,False,score=0.0399<0.05
5403,19,CWE-125,174,0.0398,0.0526,0.0337,0.0263,0.3289,0.3289,1.1381,False,score=0.0398<0.05
488,19,CWE-125,175,0.0397,0.0263,0.0598,0.0263,0.0,0.0263,0.0,False,freq_unsafe=0.000<0.02; score=0.0397<0.05
983,19,CWE-125,176,0.0396,0.0132,0.0794,0.0132,0.0,0.0132,0.0,False,freq_unsafe=0.000<0.02; score=0.0396<0.05
20690,19,CWE-125,177,0.0395,0.0132,0.0791,0.0132,0.0132,0.0,0.0791,False,freq_unsafe=0.013<0.02; score=0.0395<0.05
29486,19,CWE-125,178,0.0395,0.0263,0.0593,0.0263,0.0,0.0263,0.0,False,freq_unsafe=0.000<0.02; score=0.0395<0.05
1845,19,CWE-125,179,0.0394,0.0263,0.0656,0.0132,0.0263,0.0132,0.107,False,score=0.0394<0.05
28331,19,CWE-125,180,0.0393,0.0263,0.0587,0.0263,0.0263,0.0,0.0587,False,score=0.0393<0.05
18535,19,CWE-125,181,0.0392,0.0132,0.0782,0.0132,0.0,0.0132,0.0,False,freq_unsafe=0.000<0.02; score=0.0392<0.05
32012,19,CWE-125,182,0.0391,0.0263,0.0583,0.0263,0.0395,0.0658,0.1563,False,score=0.0391<0.05
16301,19,CWE-125,183,0.0391,0.0132,0.078,0.0132,0.0,0.0132,0.0,False,freq_unsafe=0.000<0.02; score=0.0391<0.05
4990,19,CWE-125,184,0.039,0.0132,0.0778,0.0132,0.0395,0.0263,0.1463,False,score=0.0390<0.05
23145,19,CWE-125,185,0.0389,0.0263,0.0578,0.0263,0.0658,0.0526,0.2072,False,score=0.0389<0.05
27564,19,CWE-125,186,0.0388,0.0263,0.064,0.0132,0.0132,0.0263,0.044,False,freq_unsafe=0.013<0.02; score=0.0388<0.05
20564,19,CWE-125,187,0.0387,0.0263,0.0572,0.0263,0.0526,0.0789,0.1314,False,score=0.0387<0.05
30942,19,CWE-125,188,0.0386,0.0132,0.0767,0.0132,0.0263,0.0395,0.1723,False,score=0.0386<0.05
7009,19,CWE-125,189,0.0385,0.0132,0.0764,0.0132,0.0,0.0132,0.0,False,freq_unsafe=0.000<0.02; score=0.0385<0.05
13851,19,CWE-125,190,0.0384,0.0132,0.0762,0.0132,0.0,0.0132,0.0,False,freq_unsafe=0.000<0.02; score=0.0384<0.05
5260,19,CWE-125,191,0.0384,0.0263,0.0565,0.0263,0.0132,0.0263,0.0271,False,freq_unsafe=0.013<0.02; score=0.0384<0.05
25072,19,CWE-125,192,0.0383,0.0132,0.0759,0.0132,0.0132,0.0,0.0759,False,freq_unsafe=0.013<0.02; score=0.0383<0.05
9169,19,CWE-125,193,0.0381,0.0132,0.0756,0.0132,0.0263,0.0132,0.106,False,score=0.0381<0.05
11547,19,CWE-125,194,0.0381,0.0132,0.0754,0.0132,0.0,0.0132,0.0,False,freq_unsafe=0.000<0.02; score=0.0381<0.05
19978,19,CWE-125,195,0.038,0.0395,0.0425,0.0263,0.0658,0.0395,0.1668,False,score=0.0380<0.05
26044,19,CWE-125,196,0.038,0.0132,0.0753,0.0132,0.0132,0.0,0.0753,False,freq_unsafe=0.013<0.02; score=0.0380<0.05
23185,19,CWE-125,197,0.0378,0.0132,0.0747,0.0132,0.0132,0.0,0.0747,False,freq_unsafe=0.013<0.02; score=0.0378<0.05
7856,19,CWE-125,198,0.0378,0.0263,0.0549,0.0263,0.0263,0.0132,0.082,False,score=0.0378<0.05
26356,19,CWE-125,199,0.0377,0.0132,0.0744,0.0132,0.0132,0.0,0.0744,False,freq_unsafe=0.013<0.02; score=0.0377<0.05
1816,19,CWE-125,200,0.0376,0.0263,0.0612,0.0132,0.0395,0.0263,0.1793,False,score=0.0376<0.05
16897,19,CWE-787,1,0.2379,0.1077,0.464,0.0462,0.8154,0.8,9.0186,True,
4312,19,CWE-787,2,0.1336,0.0923,0.2032,0.0769,0.2154,0.2769,0.8159,True,
20051,19,CWE-787,3,0.1308,0.0462,0.2577,0.0462,0.1846,0.2154,1.0903,True,
10925,19,CWE-787,4,0.1299,0.0308,0.2787,0.0308,0.0,0.0308,0.0,False,freq_unsafe=0.000<0.02
151,19,CWE-787,5,0.1042,0.0769,0.1683,0.0308,0.2615,0.2769,0.9997,True,
25954,19,CWE-787,6,0.0926,0.0462,0.1622,0.0462,0.1846,0.2,1.2722,True,
28570,19,CWE-787,7,0.0896,0.0154,0.2009,0.0154,0.0154,0.0,0.2009,False,freq_unsafe=0.015<0.02
21122,19,CWE-787,8,0.0893,0.0154,0.2001,0.0154,0.0,0.0154,0.0,False,freq_unsafe=0.000<0.02
1515,19,CWE-787,9,0.0892,0.0308,0.1769,0.0308,0.1231,0.1538,1.0984,True,
14440,19,CWE-787,10,0.0884,0.0462,0.1517,0.0462,0.1077,0.1538,0.2778,True,
6273,19,CWE-787,11,0.0869,0.0462,0.1404,0.0615,0.2769,0.2308,1.0571,True,
1748,19,CWE-787,12,0.0864,0.0769,0.116,0.0462,0.8,0.7692,3.1297,True,
5403,19,CWE-787,13,0.0847,0.0615,0.1272,0.0462,0.2615,0.2923,0.7999,True,
26626,19,CWE-787,14,0.0829,0.0154,0.1841,0.0154,0.0154,0.0,0.1841,False,freq_unsafe=0.015<0.02
22218,19,CWE-787,15,0.0817,0.0308,0.1581,0.0308,0.0769,0.1077,0.1826,True,
27738,19,CWE-787,16,0.0793,0.0462,0.1368,0.0308,0.3692,0.3385,1.1166,True,
24123,19,CWE-787,17,0.0774,0.0308,0.1475,0.0308,0.0308,0.0,0.1475,True,
11141,19,CWE-787,18,0.0766,0.0308,0.1453,0.0308,0.0,0.0308,0.0,False,freq_unsafe=0.000<0.02
15298,19,CWE-787,19,0.0757,0.0615,0.1046,0.0462,0.1692,0.2154,0.4695,True,
747,19,CWE-787,20,0.0741,0.0308,0.1392,0.0308,0.0308,0.0,0.1392,True,
12543,19,CWE-787,21,0.0727,0.0462,0.1202,0.0308,0.0923,0.0615,0.3022,True,
5690,19,CWE-787,22,0.0719,0.0154,0.1566,0.0154,0.0154,0.0,0.1566,False,freq_unsafe=0.015<0.02
6429,19,CWE-787,23,0.0711,0.0154,0.1547,0.0154,0.0,0.0154,0.0,False,freq_unsafe=0.000<0.02
10478,19,CWE-787,24,0.0704,0.0154,0.1529,0.0154,0.0,0.0154,0.0,False,freq_unsafe=0.000<0.02
32341,19,CWE-787,25,0.0673,0.0154,0.1451,0.0154,0.0154,0.0,0.1451,False,freq_unsafe=0.015<0.02
25225,19,CWE-787,26,0.0671,0.0154,0.1447,0.0154,0.0462,0.0308,0.2297,True,
23329,19,CWE-787,27,0.0666,0.0308,0.1203,0.0308,0.0615,0.0769,0.2283,True,
727,19,CWE-787,28,0.066,0.0308,0.1189,0.0308,0.0615,0.0308,0.1852,True,
23879,19,CWE-787,29,0.0644,0.0154,0.1378,0.0154,0.0154,0.0,0.1378,False,freq_unsafe=0.015<0.02
12463,19,CWE-787,30,0.0641,0.0154,0.1371,0.0154,0.0,0.0154,0.0,False,freq_unsafe=0.000<0.02
32114,19,CWE-787,31,0.064,0.0308,0.1139,0.0308,0.0462,0.0154,0.1473,True,
22337,19,CWE-787,32,0.0619,0.0154,0.1317,0.0154,0.0154,0.0,0.1317,False,freq_unsafe=0.015<0.02
1151,19,CWE-787,33,0.0609,0.0308,0.1062,0.0308,0.0308,0.0,0.1062,True,
3736,19,CWE-787,34,0.0608,0.0154,0.129,0.0154,0.0154,0.0,0.129,False,freq_unsafe=0.015<0.02
24779,19,CWE-787,35,0.0586,0.0308,0.1003,0.0308,0.1538,0.1538,0.6081,True,
19738,19,CWE-787,36,0.0582,0.0154,0.1224,0.0154,0.0154,0.0308,0.0377,False,freq_unsafe=0.015<0.02
17021,19,CWE-787,37,0.0572,0.0154,0.12,0.0154,0.0154,0.0308,0.0359,False,freq_unsafe=0.015<0.02
17855,19,CWE-787,38,0.0569,0.0154,0.1192,0.0154,0.0154,0.0,0.1192,False,freq_unsafe=0.015<0.02
17961,19,CWE-787,39,0.0565,0.0615,0.0644,0.0308,0.5846,0.5692,2.0755,True,
19483,19,CWE-787,40,0.056,0.0462,0.0785,0.0308,0.1538,0.1692,0.6436,True,
30440,19,CWE-787,41,0.0552,0.0154,0.1149,0.0154,0.0,0.0154,0.0,False,freq_unsafe=0.000<0.02
28864,19,CWE-787,42,0.0551,0.0308,0.0916,0.0308,0.0923,0.0615,0.2758,True,
6859,19,CWE-787,43,0.0549,0.0308,0.091,0.0308,0.0,0.0308,0.0,False,freq_unsafe=0.000<0.02
12179,19,CWE-787,44,0.0543,0.0154,0.1128,0.0154,0.0,0.0154,0.0,False,freq_unsafe=0.000<0.02
16646,19,CWE-787,45,0.054,0.0154,0.112,0.0154,0.0,0.0154,0.0,False,freq_unsafe=0.000<0.02
5748,19,CWE-787,46,0.0537,0.0308,0.0881,0.0308,0.0,0.0308,0.0,False,freq_unsafe=0.000<0.02
11462,19,CWE-787,47,0.0518,0.0308,0.0833,0.0308,0.0615,0.0923,0.2009,True,
1784,19,CWE-787,48,0.0516,0.0308,0.0827,0.0308,0.0,0.0308,0.0,False,freq_unsafe=0.000<0.02
1913,19,CWE-787,49,0.0515,0.0308,0.0827,0.0308,0.1692,0.1385,0.4997,True,
23436,19,CWE-787,50,0.0514,0.0615,0.0516,0.0308,0.1231,0.1385,0.3275,True,
20847,19,CWE-787,51,0.0509,0.0154,0.0965,0.0308,0.0615,0.0769,0.1678,True,
5094,19,CWE-787,52,0.0502,0.0154,0.1024,0.0154,0.0154,0.0308,0.0712,False,freq_unsafe=0.015<0.02
11812,19,CWE-787,53,0.0496,0.0154,0.101,0.0154,0.0154,0.0154,0.1831,False,freq_unsafe=0.015<0.02; score=0.0496<0.05
27158,19,CWE-787,54,0.0492,0.0154,0.1,0.0154,0.0154,0.0,0.1,False,freq_unsafe=0.015<0.02; score=0.0492<0.05
3674,19,CWE-787,55,0.049,0.0308,0.0765,0.0308,0.1077,0.1231,0.305,False,score=0.0490<0.05
30706,19,CWE-787,56,0.0488,0.0308,0.0759,0.0308,0.0,0.0308,0.0,False,freq_unsafe=0.000<0.02; score=0.0488<0.05
15712,19,CWE-787,57,0.0488,0.0154,0.0989,0.0154,0.0308,0.0308,0.3486,False,score=0.0488<0.05
10014,19,CWE-787,58,0.0482,0.0308,0.0744,0.0308,0.0308,0.0,0.0744,False,score=0.0482<0.05
252,19,CWE-787,59,0.0482,0.0308,0.0743,0.0308,0.0615,0.0308,0.1535,False,score=0.0482<0.05
28460,19,CWE-787,60,0.048,0.0154,0.0969,0.0154,0.0154,0.0,0.0969,False,freq_unsafe=0.015<0.02; score=0.0480<0.05
5868,19,CWE-787,61,0.0475,0.0462,0.0572,0.0308,0.0462,0.0769,0.1156,False,score=0.0475<0.05
13324,19,CWE-787,62,0.0468,0.0154,0.0939,0.0154,0.0154,0.0154,0.0557,False,freq_unsafe=0.015<0.02; score=0.0468<0.05
19348,19,CWE-787,63,0.0467,0.0154,0.0937,0.0154,0.0462,0.0308,0.1981,False,score=0.0467<0.05
9226,19,CWE-787,64,0.0462,0.0154,0.0924,0.0154,0.0154,0.0,0.0924,False,freq_unsafe=0.015<0.02; score=0.0462<0.05
23477,19,CWE-787,65,0.046,0.0154,0.092,0.0154,0.0,0.0154,0.0,False,freq_unsafe=0.000<0.02; score=0.0460<0.05
16166,19,CWE-787,66,0.0455,0.0308,0.0753,0.0154,0.0923,0.0769,0.3059,False,score=0.0455<0.05
16192,19,CWE-787,67,0.0452,0.0462,0.0514,0.0308,0.1692,0.1538,0.5859,False,score=0.0452<0.05
31956,19,CWE-787,68,0.045,0.0308,0.0741,0.0154,0.0923,0.0769,0.3146,False,score=0.0450<0.05
4623,19,CWE-787,69,0.045,0.0154,0.0894,0.0154,0.0462,0.0308,0.1592,False,score=0.0450<0.05
20864,19,CWE-787,70,0.045,0.0308,0.0663,0.0308,0.0308,0.0462,0.0667,False,score=0.0450<0.05
15565,19,CWE-787,71,0.0445,0.0154,0.0882,0.0154,0.0154,0.0,0.0882,False,freq_unsafe=0.015<0.02; score=0.0445<0.05
28163,19,CWE-787,72,0.0443,0.0154,0.0878,0.0154,0.0,0.0154,0.0,False,freq_unsafe=0.000<0.02; score=0.0443<0.05
18837,19,CWE-787,73,0.0433,0.0308,0.0621,0.0308,0.1077,0.1231,0.384,False,score=0.0433<0.05
30126,19,CWE-787,74,0.0427,0.0154,0.0837,0.0154,0.0,0.0154,0.0,False,freq_unsafe=0.000<0.02; score=0.0427<0.05
5130,19,CWE-787,75,0.0426,0.0154,0.0835,0.0154,0.0,0.0154,0.0,False,freq_unsafe=0.000<0.02; score=0.0426<0.05
24210,19,CWE-787,76,0.0425,0.0154,0.0833,0.0154,0.0615,0.0462,0.2923,False,score=0.0425<0.05
24608,19,CWE-787,77,0.0425,0.0154,0.0832,0.0154,0.0154,0.0154,0.0419,False,freq_unsafe=0.015<0.02; score=0.0425<0.05
13338,19,CWE-787,78,0.0424,0.0154,0.0829,0.0154,0.0,0.0154,0.0,False,freq_unsafe=0.000<0.02; score=0.0424<0.05
5617,19,CWE-787,79,0.0419,0.0154,0.0817,0.0154,0.0,0.0154,0.0,False,freq_unsafe=0.000<0.02; score=0.0419<0.05
5923,19,CWE-787,80,0.0415,0.0308,0.0576,0.0308,0.2308,0.2308,0.7174,False,score=0.0415<0.05
19946,19,CWE-787,81,0.0413,0.0154,0.0725,0.0308,0.1231,0.1231,0.7546,False,score=0.0413<0.05
5479,19,CWE-787,82,0.041,0.0154,0.0795,0.0154,0.0462,0.0615,0.1768,False,score=0.0410<0.05
10940,19,CWE-787,83,0.0409,0.0154,0.0791,0.0154,0.0154,0.0,0.0791,False,freq_unsafe=0.015<0.02; score=0.0409<0.05
8896,19,CWE-787,84,0.0408,0.0154,0.079,0.0154,0.0154,0.0308,0.0472,False,freq_unsafe=0.015<0.02; score=0.0408<0.05
29383,19,CWE-787,85,0.0408,0.0154,0.079,0.0154,0.0308,0.0154,0.1305,False,score=0.0408<0.05
6547,19,CWE-787,86,0.0407,0.0154,0.0787,0.0154,0.0308,0.0154,0.238,False,score=0.0407<0.05
78,19,CWE-787,87,0.0406,0.0154,0.0783,0.0154,0.0,0.0154,0.0,False,freq_unsafe=0.000<0.02; score=0.0406<0.05
18806,19,CWE-787,88,0.0404,0.0154,0.0778,0.0154,0.0154,0.0,0.0778,False,freq_unsafe=0.015<0.02; score=0.0404<0.05
714,19,CWE-787,89,0.0401,0.0154,0.0771,0.0154,0.0154,0.0,0.0771,False,freq_unsafe=0.015<0.02; score=0.0401<0.05
21610,19,CWE-787,90,0.04,0.0154,0.0769,0.0154,0.0462,0.0308,0.1855,False,score=0.0400<0.05
16628,19,CWE-787,91,0.0398,0.0154,0.0765,0.0154,0.0462,0.0308,0.2648,False,score=0.0398<0.05
13750,19,CWE-787,92,0.0398,0.0154,0.0686,0.0308,0.0615,0.0769,0.2653,False,score=0.0398<0.05
20825,19,CWE-787,93,0.0394,0.0154,0.0754,0.0154,0.0154,0.0154,0.1374,False,freq_unsafe=0.015<0.02; score=0.0394<0.05
1331,19,CWE-787,94,0.0392,0.0154,0.075,0.0154,0.0154,0.0308,0.0896,False,freq_unsafe=0.015<0.02; score=0.0392<0.05
27801,19,CWE-787,95,0.0392,0.0154,0.0749,0.0154,0.0154,0.0,0.0749,False,freq_unsafe=0.015<0.02; score=0.0392<0.05
26893,19,CWE-787,96,0.0391,0.0308,0.0594,0.0154,0.1385,0.1385,0.7653,False,score=0.0391<0.05
24293,19,CWE-787,97,0.039,0.0154,0.0745,0.0154,0.0615,0.0769,0.2458,False,score=0.0390<0.05
7149,19,CWE-787,98,0.039,0.0154,0.0744,0.0154,0.0308,0.0308,0.1792,False,score=0.0390<0.05
31917,19,CWE-787,99,0.0388,0.0154,0.0738,0.0154,0.0308,0.0154,0.1462,False,score=0.0388<0.05
32126,19,CWE-787,100,0.0387,0.0154,0.0736,0.0154,0.0308,0.0462,0.0699,False,score=0.0387<0.05
30014,19,CWE-787,101,0.0385,0.0154,0.0733,0.0154,0.0154,0.0,0.0733,False,freq_unsafe=0.015<0.02; score=0.0385<0.05
24678,19,CWE-787,102,0.0382,0.0154,0.0723,0.0154,0.0154,0.0,0.0723,False,freq_unsafe=0.015<0.02; score=0.0382<0.05
23124,19,CWE-787,103,0.0379,0.0154,0.0717,0.0154,0.0,0.0154,0.0,False,freq_unsafe=0.000<0.02; score=0.0379<0.05
18219,19,CWE-787,104,0.0379,0.0154,0.0716,0.0154,0.0,0.0154,0.0,False,freq_unsafe=0.000<0.02; score=0.0379<0.05
17984,19,CWE-787,105,0.0376,0.0154,0.0709,0.0154,0.0,0.0154,0.0,False,freq_unsafe=0.000<0.02; score=0.0376<0.05
13091,19,CWE-787,106,0.0375,0.0769,0.0015,0.0308,0.3846,0.3538,1.3008,False,score=0.0375<0.05
4246,19,CWE-787,107,0.0373,0.0154,0.0702,0.0154,0.0615,0.0462,0.2131,False,score=0.0373<0.05
1137,19,CWE-787,108,0.0373,0.0154,0.0701,0.0154,0.0308,0.0154,0.1185,False,score=0.0373<0.05
12444,19,CWE-787,109,0.0372,0.0154,0.07,0.0154,0.0,0.0154,0.0,False,freq_unsafe=0.000<0.02; score=0.0372<0.05
21435,19,CWE-787,110,0.037,0.0154,0.0695,0.0154,0.0154,0.0154,0.0761,False,freq_unsafe=0.015<0.02; score=0.0370<0.05
31090,19,CWE-787,111,0.0368,0.0154,0.0689,0.0154,0.0154,0.0,0.0689,False,freq_unsafe=0.015<0.02; score=0.0368<0.05
22482,19,CWE-787,112,0.0366,0.0154,0.0684,0.0154,0.0154,0.0,0.0684,False,freq_unsafe=0.015<0.02; score=0.0366<0.05
29108,19,CWE-787,113,0.0363,0.0154,0.0676,0.0154,0.0,0.0154,0.0,False,freq_unsafe=0.000<0.02; score=0.0363<0.05
26433,19,CWE-787,114,0.0362,0.0154,0.0675,0.0154,0.0,0.0154,0.0,False,freq_unsafe=0.000<0.02; score=0.0362<0.05
10988,19,CWE-787,115,0.036,0.0154,0.067,0.0154,0.0769,0.0615,0.2787,False,score=0.0360<0.05
10474,19,CWE-787,116,0.0359,0.0154,0.0668,0.0154,0.0,0.0154,0.0,False,freq_unsafe=0.000<0.02; score=0.0359<0.05
470,19,CWE-787,117,0.0359,0.0154,0.0667,0.0154,0.0154,0.0,0.0667,False,freq_unsafe=0.015<0.02; score=0.0359<0.05
7904,19,CWE-787,118,0.0358,0.0154,0.0663,0.0154,0.0154,0.0308,0.1384,False,freq_unsafe=0.015<0.02; score=0.0358<0.05
13599,19,CWE-787,119,0.0357,0.0154,0.0662,0.0154,0.0154,0.0,0.0662,False,freq_unsafe=0.015<0.02; score=0.0357<0.05
6652,19,CWE-787,120,0.0357,0.0154,0.0661,0.0154,0.0154,0.0,0.0661,False,freq_unsafe=0.015<0.02; score=0.0357<0.05
6398,19,CWE-787,121,0.0356,0.0154,0.0659,0.0154,0.0462,0.0308,0.1862,False,score=0.0356<0.05
10419,19,CWE-787,122,0.0356,0.0154,0.0658,0.0154,0.0154,0.0,0.0658,False,freq_unsafe=0.015<0.02; score=0.0356<0.05
32247,19,CWE-787,123,0.0355,0.0154,0.0656,0.0154,0.0308,0.0154,0.1031,False,score=0.0355<0.05
18279,19,CWE-787,124,0.0349,0.0154,0.0642,0.0154,0.0154,0.0,0.0642,False,freq_unsafe=0.015<0.02; score=0.0349<0.05
11340,19,CWE-787,125,0.0349,0.0154,0.0641,0.0154,0.0154,0.0308,0.0585,False,freq_unsafe=0.015<0.02; score=0.0349<0.05
28115,19,CWE-787,126,0.0348,0.0154,0.0638,0.0154,0.0154,0.0,0.0638,False,freq_unsafe=0.015<0.02; score=0.0348<0.05
10777,19,CWE-787,127,0.0347,0.0154,0.0637,0.0154,0.0154,0.0,0.0637,False,freq_unsafe=0.015<0.02; score=0.0347<0.05
2217,19,CWE-787,128,0.0347,0.0154,0.0637,0.0154,0.0,0.0154,0.0,False,freq_unsafe=0.000<0.02; score=0.0347<0.05
1958,19,CWE-787,129,0.0346,0.0154,0.0635,0.0154,0.0,0.0154,0.0,False,freq_unsafe=0.000<0.02; score=0.0346<0.05
32733,19,CWE-787,130,0.0344,0.0154,0.0629,0.0154,0.0154,0.0,0.0629,False,freq_unsafe=0.015<0.02; score=0.0344<0.05
32404,19,CWE-787,131,0.0343,0.0154,0.0627,0.0154,0.0154,0.0,0.0627,False,freq_unsafe=0.015<0.02; score=0.0343<0.05
25441,19,CWE-787,132,0.034,0.0154,0.062,0.0154,0.0308,0.0154,0.1063,False,score=0.0340<0.05
8409,19,CWE-787,133,0.034,0.0154,0.0619,0.0154,0.0154,0.0,0.0619,False,freq_unsafe=0.015<0.02; score=0.0340<0.05
491,19,CWE-787,134,0.0339,0.0154,0.0617,0.0154,0.0308,0.0154,0.1174,False,score=0.0339<0.05
31549,19,CWE-787,135,0.0337,0.0154,0.0612,0.0154,0.0154,0.0154,0.0322,False,freq_unsafe=0.015<0.02; score=0.0337<0.05
25033,19,CWE-787,136,0.0336,0.0154,0.0608,0.0154,0.0,0.0154,0.0,False,freq_unsafe=0.000<0.02; score=0.0336<0.05
774,19,CWE-787,137,0.0335,0.0154,0.0606,0.0154,0.0,0.0154,0.0,False,freq_unsafe=0.000<0.02; score=0.0335<0.05
10300,19,CWE-787,138,0.0334,0.0154,0.0605,0.0154,0.0154,0.0,0.0605,False,freq_unsafe=0.015<0.02; score=0.0334<0.05
11036,19,CWE-787,139,0.0334,0.0154,0.0605,0.0154,0.0154,0.0,0.0605,False,freq_unsafe=0.015<0.02; score=0.0334<0.05
30945,19,CWE-787,140,0.0334,0.0154,0.0605,0.0154,0.0154,0.0154,0.1444,False,freq_unsafe=0.015<0.02; score=0.0334<0.05
1752,19,CWE-787,141,0.0332,0.0154,0.0599,0.0154,0.0154,0.0,0.0599,False,freq_unsafe=0.015<0.02; score=0.0332<0.05
21521,19,CWE-787,142,0.0331,0.0154,0.0597,0.0154,0.0308,0.0154,0.0957,False,score=0.0331<0.05
19008,19,CWE-787,143,0.0331,0.0154,0.0596,0.0154,0.0308,0.0462,0.0887,False,score=0.0331<0.05
11197,19,CWE-787,144,0.0331,0.0154,0.0596,0.0154,0.0308,0.0154,0.1016,False,score=0.0331<0.05
20442,19,CWE-787,145,0.033,0.0154,0.0593,0.0154,0.0308,0.0154,0.1427,False,score=0.0330<0.05
18754,19,CWE-787,146,0.0327,0.0154,0.0588,0.0154,0.0462,0.0308,0.1584,False,score=0.0327<0.05
14592,19,CWE-787,147,0.0319,0.0154,0.0568,0.0154,0.0154,0.0308,0.0882,False,freq_unsafe=0.015<0.02; score=0.0319<0.05
14861,19,CWE-787,148,0.0319,0.0154,0.0567,0.0154,0.0,0.0154,0.0,False,freq_unsafe=0.000<0.02; score=0.0319<0.05
9890,19,CWE-787,149,0.0319,0.0154,0.0567,0.0154,0.0154,0.0308,0.0464,False,freq_unsafe=0.015<0.02; score=0.0319<0.05
27128,19,CWE-787,150,0.0319,0.0154,0.0566,0.0154,0.0154,0.0308,0.0654,False,freq_unsafe=0.015<0.02; score=0.0319<0.05
31643,19,CWE-787,151,0.0318,0.0154,0.0564,0.0154,0.0308,0.0154,0.0905,False,score=0.0318<0.05
18736,19,CWE-787,152,0.0317,0.0154,0.0563,0.0154,0.0462,0.0308,0.1398,False,score=0.0317<0.05
2883,19,CWE-787,153,0.0316,0.0154,0.056,0.0154,0.0,0.0154,0.0,False,freq_unsafe=0.000<0.02; score=0.0316<0.05
8656,19,CWE-787,154,0.0314,0.0154,0.0555,0.0154,0.0154,0.0,0.0555,False,freq_unsafe=0.015<0.02; score=0.0314<0.05
6021,19,CWE-787,155,0.0314,0.0154,0.0554,0.0154,0.0308,0.0154,0.0883,False,score=0.0314<0.05
3877,19,CWE-787,156,0.0314,0.0154,0.0554,0.0154,0.0154,0.0,0.0554,False,freq_unsafe=0.015<0.02; score=0.0314<0.05
806,19,CWE-787,157,0.0313,0.0154,0.0551,0.0154,0.0,0.0154,0.0,False,freq_unsafe=0.000<0.02; score=0.0313<0.05
337,19,CWE-787,158,0.0311,0.0154,0.0547,0.0154,0.0154,0.0,0.0547,False,freq_unsafe=0.015<0.02; score=0.0311<0.05
29415,19,CWE-787,159,0.0311,0.0154,0.0546,0.0154,0.0,0.0154,0.0,False,freq_unsafe=0.000<0.02; score=0.0311<0.05
21592,19,CWE-787,160,0.031,0.0154,0.0545,0.0154,0.0154,0.0,0.0545,False,freq_unsafe=0.015<0.02; score=0.0310<0.05
25434,19,CWE-787,161,0.0309,0.0154,0.0542,0.0154,0.0154,0.0,0.0542,False,freq_unsafe=0.015<0.02; score=0.0309<0.05
13025,19,CWE-787,162,0.0309,0.0154,0.0542,0.0154,0.0308,0.0462,0.1142,False,score=0.0309<0.05
20449,19,CWE-787,163,0.0308,0.0154,0.054,0.0154,0.0,0.0154,0.0,False,freq_unsafe=0.000<0.02; score=0.0308<0.05
2068,19,CWE-787,164,0.0307,0.0308,0.0306,0.0308,0.3538,0.3385,1.1244,False,score=0.0307<0.05
11296,19,CWE-787,165,0.0307,0.0154,0.0536,0.0154,0.0154,0.0,0.0536,False,freq_unsafe=0.015<0.02; score=0.0307<0.05
25655,19,CWE-787,166,0.0306,0.0154,0.0535,0.0154,0.0308,0.0154,0.1121,False,score=0.0306<0.05
29557,19,CWE-787,167,0.0306,0.0154,0.0534,0.0154,0.0,0.0154,0.0,False,freq_unsafe=0.000<0.02; score=0.0306<0.05
9981,19,CWE-787,168,0.0305,0.0154,0.0531,0.0154,0.0308,0.0154,0.1311,False,score=0.0305<0.05
15849,19,CWE-787,169,0.0303,0.0308,0.0374,0.0154,0.0923,0.1077,0.3492,False,score=0.0303<0.05
12889,19,CWE-787,170,0.0303,0.0154,0.0527,0.0154,0.0,0.0154,0.0,False,freq_unsafe=0.000<0.02; score=0.0303<0.05
9996,19,CWE-787,171,0.0301,0.0154,0.0523,0.0154,0.0154,0.0,0.0523,False,freq_unsafe=0.015<0.02; score=0.0301<0.05
23384,19,CWE-787,172,0.0301,0.0308,0.0367,0.0154,0.0769,0.0923,0.1887,False,score=0.0301<0.05
7213,19,CWE-787,173,0.03,0.0154,0.052,0.0154,0.0,0.0154,0.0,False,freq_unsafe=0.000<0.02; score=0.0300<0.05
18483,19,CWE-787,174,0.03,0.0308,0.0364,0.0154,0.1231,0.1077,0.3784,False,score=0.0300<0.05
26220,19,CWE-787,175,0.0299,0.0154,0.0518,0.0154,0.0,0.0154,0.0,False,freq_unsafe=0.000<0.02; score=0.0299<0.05
32196,19,CWE-787,176,0.0299,0.0154,0.0517,0.0154,0.0462,0.0308,0.1228,False,score=0.0299<0.05
15173,19,CWE-787,177,0.0299,0.0154,0.0516,0.0154,0.0154,0.0,0.0516,False,freq_unsafe=0.015<0.02; score=0.0299<0.05
23145,19,CWE-787,178,0.0298,0.0154,0.0514,0.0154,0.0154,0.0308,0.0506,False,freq_unsafe=0.015<0.02; score=0.0298<0.05
19287,19,CWE-787,179,0.0297,0.0154,0.0512,0.0154,0.0154,0.0,0.0512,False,freq_unsafe=0.015<0.02; score=0.0297<0.05
29486,19,CWE-787,180,0.0297,0.0154,0.0512,0.0154,0.0,0.0154,0.0,False,freq_unsafe=0.000<0.02; score=0.0297<0.05
6809,19,CWE-787,181,0.0297,0.0308,0.0358,0.0154,0.0615,0.0462,0.1634,False,score=0.0297<0.05
10518,19,CWE-787,182,0.0297,0.0154,0.0511,0.0154,0.0154,0.0,0.0511,False,freq_unsafe=0.015<0.02; score=0.0297<0.05
28706,19,CWE-787,183,0.0297,0.0154,0.0511,0.0154,0.0308,0.0154,0.0886,False,score=0.0297<0.05
16703,19,CWE-787,184,0.0297,0.0154,0.0511,0.0154,0.0,0.0154,0.0,False,freq_unsafe=0.000<0.02; score=0.0297<0.05
20502,19,CWE-787,185,0.0296,0.0154,0.051,0.0154,0.0154,0.0,0.051,False,freq_unsafe=0.015<0.02; score=0.0296<0.05
7967,19,CWE-787,186,0.0292,0.0154,0.05,0.0154,0.0154,0.0,0.05,False,freq_unsafe=0.015<0.02; score=0.0292<0.05
3601,19,CWE-787,187,0.0292,0.0154,0.05,0.0154,0.0462,0.0308,0.1278,False,score=0.0292<0.05
4210,19,CWE-787,188,0.0291,0.0154,0.0497,0.0154,0.0154,0.0,0.0497,False,freq_unsafe=0.015<0.02; score=0.0291<0.05
26678,19,CWE-787,189,0.029,0.0154,0.0495,0.0154,0.0154,0.0,0.0495,False,freq_unsafe=0.015<0.02; score=0.0290<0.05
28732,19,CWE-787,190,0.0289,0.0154,0.0491,0.0154,0.0462,0.0615,0.1123,False,score=0.0289<0.05
12068,19,CWE-787,191,0.0288,0.0154,0.0412,0.0308,0.0769,0.0923,0.2135,False,score=0.0288<0.05
12443,19,CWE-787,192,0.0287,0.0154,0.0487,0.0154,0.0,0.0154,0.0,False,freq_unsafe=0.000<0.02; score=0.0287<0.05
10663,19,CWE-787,193,0.0287,0.0154,0.0487,0.0154,0.0,0.0154,0.0,False,freq_unsafe=0.000<0.02; score=0.0287<0.05
25926,19,CWE-787,194,0.0286,0.0154,0.0483,0.0154,0.0308,0.0154,0.0799,False,score=0.0286<0.05
3422,19,CWE-787,195,0.0285,0.0154,0.0483,0.0154,0.0154,0.0,0.0483,False,freq_unsafe=0.015<0.02; score=0.0285<0.05
9244,19,CWE-787,196,0.0285,0.0154,0.0482,0.0154,0.0308,0.0462,0.0886,False,score=0.0285<0.05
3243,19,CWE-787,197,0.0283,0.0154,0.0477,0.0154,0.0,0.0154,0.0,False,freq_unsafe=0.000<0.02; score=0.0283<0.05
25667,19,CWE-787,198,0.0282,0.0154,0.0475,0.0154,0.0154,0.0308,0.0617,False,freq_unsafe=0.015<0.02; score=0.0282<0.05
26306,19,CWE-787,199,0.0281,0.0154,0.0472,0.0154,0.0154,0.0,0.0472,False,freq_unsafe=0.015<0.02; score=0.0281<0.05
31294,19,CWE-787,200,0.0281,0.0154,0.0471,0.0154,0.0,0.0154,0.0,False,freq_unsafe=0.000<0.02; score=0.0281<0.05
16897,19,CWE-190,1,0.485,0.1529,1.0066,0.1059,0.7882,0.8,7.8157,True,
5403,19,CWE-190,2,0.1302,0.1059,0.1844,0.0706,0.2706,0.3412,1.0341,True,
5923,19,CWE-190,3,0.1235,0.0706,0.1969,0.0824,0.3294,0.3765,0.954,True,
6273,19,CWE-190,4,0.1219,0.0941,0.1813,0.0588,0.3529,0.2941,1.1842,True,
15311,19,CWE-190,5,0.1181,0.0706,0.1892,0.0706,0.1294,0.0588,0.3288,True,
17961,19,CWE-190,6,0.1165,0.0588,0.203,0.0588,0.4824,0.4588,1.7582,True,
13827,19,CWE-190,7,0.1059,0.1176,0.1235,0.0471,0.2353,0.2824,1.1864,True,
9350,19,CWE-190,8,0.105,0.0118,0.2448,0.0118,0.0118,0.0,0.2448,False,freq_unsafe=0.012<0.02
10111,19,CWE-190,9,0.1039,0.0471,0.1892,0.0471,0.0235,0.0706,0.0628,True,
16192,19,CWE-190,10,0.0967,0.0588,0.1593,0.0471,0.2,0.1882,0.8466,True,
2068,19,CWE-190,11,0.0931,0.0941,0.1034,0.0706,0.3294,0.3412,1.2574,True,
12186,19,CWE-190,12,0.0923,0.0471,0.1602,0.0471,0.1294,0.1529,0.3765,True,
19483,19,CWE-190,13,0.0914,0.0706,0.1343,0.0471,0.1647,0.1176,0.5967,True,
25954,19,CWE-190,14,0.0887,0.0706,0.1276,0.0471,0.2118,0.2235,1.1923,True,
24670,19,CWE-190,15,0.0822,0.0235,0.1703,0.0235,0.0235,0.0,0.1703,True,
15529,19,CWE-190,16,0.0818,0.0353,0.1516,0.0353,0.1294,0.1529,0.4492,True,
19738,19,CWE-190,17,0.0808,0.0471,0.1374,0.0353,0.0471,0.0118,0.1921,True,
1748,19,CWE-190,18,0.0791,0.1647,0.0096,0.0471,0.7412,0.7412,3.1545,True,
1441,19,CWE-190,19,0.0786,0.0353,0.1435,0.0353,0.0706,0.0353,0.2485,True,
15946,19,CWE-190,20,0.0769,0.0235,0.1452,0.0471,0.0706,0.0471,0.2739,True,
23579,19,CWE-190,21,0.0759,0.0235,0.1544,0.0235,0.0235,0.0,0.1544,True,
4312,19,CWE-190,22,0.0752,0.0706,0.0996,0.0353,0.2235,0.2471,0.851,True,
12155,19,CWE-190,23,0.0743,0.0353,0.1327,0.0353,0.0588,0.0235,0.1901,True,
18837,19,CWE-190,24,0.074,0.0471,0.1202,0.0353,0.1176,0.1176,0.5362,True,
16445,19,CWE-190,25,0.0723,0.0118,0.163,0.0118,0.0118,0.0,0.163,False,freq_unsafe=0.012<0.02
18058,19,CWE-190,26,0.0723,0.0353,0.1277,0.0353,0.0118,0.0471,0.0288,False,freq_unsafe=0.012<0.02
8603,19,CWE-190,27,0.0722,0.0118,0.163,0.0118,0.0,0.0118,0.0,False,freq_unsafe=0.000<0.02
26232,19,CWE-190,28,0.0713,0.0118,0.1606,0.0118,0.0118,0.0,0.1606,False,freq_unsafe=0.012<0.02
151,19,CWE-190,29,0.0709,0.0353,0.1242,0.0353,0.2824,0.2824,1.118,True,
12906,19,CWE-190,30,0.0696,0.0353,0.121,0.0353,0.0941,0.1176,0.2679,True,
29385,19,CWE-190,31,0.0676,0.0118,0.1514,0.0118,0.0,0.0118,0.0,False,freq_unsafe=0.000<0.02
78,19,CWE-190,32,0.0671,0.0353,0.1149,0.0353,0.0471,0.0353,0.2122,True,
14842,19,CWE-190,33,0.0664,0.0353,0.1189,0.0235,0.1059,0.0824,0.3497,True,
21137,19,CWE-190,34,0.0664,0.0235,0.1306,0.0235,0.0235,0.0353,0.0532,True,
19348,19,CWE-190,35,0.0663,0.0353,0.1128,0.0353,0.0588,0.0235,0.2207,True,
23814,19,CWE-190,36,0.0653,0.0235,0.1281,0.0235,0.0235,0.0,0.1281,True,
22840,19,CWE-190,37,0.0648,0.0118,0.1444,0.0118,0.0,0.0118,0.0,False,freq_unsafe=0.000<0.02
27826,19,CWE-190,38,0.0647,0.0588,0.0854,0.0353,0.0824,0.0471,0.283,True,
32643,19,CWE-190,39,0.0647,0.0235,0.1264,0.0235,0.0235,0.0,0.1264,True,
21269,19,CWE-190,40,0.0638,0.0118,0.1419,0.0118,0.0,0.0118,0.0,False,freq_unsafe=0.000<0.02
13450,19,CWE-190,41,0.0633,0.0235,0.123,0.0235,0.0,0.0235,0.0,False,freq_unsafe=0.000<0.02
31,19,CWE-190,42,0.0633,0.0235,0.123,0.0235,0.0353,0.0118,0.1782,True,
32101,19,CWE-190,43,0.0631,0.0471,0.0931,0.0353,0.0588,0.0941,0.1391,True,
17340,19,CWE-190,44,0.0622,0.0118,0.138,0.0118,0.0118,0.0,0.138,False,freq_unsafe=0.012<0.02
3674,19,CWE-190,45,0.0613,0.0588,0.0767,0.0353,0.2,0.1765,0.6277,True,
10518,19,CWE-190,46,0.0609,0.0118,0.1346,0.0118,0.0118,0.0118,0.16,False,freq_unsafe=0.012<0.02
24660,19,CWE-190,47,0.0608,0.0235,0.1168,0.0235,0.0471,0.0235,0.1695,True,
25232,19,CWE-190,48,0.0604,0.0118,0.1333,0.0118,0.0,0.0118,0.0,False,freq_unsafe=0.000<0.02
8622,19,CWE-190,49,0.0604,0.0118,0.1333,0.0118,0.0118,0.0,0.1333,False,freq_unsafe=0.012<0.02
19780,19,CWE-190,50,0.0593,0.0235,0.1131,0.0235,0.0235,0.0,0.1131,True,
5874,19,CWE-190,51,0.0562,0.0235,0.1053,0.0235,0.0235,0.0,0.1053,True,
2124,19,CWE-190,52,0.0561,0.0588,0.0639,0.0353,0.0941,0.1294,0.281,True,
2540,19,CWE-190,53,0.0561,0.0235,0.105,0.0235,0.0235,0.0,0.105,True,
17573,19,CWE-190,54,0.0559,0.0118,0.1222,0.0118,0.0,0.0118,0.0,False,freq_unsafe=0.000<0.02
9890,19,CWE-190,55,0.0558,0.0353,0.0865,0.0353,0.0353,0.0706,0.1376,True,
12660,19,CWE-190,56,0.0554,0.0118,0.121,0.0118,0.0,0.0118,0.0,False,freq_unsafe=0.000<0.02
20937,19,CWE-190,57,0.0553,0.0471,0.0737,0.0353,0.0824,0.0941,0.2562,True,
14440,19,CWE-190,58,0.0553,0.0471,0.0793,0.0235,0.1059,0.0824,0.357,True,
3413,19,CWE-190,59,0.0548,0.0353,0.0841,0.0353,0.0235,0.0588,0.0559,True,
24717,19,CWE-190,60,0.0544,0.0353,0.0831,0.0353,0.0471,0.0118,0.1124,True,
12917,19,CWE-190,61,0.0544,0.0235,0.1007,0.0235,0.0,0.0235,0.0,False,freq_unsafe=0.000<0.02
25229,19,CWE-190,62,0.0538,0.0118,0.1168,0.0118,0.0118,0.0,0.1168,False,freq_unsafe=0.012<0.02
9384,19,CWE-190,63,0.0535,0.0118,0.1162,0.0118,0.0118,0.0,0.1162,False,freq_unsafe=0.012<0.02
23879,19,CWE-190,64,0.0531,0.0118,0.115,0.0118,0.0118,0.0118,0.0391,False,freq_unsafe=0.012<0.02
8064,19,CWE-190,65,0.0529,0.0353,0.0851,0.0235,0.2118,0.2235,0.7553,True,
22218,19,CWE-190,66,0.0527,0.0471,0.067,0.0353,0.0824,0.1059,0.2294,True,
30357,19,CWE-190,67,0.0527,0.0235,0.0963,0.0235,0.0235,0.0,0.0963,True,
32381,19,CWE-190,68,0.0526,0.0118,0.1137,0.0118,0.0118,0.0,0.1137,False,freq_unsafe=0.012<0.02
12628,19,CWE-190,69,0.052,0.0235,0.0946,0.0235,0.0235,0.0,0.0946,True,
539,19,CWE-190,70,0.0518,0.0118,0.1119,0.0118,0.0118,0.0235,0.0252,False,freq_unsafe=0.012<0.02
811,19,CWE-190,71,0.0518,0.0118,0.1118,0.0118,0.0,0.0118,0.0,False,freq_unsafe=0.000<0.02
4990,19,CWE-190,72,0.0515,0.0353,0.0817,0.0235,0.0353,0.0588,0.0995,True,
29810,19,CWE-190,73,0.0514,0.0588,0.0521,0.0353,0.1176,0.0824,0.2751,True,
22273,19,CWE-190,74,0.051,0.0118,0.1099,0.0118,0.0118,0.0,0.1099,False,freq_unsafe=0.012<0.02
31426,19,CWE-190,75,0.0508,0.0235,0.0917,0.0235,0.0353,0.0118,0.117,True,
20185,19,CWE-190,76,0.0507,0.0353,0.0738,0.0353,0.0706,0.0353,0.2191,True,
26223,19,CWE-190,77,0.0507,0.0118,0.1091,0.0118,0.0118,0.0235,0.0717,False,freq_unsafe=0.012<0.02
25110,19,CWE-190,78,0.0507,0.0118,0.109,0.0118,0.0118,0.0,0.109,False,freq_unsafe=0.012<0.02
6547,19,CWE-190,79,0.0502,0.0235,0.0903,0.0235,0.0471,0.0235,0.2091,True,
7294,19,CWE-190,80,0.05,0.0118,0.1072,0.0118,0.0,0.0118,0.0,False,freq_unsafe=0.000<0.02; score=0.0500<0.05
10497,19,CWE-190,81,0.0494,0.0235,0.0881,0.0235,0.0235,0.0,0.0881,False,score=0.0494<0.05
13962,19,CWE-190,82,0.0493,0.0235,0.0881,0.0235,0.0353,0.0118,0.122,False,score=0.0493<0.05
4400,19,CWE-190,83,0.0491,0.0235,0.0874,0.0235,0.0118,0.0353,0.0404,False,freq_unsafe=0.012<0.02; score=0.0491<0.05
20731,19,CWE-190,84,0.049,0.0118,0.1049,0.0118,0.0118,0.0,0.1049,False,freq_unsafe=0.012<0.02; score=0.0490<0.05
5143,19,CWE-190,85,0.0489,0.0235,0.087,0.0235,0.0353,0.0118,0.1329,False,score=0.0489<0.05
29573,19,CWE-190,86,0.0487,0.0235,0.0864,0.0235,0.0,0.0235,0.0,False,freq_unsafe=0.000<0.02; score=0.0487<0.05
32678,19,CWE-190,87,0.048,0.0235,0.0846,0.0235,0.0,0.0235,0.0,False,freq_unsafe=0.000<0.02; score=0.0480<0.05
8896,19,CWE-190,88,0.0478,0.0235,0.0843,0.0235,0.0,0.0235,0.0,False,freq_unsafe=0.000<0.02; score=0.0478<0.05
17059,19,CWE-190,89,0.0478,0.0235,0.0841,0.0235,0.0235,0.0,0.0841,False,score=0.0478<0.05
7118,19,CWE-190,90,0.0477,0.0235,0.0841,0.0235,0.0235,0.0,0.0841,False,score=0.0477<0.05
22612,19,CWE-190,91,0.0469,0.0235,0.082,0.0235,0.0235,0.0,0.082,False,score=0.0469<0.05
14938,19,CWE-190,92,0.0468,0.0235,0.0818,0.0235,0.0235,0.0,0.0818,False,score=0.0468<0.05
23156,19,CWE-190,93,0.046,0.0235,0.0796,0.0235,0.0,0.0235,0.0,False,freq_unsafe=0.000<0.02; score=0.0460<0.05
9583,19,CWE-190,94,0.0459,0.0118,0.097,0.0118,0.0235,0.0118,0.1698,False,score=0.0459<0.05
25667,19,CWE-190,95,0.0458,0.0235,0.0791,0.0235,0.0235,0.0471,0.066,False,score=0.0458<0.05
24286,19,CWE-190,96,0.0456,0.0235,0.0788,0.0235,0.0235,0.0,0.0788,False,score=0.0456<0.05
10769,19,CWE-190,97,0.0456,0.0118,0.0964,0.0118,0.0118,0.0,0.0964,False,freq_unsafe=0.012<0.02; score=0.0456<0.05
17134,19,CWE-190,98,0.0455,0.0235,0.0784,0.0235,0.0824,0.1059,0.2835,False,score=0.0455<0.05
22993,19,CWE-190,99,0.0453,0.0118,0.0957,0.0118,0.0118,0.0118,0.0352,False,freq_unsafe=0.012<0.02; score=0.0453<0.05
4113,19,CWE-190,100,0.0446,0.0235,0.0761,0.0235,0.0353,0.0118,0.1027,False,score=0.0446<0.05
17143,19,CWE-190,101,0.0446,0.0118,0.0938,0.0118,0.0118,0.0,0.0938,False,freq_unsafe=0.012<0.02; score=0.0446<0.05
31055,19,CWE-190,102,0.0445,0.0235,0.0759,0.0235,0.0118,0.0353,0.0329,False,freq_unsafe=0.012<0.02; score=0.0445<0.05
15422,19,CWE-190,103,0.0444,0.0118,0.0934,0.0118,0.0118,0.0,0.0934,False,freq_unsafe=0.012<0.02; score=0.0444<0.05
12036,19,CWE-190,104,0.0443,0.0118,0.0931,0.0118,0.0,0.0118,0.0,False,freq_unsafe=0.000<0.02; score=0.0443<0.05
29481,19,CWE-190,105,0.0441,0.0235,0.0751,0.0235,0.0235,0.0471,0.0642,False,score=0.0441<0.05
24412,19,CWE-190,106,0.044,0.0118,0.0923,0.0118,0.0,0.0118,0.0,False,freq_unsafe=0.000<0.02; score=0.0440<0.05
12956,19,CWE-190,107,0.0439,0.0118,0.092,0.0118,0.0118,0.0,0.092,False,freq_unsafe=0.012<0.02; score=0.0439<0.05
7336,19,CWE-190,108,0.0436,0.0118,0.0914,0.0118,0.0118,0.0,0.0914,False,freq_unsafe=0.012<0.02; score=0.0436<0.05
10475,19,CWE-190,109,0.0435,0.0118,0.0912,0.0118,0.0,0.0118,0.0,False,freq_unsafe=0.000<0.02; score=0.0435<0.05
18234,19,CWE-190,110,0.0435,0.0235,0.0734,0.0235,0.0118,0.0353,0.0301,False,freq_unsafe=0.012<0.02; score=0.0435<0.05
17927,19,CWE-190,111,0.0435,0.0118,0.091,0.0118,0.0,0.0118,0.0,False,freq_unsafe=0.000<0.02; score=0.0435<0.05
12443,19,CWE-190,112,0.0434,0.0118,0.0908,0.0118,0.0118,0.0235,0.046,False,freq_unsafe=0.012<0.02; score=0.0434<0.05
13998,19,CWE-190,113,0.0434,0.0118,0.0907,0.0118,0.0,0.0118,0.0,False,freq_unsafe=0.000<0.02; score=0.0434<0.05
27330,19,CWE-190,114,0.0433,0.0118,0.0906,0.0118,0.0,0.0118,0.0,False,freq_unsafe=0.000<0.02; score=0.0433<0.05
21919,19,CWE-190,115,0.0433,0.0235,0.0729,0.0235,0.0235,0.0,0.0729,False,score=0.0433<0.05
472,19,CWE-190,116,0.0432,0.0118,0.0903,0.0118,0.0118,0.0,0.0903,False,freq_unsafe=0.012<0.02; score=0.0432<0.05
8780,19,CWE-190,117,0.043,0.0118,0.0899,0.0118,0.0,0.0118,0.0,False,freq_unsafe=0.000<0.02; score=0.0430<0.05
21506,19,CWE-190,118,0.0429,0.0235,0.0719,0.0235,0.0235,0.0,0.0719,False,score=0.0429<0.05
23667,19,CWE-190,119,0.0428,0.0118,0.0893,0.0118,0.0,0.0118,0.0,False,freq_unsafe=0.000<0.02; score=0.0428<0.05
1400,19,CWE-190,120,0.0427,0.0235,0.0714,0.0235,0.0353,0.0118,0.108,False,score=0.0427<0.05
26170,19,CWE-190,121,0.0424,0.0118,0.0884,0.0118,0.0,0.0118,0.0,False,freq_unsafe=0.000<0.02; score=0.0424<0.05
1913,19,CWE-190,122,0.0423,0.0353,0.0529,0.0353,0.0941,0.0824,0.2659,False,score=0.0423<0.05
8409,19,CWE-190,123,0.0423,0.0118,0.0881,0.0118,0.0,0.0118,0.0,False,freq_unsafe=0.000<0.02; score=0.0423<0.05
1845,19,CWE-190,124,0.0421,0.0118,0.0876,0.0118,0.0,0.0118,0.0,False,freq_unsafe=0.000<0.02; score=0.0421<0.05
24210,19,CWE-190,125,0.0421,0.0235,0.0699,0.0235,0.0235,0.0118,0.0955,False,score=0.0421<0.05
10830,19,CWE-190,126,0.0421,0.0118,0.0875,0.0118,0.0,0.0118,0.0,False,freq_unsafe=0.000<0.02; score=0.0421<0.05
26466,19,CWE-190,127,0.042,0.0118,0.0874,0.0118,0.0118,0.0,0.0874,False,freq_unsafe=0.012<0.02; score=0.0420<0.05
15955,19,CWE-190,128,0.0419,0.0118,0.0872,0.0118,0.0118,0.0,0.0872,False,freq_unsafe=0.012<0.02; score=0.0419<0.05
12011,19,CWE-190,129,0.0417,0.0118,0.0867,0.0118,0.0118,0.0,0.0867,False,freq_unsafe=0.012<0.02; score=0.0417<0.05
19466,19,CWE-190,130,0.0417,0.0118,0.0867,0.0118,0.0,0.0118,0.0,False,freq_unsafe=0.000<0.02; score=0.0417<0.05
32094,19,CWE-190,131,0.0417,0.0235,0.069,0.0235,0.0235,0.0353,0.0768,False,score=0.0417<0.05
31588,19,CWE-190,132,0.0416,0.0118,0.0864,0.0118,0.0,0.0118,0.0,False,freq_unsafe=0.000<0.02; score=0.0416<0.05
32673,19,CWE-190,133,0.0415,0.0118,0.0861,0.0118,0.0118,0.0,0.0861,False,freq_unsafe=0.012<0.02; score=0.0415<0.05
19946,19,CWE-190,134,0.0411,0.0118,0.0852,0.0118,0.0588,0.0471,0.2963,False,score=0.0411<0.05
30650,19,CWE-190,135,0.041,0.0118,0.0848,0.0118,0.0,0.0118,0.0,False,freq_unsafe=0.000<0.02; score=0.0410<0.05
23857,19,CWE-190,136,0.0408,0.0235,0.0668,0.0235,0.0235,0.0,0.0668,False,score=0.0408<0.05
30147,19,CWE-190,137,0.0407,0.0118,0.0842,0.0118,0.0118,0.0,0.0842,False,freq_unsafe=0.012<0.02; score=0.0407<0.05
18889,19,CWE-190,138,0.0407,0.0235,0.0664,0.0235,0.0353,0.0118,0.093,False,score=0.0407<0.05
26893,19,CWE-190,139,0.0405,0.0353,0.0541,0.0235,0.1412,0.1412,1.0305,False,score=0.0405<0.05
312,19,CWE-190,140,0.0404,0.0118,0.0834,0.0118,0.0,0.0118,0.0,False,freq_unsafe=0.000<0.02; score=0.0404<0.05
252,19,CWE-190,141,0.0404,0.0353,0.0539,0.0235,0.0471,0.0706,0.1363,False,score=0.0404<0.05
13811,19,CWE-190,142,0.0403,0.0235,0.0655,0.0235,0.0,0.0235,0.0,False,freq_unsafe=0.000<0.02; score=0.0403<0.05
22162,19,CWE-190,143,0.0403,0.0118,0.0831,0.0118,0.0,0.0118,0.0,False,freq_unsafe=0.000<0.02; score=0.0403<0.05
31381,19,CWE-190,144,0.0402,0.0118,0.0829,0.0118,0.0118,0.0,0.0829,False,freq_unsafe=0.012<0.02; score=0.0402<0.05
16395,19,CWE-190,145,0.0402,0.0235,0.0652,0.0235,0.0353,0.0118,0.0911,False,score=0.0402<0.05
2883,19,CWE-190,146,0.0401,0.0118,0.0825,0.0118,0.0353,0.0471,0.1789,False,score=0.0401<0.05
30124,19,CWE-190,147,0.0401,0.0118,0.0825,0.0118,0.0118,0.0,0.0825,False,freq_unsafe=0.012<0.02; score=0.0401<0.05
13060,19,CWE-190,148,0.0399,0.0235,0.0646,0.0235,0.0118,0.0235,0.0311,False,freq_unsafe=0.012<0.02; score=0.0399<0.05
10288,19,CWE-190,149,0.0399,0.0118,0.0821,0.0118,0.0,0.0118,0.0,False,freq_unsafe=0.000<0.02; score=0.0399<0.05
26711,19,CWE-190,150,0.0399,0.0235,0.0644,0.0235,0.0235,0.0471,0.0789,False,score=0.0399<0.05
8032,19,CWE-190,151,0.0398,0.0118,0.0819,0.0118,0.0,0.0118,0.0,False,freq_unsafe=0.000<0.02; score=0.0398<0.05
28732,19,CWE-190,152,0.0397,0.0235,0.0639,0.0235,0.0235,0.0,0.0639,False,score=0.0397<0.05
4940,19,CWE-190,153,0.0395,0.0235,0.0634,0.0235,0.0706,0.0941,0.2069,False,score=0.0395<0.05
9159,19,CWE-190,154,0.0393,0.0235,0.0628,0.0235,0.0,0.0235,0.0,False,freq_unsafe=0.000<0.02; score=0.0393<0.05
8905,19,CWE-190,155,0.0392,0.0235,0.0627,0.0235,0.0118,0.0353,0.0395,False,freq_unsafe=0.012<0.02; score=0.0392<0.05
11129,19,CWE-190,156,0.0391,0.0353,0.0508,0.0235,0.0706,0.0471,0.1806,False,score=0.0391<0.05
4361,19,CWE-190,157,0.0386,0.0235,0.0613,0.0235,0.0118,0.0353,0.0262,False,freq_unsafe=0.012<0.02; score=0.0386<0.05
6033,19,CWE-190,158,0.0385,0.0118,0.0787,0.0118,0.0,0.0118,0.0,False,freq_unsafe=0.000<0.02; score=0.0385<0.05
7414,19,CWE-190,159,0.0385,0.0118,0.0786,0.0118,0.0118,0.0,0.0786,False,freq_unsafe=0.012<0.02; score=0.0385<0.05
24779,19,CWE-190,160,0.0384,0.0353,0.0488,0.0235,0.1412,0.1529,0.7235,False,score=0.0384<0.05
23273,19,CWE-190,161,0.0384,0.0235,0.0606,0.0235,0.0353,0.0118,0.1168,False,score=0.0384<0.05
15534,19,CWE-190,162,0.0383,0.0235,0.0606,0.0235,0.0118,0.0235,0.045,False,freq_unsafe=0.012<0.02; score=0.0383<0.05
3779,19,CWE-190,163,0.0383,0.0235,0.0604,0.0235,0.0235,0.0,0.0604,False,score=0.0383<0.05
10142,19,CWE-190,164,0.0382,0.0235,0.0603,0.0235,0.0,0.0235,0.0,False,freq_unsafe=0.000<0.02; score=0.0382<0.05
1737,19,CWE-190,165,0.0382,0.0235,0.0661,0.0118,0.0353,0.0235,0.1681,False,score=0.0382<0.05
29314,19,CWE-190,166,0.0381,0.0118,0.0777,0.0118,0.0,0.0118,0.0,False,freq_unsafe=0.000<0.02; score=0.0381<0.05
19978,19,CWE-190,167,0.0381,0.0235,0.06,0.0235,0.0941,0.0824,0.2501,False,score=0.0381<0.05
1092,19,CWE-190,168,0.0381,0.0235,0.0599,0.0235,0.0588,0.0353,0.181,False,score=0.0381<0.05
273,19,CWE-190,169,0.0381,0.0235,0.0598,0.0235,0.0353,0.0235,0.1347,False,score=0.0381<0.05
22984,19,CWE-190,170,0.0379,0.0118,0.0771,0.0118,0.0,0.0118,0.0,False,freq_unsafe=0.000<0.02; score=0.0379<0.05
2148,19,CWE-190,171,0.0376,0.0118,0.0763,0.0118,0.0118,0.0,0.0763,False,freq_unsafe=0.012<0.02; score=0.0376<0.05
20195,19,CWE-190,172,0.0375,0.0235,0.0586,0.0235,0.0,0.0235,0.0,False,freq_unsafe=0.000<0.02; score=0.0375<0.05
15224,19,CWE-190,173,0.0374,0.0235,0.0582,0.0235,0.0235,0.0235,0.0716,False,score=0.0374<0.05
3730,19,CWE-190,174,0.0374,0.0235,0.0581,0.0235,0.0235,0.0,0.0581,False,score=0.0374<0.05
806,19,CWE-190,175,0.0373,0.0235,0.058,0.0235,0.0353,0.0471,0.0919,False,score=0.0373<0.05
15898,19,CWE-190,176,0.0369,0.0235,0.0571,0.0235,0.1529,0.1529,0.4968,False,score=0.0369<0.05
32224,19,CWE-190,177,0.0369,0.0118,0.0745,0.0118,0.0588,0.0706,0.2421,False,score=0.0369<0.05
31540,19,CWE-190,178,0.0367,0.0118,0.0742,0.0118,0.0118,0.0,0.0742,False,freq_unsafe=0.012<0.02; score=0.0367<0.05
11197,19,CWE-190,179,0.0366,0.0235,0.0563,0.0235,0.0588,0.0471,0.1758,False,score=0.0366<0.05
12404,19,CWE-190,180,0.0365,0.0235,0.056,0.0235,0.0353,0.0118,0.1188,False,score=0.0365<0.05
15849,19,CWE-190,181,0.0364,0.0588,0.0204,0.0235,0.2,0.1882,0.6226,False,score=0.0364<0.05
23307,19,CWE-190,182,0.0363,0.0118,0.0732,0.0118,0.0118,0.0,0.0732,False,freq_unsafe=0.012<0.02; score=0.0363<0.05
1684,19,CWE-190,183,0.0361,0.0118,0.0727,0.0118,0.0235,0.0118,0.0986,False,score=0.0361<0.05
31956,19,CWE-190,184,0.0361,0.0471,0.0315,0.0235,0.0824,0.0588,0.2607,False,score=0.0361<0.05
5393,19,CWE-190,185,0.0361,0.0118,0.0726,0.0118,0.0118,0.0,0.0726,False,freq_unsafe=0.012<0.02; score=0.0361<0.05
30268,19,CWE-190,186,0.0356,0.0118,0.0713,0.0118,0.0,0.0118,0.0,False,freq_unsafe=0.000<0.02; score=0.0356<0.05
32157,19,CWE-190,187,0.0354,0.0118,0.0709,0.0118,0.0,0.0118,0.0,False,freq_unsafe=0.000<0.02; score=0.0354<0.05
11986,19,CWE-190,188,0.0353,0.0118,0.0707,0.0118,0.0118,0.0235,0.0311,False,freq_unsafe=0.012<0.02; score=0.0353<0.05
21007,19,CWE-190,189,0.0351,0.0118,0.0701,0.0118,0.0118,0.0118,0.1074,False,freq_unsafe=0.012<0.02; score=0.0351<0.05
27220,19,CWE-190,190,0.035,0.0118,0.0698,0.0118,0.0118,0.0,0.0698,False,freq_unsafe=0.012<0.02; score=0.0350<0.05
16714,19,CWE-190,191,0.035,0.0118,0.0698,0.0118,0.0,0.0118,0.0,False,freq_unsafe=0.000<0.02; score=0.0350<0.05
9898,19,CWE-190,192,0.0349,0.0118,0.0696,0.0118,0.0,0.0118,0.0,False,freq_unsafe=0.000<0.02; score=0.0349<0.05
20711,19,CWE-190,193,0.0348,0.0235,0.0516,0.0235,0.0235,0.0,0.0516,False,score=0.0348<0.05
31687,19,CWE-190,194,0.0347,0.0118,0.069,0.0118,0.0118,0.0,0.069,False,freq_unsafe=0.012<0.02; score=0.0347<0.05
27977,19,CWE-190,195,0.0347,0.0235,0.0514,0.0235,0.0,0.0235,0.0,False,freq_unsafe=0.000<0.02; score=0.0347<0.05
13703,19,CWE-190,196,0.0345,0.0235,0.0508,0.0235,0.0118,0.0353,0.0262,False,freq_unsafe=0.012<0.02; score=0.0345<0.05
24775,19,CWE-190,197,0.0344,0.0118,0.0684,0.0118,0.0,0.0118,0.0,False,freq_unsafe=0.000<0.02; score=0.0344<0.05
17986,19,CWE-190,198,0.0344,0.0118,0.0683,0.0118,0.0,0.0118,0.0,False,freq_unsafe=0.000<0.02; score=0.0344<0.05
18015,19,CWE-190,199,0.0343,0.0118,0.068,0.0118,0.0,0.0118,0.0,False,freq_unsafe=0.000<0.02; score=0.0343<0.05
6209,19,CWE-190,200,0.0342,0.0118,0.068,0.0118,0.0118,0.0118,0.1183,False,freq_unsafe=0.012<0.02; score=0.0342<0.05
6273,19,CWE-476,1,0.1695,0.1067,0.2636,0.1067,0.2267,0.1867,0.893,True,
12463,19,CWE-476,2,0.1652,0.04,0.3529,0.04,0.0,0.04,0.0,False,freq_unsafe=0.000<0.02
1748,19,CWE-476,3,0.1258,0.1333,0.1479,0.0667,0.6,0.6667,2.5438,True,
31698,19,CWE-476,4,0.1159,0.04,0.2296,0.04,0.12,0.0933,0.6009,True,
5923,19,CWE-476,5,0.1118,0.0933,0.1596,0.0533,0.2933,0.24,0.871,True,
14440,19,CWE-476,6,0.1104,0.0533,0.1959,0.0533,0.08,0.04,0.3446,True,
6086,19,CWE-476,7,0.1025,0.0267,0.2161,0.0267,0.0267,0.0,0.2161,True,
18408,19,CWE-476,8,0.1001,0.0267,0.2102,0.0267,0.0267,0.0,0.2102,True,
15898,19,CWE-476,9,0.0981,0.0267,0.2053,0.0267,0.0667,0.04,0.388,True,
2068,19,CWE-476,10,0.0928,0.0667,0.1386,0.0533,0.3467,0.3867,1.2991,True,
13690,19,CWE-476,11,0.0914,0.0533,0.1486,0.0533,0.0533,0.1067,0.1276,True,
9015,19,CWE-476,12,0.0882,0.0133,0.2005,0.0133,0.0133,0.0,0.2005,False,freq_unsafe=0.013<0.02
12186,19,CWE-476,13,0.0871,0.04,0.1577,0.04,0.24,0.2,0.6933,True,
4940,19,CWE-476,14,0.087,0.0533,0.1443,0.04,0.0533,0.0933,0.1322,True,
21180,19,CWE-476,15,0.0857,0.0133,0.1943,0.0133,0.0133,0.0,0.1943,False,freq_unsafe=0.013<0.02
16192,19,CWE-476,16,0.0838,0.0533,0.136,0.04,0.2267,0.2133,0.9567,True,
14015,19,CWE-476,17,0.0828,0.0133,0.187,0.0133,0.0133,0.0,0.187,False,freq_unsafe=0.013<0.02
23436,19,CWE-476,18,0.0815,0.0533,0.1238,0.0533,0.2,0.1733,0.6398,True,
27564,19,CWE-476,19,0.0791,0.0267,0.1579,0.0267,0.04,0.0133,0.1927,True,
21429,19,CWE-476,20,0.0742,0.0133,0.1656,0.0133,0.0133,0.0,0.1656,False,freq_unsafe=0.013<0.02
18832,19,CWE-476,21,0.0737,0.0267,0.1441,0.0267,0.0,0.0267,0.0,False,freq_unsafe=0.000<0.02
2883,19,CWE-476,22,0.0712,0.04,0.1179,0.04,0.0,0.04,0.0,False,freq_unsafe=0.000<0.02
19539,19,CWE-476,23,0.0708,0.0133,0.157,0.0133,0.0,0.0133,0.0,False,freq_unsafe=0.000<0.02
30318,19,CWE-476,24,0.0707,0.0133,0.1568,0.0133,0.0133,0.0,0.1568,False,freq_unsafe=0.013<0.02
16897,19,CWE-476,25,0.0702,0.12,0.0354,0.04,0.76,0.76,7.8038,True,
18099,19,CWE-476,26,0.0702,0.0133,0.1554,0.0133,0.0,0.0133,0.0,False,freq_unsafe=0.000<0.02
16580,19,CWE-476,27,0.0694,0.0267,0.1336,0.0267,0.0,0.0267,0.0,False,freq_unsafe=0.000<0.02
1331,19,CWE-476,28,0.0691,0.0267,0.1326,0.0267,0.08,0.0533,0.3575,True,
16371,19,CWE-476,29,0.0673,0.0133,0.1484,0.0133,0.0133,0.0,0.1484,False,freq_unsafe=0.013<0.02
4996,19,CWE-476,30,0.0666,0.0267,0.1332,0.0133,0.0267,0.0133,0.0737,True,
11559,19,CWE-476,31,0.0663,0.0267,0.1258,0.0267,0.0,0.0267,0.0,False,freq_unsafe=0.000<0.02
21954,19,CWE-476,32,0.0659,0.0133,0.1447,0.0133,0.0,0.0133,0.0,False,freq_unsafe=0.000<0.02
23614,19,CWE-476,33,0.0654,0.0133,0.1436,0.0133,0.0267,0.0133,0.1829,True,
610,19,CWE-476,34,0.065,0.0133,0.1424,0.0133,0.0133,0.0,0.1424,False,freq_unsafe=0.013<0.02
18483,19,CWE-476,35,0.0648,0.04,0.1019,0.04,0.1067,0.0667,0.3113,True,
11142,19,CWE-476,36,0.0642,0.0133,0.1406,0.0133,0.0133,0.0,0.1406,False,freq_unsafe=0.013<0.02
25926,19,CWE-476,37,0.0639,0.04,0.0998,0.04,0.04,0.0,0.0998,True,
22840,19,CWE-476,38,0.0635,0.0133,0.1387,0.0133,0.0,0.0133,0.0,False,freq_unsafe=0.000<0.02
10111,19,CWE-476,39,0.0631,0.0267,0.1177,0.0267,0.04,0.0133,0.156,True,
14206,19,CWE-476,40,0.0625,0.0133,0.1362,0.0133,0.0533,0.0667,0.1663,True,
5617,19,CWE-476,41,0.0622,0.0267,0.1156,0.0267,0.0,0.0267,0.0,False,freq_unsafe=0.000<0.02
30683,19,CWE-476,42,0.0621,0.0133,0.1353,0.0133,0.0133,0.0267,0.0312,False,freq_unsafe=0.013<0.02
10268,19,CWE-476,43,0.0615,0.04,0.0937,0.04,0.0133,0.0533,0.0301,False,freq_unsafe=0.013<0.02
4095,19,CWE-476,44,0.0603,0.0133,0.1309,0.0133,0.0133,0.0,0.1309,False,freq_unsafe=0.013<0.02
17961,19,CWE-476,45,0.0602,0.0933,0.0306,0.0533,0.5067,0.48,1.7874,True,
8565,19,CWE-476,46,0.0594,0.0133,0.1286,0.0133,0.0133,0.0267,0.0314,False,freq_unsafe=0.013<0.02
21322,19,CWE-476,47,0.0594,0.0133,0.1284,0.0133,0.0,0.0133,0.0,False,freq_unsafe=0.000<0.02
10076,19,CWE-476,48,0.059,0.0133,0.1275,0.0133,0.0,0.0133,0.0,False,freq_unsafe=0.000<0.02
15298,19,CWE-476,49,0.059,0.04,0.0875,0.04,0.1733,0.1867,0.4877,True,
273,19,CWE-476,50,0.0578,0.04,0.0845,0.04,0.0,0.04,0.0,False,freq_unsafe=0.000<0.02
12155,19,CWE-476,51,0.0576,0.0267,0.104,0.0267,0.0933,0.0667,0.3856,True,
30036,19,CWE-476,52,0.0568,0.0667,0.062,0.0267,0.1067,0.1333,0.3631,True,
11978,19,CWE-476,53,0.0567,0.0133,0.1218,0.0133,0.0,0.0133,0.0,False,freq_unsafe=0.000<0.02
6753,19,CWE-476,54,0.0566,0.0133,0.1214,0.0133,0.0267,0.0133,0.2172,True,
23899,19,CWE-476,55,0.0562,0.0267,0.1004,0.0267,0.0,0.0267,0.0,False,freq_unsafe=0.000<0.02
16845,19,CWE-476,56,0.0561,0.0133,0.1202,0.0133,0.0133,0.0,0.1202,False,freq_unsafe=0.013<0.02
24683,19,CWE-476,57,0.0549,0.0133,0.1172,0.0133,0.0133,0.0,0.1172,False,freq_unsafe=0.013<0.02
727,19,CWE-476,58,0.0544,0.0133,0.1159,0.0133,0.0267,0.0133,0.153,True,
8850,19,CWE-476,59,0.054,0.0267,0.0951,0.0267,0.0267,0.0,0.0951,True,
23879,19,CWE-476,60,0.0539,0.0133,0.1148,0.0133,0.0267,0.0133,0.152,True,
16628,19,CWE-476,61,0.0534,0.0133,0.1135,0.0133,0.0133,0.0267,0.0817,False,freq_unsafe=0.013<0.02
31861,19,CWE-476,62,0.0528,0.0267,0.092,0.0267,0.0533,0.0267,0.1747,True,
20064,19,CWE-476,63,0.0528,0.0133,0.1119,0.0133,0.0133,0.0,0.1119,False,freq_unsafe=0.013<0.02
31828,19,CWE-476,64,0.0528,0.0133,0.1119,0.0133,0.0,0.0133,0.0,False,freq_unsafe=0.000<0.02
17933,19,CWE-476,65,0.0524,0.0267,0.0909,0.0267,0.0267,0.0,0.0909,True,
29026,19,CWE-476,66,0.052,0.04,0.07,0.04,0.08,0.0533,0.2268,True,
10002,19,CWE-476,67,0.0518,0.0267,0.0895,0.0267,0.0,0.0267,0.0,False,freq_unsafe=0.000<0.02
9465,19,CWE-476,68,0.0517,0.0133,0.1092,0.0133,0.0133,0.0,0.1092,False,freq_unsafe=0.013<0.02
18279,19,CWE-476,69,0.0517,0.0267,0.0892,0.0267,0.04,0.0133,0.1438,True,
13786,19,CWE-476,70,0.0511,0.0267,0.0878,0.0267,0.0,0.0267,0.0,False,freq_unsafe=0.000<0.02
31081,19,CWE-476,71,0.051,0.0267,0.0876,0.0267,0.0533,0.08,0.1841,True,
5681,19,CWE-476,72,0.0507,0.0267,0.0868,0.0267,0.0533,0.0267,0.1474,True,
27128,19,CWE-476,73,0.0505,0.0267,0.0864,0.0267,0.0533,0.0267,0.2037,True,
10474,19,CWE-476,74,0.0503,0.0133,0.1057,0.0133,0.0133,0.0,0.1057,False,freq_unsafe=0.013<0.02
1954,19,CWE-476,75,0.0493,0.0267,0.0833,0.0267,0.04,0.0133,0.124,False,score=0.0493<0.05
2572,19,CWE-476,76,0.0491,0.0267,0.0829,0.0267,0.0,0.0267,0.0,False,freq_unsafe=0.000<0.02; score=0.0491<0.05
13289,19,CWE-476,77,0.0491,0.0133,0.1027,0.0133,0.0133,0.0133,0.0455,False,freq_unsafe=0.013<0.02; score=0.0491<0.05
12906,19,CWE-476,78,0.049,0.0267,0.0825,0.0267,0.08,0.0667,0.2293,False,score=0.0490<0.05
6580,19,CWE-476,79,0.0488,0.0133,0.1019,0.0133,0.0133,0.0,0.1019,False,freq_unsafe=0.013<0.02; score=0.0488<0.05
14105,19,CWE-476,80,0.0487,0.0133,0.1019,0.0133,0.0,0.0133,0.0,False,freq_unsafe=0.000<0.02; score=0.0487<0.05
9890,19,CWE-476,81,0.0487,0.0267,0.0817,0.0267,0.0133,0.0267,0.0446,False,freq_unsafe=0.013<0.02; score=0.0487<0.05
2164,19,CWE-476,82,0.0486,0.0133,0.1015,0.0133,0.0,0.0133,0.0,False,freq_unsafe=0.000<0.02; score=0.0486<0.05
16611,19,CWE-476,83,0.0482,0.0133,0.1005,0.0133,0.0,0.0133,0.0,False,freq_unsafe=0.000<0.02; score=0.0482<0.05
17021,19,CWE-476,84,0.0481,0.0267,0.0804,0.0267,0.04,0.0133,0.1159,False,score=0.0481<0.05
13665,19,CWE-476,85,0.0477,0.0133,0.0993,0.0133,0.0133,0.0,0.0993,False,freq_unsafe=0.013<0.02; score=0.0477<0.05
7005,19,CWE-476,86,0.0476,0.0267,0.0789,0.0267,0.0267,0.0,0.0789,False,score=0.0476<0.05
16551,19,CWE-476,87,0.0475,0.0133,0.0988,0.0133,0.0,0.0133,0.0,False,freq_unsafe=0.000<0.02; score=0.0475<0.05
15311,19,CWE-476,88,0.0475,0.0267,0.0787,0.0267,0.04,0.0133,0.1057,False,score=0.0475<0.05
15364,19,CWE-476,89,0.0471,0.0267,0.0778,0.0267,0.04,0.0267,0.148,False,score=0.0471<0.05
8179,19,CWE-476,90,0.0468,0.0267,0.077,0.0267,0.0,0.0267,0.0,False,freq_unsafe=0.000<0.02; score=0.0468<0.05
21163,19,CWE-476,91,0.0467,0.0133,0.0967,0.0133,0.0133,0.0,0.0967,False,freq_unsafe=0.013<0.02; score=0.0467<0.05
14711,19,CWE-476,92,0.0466,0.0267,0.0766,0.0267,0.0,0.0267,0.0,False,freq_unsafe=0.000<0.02; score=0.0466<0.05
5079,19,CWE-476,93,0.0464,0.0267,0.0759,0.0267,0.0267,0.0,0.0759,False,score=0.0464<0.05
1586,19,CWE-476,94,0.0462,0.0133,0.0956,0.0133,0.04,0.0533,0.3455,False,score=0.0462<0.05
11960,19,CWE-476,95,0.0462,0.0267,0.0756,0.0267,0.0267,0.0,0.0756,False,score=0.0462<0.05
28236,19,CWE-476,96,0.0462,0.0133,0.0955,0.0133,0.0,0.0133,0.0,False,freq_unsafe=0.000<0.02; score=0.0462<0.05
25500,19,CWE-476,97,0.046,0.0133,0.095,0.0133,0.0,0.0133,0.0,False,freq_unsafe=0.000<0.02; score=0.0460<0.05
13599,19,CWE-476,98,0.046,0.0133,0.095,0.0133,0.0,0.0133,0.0,False,freq_unsafe=0.000<0.02; score=0.0460<0.05
2384,19,CWE-476,99,0.0459,0.0133,0.0947,0.0133,0.0,0.0133,0.0,False,freq_unsafe=0.000<0.02; score=0.0459<0.05
17297,19,CWE-476,100,0.0458,0.0267,0.0746,0.0267,0.0267,0.0,0.0746,False,score=0.0458<0.05
18452,19,CWE-476,101,0.0457,0.0133,0.0944,0.0133,0.0,0.0133,0.0,False,freq_unsafe=0.000<0.02; score=0.0457<0.05
1660,19,CWE-476,102,0.0456,0.0133,0.0939,0.0133,0.0267,0.04,0.1828,False,score=0.0456<0.05
5130,19,CWE-476,103,0.0454,0.0133,0.0935,0.0133,0.0,0.0133,0.0,False,freq_unsafe=0.000<0.02; score=0.0454<0.05
10964,19,CWE-476,104,0.0452,0.0133,0.0929,0.0133,0.0,0.0133,0.0,False,freq_unsafe=0.000<0.02; score=0.0452<0.05
24888,19,CWE-476,105,0.0451,0.0267,0.0729,0.0267,0.0,0.0267,0.0,False,freq_unsafe=0.000<0.02; score=0.0451<0.05
18941,19,CWE-476,106,0.045,0.0133,0.0924,0.0133,0.0267,0.0133,0.1546,False,score=0.0450<0.05
10777,19,CWE-476,107,0.0448,0.0133,0.0921,0.0133,0.0533,0.04,0.183,False,score=0.0448<0.05
661,19,CWE-476,108,0.0447,0.0133,0.0918,0.0133,0.0133,0.0,0.0918,False,freq_unsafe=0.013<0.02; score=0.0447<0.05
13827,19,CWE-476,109,0.0447,0.08,0.0117,0.04,0.3067,0.28,1.1358,False,score=0.0447<0.05
29950,19,CWE-476,110,0.0446,0.0133,0.0916,0.0133,0.0,0.0133,0.0,False,freq_unsafe=0.000<0.02; score=0.0446<0.05
10805,19,CWE-476,111,0.0444,0.0133,0.0911,0.0133,0.0,0.0133,0.0,False,freq_unsafe=0.000<0.02; score=0.0444<0.05
8409,19,CWE-476,112,0.0443,0.0133,0.0906,0.0133,0.0133,0.0,0.0906,False,freq_unsafe=0.013<0.02; score=0.0443<0.05
10829,19,CWE-476,113,0.0442,0.0133,0.0906,0.0133,0.0,0.0133,0.0,False,freq_unsafe=0.000<0.02; score=0.0442<0.05
24210,19,CWE-476,114,0.0442,0.0133,0.0904,0.0133,0.0133,0.0,0.0904,False,freq_unsafe=0.013<0.02; score=0.0442<0.05
21262,19,CWE-476,115,0.044,0.0267,0.0699,0.0267,0.0,0.0267,0.0,False,freq_unsafe=0.000<0.02; score=0.0440<0.05
14641,19,CWE-476,116,0.0439,0.0133,0.0898,0.0133,0.0133,0.0,0.0898,False,freq_unsafe=0.013<0.02; score=0.0439<0.05
5342,19,CWE-476,117,0.0439,0.0267,0.0698,0.0267,0.0267,0.0,0.0698,False,score=0.0439<0.05
3594,19,CWE-476,118,0.0439,0.0133,0.0897,0.0133,0.0133,0.0133,0.0334,False,freq_unsafe=0.013<0.02; score=0.0439<0.05
20061,19,CWE-476,119,0.0438,0.0133,0.0894,0.0133,0.0,0.0133,0.0,False,freq_unsafe=0.000<0.02; score=0.0438<0.05
27470,19,CWE-476,120,0.0436,0.0133,0.089,0.0133,0.0133,0.0,0.089,False,freq_unsafe=0.013<0.02; score=0.0436<0.05
13367,19,CWE-476,121,0.0434,0.0267,0.0685,0.0267,0.0133,0.04,0.0415,False,freq_unsafe=0.013<0.02; score=0.0434<0.05
32247,19,CWE-476,122,0.0431,0.0267,0.0678,0.0267,0.0133,0.04,0.0693,False,freq_unsafe=0.013<0.02; score=0.0431<0.05
23145,19,CWE-476,123,0.0425,0.0267,0.0662,0.0267,0.0933,0.0667,0.2845,False,score=0.0425<0.05
21097,19,CWE-476,124,0.0422,0.0267,0.0655,0.0267,0.0267,0.0,0.0655,False,score=0.0422<0.05
24779,19,CWE-476,125,0.0418,0.0267,0.0644,0.0267,0.1333,0.1467,0.5897,False,score=0.0418<0.05
17256,19,CWE-476,126,0.0417,0.0133,0.0841,0.0133,0.0133,0.0,0.0841,False,freq_unsafe=0.013<0.02; score=0.0417<0.05
15438,19,CWE-476,127,0.0416,0.0133,0.0839,0.0133,0.0,0.0133,0.0,False,freq_unsafe=0.000<0.02; score=0.0416<0.05
27228,19,CWE-476,128,0.0416,0.0133,0.0839,0.0133,0.0133,0.0,0.0839,False,freq_unsafe=0.013<0.02; score=0.0416<0.05
10830,19,CWE-476,129,0.0413,0.0133,0.0833,0.0133,0.0,0.0133,0.0,False,freq_unsafe=0.000<0.02; score=0.0413<0.05
29464,19,CWE-476,130,0.0413,0.0133,0.0832,0.0133,0.0,0.0133,0.0,False,freq_unsafe=0.000<0.02; score=0.0413<0.05
14821,19,CWE-476,131,0.0411,0.0133,0.0829,0.0133,0.0,0.0133,0.0,False,freq_unsafe=0.000<0.02; score=0.0411<0.05
24293,19,CWE-476,132,0.041,0.0133,0.0825,0.0133,0.0133,0.0267,0.0527,False,freq_unsafe=0.013<0.02; score=0.0410<0.05
9924,19,CWE-476,133,0.0407,0.0267,0.0618,0.0267,0.0,0.0267,0.0,False,freq_unsafe=0.000<0.02; score=0.0407<0.05
32217,19,CWE-476,134,0.0404,0.0133,0.0811,0.0133,0.0,0.0133,0.0,False,freq_unsafe=0.000<0.02; score=0.0404<0.05
9590,19,CWE-476,135,0.0403,0.0133,0.0741,0.0267,0.0667,0.0533,0.2494,False,score=0.0403<0.05
23253,19,CWE-476,136,0.0399,0.0133,0.0797,0.0133,0.0,0.0133,0.0,False,freq_unsafe=0.000<0.02; score=0.0399<0.05
30161,19,CWE-476,137,0.0399,0.0133,0.0796,0.0133,0.0133,0.0,0.0796,False,freq_unsafe=0.013<0.02; score=0.0399<0.05
26068,19,CWE-476,138,0.0395,0.0133,0.0788,0.0133,0.0133,0.0,0.0788,False,freq_unsafe=0.013<0.02; score=0.0395<0.05
30368,19,CWE-476,139,0.0395,0.0267,0.0587,0.0267,0.0,0.0267,0.0,False,freq_unsafe=0.000<0.02; score=0.0395<0.05
28442,19,CWE-476,140,0.0395,0.0133,0.0787,0.0133,0.0267,0.0133,0.1275,False,score=0.0395<0.05
31227,19,CWE-476,141,0.0392,0.0133,0.078,0.0133,0.0267,0.0133,0.1351,False,score=0.0392<0.05
16288,19,CWE-476,142,0.0388,0.0133,0.077,0.0133,0.0,0.0133,0.0,False,freq_unsafe=0.000<0.02; score=0.0388<0.05
16139,19,CWE-476,143,0.0387,0.0133,0.0769,0.0133,0.0133,0.0267,0.0263,False,freq_unsafe=0.013<0.02; score=0.0387<0.05
18234,19,CWE-476,144,0.0386,0.0267,0.0564,0.0267,0.0267,0.0133,0.0891,False,score=0.0386<0.05
24608,19,CWE-476,145,0.0384,0.0133,0.076,0.0133,0.0,0.0133,0.0,False,freq_unsafe=0.000<0.02; score=0.0384<0.05
539,19,CWE-476,146,0.0384,0.0133,0.0759,0.0133,0.0,0.0133,0.0,False,freq_unsafe=0.000<0.02; score=0.0384<0.05
2459,19,CWE-476,147,0.0383,0.0133,0.0758,0.0133,0.0,0.0133,0.0,False,freq_unsafe=0.000<0.02; score=0.0383<0.05
1845,19,CWE-476,148,0.0383,0.0133,0.0757,0.0133,0.0,0.0133,0.0,False,freq_unsafe=0.000<0.02; score=0.0383<0.05
29217,19,CWE-476,149,0.0382,0.0133,0.0754,0.0133,0.0,0.0133,0.0,False,freq_unsafe=0.000<0.02; score=0.0382<0.05
14011,19,CWE-476,150,0.0382,0.0133,0.0754,0.0133,0.0,0.0133,0.0,False,freq_unsafe=0.000<0.02; score=0.0382<0.05
30485,19,CWE-476,151,0.0381,0.0133,0.0752,0.0133,0.0133,0.0,0.0752,False,freq_unsafe=0.013<0.02; score=0.0381<0.05
23157,19,CWE-476,152,0.038,0.0133,0.075,0.0133,0.0133,0.0,0.075,False,freq_unsafe=0.013<0.02; score=0.0380<0.05
3191,19,CWE-476,153,0.0379,0.0133,0.0749,0.0133,0.0,0.0133,0.0,False,freq_unsafe=0.000<0.02; score=0.0379<0.05
27445,19,CWE-476,154,0.0379,0.0133,0.0749,0.0133,0.0267,0.0133,0.1114,False,score=0.0379<0.05
12518,19,CWE-476,155,0.0377,0.0133,0.0742,0.0133,0.0133,0.0,0.0742,False,freq_unsafe=0.013<0.02; score=0.0377<0.05
3902,19,CWE-476,156,0.0375,0.0133,0.0737,0.0133,0.0,0.0133,0.0,False,freq_unsafe=0.000<0.02; score=0.0375<0.05
25954,19,CWE-476,157,0.0375,0.04,0.047,0.0133,0.1733,0.1733,0.9332,False,score=0.0375<0.05
7890,19,CWE-476,158,0.0374,0.0133,0.0736,0.0133,0.0267,0.0133,0.115,False,score=0.0374<0.05
18781,19,CWE-476,159,0.0373,0.0133,0.0732,0.0133,0.0,0.0133,0.0,False,freq_unsafe=0.000<0.02; score=0.0373<0.05
27235,19,CWE-476,160,0.0371,0.0133,0.0727,0.0133,0.0133,0.0,0.0727,False,freq_unsafe=0.013<0.02; score=0.0371<0.05
21355,19,CWE-476,161,0.0369,0.0133,0.0723,0.0133,0.0133,0.0,0.0723,False,freq_unsafe=0.013<0.02; score=0.0369<0.05
4312,19,CWE-476,162,0.0366,0.0533,0.0248,0.0267,0.1867,0.2133,0.7433,False,score=0.0366<0.05
13091,19,CWE-476,163,0.0364,0.0533,0.0176,0.04,0.28,0.2933,1.0472,False,score=0.0364<0.05
8032,19,CWE-476,164,0.0361,0.0133,0.0704,0.0133,0.0267,0.0267,0.0706,False,score=0.0361<0.05
8515,19,CWE-476,165,0.0359,0.0133,0.0697,0.0133,0.0133,0.0267,0.1025,False,freq_unsafe=0.013<0.02; score=0.0359<0.05
10518,19,CWE-476,166,0.0357,0.0133,0.0694,0.0133,0.0133,0.0,0.0694,False,freq_unsafe=0.013<0.02; score=0.0357<0.05
10598,19,CWE-476,167,0.0355,0.0133,0.0687,0.0133,0.0,0.0133,0.0,False,freq_unsafe=0.000<0.02; score=0.0355<0.05
23024,19,CWE-476,168,0.0355,0.0133,0.0686,0.0133,0.0267,0.04,0.0796,False,score=0.0355<0.05
2610,19,CWE-476,169,0.0355,0.0133,0.0686,0.0133,0.0133,0.0,0.0686,False,freq_unsafe=0.013<0.02; score=0.0355<0.05
1783,19,CWE-476,170,0.0354,0.0133,0.0685,0.0133,0.0,0.0133,0.0,False,freq_unsafe=0.000<0.02; score=0.0354<0.05
18535,19,CWE-476,171,0.0353,0.0133,0.0683,0.0133,0.0133,0.0,0.0683,False,freq_unsafe=0.013<0.02; score=0.0353<0.05
31411,19,CWE-476,172,0.0353,0.0533,0.0283,0.0133,0.12,0.1333,0.3332,False,score=0.0353<0.05
17368,19,CWE-476,173,0.0352,0.0133,0.068,0.0133,0.0133,0.0,0.068,False,freq_unsafe=0.013<0.02; score=0.0352<0.05
24340,19,CWE-476,174,0.035,0.0133,0.0676,0.0133,0.0133,0.0267,0.0483,False,freq_unsafe=0.013<0.02; score=0.0350<0.05
10242,19,CWE-476,175,0.035,0.0133,0.0676,0.0133,0.0,0.0133,0.0,False,freq_unsafe=0.000<0.02; score=0.0350<0.05
31917,19,CWE-476,176,0.0349,0.0133,0.0673,0.0133,0.0133,0.0267,0.0473,False,freq_unsafe=0.013<0.02; score=0.0349<0.05
15849,19,CWE-476,177,0.0349,0.0533,0.0205,0.0267,0.12,0.1467,0.5241,False,score=0.0349<0.05
19483,19,CWE-476,178,0.0349,0.0267,0.0405,0.04,0.1467,0.1467,0.5638,False,score=0.0349<0.05
2972,19,CWE-476,179,0.0348,0.0133,0.067,0.0133,0.0,0.0133,0.0,False,freq_unsafe=0.000<0.02; score=0.0348<0.05
22025,19,CWE-476,180,0.0346,0.0133,0.0666,0.0133,0.0133,0.0,0.0666,False,freq_unsafe=0.013<0.02; score=0.0346<0.05
18314,19,CWE-476,181,0.0346,0.0133,0.0665,0.0133,0.0267,0.0133,0.1001,False,score=0.0346<0.05
11159,19,CWE-476,182,0.0345,0.0133,0.0662,0.0133,0.0667,0.0533,0.2644,False,score=0.0345<0.05
32643,19,CWE-476,183,0.0343,0.0133,0.0659,0.0133,0.0133,0.0267,0.0326,False,freq_unsafe=0.013<0.02; score=0.0343<0.05
2189,19,CWE-476,184,0.0343,0.0133,0.0658,0.0133,0.0,0.0133,0.0,False,freq_unsafe=0.000<0.02; score=0.0343<0.05
10988,19,CWE-476,185,0.0343,0.0267,0.0457,0.0267,0.1333,0.1333,0.5114,False,score=0.0343<0.05
22101,19,CWE-476,186,0.0342,0.0133,0.0654,0.0133,0.0133,0.0,0.0654,False,freq_unsafe=0.013<0.02; score=0.0342<0.05
25465,19,CWE-476,187,0.034,0.0133,0.065,0.0133,0.0133,0.0,0.065,False,freq_unsafe=0.013<0.02; score=0.0340<0.05
31956,19,CWE-476,188,0.0339,0.0267,0.0446,0.0267,0.0667,0.0667,0.1988,False,score=0.0339<0.05
19348,19,CWE-476,189,0.0338,0.0133,0.0645,0.0133,0.04,0.0533,0.1246,False,score=0.0338<0.05
13433,19,CWE-476,190,0.0338,0.0133,0.0644,0.0133,0.0,0.0133,0.0,False,freq_unsafe=0.000<0.02; score=0.0338<0.05
12345,19,CWE-476,191,0.0338,0.0133,0.0644,0.0133,0.0133,0.0,0.0644,False,freq_unsafe=0.013<0.02; score=0.0338<0.05
9672,19,CWE-476,192,0.0337,0.0133,0.0643,0.0133,0.04,0.0267,0.1411,False,score=0.0337<0.05
28888,19,CWE-476,193,0.0334,0.0133,0.0634,0.0133,0.0133,0.0,0.0634,False,freq_unsafe=0.013<0.02; score=0.0334<0.05
20675,19,CWE-476,194,0.0333,0.0133,0.0633,0.0133,0.0,0.0133,0.0,False,freq_unsafe=0.000<0.02; score=0.0333<0.05
9183,19,CWE-476,195,0.0332,0.0133,0.0629,0.0133,0.0133,0.0,0.0629,False,freq_unsafe=0.013<0.02; score=0.0332<0.05
15514,19,CWE-476,196,0.0329,0.0133,0.0623,0.0133,0.0133,0.0,0.0623,False,freq_unsafe=0.013<0.02; score=0.0329<0.05
12917,19,CWE-476,197,0.0328,0.0267,0.0419,0.0267,0.0133,0.0267,0.0266,False,freq_unsafe=0.013<0.02; score=0.0328<0.05
3925,19,CWE-476,198,0.0327,0.0133,0.0551,0.0267,0.0133,0.0267,0.031,False,freq_unsafe=0.013<0.02; score=0.0327<0.05
16909,19,CWE-476,199,0.0326,0.0133,0.0615,0.0133,0.0133,0.0,0.0615,False,freq_unsafe=0.013<0.02; score=0.0326<0.05
575,19,CWE-476,200,0.0324,0.0133,0.0611,0.0133,0.0133,0.0,0.0611,False,freq_unsafe=0.013<0.02; score=0.0324<0.05
14909,23,CWE-120,1,0.6382,0.3429,1.1597,0.1857,0.6429,0.5998,3.4054,True,
13276,23,CWE-120,2,0.615,0.3286,1.0732,0.2714,0.5,0.318,1.9854,True,
17339,23,CWE-120,3,0.5914,0.5,0.8427,0.2714,0.5714,0.4883,2.5622,True,
20296,23,CWE-120,4,0.5673,0.3,0.9968,0.2429,0.3571,0.1741,1.5763,True,
26113,23,CWE-120,5,0.5542,0.1286,1.1926,0.1286,0.1429,0.0196,1.2279,True,
7779,23,CWE-120,6,0.4259,0.1429,0.8505,0.1429,0.1429,0.0196,0.8773,True,
14449,23,CWE-120,7,0.4256,0.2857,0.6639,0.2286,0.3571,0.2532,1.2233,True,
27773,23,CWE-120,8,0.3888,0.3143,0.5863,0.1429,0.3571,0.2306,1.3168,True,
25525,23,CWE-120,9,0.384,0.1429,0.7457,0.1429,0.1429,0.0151,0.7457,True,
4492,23,CWE-120,10,0.3563,0.0714,0.7835,0.0714,0.0714,0.0,0.7835,True,
25256,23,CWE-120,11,0.3475,0.2143,0.5616,0.1857,0.0714,0.2984,0.216,True,
10719,23,CWE-120,12,0.3458,0.0857,0.736,0.0857,0.0,0.0558,0.0,False,freq_unsafe=0.000<0.02
5028,23,CWE-120,13,0.3434,0.3571,0.4084,0.1857,0.5714,0.4318,2.358,True,
7546,23,CWE-120,14,0.328,0.1429,0.6201,0.1143,0.0714,0.1537,0.2657,True,
4837,23,CWE-120,15,0.3201,0.4714,0.2145,0.2286,1.0,0.9857,15.4114,False,"both_high(fu=1.00,fs=0.99)"
7533,23,CWE-120,16,0.3059,0.2286,0.4433,0.1857,0.2857,0.3723,0.6895,True,
2000,23,CWE-120,17,0.3039,0.1429,0.5527,0.1286,0.1429,0.0625,0.6763,True,
12030,23,CWE-120,18,0.3002,0.1429,0.5361,0.1429,0.1429,0.0332,0.5792,True,
13451,23,CWE-120,19,0.2978,0.1429,0.5303,0.1429,0.1429,0.0045,0.5303,True,
13399,23,CWE-120,20,0.2957,0.2143,0.432,0.1857,0.2143,0.0867,0.6342,True,
29484,23,CWE-120,21,0.2882,0.3857,0.2419,0.1857,0.5,0.3828,1.8326,True,
22052,23,CWE-120,22,0.2869,0.2,0.4101,0.2143,0.2857,0.214,1.0904,True,
30231,23,CWE-120,23,0.2863,0.1143,0.5444,0.1143,0.1429,0.1914,0.8063,True,
10746,23,CWE-120,24,0.2788,0.1571,0.4614,0.1571,0.1429,0.2133,0.395,True,
4657,23,CWE-120,25,0.2692,0.1571,0.4374,0.1571,0.0,0.1183,0.0,False,freq_unsafe=0.000<0.02
1082,23,CWE-120,26,0.2649,0.2429,0.3337,0.1714,0.2857,0.1537,0.7526,True,
24712,23,CWE-120,27,0.2613,0.1714,0.4246,0.1143,0.0714,0.2095,0.1907,True,
26426,23,CWE-120,28,0.2566,0.1143,0.47,0.1143,0.1429,0.1869,0.5514,True,
32299,23,CWE-120,29,0.2526,0.0714,0.5243,0.0714,0.0714,0.0075,0.5243,True,
25046,23,CWE-120,30,0.2467,0.0714,0.5096,0.0714,0.0714,0.0106,0.5096,True,
3785,23,CWE-120,31,0.2426,0.1429,0.3922,0.1429,0.1429,0.0166,0.3922,True,
31186,23,CWE-120,32,0.2417,0.1286,0.4115,0.1286,0.0,0.0882,0.0,False,freq_unsafe=0.000<0.02
32202,23,CWE-120,33,0.2376,0.1429,0.3797,0.1429,0.1429,0.0038,0.3797,True,
8400,23,CWE-120,34,0.2349,0.0714,0.4801,0.0714,0.0714,0.0023,0.4801,True,
17522,23,CWE-120,35,0.2285,0.0714,0.464,0.0714,0.0714,0.0015,0.464,True,
17637,23,CWE-120,36,0.2268,0.0714,0.4598,0.0714,0.0714,0.0098,0.4598,True,
24517,23,CWE-120,37,0.2258,0.0714,0.4573,0.0714,0.0714,0.003,0.4573,True,
28822,23,CWE-120,38,0.224,0.0714,0.4528,0.0714,0.0714,0.0008,0.4528,True,
8468,23,CWE-120,39,0.2212,0.1429,0.3388,0.1429,0.1429,0.0294,0.3671,True,
8063,23,CWE-120,40,0.2203,0.0714,0.4437,0.0714,0.0714,0.0098,0.4437,True,
22198,23,CWE-120,41,0.2197,0.1429,0.3565,0.1,0.1429,0.0595,0.5616,True,
18979,23,CWE-120,42,0.2193,0.0714,0.441,0.0714,0.0714,0.0015,0.441,True,
30182,23,CWE-120,43,0.2173,0.1286,0.3433,0.1429,0.1429,0.0241,0.3803,True,
6657,23,CWE-120,44,0.2171,0.1429,0.3285,0.1429,0.1429,0.0136,0.3285,True,
19087,23,CWE-120,45,0.2167,0.1571,0.3489,0.0714,0.2857,0.3127,1.2129,True,
20977,23,CWE-120,46,0.2161,0.1429,0.326,0.1429,0.1429,0.0234,0.3832,True,
16109,23,CWE-120,47,0.213,0.1429,0.3253,0.1286,0.1429,0.0294,0.3985,True,
10506,23,CWE-120,48,0.2088,0.2429,0.2006,0.1571,0.2857,0.2992,0.7025,True,
9536,23,CWE-120,49,0.2057,0.1429,0.3001,0.1429,0.1429,0.052,0.4293,True,
18076,23,CWE-120,50,0.2055,0.2571,0.1922,0.1286,0.4286,0.3225,1.5188,True,
2761,23,CWE-120,51,0.2017,0.0714,0.3971,0.0714,0.0714,0.0075,0.4317,True,
11168,23,CWE-120,52,0.2,0.1714,0.2857,0.0857,0.3571,0.2992,1.4144,True,
28459,23,CWE-120,53,0.1992,0.1429,0.2908,0.1286,0.1429,0.0106,0.3257,True,
19869,23,CWE-120,54,0.1986,0.1429,0.2821,0.1429,0.0714,0.1025,0.1404,True,
18690,23,CWE-120,55,0.1969,0.0714,0.3852,0.0714,0.0714,0.0045,0.3852,True,
13486,23,CWE-120,56,0.1961,0.1286,0.3047,0.1143,0.1429,0.0543,0.3932,True,
23742,23,CWE-120,57,0.1951,0.0714,0.3806,0.0714,0.0714,0.0015,0.3806,True,
23362,23,CWE-120,58,0.1946,0.1286,0.2864,0.1429,0.1429,0.0723,0.4246,True,
7968,23,CWE-120,59,0.193,0.0714,0.3753,0.0714,0.0714,0.003,0.3753,True,
31420,23,CWE-120,60,0.1901,0.0714,0.3681,0.0714,0.0714,0.0053,0.3681,True,
2869,23,CWE-120,61,0.1901,0.0714,0.3681,0.0714,0.0714,0.0045,0.3681,True,
1652,23,CWE-120,62,0.1878,0.2143,0.1908,0.1286,0.2857,0.3346,0.9736,True,
17614,23,CWE-120,63,0.1872,0.1143,0.2965,0.1143,0.0,0.1025,0.0,False,freq_unsafe=0.000<0.02
307,23,CWE-120,64,0.1801,0.1286,0.2645,0.1143,0.1429,0.0693,0.4313,True,
31569,23,CWE-120,65,0.1798,0.0714,0.3424,0.0714,0.0714,0.0068,0.3424,True,
2558,23,CWE-120,66,0.1797,0.1429,0.2421,0.1286,0.1429,0.0249,0.2738,True,
12980,23,CWE-120,67,0.1779,0.0714,0.3377,0.0714,0.0714,0.003,0.3377,True,
17464,23,CWE-120,68,0.1758,0.1143,0.268,0.1143,0.1429,0.2419,0.2778,True,
6938,23,CWE-120,69,0.1752,0.0714,0.3309,0.0714,0.0714,0.0023,0.3309,True,
23479,23,CWE-120,70,0.1734,0.1286,0.2406,0.1286,0.1429,0.0249,0.3069,True,
4225,23,CWE-120,71,0.1721,0.1429,0.2303,0.1143,0.1429,0.0339,0.3045,True,
24359,23,CWE-120,72,0.1679,0.0714,0.3126,0.0714,0.0714,0.0068,0.3126,True,
27,23,CWE-120,73,0.1631,0.0714,0.3006,0.0714,0.0714,0.0203,0.3801,True,
5324,23,CWE-120,74,0.1628,0.0714,0.3,0.0714,0.0714,0.0045,0.3,True,
9311,23,CWE-120,75,0.1619,0.1,0.2546,0.1,0.0,0.058,0.0,False,freq_unsafe=0.000<0.02
20336,23,CWE-120,76,0.1618,0.0714,0.2973,0.0714,0.0714,0.0083,0.3616,True,
24187,23,CWE-120,77,0.1612,0.0571,0.3174,0.0571,0.0,0.0271,0.0,False,freq_unsafe=0.000<0.02
17368,23,CWE-120,78,0.1602,0.0714,0.2933,0.0714,0.0714,0.0,0.2933,True,
4804,23,CWE-120,79,0.1596,0.0714,0.292,0.0714,0.0714,0.0015,0.292,True,
780,23,CWE-120,80,0.1592,0.0857,0.2693,0.0857,0.0,0.0799,0.0,False,freq_unsafe=0.000<0.02
18885,23,CWE-120,81,0.159,0.0714,0.2904,0.0714,0.0714,0.0008,0.2904,True,
28788,23,CWE-120,82,0.1586,0.0714,0.2893,0.0714,0.0714,0.0098,0.3188,True,
24619,23,CWE-120,83,0.1586,0.0714,0.2893,0.0714,0.0714,0.0,0.2893,True,
11770,23,CWE-120,84,0.1581,0.0714,0.2882,0.0714,0.0714,0.0264,0.3278,True,
9232,23,CWE-120,85,0.1548,0.0714,0.2798,0.0714,0.0714,0.0249,0.2798,True,
12228,23,CWE-120,86,0.1541,0.1143,0.221,0.1,0.0714,0.1206,0.1687,True,
4093,23,CWE-120,87,0.1535,0.0714,0.2765,0.0714,0.0714,0.0053,0.2765,True,
26322,23,CWE-120,88,0.1519,0.1286,0.1869,0.1286,0.1429,0.1266,0.4382,True,
28917,23,CWE-120,89,0.1518,0.1143,0.2153,0.1,0.0714,0.0769,0.1606,True,
24206,23,CWE-120,90,0.1515,0.0714,0.2715,0.0714,0.0714,0.0015,0.2715,True,
13614,23,CWE-120,91,0.1508,0.0714,0.2698,0.0714,0.0714,0.0558,0.346,True,
21977,23,CWE-120,92,0.1495,0.0714,0.2665,0.0714,0.0714,0.0166,0.2665,False,score=0.1495<0.15
13178,23,CWE-120,93,0.1495,0.0429,0.3094,0.0429,0.0,0.0241,0.0,False,freq_unsafe=0.000<0.02; score=0.1495<0.15
5581,23,CWE-120,94,0.1494,0.0714,0.2664,0.0714,0.0714,0.0038,0.2664,False,score=0.1494<0.15
20866,23,CWE-120,95,0.1489,0.0714,0.2651,0.0714,0.0714,0.0294,0.3497,False,score=0.1489<0.15
15116,23,CWE-120,96,0.1485,0.1,0.2212,0.1,0.1429,0.1801,0.3177,False,score=0.1485<0.15
26493,23,CWE-120,97,0.1473,0.0714,0.2612,0.0714,0.0714,0.0166,0.3498,False,score=0.1473<0.15
1298,23,CWE-120,98,0.1469,0.0714,0.26,0.0714,0.0714,0.0158,0.26,False,score=0.1469<0.15
9305,23,CWE-120,99,0.1465,0.0714,0.2592,0.0714,0.0714,0.003,0.2592,False,score=0.1465<0.15
3034,23,CWE-120,100,0.1464,0.0714,0.2588,0.0714,0.0714,0.0015,0.2588,False,score=0.1464<0.15
10557,23,CWE-120,101,0.1459,0.0714,0.2577,0.0714,0.0714,0.003,0.2577,False,score=0.1459<0.15
18543,23,CWE-120,102,0.1444,0.0714,0.2539,0.0714,0.0714,0.0015,0.2539,False,score=0.1444<0.15
1801,23,CWE-120,103,0.1435,0.0714,0.2517,0.0714,0.0714,0.0,0.2517,False,score=0.1435<0.15
20862,23,CWE-120,104,0.1424,0.0714,0.249,0.0714,0.0714,0.006,0.2845,False,score=0.1424<0.15
18882,23,CWE-120,105,0.1423,0.0714,0.2487,0.0714,0.0714,0.0256,0.288,False,score=0.1423<0.15
21175,23,CWE-120,106,0.1419,0.0714,0.2476,0.0714,0.0714,0.006,0.2476,False,score=0.1419<0.15
3339,23,CWE-120,107,0.1407,0.0714,0.2446,0.0714,0.0714,0.0,0.2446,False,score=0.1407<0.15
15336,23,CWE-120,108,0.1407,0.1,0.2017,0.1,0.1429,0.1854,0.2911,False,score=0.1407<0.15
18116,23,CWE-120,109,0.1388,0.0714,0.2398,0.0714,0.0714,0.0038,0.2398,False,score=0.1388<0.15
19787,23,CWE-120,110,0.1388,0.0714,0.2398,0.0714,0.0714,0.0053,0.2398,False,score=0.1388<0.15
9257,23,CWE-120,111,0.1386,0.0714,0.2394,0.0714,0.0714,0.0038,0.2394,False,score=0.1386<0.15
17159,23,CWE-120,112,0.1385,0.0714,0.239,0.0714,0.0714,0.0,0.239,False,score=0.1385<0.15
376,23,CWE-120,113,0.1383,0.0714,0.2386,0.0714,0.0714,0.0008,0.2386,False,score=0.1383<0.15
25334,23,CWE-120,114,0.1379,0.0714,0.2377,0.0714,0.0714,0.0,0.2377,False,score=0.1379<0.15
25814,23,CWE-120,115,0.1378,0.0714,0.2373,0.0714,0.0714,0.0234,0.3154,False,score=0.1378<0.15
20682,23,CWE-120,116,0.1374,0.0714,0.2364,0.0714,0.0714,0.006,0.2364,False,score=0.1374<0.15
9268,23,CWE-120,117,0.1367,0.0714,0.2347,0.0714,0.0714,0.0038,0.2698,False,score=0.1367<0.15
20425,23,CWE-120,118,0.1361,0.0714,0.2331,0.0714,0.0714,0.0015,0.2331,False,score=0.1361<0.15
8666,23,CWE-120,119,0.1355,0.0857,0.2102,0.0857,0.1429,0.1778,0.3504,False,score=0.1355<0.15
26227,23,CWE-120,120,0.1355,0.0714,0.2317,0.0714,0.0714,0.0045,0.2317,False,score=0.1355<0.15
16509,23,CWE-120,121,0.1355,0.0714,0.2316,0.0714,0.0714,0.0166,0.2316,False,score=0.1355<0.15
9125,23,CWE-120,122,0.1348,0.0714,0.2298,0.0714,0.0714,0.0068,0.2298,False,score=0.1348<0.15
9242,23,CWE-120,123,0.1333,0.0714,0.226,0.0714,0.0714,0.0008,0.226,False,score=0.1333<0.15
1511,23,CWE-120,124,0.1331,0.0714,0.2328,0.0571,0.0714,0.0166,0.4168,False,score=0.1331<0.15
13921,23,CWE-120,125,0.1324,0.0429,0.2668,0.0429,0.0,0.0294,0.0,False,freq_unsafe=0.000<0.02; score=0.1324<0.15
28447,23,CWE-120,126,0.132,0.0714,0.2228,0.0714,0.0714,0.0264,0.2537,False,score=0.1320<0.15
8851,23,CWE-120,127,0.1316,0.0714,0.2218,0.0714,0.0714,0.0,0.2218,False,score=0.1316<0.15
19984,23,CWE-120,128,0.131,0.0714,0.2203,0.0714,0.0714,0.006,0.2203,False,score=0.1310<0.15
21493,23,CWE-120,129,0.1304,0.0714,0.2189,0.0714,0.0714,0.0219,0.2481,False,score=0.1304<0.15
26960,23,CWE-120,130,0.13,0.0714,0.218,0.0714,0.0714,0.0038,0.218,False,score=0.1300<0.15
17782,23,CWE-120,131,0.1289,0.0571,0.2436,0.0429,0.0714,0.0347,0.1956,False,score=0.1289<0.15
29864,23,CWE-120,132,0.1287,0.0714,0.2146,0.0714,0.0714,0.0045,0.2146,False,score=0.1287<0.15
18795,23,CWE-120,133,0.1281,0.0714,0.213,0.0714,0.0714,0.0,0.213,False,score=0.1281<0.15
14315,23,CWE-120,134,0.1278,0.0857,0.1908,0.0857,0.1429,0.1952,0.318,False,score=0.1278<0.15
31467,23,CWE-120,135,0.1271,0.0714,0.2105,0.0714,0.0714,0.0008,0.2105,False,score=0.1271<0.15
16939,23,CWE-120,136,0.1267,0.0714,0.2096,0.0714,0.0714,0.0008,0.2096,False,score=0.1267<0.15
13236,23,CWE-120,137,0.1266,0.0714,0.2094,0.0714,0.0714,0.0,0.2094,False,score=0.1266<0.15
29978,23,CWE-120,138,0.1263,0.0714,0.2085,0.0714,0.0714,0.0098,0.2509,False,score=0.1263<0.15
26125,23,CWE-120,139,0.126,0.0714,0.2078,0.0714,0.0714,0.0294,0.2078,False,score=0.1260<0.15
15135,23,CWE-120,140,0.1257,0.0857,0.1858,0.0857,0.1429,0.1861,0.3096,False,score=0.1257<0.15
3745,23,CWE-120,141,0.1254,0.0571,0.2278,0.0571,0.0,0.0678,0.0,False,freq_unsafe=0.000<0.02; score=0.1254<0.15
26726,23,CWE-120,142,0.1252,0.0571,0.2274,0.0571,0.0,0.0528,0.0,False,freq_unsafe=0.000<0.02; score=0.1252<0.15
19149,23,CWE-120,143,0.1244,0.0857,0.1825,0.0857,0.1429,0.1778,0.3042,False,score=0.1244<0.15
24399,23,CWE-120,144,0.1241,0.0714,0.2031,0.0714,0.0,0.0279,0.0,False,freq_unsafe=0.000<0.02; score=0.1241<0.15
24469,23,CWE-120,145,0.1238,0.0714,0.2024,0.0714,0.0714,0.0,0.2024,False,score=0.1238<0.15
29643,23,CWE-120,146,0.1238,0.0714,0.2024,0.0714,0.0714,0.0075,0.2024,False,score=0.1238<0.15
15653,23,CWE-120,147,0.1233,0.0714,0.2012,0.0714,0.0714,0.0008,0.2012,False,score=0.1233<0.15
9009,23,CWE-120,148,0.1233,0.0714,0.201,0.0714,0.0714,0.0015,0.201,False,score=0.1233<0.15
10588,23,CWE-120,149,0.1232,0.0714,0.2009,0.0714,0.0714,0.0015,0.2009,False,score=0.1232<0.15
5606,23,CWE-120,150,0.1226,0.0857,0.1779,0.0857,0.1429,0.1824,0.2964,False,score=0.1226<0.15
30026,23,CWE-120,151,0.1225,0.0714,0.199,0.0714,0.0714,0.0693,0.2668,False,score=0.1225<0.15
8009,23,CWE-120,152,0.1217,0.0714,0.1972,0.0714,0.0714,0.0083,0.1972,False,score=0.1217<0.15
22643,23,CWE-120,153,0.1215,0.0714,0.1966,0.0714,0.0714,0.0098,0.2282,False,score=0.1215<0.15
27350,23,CWE-120,154,0.1215,0.0714,0.1965,0.0714,0.0714,0.0113,0.1965,False,score=0.1215<0.15
18601,23,CWE-120,155,0.1196,0.0714,0.1919,0.0714,0.0,0.043,0.0,False,freq_unsafe=0.000<0.02; score=0.1196<0.15
30753,23,CWE-120,156,0.1196,0.0714,0.1989,0.0571,0.0714,0.0181,0.2722,False,score=0.1196<0.15
22507,23,CWE-120,157,0.1194,0.0571,0.2127,0.0571,0.0,0.0377,0.0,False,freq_unsafe=0.000<0.02; score=0.1194<0.15
18075,23,CWE-120,158,0.119,0.0714,0.1905,0.0714,0.0714,0.0015,0.1905,False,score=0.1190<0.15
11192,23,CWE-120,159,0.1186,0.0714,0.1895,0.0714,0.0714,0.0241,0.1895,False,score=0.1186<0.15
7394,23,CWE-120,160,0.1186,0.0714,0.1895,0.0714,0.0714,0.0023,0.1895,False,score=0.1186<0.15
9664,23,CWE-120,161,0.1185,0.0714,0.1892,0.0714,0.0714,0.0008,0.1892,False,score=0.1185<0.15
24131,23,CWE-120,162,0.1184,0.0714,0.1889,0.0714,0.0714,0.0015,0.1889,False,score=0.1184<0.15
19291,23,CWE-120,163,0.1183,0.1286,0.1314,0.0714,0.1429,0.0821,0.3766,False,score=0.1183<0.15
2322,23,CWE-120,164,0.1179,0.0714,0.1876,0.0714,0.0714,0.0015,0.2164,False,score=0.1179<0.15
19014,23,CWE-120,165,0.1178,0.0714,0.1874,0.0714,0.0714,0.0414,0.2299,False,score=0.1178<0.15
5817,23,CWE-120,166,0.1168,0.0714,0.1848,0.0714,0.0714,0.0023,0.1848,False,score=0.1168<0.15
15898,23,CWE-120,167,0.1162,0.0714,0.1833,0.0714,0.0714,0.0068,0.1833,False,score=0.1162<0.15
28220,23,CWE-120,168,0.1161,0.0429,0.226,0.0429,0.0,0.0219,0.0,False,freq_unsafe=0.000<0.02; score=0.1161<0.15
30759,23,CWE-120,169,0.1161,0.0714,0.183,0.0714,0.0714,0.0008,0.183,False,score=0.1161<0.15
15338,23,CWE-120,170,0.1158,0.0857,0.161,0.0857,0.1429,0.1771,0.2683,False,score=0.1158<0.15
6401,23,CWE-120,171,0.1157,0.0714,0.1822,0.0714,0.0714,0.0038,0.1822,False,score=0.1157<0.15
28574,23,CWE-120,172,0.1157,0.0714,0.1821,0.0714,0.0714,0.0106,0.1821,False,score=0.1157<0.15
3342,23,CWE-120,173,0.1154,0.0714,0.1814,0.0714,0.0714,0.0143,0.2205,False,score=0.1154<0.15
23126,23,CWE-120,174,0.1152,0.0714,0.1808,0.0714,0.0714,0.0143,0.1808,False,score=0.1152<0.15
11570,23,CWE-120,175,0.115,0.0714,0.1804,0.0714,0.0,0.0588,0.0,False,freq_unsafe=0.000<0.02; score=0.1150<0.15
31338,23,CWE-120,176,0.1149,0.0714,0.1801,0.0714,0.0714,0.0008,0.1801,False,score=0.1149<0.15
15037,23,CWE-120,177,0.1148,0.0714,0.1798,0.0714,0.0714,0.0264,0.1798,False,score=0.1148<0.15
19272,23,CWE-120,178,0.1146,0.0714,0.1794,0.0714,0.0714,0.0023,0.1794,False,score=0.1146<0.15
24652,23,CWE-120,179,0.1144,0.0714,0.1789,0.0714,0.0714,0.0023,0.1789,False,score=0.1144<0.15
12761,23,CWE-120,180,0.1144,0.0714,0.1789,0.0714,0.0714,0.0023,0.1789,False,score=0.1144<0.15
4894,23,CWE-120,181,0.1143,0.0714,0.1787,0.0714,0.0714,0.0,0.1787,False,score=0.1143<0.15
21438,23,CWE-120,182,0.1138,0.0429,0.2202,0.0429,0.0,0.006,0.0,False,freq_unsafe=0.000<0.02; score=0.1138<0.15
15660,23,CWE-120,183,0.1137,0.0714,0.177,0.0714,0.0714,0.0136,0.177,False,score=0.1137<0.15
13783,23,CWE-120,184,0.1136,0.0714,0.1769,0.0714,0.0714,0.0113,0.2071,False,score=0.1136<0.15
15554,23,CWE-120,185,0.1135,0.0714,0.1766,0.0714,0.0714,0.006,0.1766,False,score=0.1135<0.15
18843,23,CWE-120,186,0.1132,0.0714,0.1759,0.0714,0.0714,0.0407,0.2116,False,score=0.1132<0.15
18813,23,CWE-120,187,0.113,0.0714,0.1753,0.0714,0.0714,0.0008,0.1753,False,score=0.1130<0.15
26234,23,CWE-120,188,0.1125,0.0714,0.1742,0.0714,0.0714,0.0015,0.1742,False,score=0.1125<0.15
6548,23,CWE-120,189,0.1124,0.1571,0.0809,0.0857,0.1429,0.1424,0.3898,False,score=0.1124<0.15
4055,23,CWE-120,190,0.1122,0.1143,0.1305,0.0714,0.1429,0.0452,0.393,False,score=0.1122<0.15
13183,23,CWE-120,191,0.1121,0.0714,0.1731,0.0714,0.0714,0.0,0.1731,False,score=0.1121<0.15
27783,23,CWE-120,192,0.1115,0.0714,0.1717,0.0714,0.0714,0.0121,0.1988,False,score=0.1115<0.15
18468,23,CWE-120,193,0.1112,0.0714,0.1709,0.0714,0.0714,0.0,0.1709,False,score=0.1112<0.15
19694,23,CWE-120,194,0.1112,0.0714,0.1709,0.0714,0.0714,0.0015,0.1709,False,score=0.1112<0.15
10798,23,CWE-120,195,0.1111,0.0714,0.1706,0.0714,0.0714,0.0015,0.1706,False,score=0.1111<0.15
26971,23,CWE-120,196,0.1106,0.0714,0.1694,0.0714,0.0714,0.0,0.1694,False,score=0.1106<0.15
32286,23,CWE-120,197,0.1098,0.0714,0.1675,0.0714,0.0714,0.0015,0.1675,False,score=0.1098<0.15
15475,23,CWE-120,198,0.1098,0.0714,0.1673,0.0714,0.0714,0.0045,0.1673,False,score=0.1098<0.15
6915,23,CWE-120,199,0.1096,0.0714,0.1669,0.0714,0.0714,0.0158,0.1669,False,score=0.1096<0.15
11340,23,CWE-120,200,0.1092,0.0714,0.1659,0.0714,0.0714,0.0008,0.1659,False,score=0.1092<0.15
4837,23,CWE-327,1,0.7307,0.3143,1.4268,0.1714,1.0,0.9855,17.0378,False,"both_high(fu=1.00,fs=0.99)"
29484,23,CWE-327,2,0.6235,0.3,1.1765,0.1643,0.5357,0.3808,3.2057,True,
14449,23,CWE-327,3,0.5532,0.2786,0.9616,0.2857,0.4643,0.2498,1.5604,True,
7546,23,CWE-327,4,0.4292,0.1786,0.823,0.1429,0.25,0.1508,1.3444,True,
17339,23,CWE-327,5,0.4203,0.3786,0.5793,0.1857,0.6429,0.4859,2.731,True,
14909,23,CWE-327,6,0.3704,0.3214,0.5332,0.1429,0.6786,0.5986,5.2262,True,
19087,23,CWE-327,7,0.3688,0.2571,0.5864,0.1571,0.4643,0.3092,1.9499,True,
17464,23,CWE-327,8,0.3583,0.1857,0.6209,0.1786,0.3571,0.2384,1.2771,True,
838,23,CWE-327,9,0.3268,0.1,0.667,0.1,0.1071,0.0221,0.7092,True,
24082,23,CWE-327,10,0.2823,0.1071,0.5487,0.1,0.1071,0.0175,0.5864,True,
30231,23,CWE-327,11,0.2764,0.1,0.541,0.1,0.1429,0.1919,0.8063,True,
10506,23,CWE-327,12,0.26,0.2571,0.2999,0.1857,0.4643,0.2955,1.3659,True,
6201,23,CWE-327,13,0.2596,0.1071,0.4883,0.1071,0.1071,0.0206,0.5022,True,
7533,23,CWE-327,14,0.2579,0.2143,0.352,0.1571,0.4643,0.3694,1.5084,True,
22764,23,CWE-327,15,0.2556,0.1071,0.4889,0.0857,0.1071,0.0548,0.6039,True,
25528,23,CWE-327,16,0.2539,0.1571,0.4063,0.1429,0.1786,0.0449,0.5577,True,
25256,23,CWE-327,17,0.2201,0.1857,0.2896,0.15,0.3214,0.2955,1.1317,True,
11570,23,CWE-327,18,0.2191,0.1429,0.337,0.1357,0.1786,0.0556,0.4436,True,
12228,23,CWE-327,19,0.2125,0.1429,0.3348,0.1071,0.1786,0.1188,0.6604,True,
5028,23,CWE-327,20,0.2011,0.2,0.2277,0.15,0.4643,0.4326,1.9128,True,
26426,23,CWE-327,21,0.1991,0.0929,0.3584,0.0929,0.1429,0.1874,0.5514,True,
10035,23,CWE-327,22,0.1974,0.1071,0.3363,0.1,0.1071,0.0053,0.3791,True,
2524,23,CWE-327,23,0.1928,0.0357,0.4285,0.0357,0.0357,0.0008,0.4285,True,
8486,23,CWE-327,24,0.1893,0.1071,0.3126,0.1071,0.1071,0.0114,0.3315,True,
15124,23,CWE-327,25,0.1866,0.0714,0.3593,0.0714,0.0714,0.0091,0.3874,True,
13486,23,CWE-327,26,0.1861,0.1286,0.2867,0.1,0.1429,0.0533,0.4288,True,
24527,23,CWE-327,27,0.1758,0.0714,0.3323,0.0714,0.0714,0.0076,0.3323,True,
8816,23,CWE-327,28,0.1754,0.0357,0.3849,0.0357,0.0357,0.0076,0.4725,True,
24712,23,CWE-327,29,0.1727,0.1357,0.239,0.1143,0.2143,0.2079,0.7487,True,
20296,23,CWE-327,30,0.1702,0.1643,0.2075,0.1071,0.1071,0.1775,0.4221,True,
10746,23,CWE-327,31,0.1694,0.0929,0.2699,0.1214,0.1786,0.2133,0.4931,True,
14315,23,CWE-327,32,0.168,0.1071,0.2594,0.1071,0.1429,0.1957,0.318,True,
27773,23,CWE-327,33,0.1678,0.15,0.2196,0.1,0.25,0.2315,0.813,True,
7986,23,CWE-327,34,0.1672,0.1571,0.2215,0.0786,0.1786,0.2369,0.8826,True,
1082,23,CWE-327,35,0.1665,0.1357,0.2413,0.0786,0.1071,0.1561,0.3042,True,
27350,23,CWE-327,36,0.1656,0.0714,0.3068,0.0714,0.0714,0.0107,0.3265,True,
32547,23,CWE-327,37,0.1604,0.1071,0.2403,0.1071,0.1071,0.0114,0.2403,True,
28175,23,CWE-327,38,0.1585,0.0357,0.3427,0.0357,0.0357,0.0,0.3427,True,
25940,23,CWE-327,39,0.1563,0.1071,0.23,0.1071,0.1071,0.0107,0.23,True,
21596,23,CWE-327,40,0.155,0.0714,0.2804,0.0714,0.0714,0.0023,0.2804,True,
23190,23,CWE-327,41,0.1538,0.0714,0.2774,0.0714,0.0714,0.0175,0.3093,True,
5606,23,CWE-327,42,0.1525,0.1071,0.2205,0.1071,0.1429,0.1828,0.2964,True,
2691,23,CWE-327,43,0.1499,0.1,0.2247,0.1,0.1071,0.0327,0.2395,False,score=0.1499<0.15
10719,23,CWE-327,44,0.1497,0.0714,0.2779,0.05,0.0357,0.0556,0.1493,False,score=0.1497<0.15
4657,23,CWE-327,45,0.1497,0.1071,0.2207,0.0929,0.1786,0.1158,0.4768,False,score=0.1497<0.15
9817,23,CWE-327,46,0.1497,0.0357,0.3207,0.0357,0.0357,0.0023,0.3207,False,score=0.1497<0.15
20322,23,CWE-327,47,0.1497,0.0857,0.2599,0.0571,0.0357,0.0716,0.1427,False,score=0.1497<0.15
3784,23,CWE-327,48,0.1481,0.1071,0.2239,0.0786,0.1071,0.0434,0.3028,False,score=0.1481<0.15
8666,23,CWE-327,49,0.1468,0.0929,0.2277,0.0929,0.1429,0.1782,0.3504,False,score=0.1468<0.15
30089,23,CWE-327,50,0.1436,0.0286,0.3126,0.0357,0.0357,0.0084,0.4863,False,score=0.1436<0.15
13614,23,CWE-327,51,0.1423,0.1214,0.1844,0.1,0.1429,0.0541,0.2908,False,score=0.1423<0.15
22962,23,CWE-327,52,0.14,0.1071,0.2072,0.0714,0.1071,0.0411,0.3067,False,score=0.1400<0.15
25006,23,CWE-327,53,0.1395,0.1214,0.1844,0.0857,0.1786,0.0853,0.4357,False,score=0.1395<0.15
13723,23,CWE-327,54,0.1393,0.0643,0.2518,0.0643,0.0714,0.019,0.3385,False,score=0.1393<0.15
15116,23,CWE-327,55,0.1383,0.0929,0.2065,0.0929,0.1429,0.1805,0.3177,False,score=0.1383<0.15
21053,23,CWE-327,56,0.1371,0.0357,0.2891,0.0357,0.0357,0.0023,0.2891,False,score=0.1371<0.15
15135,23,CWE-327,57,0.1362,0.0929,0.2013,0.0929,0.1429,0.1866,0.3096,False,score=0.1362<0.15
15397,23,CWE-327,58,0.1361,0.1,0.2082,0.0643,0.1071,0.0754,0.3714,False,score=0.1361<0.15
13276,23,CWE-327,59,0.1357,0.2071,0.0786,0.1071,0.3214,0.3199,1.1157,False,score=0.1357<0.15
15398,23,CWE-327,60,0.1356,0.0571,0.2532,0.0571,0.0714,0.0221,0.3351,False,score=0.1356<0.15
20395,23,CWE-327,61,0.1353,0.1071,0.1883,0.0857,0.1071,0.0396,0.2697,False,score=0.1353<0.15
4950,23,CWE-327,62,0.135,0.1,0.2055,0.0643,0.1071,0.0701,0.7098,False,score=0.1350<0.15
23951,23,CWE-327,63,0.135,0.0357,0.284,0.0357,0.0357,0.0,0.284,False,score=0.1350<0.15
32433,23,CWE-327,64,0.135,0.0714,0.2302,0.0714,0.0714,0.0023,0.2302,False,score=0.1350<0.15
19149,23,CWE-327,65,0.1348,0.0929,0.1977,0.0929,0.1429,0.1782,0.3042,False,score=0.1348<0.15
15336,23,CWE-327,66,0.1314,0.0929,0.1892,0.0929,0.1429,0.1858,0.2911,False,score=0.1314<0.15
26626,23,CWE-327,67,0.1309,0.0714,0.22,0.0714,0.0714,0.0091,0.22,False,score=0.1309<0.15
16965,23,CWE-327,68,0.1295,0.0357,0.2703,0.0357,0.0357,0.0053,0.2703,False,score=0.1295<0.15
1367,23,CWE-327,69,0.1293,0.0643,0.2268,0.0643,0.0714,0.0099,0.2611,False,score=0.1293<0.15
12437,23,CWE-327,70,0.1276,0.0357,0.2654,0.0357,0.0357,0.0,0.2654,False,score=0.1276<0.15
12339,23,CWE-327,71,0.127,0.0357,0.2639,0.0357,0.0357,0.0008,0.2639,False,score=0.1270<0.15
4402,23,CWE-327,72,0.1261,0.0643,0.2189,0.0643,0.0714,0.0168,0.2446,False,score=0.1261<0.15
13843,23,CWE-327,73,0.1256,0.0714,0.2139,0.0571,0.0714,0.0213,0.2729,False,score=0.1256<0.15
15338,23,CWE-327,74,0.1255,0.0929,0.1744,0.0929,0.1429,0.1775,0.2683,False,score=0.1255<0.15
17614,23,CWE-327,75,0.1254,0.15,0.1278,0.0714,0.1786,0.0998,0.4195,False,score=0.1254<0.15
19493,23,CWE-327,76,0.1241,0.0357,0.2566,0.0357,0.0357,0.0008,0.2566,False,score=0.1241<0.15
13628,23,CWE-327,77,0.1223,0.0929,0.1736,0.0786,0.1429,0.096,0.3686,False,score=0.1223<0.15
17327,23,CWE-327,78,0.1214,0.05,0.2284,0.05,0.0,0.032,0.0,False,freq_unsafe=0.000<0.02; score=0.1214<0.15
28917,23,CWE-327,79,0.121,0.1286,0.131,0.0857,0.1429,0.0754,0.3351,False,score=0.1210<0.15
26322,23,CWE-327,80,0.1202,0.1714,0.079,0.1,0.1786,0.1257,0.3694,False,score=0.1202<0.15
29780,23,CWE-327,81,0.1198,0.05,0.2244,0.05,0.0,0.0297,0.0,False,freq_unsafe=0.000<0.02; score=0.1198<0.15
17059,23,CWE-327,82,0.1195,0.0357,0.2452,0.0357,0.0357,0.003,0.2452,False,score=0.1195<0.15
30185,23,CWE-327,83,0.1195,0.0714,0.1915,0.0714,0.0714,0.0038,0.1915,False,score=0.1195<0.15
1063,23,CWE-327,84,0.1193,0.0357,0.2448,0.0357,0.0357,0.0008,0.2448,False,score=0.1193<0.15
27990,23,CWE-327,85,0.1193,0.0714,0.1947,0.0643,0.0714,0.003,0.2306,False,score=0.1193<0.15
7842,23,CWE-327,86,0.1176,0.0357,0.2404,0.0357,0.0357,0.0015,0.2404,False,score=0.1176<0.15
17316,23,CWE-327,87,0.117,0.0357,0.239,0.0357,0.0357,0.0008,0.239,False,score=0.1170<0.15
28827,23,CWE-327,88,0.1169,0.0643,0.1958,0.0643,0.0714,0.0221,0.2479,False,score=0.1169<0.15
23707,23,CWE-327,89,0.1138,0.0571,0.1952,0.0643,0.0714,0.0244,0.2255,False,score=0.1138<0.15
3196,23,CWE-327,90,0.1132,0.0643,0.1866,0.0643,0.1786,0.1866,0.5392,False,score=0.1132<0.15
18076,23,CWE-327,91,0.1131,0.1571,0.0935,0.0643,0.3214,0.3237,0.9986,False,score=0.1131<0.15
31194,23,CWE-327,92,0.1122,0.0643,0.1842,0.0643,0.0357,0.0487,0.0709,False,score=0.1122<0.15
27356,23,CWE-327,93,0.1117,0.0714,0.1758,0.0643,0.0714,0.0236,0.1941,False,score=0.1117<0.15
24921,23,CWE-327,94,0.1107,0.0714,0.1767,0.0571,0.0714,0.0206,0.2372,False,score=0.1107<0.15
30064,23,CWE-327,95,0.1092,0.0714,0.1695,0.0643,0.0714,0.0175,0.2208,False,score=0.1092<0.15
29147,23,CWE-327,96,0.1091,0.0357,0.2191,0.0357,0.0357,0.0122,0.235,False,score=0.1091<0.15
1652,23,CWE-327,97,0.1079,0.1714,0.0591,0.0786,0.3214,0.3343,1.0207,False,score=0.1079<0.15
6319,23,CWE-327,98,0.1079,0.0357,0.2161,0.0357,0.0357,0.0053,0.2161,False,score=0.1079<0.15
18454,23,CWE-327,99,0.1061,0.0786,0.1582,0.0571,0.0357,0.0647,0.0795,False,score=0.1061<0.15
23579,23,CWE-327,100,0.106,0.0714,0.1615,0.0643,0.0714,0.0282,0.315,False,score=0.1060<0.15
3745,23,CWE-327,101,0.1052,0.0643,0.1702,0.0571,0.0714,0.067,0.2489,False,score=0.1052<0.15
20056,23,CWE-327,102,0.1048,0.0357,0.2085,0.0357,0.0357,0.0015,0.2085,False,score=0.1048<0.15
7124,23,CWE-327,103,0.1041,0.0357,0.2101,0.0286,0.0357,0.0107,0.2729,False,score=0.1041<0.15
12977,23,CWE-327,104,0.1035,0.0714,0.1552,0.0643,0.0714,0.0069,0.1838,False,score=0.1035<0.15
13949,23,CWE-327,105,0.1034,0.0357,0.205,0.0357,0.0357,0.0084,0.205,False,score=0.1034<0.15
11168,23,CWE-327,106,0.1027,0.1,0.1245,0.0643,0.2143,0.3016,0.9955,False,score=0.1027<0.15
349,23,CWE-327,107,0.1015,0.0714,0.1501,0.0643,0.0714,0.0152,0.166,False,score=0.1015<0.15
11376,23,CWE-327,108,0.1,0.0357,0.1999,0.0286,0.0357,0.0137,0.258,False,score=0.1000<0.15
12241,23,CWE-327,109,0.0997,0.0357,0.1992,0.0286,0.0357,0.0114,0.2527,False,score=0.0997<0.15
30720,23,CWE-327,110,0.0989,0.0357,0.1937,0.0357,0.0357,0.0061,0.1937,False,score=0.0989<0.15
9222,23,CWE-327,111,0.0983,0.0929,0.1315,0.0429,0.1071,0.0777,0.4215,False,score=0.0983<0.15
780,23,CWE-327,112,0.0981,0.0786,0.1309,0.0714,0.0714,0.0792,0.1578,False,score=0.0981<0.15
6067,23,CWE-327,113,0.0974,0.0714,0.14,0.0643,0.0714,0.0076,0.1658,False,score=0.0974<0.15
4055,23,CWE-327,114,0.0954,0.0786,0.1384,0.0429,0.1071,0.0449,0.3251,False,score=0.0954<0.15
2472,23,CWE-327,115,0.0952,0.0714,0.1379,0.0571,0.0714,0.0091,0.1856,False,score=0.0952<0.15
25458,23,CWE-327,116,0.0949,0.0571,0.1516,0.0571,0.0,0.0442,0.0,False,freq_unsafe=0.000<0.02; score=0.0949<0.15
26493,23,CWE-327,117,0.0943,0.0429,0.1716,0.0429,0.0,0.0175,0.0,False,freq_unsafe=0.000<0.02; score=0.0943<0.15
23438,23,CWE-327,118,0.0929,0.0357,0.1787,0.0357,0.0357,0.0023,0.1787,False,score=0.0929<0.15
17797,23,CWE-327,119,0.0926,0.0357,0.1779,0.0357,0.0357,0.0145,0.2439,False,score=0.0926<0.15
11980,23,CWE-327,120,0.0924,0.0357,0.1774,0.0357,0.0357,0.0038,0.218,False,score=0.0924<0.15
18110,23,CWE-327,121,0.0918,0.0357,0.1758,0.0357,0.0357,0.0008,0.1758,False,score=0.0918<0.15
8120,23,CWE-327,122,0.0911,0.0357,0.1742,0.0357,0.0357,0.0038,0.1742,False,score=0.0911<0.15
29650,23,CWE-327,123,0.0907,0.0357,0.1731,0.0357,0.0357,0.0122,0.1731,False,score=0.0907<0.15
1450,23,CWE-327,124,0.09,0.05,0.1392,0.0714,0.0357,0.0746,0.0756,False,score=0.0900<0.15
8163,23,CWE-327,125,0.0899,0.0357,0.1712,0.0357,0.0357,0.0038,0.1712,False,score=0.0899<0.15
307,23,CWE-327,126,0.0898,0.0786,0.1174,0.0571,0.1071,0.0693,0.3523,False,score=0.0898<0.15
22052,23,CWE-327,127,0.0897,0.1143,0.0744,0.0714,0.1786,0.2155,0.5528,False,score=0.0897<0.15
27813,23,CWE-327,128,0.0896,0.0714,0.1239,0.0571,0.0714,0.0625,0.1639,False,score=0.0896<0.15
30026,23,CWE-327,129,0.0884,0.05,0.146,0.05,0.0357,0.0701,0.0722,False,score=0.0884<0.15
19869,23,CWE-327,130,0.088,0.1143,0.0736,0.0643,0.1786,0.1005,0.4741,False,score=0.0880<0.15
3174,23,CWE-327,131,0.0867,0.0357,0.1633,0.0357,0.0357,0.0,0.1633,False,score=0.0867<0.15
31172,23,CWE-327,132,0.0862,0.0357,0.1619,0.0357,0.0357,0.0008,0.1619,False,score=0.0862<0.15
147,23,CWE-327,133,0.0861,0.0786,0.1046,0.0643,0.1429,0.2094,0.4261,False,score=0.0861<0.15
17639,23,CWE-327,134,0.0856,0.1,0.0854,0.0571,0.1429,0.096,0.3421,False,score=0.0856<0.15
1362,23,CWE-327,135,0.0855,0.0357,0.1601,0.0357,0.0357,0.0038,0.1601,False,score=0.0855<0.15
16588,23,CWE-327,136,0.0852,0.0643,0.1309,0.0357,0.0714,0.0518,0.2557,False,score=0.0852<0.15
13946,23,CWE-327,137,0.0848,0.0214,0.1798,0.0214,0.0,0.0114,0.0,False,freq_unsafe=0.000<0.02; score=0.0848<0.15
3785,23,CWE-327,138,0.0839,0.0429,0.1454,0.0429,0.0,0.0183,0.0,False,freq_unsafe=0.000<0.02; score=0.0839<0.15
2145,23,CWE-327,139,0.0838,0.0357,0.1559,0.0357,0.0357,0.0015,0.1559,False,score=0.0838<0.15
29978,23,CWE-327,140,0.0837,0.0357,0.1558,0.0357,0.0357,0.0099,0.1558,False,score=0.0837<0.15
24187,23,CWE-327,141,0.0834,0.0357,0.1548,0.0357,0.0,0.0274,0.0,False,freq_unsafe=0.000<0.02; score=0.0834<0.15
12515,23,CWE-327,142,0.0831,0.0357,0.1542,0.0357,0.0357,0.0015,0.1542,False,score=0.0831<0.15
16546,23,CWE-327,143,0.0822,0.0357,0.1518,0.0357,0.0357,0.0053,0.1795,False,score=0.0822<0.15
7925,23,CWE-327,144,0.0821,0.0357,0.1516,0.0357,0.0357,0.003,0.1882,False,score=0.0821<0.15
26339,23,CWE-327,145,0.0818,0.0357,0.1508,0.0357,0.0357,0.0008,0.1508,False,score=0.0818<0.15
15037,23,CWE-327,146,0.0814,0.0357,0.15,0.0357,0.0,0.0274,0.0,False,freq_unsafe=0.000<0.02; score=0.0814<0.15
29827,23,CWE-327,147,0.0814,0.0357,0.1498,0.0357,0.0357,0.0069,0.1729,False,score=0.0814<0.15
26264,23,CWE-327,148,0.0812,0.0357,0.1494,0.0357,0.0357,0.0,0.1494,False,score=0.0812<0.15
13600,23,CWE-327,149,0.0808,0.0357,0.1486,0.0357,0.0357,0.0015,0.1486,False,score=0.0808<0.15
10871,23,CWE-327,150,0.0808,0.0357,0.1484,0.0357,0.0357,0.0053,0.1716,False,score=0.0808<0.15
42,23,CWE-327,151,0.0808,0.0357,0.1484,0.0357,0.0357,0.0015,0.1484,False,score=0.0808<0.15
28316,23,CWE-327,152,0.0805,0.0214,0.1691,0.0214,0.0,0.0137,0.0,False,freq_unsafe=0.000<0.02; score=0.0805<0.15
17671,23,CWE-327,153,0.0804,0.0429,0.1368,0.0429,0.0,0.0449,0.0,False,freq_unsafe=0.000<0.02; score=0.0804<0.15
30652,23,CWE-327,154,0.0803,0.0357,0.1473,0.0357,0.0357,0.0076,0.1473,False,score=0.0803<0.15
4988,23,CWE-327,155,0.0803,0.0357,0.1472,0.0357,0.0357,0.0061,0.1614,False,score=0.0803<0.15
2784,23,CWE-327,156,0.0802,0.0357,0.1469,0.0357,0.0357,0.0099,0.1632,False,score=0.0802<0.15
13178,23,CWE-327,157,0.0793,0.0357,0.1482,0.0286,0.0357,0.0236,0.2018,False,score=0.0793<0.15
25781,23,CWE-327,158,0.0788,0.0429,0.1327,0.0429,0.0357,0.0267,0.0809,False,score=0.0788<0.15
21044,23,CWE-327,159,0.0782,0.0714,0.0956,0.0571,0.0714,0.0038,0.1446,False,score=0.0782<0.15
30357,23,CWE-327,160,0.078,0.0857,0.0807,0.0571,0.1071,0.0411,0.4527,False,score=0.0780<0.15
18661,23,CWE-327,161,0.0777,0.05,0.1228,0.0429,0.0357,0.032,0.1006,False,score=0.0777<0.15
19889,23,CWE-327,162,0.0775,0.0357,0.1401,0.0357,0.0357,0.0038,0.1401,False,score=0.0775<0.15
20855,23,CWE-327,163,0.0775,0.0643,0.1008,0.0571,0.0714,0.0228,0.1668,False,score=0.0775<0.15
16414,23,CWE-327,164,0.0774,0.05,0.1185,0.05,0.0,0.0305,0.0,False,freq_unsafe=0.000<0.02; score=0.0774<0.15
20336,23,CWE-327,165,0.0772,0.0286,0.1501,0.0286,0.0,0.0091,0.0,False,freq_unsafe=0.000<0.02; score=0.0772<0.15
11192,23,CWE-327,166,0.0767,0.0357,0.1382,0.0357,0.0357,0.0244,0.2063,False,score=0.0767<0.15
25563,23,CWE-327,167,0.0766,0.0357,0.1379,0.0357,0.0357,0.0,0.1379,False,score=0.0766<0.15
18776,23,CWE-327,168,0.0761,0.0357,0.1367,0.0357,0.0357,0.0008,0.1367,False,score=0.0761<0.15
19603,23,CWE-327,169,0.0758,0.0357,0.136,0.0357,0.0357,0.0008,0.136,False,score=0.0758<0.15
23362,23,CWE-327,170,0.0757,0.0786,0.0785,0.0643,0.1071,0.0724,0.233,False,score=0.0757<0.15
8038,23,CWE-327,171,0.0753,0.0357,0.1346,0.0357,0.0357,0.0015,0.1346,False,score=0.0753<0.15
11766,23,CWE-327,172,0.0746,0.0429,0.1221,0.0429,0.0,0.0221,0.0,False,freq_unsafe=0.000<0.02; score=0.0746<0.15
32583,23,CWE-327,173,0.0743,0.0357,0.1322,0.0357,0.0357,0.0015,0.1322,False,score=0.0743<0.15
15915,23,CWE-327,174,0.0742,0.0357,0.1319,0.0357,0.0357,0.0023,0.1319,False,score=0.0742<0.15
14532,23,CWE-327,175,0.074,0.0357,0.1314,0.0357,0.0357,0.0061,0.164,False,score=0.0740<0.15
304,23,CWE-327,176,0.0738,0.0357,0.1309,0.0357,0.0357,0.0,0.1309,False,score=0.0738<0.15
28990,23,CWE-327,177,0.0737,0.0357,0.1306,0.0357,0.0357,0.0046,0.1306,False,score=0.0737<0.15
15793,23,CWE-327,178,0.0733,0.0357,0.1297,0.0357,0.0357,0.0,0.1297,False,score=0.0733<0.15
4225,23,CWE-327,179,0.0731,0.0714,0.0828,0.0571,0.0714,0.0343,0.1485,False,score=0.0731<0.15
19475,23,CWE-327,180,0.0729,0.0357,0.1287,0.0357,0.0357,0.0099,0.1287,False,score=0.0729<0.15
14639,23,CWE-327,181,0.0728,0.0357,0.1285,0.0357,0.0357,0.0198,0.1445,False,score=0.0728<0.15
8503,23,CWE-327,182,0.0727,0.0286,0.1353,0.0357,0.0357,0.003,0.1688,False,score=0.0727<0.15
12030,23,CWE-327,183,0.0726,0.0357,0.1279,0.0357,0.0,0.035,0.0,False,freq_unsafe=0.000<0.02; score=0.0726<0.15
16236,23,CWE-327,184,0.0724,0.0357,0.1275,0.0357,0.0357,0.0122,0.1275,False,score=0.0724<0.15
25119,23,CWE-327,185,0.0719,0.0357,0.1261,0.0357,0.0357,0.0069,0.1261,False,score=0.0719<0.15
21733,23,CWE-327,186,0.0716,0.0357,0.1255,0.0357,0.0357,0.0,0.1255,False,score=0.0716<0.15
19643,23,CWE-327,187,0.0712,0.0357,0.1245,0.0357,0.0357,0.0015,0.1245,False,score=0.0712<0.15
12657,23,CWE-327,188,0.071,0.0357,0.124,0.0357,0.0,0.0434,0.0,False,freq_unsafe=0.000<0.02; score=0.0710<0.15
5827,23,CWE-327,189,0.0709,0.0357,0.1237,0.0357,0.0357,0.0008,0.1237,False,score=0.0709<0.15
18758,23,CWE-327,190,0.0707,0.0357,0.1232,0.0357,0.0357,0.0038,0.1232,False,score=0.0707<0.15
28582,23,CWE-327,191,0.0705,0.0357,0.1227,0.0357,0.0357,0.0015,0.1227,False,score=0.0705<0.15
1110,23,CWE-327,192,0.0703,0.0357,0.1221,0.0357,0.0357,0.003,0.1221,False,score=0.0703<0.15
1298,23,CWE-327,193,0.0702,0.0357,0.1219,0.0357,0.0,0.0168,0.0,False,freq_unsafe=0.000<0.02; score=0.0702<0.15
4419,23,CWE-327,194,0.0701,0.0357,0.1217,0.0357,0.0357,0.0015,0.1217,False,score=0.0701<0.15
16014,23,CWE-327,195,0.0696,0.0357,0.1204,0.0357,0.0357,0.0008,0.1204,False,score=0.0696<0.15
27183,23,CWE-327,196,0.0694,0.0357,0.1199,0.0357,0.0357,0.0008,0.1199,False,score=0.0694<0.15
2000,23,CWE-327,197,0.0694,0.0714,0.0841,0.0357,0.0714,0.0632,0.3226,False,score=0.0694<0.15
25380,23,CWE-327,198,0.0692,0.0357,0.1193,0.0357,0.0357,0.0,0.1193,False,score=0.0692<0.15
22730,23,CWE-327,199,0.0691,0.0786,0.0657,0.0571,0.1071,0.0586,0.2252,False,score=0.0691<0.15
29471,23,CWE-327,200,0.0691,0.0929,0.0585,0.0429,0.1071,0.1363,0.4281,False,score=0.0691<0.15
1652,23,CWE-89,1,0.7777,0.5429,1.2299,0.3429,0.5714,0.3328,2.4421,True,
17339,23,CWE-89,2,0.728,0.5714,1.0629,0.3714,0.7143,0.488,3.4103,True,
4657,23,CWE-89,3,0.7236,0.4571,1.1232,0.4571,0.5714,0.1147,1.5562,True,
10506,23,CWE-89,4,0.6659,0.4571,1.0219,0.3714,0.5714,0.2976,1.7529,True,
11168,23,CWE-89,5,0.6445,0.5143,0.9113,0.3714,0.5714,0.2984,1.7099,True,
32664,23,CWE-89,6,0.6142,0.2857,1.107,0.2857,0.2857,0.0007,1.107,True,
10719,23,CWE-89,7,0.542,0.2857,0.9694,0.2,0.2857,0.054,1.499,True,
22548,23,CWE-89,8,0.5306,0.1429,1.1121,0.1429,0.1429,0.0015,1.1121,True,
30846,23,CWE-89,9,0.5301,0.1429,1.1109,0.1429,0.1429,0.003,1.1109,True,
5028,23,CWE-89,10,0.5144,0.5714,0.6146,0.2,0.7143,0.4318,2.8468,True,
7533,23,CWE-89,11,0.5026,0.4286,0.685,0.2857,0.1429,0.3726,0.5684,True,
18076,23,CWE-89,12,0.5021,0.2,0.9409,0.2286,0.1429,0.3246,0.3106,True,
31128,23,CWE-89,13,0.4941,0.1429,1.021,0.1429,0.1429,0.0,1.021,True,
18384,23,CWE-89,14,0.4828,0.1429,0.9928,0.1429,0.1429,0.0007,0.9928,True,
1173,23,CWE-89,15,0.4799,0.2857,0.7711,0.2857,0.2857,0.0397,0.8256,True,
31296,23,CWE-89,16,0.4481,0.2857,0.7059,0.2571,0.2857,0.021,0.7972,True,
25528,23,CWE-89,17,0.4474,0.1429,0.9043,0.1429,0.1429,0.0472,0.9043,True,
10746,23,CWE-89,18,0.4314,0.2286,0.7357,0.2286,0.0,0.2136,0.0,False,freq_unsafe=0.000<0.02
30810,23,CWE-89,19,0.4292,0.1429,0.8588,0.1429,0.1429,0.0022,0.8588,True,
22630,23,CWE-89,20,0.4238,0.1429,0.8453,0.1429,0.1429,0.0045,0.8453,True,
29650,23,CWE-89,21,0.4225,0.1429,0.842,0.1429,0.1429,0.012,0.842,True,
29484,23,CWE-89,22,0.4212,0.2857,0.6672,0.2,0.4286,0.3838,1.7134,True,
16509,23,CWE-89,23,0.4073,0.1429,0.804,0.1429,0.1429,0.0165,0.804,True,
17327,23,CWE-89,24,0.4015,0.1429,0.7894,0.1429,0.1429,0.0307,0.903,True,
18215,23,CWE-89,25,0.4001,0.1429,0.7859,0.1429,0.1429,0.0015,0.7859,True,
13836,23,CWE-89,26,0.3923,0.1429,0.7665,0.1429,0.1429,0.0022,0.7665,True,
26113,23,CWE-89,27,0.3867,0.1429,0.7526,0.1429,0.1429,0.0202,0.7526,True,
22617,23,CWE-89,28,0.3798,0.1429,0.7352,0.1429,0.1429,0.015,0.8343,True,
30652,23,CWE-89,29,0.3795,0.1429,0.7345,0.1429,0.1429,0.0075,0.7345,True,
17639,23,CWE-89,30,0.3719,0.2571,0.5727,0.2,0.2857,0.096,0.8438,True,
19475,23,CWE-89,31,0.3669,0.1429,0.703,0.1429,0.1429,0.0097,0.703,True,
2165,23,CWE-89,32,0.3665,0.1429,0.7021,0.1429,0.1429,0.0007,0.7021,True,
14909,23,CWE-89,33,0.3611,0.5429,0.2886,0.1429,0.7143,0.5997,6.2123,True,
12248,23,CWE-89,34,0.3454,0.1429,0.6491,0.1429,0.1429,0.0105,0.6491,True,
29471,23,CWE-89,35,0.3375,0.2571,0.5009,0.1714,0.2857,0.1349,1.429,True,
22198,23,CWE-89,36,0.3365,0.1429,0.627,0.1429,0.1429,0.06,0.6871,True,
18929,23,CWE-89,37,0.333,0.2286,0.5181,0.1714,0.2857,0.081,0.8865,True,
4837,23,CWE-89,38,0.332,0.7143,0.03,0.1714,1.0,0.9858,15.7457,False,"both_high(fu=1.00,fs=0.99)"
16699,23,CWE-89,39,0.3174,0.1429,0.5791,0.1429,0.1429,0.0007,0.5791,True,
5612,23,CWE-89,40,0.3114,0.1429,0.5643,0.1429,0.1429,0.0037,0.628,True,
9311,23,CWE-89,41,0.3113,0.1429,0.5639,0.1429,0.1429,0.057,0.6792,True,
30089,23,CWE-89,42,0.3098,0.0571,0.6889,0.0571,0.0,0.009,0.0,False,freq_unsafe=0.000<0.02
20322,23,CWE-89,43,0.3086,0.2857,0.3858,0.2,0.2857,0.0697,0.772,True,
26322,23,CWE-89,44,0.3078,0.2571,0.3981,0.2286,0.2857,0.1259,0.7473,True,
30760,23,CWE-89,45,0.3072,0.1429,0.5537,0.1429,0.1429,0.0195,0.6665,True,
26426,23,CWE-89,46,0.3063,0.1429,0.5514,0.1429,0.0,0.1874,0.0,False,freq_unsafe=0.000<0.02
17614,23,CWE-89,47,0.3043,0.1714,0.5037,0.1714,0.0,0.1019,0.0,False,freq_unsafe=0.000<0.02
28788,23,CWE-89,48,0.2983,0.1429,0.5314,0.1429,0.1429,0.0097,0.5959,True,
30761,23,CWE-89,49,0.2977,0.1429,0.5299,0.1429,0.1429,0.009,0.5299,True,
30232,23,CWE-89,50,0.295,0.1429,0.5233,0.1429,0.1429,0.003,0.5233,True,
20507,23,CWE-89,51,0.2945,0.1429,0.5219,0.1429,0.1429,0.0232,0.5843,True,
9509,23,CWE-89,52,0.2921,0.1429,0.5159,0.1429,0.1429,0.0172,0.5159,True,
8486,23,CWE-89,53,0.2915,0.1429,0.5144,0.1429,0.1429,0.0127,0.5144,True,
23293,23,CWE-89,54,0.2876,0.1429,0.5048,0.1429,0.1429,0.0045,0.5048,True,
14449,23,CWE-89,55,0.2872,0.2857,0.3324,0.2,0.2857,0.2541,1.0495,True,
7546,23,CWE-89,56,0.287,0.2,0.4746,0.0857,0.1429,0.1529,0.4855,True,
10554,23,CWE-89,57,0.285,0.1429,0.4981,0.1429,0.1429,0.0075,0.5776,True,
24127,23,CWE-89,58,0.2849,0.1429,0.498,0.1429,0.1429,0.018,0.498,True,
5821,23,CWE-89,59,0.2846,0.1429,0.4973,0.1429,0.1429,0.0007,0.4973,True,
28705,23,CWE-89,60,0.2812,0.1429,0.4887,0.1429,0.1429,0.0022,0.4887,True,
17738,23,CWE-89,61,0.2798,0.1429,0.4853,0.1429,0.1429,0.0037,0.4853,True,
24680,23,CWE-89,62,0.2771,0.1429,0.4785,0.1429,0.1429,0.0037,0.4785,True,
15648,23,CWE-89,63,0.2715,0.1429,0.4644,0.1429,0.1429,0.006,0.4644,True,
19889,23,CWE-89,64,0.2703,0.1429,0.4614,0.1429,0.1429,0.0037,0.4614,True,
4916,23,CWE-89,65,0.2696,0.1429,0.4596,0.1429,0.1429,0.0105,0.4596,True,
3482,23,CWE-89,66,0.2649,0.1429,0.448,0.1429,0.1429,0.0022,0.448,True,
12228,23,CWE-89,67,0.2628,0.1429,0.4428,0.1429,0.0,0.1207,0.0,False,freq_unsafe=0.000<0.02
19202,23,CWE-89,68,0.2609,0.1429,0.438,0.1429,0.1429,0.003,0.438,True,
7405,23,CWE-89,69,0.2608,0.1429,0.4377,0.1429,0.1429,0.0202,0.521,True,
30231,23,CWE-89,70,0.2593,0.1429,0.4338,0.1429,0.1429,0.1912,0.3725,True,
3196,23,CWE-89,71,0.2582,0.1429,0.4311,0.1429,0.0,0.1874,0.0,False,freq_unsafe=0.000<0.02
27576,23,CWE-89,72,0.257,0.1429,0.4282,0.1429,0.1429,0.0142,0.4282,True,
9677,23,CWE-89,73,0.2528,0.1429,0.4177,0.1429,0.1429,0.0,0.4177,True,
16236,23,CWE-89,74,0.2515,0.1429,0.4146,0.1429,0.1429,0.012,0.4146,True,
16242,23,CWE-89,75,0.251,0.1429,0.4133,0.1429,0.1429,0.006,0.4133,True,
25118,23,CWE-89,76,0.248,0.1429,0.4056,0.1429,0.1429,0.0,0.4056,True,
27118,23,CWE-89,77,0.2479,0.1429,0.4055,0.1429,0.1429,0.0045,0.4055,True,
307,23,CWE-89,78,0.247,0.1143,0.4462,0.1143,0.0,0.0705,0.0,False,freq_unsafe=0.000<0.02
3518,23,CWE-89,79,0.2465,0.1429,0.4021,0.1429,0.1429,0.0045,0.4021,True,
15336,23,CWE-89,80,0.2455,0.1714,0.3567,0.1714,0.0,0.1859,0.0,False,freq_unsafe=0.000<0.02
17464,23,CWE-89,81,0.2454,0.1714,0.3563,0.1714,0.0,0.2421,0.0,False,freq_unsafe=0.000<0.02
22907,23,CWE-89,82,0.2428,0.1429,0.3926,0.1429,0.1429,0.0112,0.3926,True,
16109,23,CWE-89,83,0.2427,0.1429,0.3924,0.1429,0.1429,0.03,0.4536,True,
27668,23,CWE-89,84,0.2386,0.1429,0.3823,0.1429,0.1429,0.0075,0.3823,True,
18939,23,CWE-89,85,0.2373,0.1429,0.3789,0.1429,0.1429,0.0045,0.3789,True,
26726,23,CWE-89,86,0.2355,0.1429,0.3745,0.1429,0.1429,0.0517,0.5123,True,
20131,23,CWE-89,87,0.2347,0.1714,0.3296,0.1714,0.2857,0.0697,0.5627,True,
12015,23,CWE-89,88,0.2341,0.1143,0.4137,0.1143,0.1429,0.003,0.5222,True,
8317,23,CWE-89,89,0.2337,0.1429,0.3701,0.1429,0.1429,0.0,0.3701,True,
28500,23,CWE-89,90,0.2332,0.1429,0.3688,0.1429,0.1429,0.0247,0.3688,True,
19291,23,CWE-89,91,0.2326,0.1429,0.3672,0.1429,0.1429,0.0825,0.5378,True,
994,23,CWE-89,92,0.2321,0.1429,0.3659,0.1429,0.1429,0.0007,0.3659,True,
26493,23,CWE-89,93,0.2315,0.1429,0.3644,0.1429,0.1429,0.0165,0.3644,True,
17671,23,CWE-89,94,0.2293,0.1143,0.4019,0.1143,0.0,0.0442,0.0,False,freq_unsafe=0.000<0.02
21414,23,CWE-89,95,0.2293,0.1429,0.3588,0.1429,0.1429,0.0,0.3588,True,
13965,23,CWE-89,96,0.2291,0.1429,0.3585,0.1429,0.1429,0.012,0.3585,True,
32715,23,CWE-89,97,0.2277,0.1429,0.3549,0.1429,0.1429,0.0052,0.3549,True,
7986,23,CWE-89,98,0.2272,0.2286,0.2536,0.1714,0.2857,0.2354,0.9092,True,
8063,23,CWE-89,99,0.227,0.1429,0.3674,0.1143,0.1429,0.0097,0.4695,True,
28273,23,CWE-89,100,0.226,0.1429,0.3507,0.1429,0.1429,0.0232,0.4995,True,
8666,23,CWE-89,101,0.2259,0.1429,0.3504,0.1429,0.0,0.1784,0.0,False,freq_unsafe=0.000<0.02
13465,23,CWE-89,102,0.2235,0.1429,0.3588,0.1143,0.1429,0.0172,0.4679,True,
13764,23,CWE-89,103,0.2234,0.1429,0.3442,0.1429,0.1429,0.0,0.3442,True,
24305,23,CWE-89,104,0.2227,0.1429,0.3424,0.1429,0.1429,0.0075,0.3424,True,
11770,23,CWE-89,105,0.2219,0.1143,0.3692,0.1429,0.1429,0.0262,0.4594,True,
2763,23,CWE-89,106,0.2219,0.1429,0.3406,0.1429,0.1429,0.0015,0.3406,True,
12389,23,CWE-89,107,0.2218,0.1429,0.3402,0.1429,0.1429,0.0007,0.3402,True,
13628,23,CWE-89,108,0.2214,0.1429,0.3391,0.1429,0.0,0.0975,0.0,False,freq_unsafe=0.000<0.02
27173,23,CWE-89,109,0.2172,0.1429,0.3288,0.1429,0.1429,0.0112,0.4648,True,
21977,23,CWE-89,110,0.2172,0.1429,0.3287,0.1429,0.1429,0.0165,0.3287,True,
32547,23,CWE-89,111,0.2167,0.1429,0.3275,0.1429,0.1429,0.0127,0.3275,True,
10426,23,CWE-89,112,0.2163,0.1429,0.3265,0.1429,0.1429,0.0052,0.3265,True,
501,23,CWE-89,113,0.2159,0.1429,0.3254,0.1429,0.1429,0.0097,0.3254,True,
30545,23,CWE-89,114,0.2147,0.1429,0.3224,0.1429,0.1429,0.0022,0.3224,True,
20855,23,CWE-89,115,0.2134,0.1429,0.3193,0.1429,0.1429,0.0232,0.3193,True,
14315,23,CWE-89,116,0.2129,0.1429,0.318,0.1429,0.0,0.1957,0.0,False,freq_unsafe=0.000<0.02
3856,23,CWE-89,117,0.2117,0.1429,0.3149,0.1429,0.1429,0.0,0.3149,True,
5044,23,CWE-89,118,0.2115,0.1429,0.3145,0.1429,0.1429,0.0,0.3145,True,
1360,23,CWE-89,119,0.2113,0.0857,0.3996,0.0857,0.0,0.033,0.0,False,freq_unsafe=0.000<0.02
11570,23,CWE-89,120,0.2102,0.1429,0.3111,0.1429,0.0,0.0585,0.0,False,freq_unsafe=0.000<0.02
15135,23,CWE-89,121,0.2096,0.1429,0.3096,0.1429,0.0,0.1867,0.0,False,freq_unsafe=0.000<0.02
780,23,CWE-89,122,0.2094,0.1143,0.3521,0.1143,0.0,0.0795,0.0,False,freq_unsafe=0.000<0.02
1450,23,CWE-89,123,0.2085,0.1429,0.307,0.1429,0.1429,0.0735,0.4272,True,
18465,23,CWE-89,124,0.2085,0.1429,0.3069,0.1429,0.1429,0.0195,0.3712,True,
24337,23,CWE-89,125,0.2081,0.1429,0.306,0.1429,0.1429,0.0045,0.306,True,
19149,23,CWE-89,126,0.2074,0.1429,0.3042,0.1429,0.0,0.1784,0.0,False,freq_unsafe=0.000<0.02
376,23,CWE-89,127,0.2071,0.1429,0.3034,0.1429,0.1429,0.0007,0.3034,True,
469,23,CWE-89,128,0.2068,0.1143,0.3455,0.1143,0.0,0.0802,0.0,False,freq_unsafe=0.000<0.02
30357,23,CWE-89,129,0.2067,0.0286,0.4738,0.0286,0.0,0.0427,0.0,False,freq_unsafe=0.000<0.02
5606,23,CWE-89,130,0.2043,0.1429,0.2964,0.1429,0.0,0.1829,0.0,False,freq_unsafe=0.000<0.02
16957,23,CWE-89,131,0.2024,0.1429,0.2917,0.1429,0.1429,0.0045,0.2917,True,
9815,23,CWE-89,132,0.2003,0.1429,0.2865,0.1429,0.1429,0.0082,0.2865,True,
27919,23,CWE-89,133,0.1979,0.1429,0.2805,0.1429,0.1429,0.0,0.2805,True,
14385,23,CWE-89,134,0.1967,0.1429,0.2775,0.1429,0.1429,0.0045,0.2775,True,
23479,23,CWE-89,135,0.1967,0.1429,0.2774,0.1429,0.1429,0.0255,0.2774,True,
19169,23,CWE-89,136,0.1953,0.1429,0.2883,0.1143,0.1429,0.0045,0.4104,True,
10548,23,CWE-89,137,0.1932,0.1429,0.2687,0.1429,0.1429,0.003,0.2687,True,
13276,23,CWE-89,138,0.1931,0.3429,0.0828,0.1143,0.2857,0.3201,1.1046,True,
15338,23,CWE-89,139,0.193,0.1429,0.2683,0.1429,0.0,0.1777,0.0,False,freq_unsafe=0.000<0.02
1082,23,CWE-89,140,0.1921,0.2571,0.1804,0.0857,0.2857,0.1544,0.7532,True,
147,23,CWE-89,141,0.1812,0.2857,0.0958,0.1429,0.1429,0.2084,0.8929,True,
26719,23,CWE-89,142,0.1807,0.1429,0.2375,0.1429,0.1429,0.0097,0.2911,True,
3745,23,CWE-89,143,0.1801,0.1429,0.2503,0.1143,0.1429,0.0667,0.6032,True,
23362,23,CWE-89,144,0.1726,0.1143,0.2601,0.1143,0.0,0.0735,0.0,False,freq_unsafe=0.000<0.02
25458,23,CWE-89,145,0.1713,0.1429,0.2282,0.1143,0.1429,0.0427,0.3095,True,
16588,23,CWE-89,146,0.1672,0.1429,0.2181,0.1143,0.1429,0.0517,0.2806,True,
11192,23,CWE-89,147,0.1652,0.1429,0.2131,0.1143,0.1429,0.024,0.413,True,
29780,23,CWE-89,148,0.1648,0.0571,0.3264,0.0571,0.0,0.0292,0.0,False,freq_unsafe=0.000<0.02
31186,23,CWE-89,149,0.161,0.1143,0.231,0.1143,0.0,0.0877,0.0,False,freq_unsafe=0.000<0.02
22860,23,CWE-89,150,0.1606,0.1429,0.2014,0.1143,0.1429,0.012,0.2675,True,
6915,23,CWE-89,151,0.1595,0.1429,0.1987,0.1143,0.1429,0.0157,0.2822,True,
25006,23,CWE-89,152,0.1576,0.1429,0.1798,0.1429,0.1429,0.087,0.4752,True,
16949,23,CWE-89,153,0.1573,0.0571,0.3075,0.0571,0.0,0.0105,0.0,False,freq_unsafe=0.000<0.02
19869,23,CWE-89,154,0.157,0.1143,0.2211,0.1143,0.1429,0.1019,0.5562,True,
22730,23,CWE-89,155,0.1559,0.0857,0.2611,0.0857,0.0,0.06,0.0,False,freq_unsafe=0.000<0.02
27773,23,CWE-89,156,0.1526,0.1143,0.2102,0.1143,0.1429,0.2324,0.3172,True,
30026,23,CWE-89,157,0.152,0.0857,0.2515,0.0857,0.0,0.0697,0.0,False,freq_unsafe=0.000<0.02
24712,23,CWE-89,158,0.1515,0.2286,0.0787,0.1429,0.1429,0.2084,0.691,True,
20243,23,CWE-89,159,0.1512,0.0857,0.2495,0.0857,0.0,0.0232,0.0,False,freq_unsafe=0.000<0.02
28220,23,CWE-89,160,0.1507,0.1429,0.1767,0.1143,0.1429,0.021,0.359,True,
11483,23,CWE-89,161,0.1507,0.0571,0.291,0.0571,0.0,0.0195,0.0,False,freq_unsafe=0.000<0.02
13791,23,CWE-89,162,0.1494,0.1429,0.1736,0.1143,0.1429,0.0375,0.3114,False,score=0.1494<0.15
23707,23,CWE-89,163,0.149,0.1429,0.1725,0.1143,0.1429,0.0247,0.4633,False,score=0.1490<0.15
6969,23,CWE-89,164,0.1469,0.0571,0.2815,0.0571,0.0,0.0067,0.0,False,freq_unsafe=0.000<0.02; score=0.1469<0.15
4950,23,CWE-89,165,0.1466,0.0571,0.2808,0.0571,0.0,0.0712,0.0,False,freq_unsafe=0.000<0.02; score=0.1466<0.15
3784,23,CWE-89,166,0.1452,0.1143,0.1916,0.1143,0.1429,0.0442,0.3123,False,score=0.1452<0.15
10196,23,CWE-89,167,0.1431,0.1429,0.1578,0.1143,0.1429,0.0217,0.4148,False,score=0.1431<0.15
19087,23,CWE-89,168,0.1429,0.2286,0.0716,0.1143,0.2857,0.3126,0.9776,False,score=0.1429<0.15
22052,23,CWE-89,169,0.1403,0.1714,0.1364,0.0857,0.1429,0.2151,0.4704,False,score=0.1403<0.15
24399,23,CWE-89,170,0.1399,0.1143,0.1784,0.1143,0.1429,0.027,0.2975,False,score=0.1399<0.15
684,23,CWE-89,171,0.1375,0.1429,0.1437,0.1143,0.1429,0.015,0.3724,False,score=0.1375<0.15
12030,23,CWE-89,172,0.1369,0.0857,0.2136,0.0857,0.0,0.0345,0.0,False,freq_unsafe=0.000<0.02; score=0.1369<0.15
30753,23,CWE-89,173,0.1358,0.0571,0.2539,0.0571,0.0,0.0187,0.0,False,freq_unsafe=0.000<0.02; score=0.1358<0.15
13399,23,CWE-89,174,0.1345,0.0857,0.2076,0.0857,0.0,0.0885,0.0,False,freq_unsafe=0.000<0.02; score=0.1345<0.15
18087,23,CWE-89,175,0.1334,0.0857,0.2049,0.0857,0.0,0.0187,0.0,False,freq_unsafe=0.000<0.02; score=0.1334<0.15
27023,23,CWE-89,176,0.1314,0.0857,0.2,0.0857,0.0,0.039,0.0,False,freq_unsafe=0.000<0.02; score=0.1314<0.15
20866,23,CWE-89,177,0.1313,0.0857,0.1997,0.0857,0.0,0.03,0.0,False,freq_unsafe=0.000<0.02; score=0.1313<0.15
10311,23,CWE-89,178,0.1312,0.0571,0.2422,0.0571,0.0,0.0165,0.0,False,freq_unsafe=0.000<0.02; score=0.1312<0.15
15397,23,CWE-89,179,0.1266,0.1429,0.1164,0.1143,0.1429,0.0757,0.4308,False,score=0.1266<0.15
17485,23,CWE-89,180,0.1263,0.0857,0.1873,0.0857,0.0,0.006,0.0,False,freq_unsafe=0.000<0.02; score=0.1263<0.15
13849,23,CWE-89,181,0.1247,0.0571,0.226,0.0571,0.0,0.0255,0.0,False,freq_unsafe=0.000<0.02; score=0.1247<0.15
4132,23,CWE-89,182,0.1229,0.0571,0.2215,0.0571,0.0,0.0045,0.0,False,freq_unsafe=0.000<0.02; score=0.1229<0.15
349,23,CWE-89,183,0.1219,0.1429,0.119,0.0857,0.1429,0.0157,0.3063,False,score=0.1219<0.15
1483,23,CWE-89,184,0.1216,0.0571,0.2182,0.0571,0.0,0.024,0.0,False,freq_unsafe=0.000<0.02; score=0.1216<0.15
13783,23,CWE-89,185,0.1214,0.0571,0.2179,0.0571,0.0,0.012,0.0,False,freq_unsafe=0.000<0.02; score=0.1214<0.15
21957,23,CWE-89,186,0.1213,0.0286,0.2605,0.0286,0.0,0.003,0.0,False,freq_unsafe=0.000<0.02; score=0.1213<0.15
20296,23,CWE-89,187,0.1211,0.1429,0.1171,0.0857,0.1429,0.1762,0.3142,False,score=0.1211<0.15
11011,23,CWE-89,188,0.1206,0.0286,0.2586,0.0286,0.0,0.0067,0.0,False,freq_unsafe=0.000<0.02; score=0.1206<0.15
9536,23,CWE-89,189,0.1203,0.0857,0.1721,0.0857,0.0,0.0532,0.0,False,freq_unsafe=0.000<0.02; score=0.1203<0.15
13462,23,CWE-89,190,0.1196,0.0571,0.2134,0.0571,0.0,0.0217,0.0,False,freq_unsafe=0.000<0.02; score=0.1196<0.15
32230,23,CWE-89,191,0.1182,0.0286,0.2526,0.0286,0.0,0.0007,0.0,False,freq_unsafe=0.000<0.02; score=0.1182<0.15
31031,23,CWE-89,192,0.118,0.0571,0.2094,0.0571,0.0,0.0097,0.0,False,freq_unsafe=0.000<0.02; score=0.1180<0.15
26179,23,CWE-89,193,0.1158,0.0571,0.2039,0.0571,0.0,0.006,0.0,False,freq_unsafe=0.000<0.02; score=0.1158<0.15
27659,23,CWE-89,194,0.1151,0.0286,0.245,0.0286,0.0,0.0007,0.0,False,freq_unsafe=0.000<0.02; score=0.1151<0.15
8814,23,CWE-89,195,0.1122,0.0571,0.1948,0.0571,0.0,0.0067,0.0,False,freq_unsafe=0.000<0.02; score=0.1122<0.15
3822,23,CWE-89,196,0.1117,0.0571,0.1935,0.0571,0.0,0.0135,0.0,False,freq_unsafe=0.000<0.02; score=0.1117<0.15
16660,23,CWE-89,197,0.1115,0.0571,0.1932,0.0571,0.0,0.0172,0.0,False,freq_unsafe=0.000<0.02; score=0.1115<0.15
6548,23,CWE-89,198,0.1111,0.1714,0.0634,0.0857,0.1429,0.1424,0.3934,False,score=0.1111<0.15
31067,23,CWE-89,199,0.1108,0.0571,0.1912,0.0571,0.0,0.0052,0.0,False,freq_unsafe=0.000<0.02; score=0.1108<0.15
2119,23,CWE-89,200,0.1107,0.0286,0.2338,0.0286,0.0,0.0075,0.0,False,freq_unsafe=0.000<0.02; score=0.1107<0.15
14909,23,CWE-338,1,1.211,0.44,2.4676,0.24,0.4,0.601,2.6823,True,
30357,23,CWE-338,2,1.0611,0.2,2.3527,0.2,0.2,0.0419,2.4703,True,
4837,23,CWE-338,3,1.0101,0.64,1.7252,0.32,1.0,0.9858,14.2901,False,"both_high(fu=1.00,fs=0.99)"
19087,23,CWE-338,4,0.995,0.48,1.7675,0.48,0.0,0.3136,0.0,False,freq_unsafe=0.000<0.02
5028,23,CWE-338,5,0.8042,0.36,1.4506,0.4,0.2,0.4341,0.4332,True,
147,23,CWE-338,6,0.7705,0.4,1.3262,0.4,0.0,0.2088,0.0,False,freq_unsafe=0.000<0.02
1652,23,CWE-338,7,0.7067,0.36,1.2266,0.36,0.0,0.3353,0.0,False,freq_unsafe=0.000<0.02
15671,23,CWE-338,8,0.6999,0.2,1.4496,0.2,0.2,0.0142,1.4496,True,
25525,23,CWE-338,9,0.6883,0.2,1.4207,0.2,0.2,0.0157,1.4207,True,
30231,23,CWE-338,10,0.6551,0.24,1.2778,0.24,0.4,0.1901,2.2576,True,
7533,23,CWE-338,11,0.6529,0.36,1.0722,0.4,0.6,0.3705,1.868,True,
5606,23,CWE-338,12,0.6366,0.44,0.9315,0.44,0.6,0.1804,1.2636,True,
19291,23,CWE-338,13,0.6211,0.4,0.9527,0.4,0.4,0.0816,1.1327,True,
780,23,CWE-338,14,0.6128,0.4,0.932,0.4,0.4,0.0778,1.099,True,
24712,23,CWE-338,15,0.584,0.32,0.9801,0.32,0.0,0.2088,0.0,False,freq_unsafe=0.000<0.02
25256,23,CWE-338,16,0.5692,0.28,1.0031,0.28,0.0,0.2972,0.0,False,freq_unsafe=0.000<0.02
4950,23,CWE-338,17,0.5636,0.4,0.8691,0.28,0.4,0.0696,1.7385,True,
18690,23,CWE-338,18,0.5514,0.2,1.0786,0.2,0.2,0.0045,1.0786,True,
7779,23,CWE-338,19,0.5463,0.2,1.0658,0.2,0.2,0.0202,1.0658,True,
20296,23,CWE-338,20,0.5286,0.4,0.7415,0.36,0.4,0.1751,1.014,True,
11168,23,CWE-338,21,0.5252,0.24,0.9529,0.24,0.0,0.3009,0.0,False,freq_unsafe=0.000<0.02
15397,23,CWE-338,22,0.52,0.4,0.7401,0.32,0.4,0.0749,0.9839,True,
26426,23,CWE-338,23,0.5146,0.24,0.9264,0.24,0.4,0.1856,1.544,True,
9222,23,CWE-338,24,0.5013,0.2,0.9532,0.2,0.2,0.0778,1.2873,True,
18076,23,CWE-338,25,0.5003,0.28,0.8307,0.28,0.2,0.3241,0.4752,True,
10506,23,CWE-338,26,0.4791,0.32,0.7576,0.24,0.4,0.2987,1.3737,True,
25814,23,CWE-338,27,0.4732,0.2,0.883,0.2,0.2,0.0232,0.883,True,
17339,23,CWE-338,28,0.4686,0.52,0.5314,0.24,0.6,0.4888,2.7782,True,
469,23,CWE-338,29,0.4559,0.4,0.5797,0.32,0.4,0.0786,0.8465,True,
3196,23,CWE-338,30,0.4337,0.24,0.7242,0.24,0.4,0.1856,1.2071,True,
29484,23,CWE-338,31,0.4313,0.32,0.6383,0.24,0.4,0.384,2.503,True,
23867,23,CWE-338,32,0.4261,0.2,0.7653,0.2,0.2,0.003,0.7653,True,
3034,23,CWE-338,33,0.4099,0.2,0.7247,0.2,0.2,0.0015,0.7247,True,
13628,23,CWE-338,34,0.4071,0.24,0.6577,0.24,0.0,0.0973,0.0,False,freq_unsafe=0.000<0.02
23375,23,CWE-338,35,0.3922,0.2,0.6804,0.2,0.2,0.015,0.6804,True,
8666,23,CWE-338,36,0.3795,0.24,0.5886,0.24,0.4,0.1766,0.9811,True,
2549,23,CWE-338,37,0.3792,0.2,0.648,0.2,0.2,0.0015,0.648,True,
7986,23,CWE-338,38,0.3735,0.2,0.6338,0.2,0.0,0.2365,0.0,False,freq_unsafe=0.000<0.02
30830,23,CWE-338,39,0.3719,0.2,0.6299,0.2,0.2,0.0135,0.6299,True,
14315,23,CWE-338,40,0.3577,0.24,0.5343,0.24,0.4,0.1939,0.8904,True,
15116,23,CWE-338,41,0.3575,0.24,0.5338,0.24,0.4,0.1789,0.8896,True,
32645,23,CWE-338,42,0.3522,0.2,0.5804,0.2,0.2,0.0007,0.5804,True,
19149,23,CWE-338,43,0.3484,0.24,0.511,0.24,0.4,0.1766,0.8517,True,
20395,23,CWE-338,44,0.344,0.2,0.5601,0.2,0.2,0.0404,0.6521,True,
27773,23,CWE-338,45,0.3421,0.2,0.5551,0.2,0.0,0.2328,0.0,False,freq_unsafe=0.000<0.02
15336,23,CWE-338,46,0.3396,0.24,0.489,0.24,0.4,0.1841,0.815,True,
30064,23,CWE-338,47,0.3375,0.2,0.5439,0.2,0.2,0.018,0.5439,True,
14617,23,CWE-338,48,0.3293,0.2,0.5233,0.2,0.2,0.0,0.5233,True,
22050,23,CWE-338,49,0.3258,0.2,0.5146,0.2,0.2,0.003,0.5146,True,
15338,23,CWE-338,50,0.3243,0.24,0.4507,0.24,0.4,0.1759,0.7511,True,
17327,23,CWE-338,51,0.324,0.2,0.5301,0.16,0.2,0.0307,0.7951,True,
19035,23,CWE-338,52,0.3192,0.2,0.498,0.2,0.2,0.0007,0.498,True,
6548,23,CWE-338,53,0.3174,0.16,0.5534,0.16,0.0,0.143,0.0,False,freq_unsafe=0.000<0.02
22052,23,CWE-338,54,0.3161,0.16,0.5501,0.16,0.0,0.2156,0.0,False,freq_unsafe=0.000<0.02
13399,23,CWE-338,55,0.3155,0.2,0.4889,0.2,0.2,0.0876,0.4889,True,
26029,23,CWE-338,56,0.3133,0.2,0.4833,0.2,0.2,0.006,0.4833,True,
8271,23,CWE-338,57,0.3072,0.2,0.4679,0.2,0.2,0.0105,0.4679,True,
30953,23,CWE-338,58,0.302,0.2,0.4549,0.2,0.2,0.0045,0.4549,True,
9477,23,CWE-338,59,0.3002,0.2,0.4504,0.2,0.2,0.009,0.4504,True,
7846,23,CWE-338,60,0.2964,0.12,0.5611,0.12,0.0,0.0127,0.0,False,freq_unsafe=0.000<0.02
14256,23,CWE-338,61,0.2951,0.2,0.4377,0.2,0.2,0.0254,0.4377,True,
15135,23,CWE-338,62,0.2926,0.2,0.4315,0.2,0.4,0.1849,0.867,True,
16503,23,CWE-338,63,0.2914,0.2,0.4284,0.2,0.2,0.0501,0.5253,True,
16588,23,CWE-338,64,0.2885,0.2,0.4412,0.16,0.2,0.0516,0.5731,True,
30760,23,CWE-338,65,0.2877,0.12,0.5393,0.12,0.0,0.0202,0.0,False,freq_unsafe=0.000<0.02
1450,23,CWE-338,66,0.2809,0.16,0.4622,0.16,0.0,0.0741,0.0,False,freq_unsafe=0.000<0.02
23828,23,CWE-338,67,0.2802,0.2,0.4005,0.2,0.2,0.0,0.4005,True,
6657,23,CWE-338,68,0.2718,0.2,0.3796,0.2,0.2,0.0142,0.3796,True,
21207,23,CWE-338,69,0.2698,0.2,0.3745,0.2,0.2,0.0075,0.3745,True,
12228,23,CWE-338,70,0.2687,0.2,0.3718,0.2,0.2,0.1198,0.4167,True,
6229,23,CWE-338,71,0.2634,0.08,0.5385,0.08,0.0,0.0142,0.0,False,freq_unsafe=0.000<0.02
7653,23,CWE-338,72,0.2625,0.08,0.5362,0.08,0.0,0.003,0.0,False,freq_unsafe=0.000<0.02
15398,23,CWE-338,73,0.2543,0.12,0.4557,0.12,0.0,0.0232,0.0,False,freq_unsafe=0.000<0.02
10719,23,CWE-338,74,0.2537,0.08,0.5144,0.08,0.0,0.0554,0.0,False,freq_unsafe=0.000<0.02
13921,23,CWE-338,75,0.2511,0.04,0.5677,0.04,0.0,0.0292,0.0,False,freq_unsafe=0.000<0.02
29471,23,CWE-338,76,0.251,0.12,0.4475,0.12,0.0,0.1362,0.0,False,freq_unsafe=0.000<0.02
1082,23,CWE-338,77,0.2482,0.12,0.4405,0.12,0.0,0.1557,0.0,False,freq_unsafe=0.000<0.02
10746,23,CWE-338,78,0.2426,0.24,0.2866,0.16,0.4,0.2118,1.1059,True,
13723,23,CWE-338,79,0.2284,0.2,0.2909,0.16,0.2,0.0195,0.4463,True,
23281,23,CWE-338,80,0.2282,0.12,0.3906,0.12,0.0,0.015,0.0,False,freq_unsafe=0.000<0.02
1386,23,CWE-338,81,0.2256,0.12,0.384,0.12,0.0,0.024,0.0,False,freq_unsafe=0.000<0.02
20131,23,CWE-338,82,0.225,0.2,0.2825,0.16,0.2,0.0704,0.3852,True,
18882,23,CWE-338,83,0.223,0.08,0.4375,0.08,0.0,0.0262,0.0,False,freq_unsafe=0.000<0.02
15124,23,CWE-338,84,0.2179,0.08,0.4248,0.08,0.0,0.0105,0.0,False,freq_unsafe=0.000<0.02
2524,23,CWE-338,85,0.216,0.04,0.48,0.04,0.0,0.0015,0.0,False,freq_unsafe=0.000<0.02
9311,23,CWE-338,86,0.2123,0.12,0.3508,0.12,0.0,0.0576,0.0,False,freq_unsafe=0.000<0.02
1490,23,CWE-338,87,0.2094,0.04,0.4634,0.04,0.0,0.0082,0.0,False,freq_unsafe=0.000<0.02
26125,23,CWE-338,88,0.2059,0.12,0.3347,0.12,0.0,0.0299,0.0,False,freq_unsafe=0.000<0.02
13276,23,CWE-338,89,0.203,0.2,0.2076,0.2,0.2,0.3204,0.49,True,
28316,23,CWE-338,90,0.201,0.04,0.4425,0.04,0.0,0.0135,0.0,False,freq_unsafe=0.000<0.02
18843,23,CWE-338,91,0.2007,0.2,0.2217,0.16,0.2,0.0404,0.5924,True,
27356,23,CWE-338,92,0.1983,0.2,0.2156,0.16,0.2,0.024,0.4626,True,
19869,23,CWE-338,93,0.1978,0.2,0.1945,0.2,0.2,0.1018,0.5454,True,
25119,23,CWE-338,94,0.1952,0.08,0.368,0.08,0.0,0.0075,0.0,False,freq_unsafe=0.000<0.02
8515,23,CWE-338,95,0.1879,0.12,0.2898,0.12,0.0,0.0247,0.0,False,freq_unsafe=0.000<0.02
22198,23,CWE-338,96,0.1838,0.2,0.1796,0.16,0.2,0.0599,0.4213,True,
25006,23,CWE-338,97,0.1821,0.12,0.2752,0.12,0.0,0.0876,0.0,False,freq_unsafe=0.000<0.02
25940,23,CWE-338,98,0.1812,0.08,0.333,0.08,0.0,0.0127,0.0,False,freq_unsafe=0.000<0.02
17464,23,CWE-338,99,0.18,0.24,0.1099,0.2,0.4,0.2403,0.7777,True,
7546,23,CWE-338,100,0.1784,0.08,0.326,0.08,0.0,0.1534,0.0,False,freq_unsafe=0.000<0.02
21756,23,CWE-338,101,0.1743,0.08,0.3158,0.08,0.0,0.0187,0.0,False,freq_unsafe=0.000<0.02
27813,23,CWE-338,102,0.1739,0.12,0.2547,0.12,0.0,0.0629,0.0,False,freq_unsafe=0.000<0.02
4055,23,CWE-338,103,0.1694,0.12,0.2435,0.12,0.0,0.0464,0.0,False,freq_unsafe=0.000<0.02
25781,23,CWE-338,104,0.1684,0.08,0.3011,0.08,0.0,0.0269,0.0,False,freq_unsafe=0.000<0.02
14449,23,CWE-338,105,0.1653,0.28,0.0132,0.24,0.4,0.2537,0.9284,True,
25528,23,CWE-338,106,0.1625,0.08,0.2863,0.08,0.0,0.0479,0.0,False,freq_unsafe=0.000<0.02
24646,23,CWE-338,107,0.1595,0.04,0.3388,0.04,0.0,0.0015,0.0,False,freq_unsafe=0.000<0.02
6173,23,CWE-338,108,0.1593,0.08,0.2782,0.08,0.0,0.0052,0.0,False,freq_unsafe=0.000<0.02
11855,23,CWE-338,109,0.1573,0.04,0.3334,0.04,0.0,0.0052,0.0,False,freq_unsafe=0.000<0.02
10159,23,CWE-338,110,0.1571,0.04,0.3328,0.04,0.0,0.0007,0.0,False,freq_unsafe=0.000<0.02
13486,23,CWE-338,111,0.1563,0.16,0.1307,0.2,0.2,0.0546,0.3881,True,
15038,23,CWE-338,112,0.1543,0.04,0.3257,0.04,0.0,0.0007,0.0,False,freq_unsafe=0.000<0.02
4402,23,CWE-338,113,0.1538,0.08,0.2646,0.08,0.0,0.018,0.0,False,freq_unsafe=0.000<0.02
19921,23,CWE-338,114,0.1537,0.04,0.3243,0.04,0.0,0.0007,0.0,False,freq_unsafe=0.000<0.02
14476,23,CWE-338,115,0.1522,0.04,0.3204,0.04,0.0,0.0067,0.0,False,freq_unsafe=0.000<0.02
17639,23,CWE-338,116,0.1518,0.08,0.2595,0.08,0.0,0.0973,0.0,False,freq_unsafe=0.000<0.02
3357,23,CWE-338,117,0.15,0.08,0.2549,0.08,0.0,0.0225,0.0,False,freq_unsafe=0.000<0.02; score=0.1500<0.15
17671,23,CWE-338,118,0.1438,0.08,0.2395,0.08,0.0,0.0442,0.0,False,freq_unsafe=0.000<0.02; score=0.1438<0.15
30956,23,CWE-338,119,0.1436,0.04,0.299,0.04,0.0,0.0022,0.0,False,freq_unsafe=0.000<0.02; score=0.1436<0.15
1511,23,CWE-338,120,0.1432,0.04,0.2979,0.04,0.0,0.0172,0.0,False,freq_unsafe=0.000<0.02; score=0.1432<0.15
25161,23,CWE-338,121,0.1404,0.08,0.2309,0.08,0.0,0.0322,0.0,False,freq_unsafe=0.000<0.02; score=0.1404<0.15
15619,23,CWE-338,122,0.1394,0.04,0.2885,0.04,0.0,0.0037,0.0,False,freq_unsafe=0.000<0.02; score=0.1394<0.15
12977,23,CWE-338,123,0.1387,0.08,0.2268,0.08,0.0,0.0082,0.0,False,freq_unsafe=0.000<0.02; score=0.1387<0.15
28058,23,CWE-338,124,0.1381,0.08,0.2252,0.08,0.0,0.0097,0.0,False,freq_unsafe=0.000<0.02; score=0.1381<0.15
4897,23,CWE-338,125,0.1376,0.04,0.284,0.04,0.0,0.0217,0.0,False,freq_unsafe=0.000<0.02; score=0.1376<0.15
13614,23,CWE-338,126,0.1372,0.08,0.223,0.08,0.0,0.0561,0.0,False,freq_unsafe=0.000<0.02; score=0.1372<0.15
27183,23,CWE-338,127,0.1362,0.08,0.2205,0.08,0.0,0.0015,0.0,False,freq_unsafe=0.000<0.02; score=0.1362<0.15
20930,23,CWE-338,128,0.1343,0.08,0.2158,0.08,0.0,0.018,0.0,False,freq_unsafe=0.000<0.02; score=0.1343<0.15
6201,23,CWE-338,129,0.1343,0.2,0.0758,0.12,0.2,0.0217,0.3871,False,score=0.1343<0.15
26517,23,CWE-338,130,0.1329,0.04,0.2722,0.04,0.0,0.0015,0.0,False,freq_unsafe=0.000<0.02; score=0.1329<0.15
21736,23,CWE-338,131,0.1307,0.04,0.2667,0.04,0.0,0.0015,0.0,False,freq_unsafe=0.000<0.02; score=0.1307<0.15
10311,23,CWE-338,132,0.1303,0.04,0.2657,0.04,0.0,0.0165,0.0,False,freq_unsafe=0.000<0.02; score=0.1303<0.15
19169,23,CWE-338,133,0.1301,0.04,0.2653,0.04,0.0,0.0052,0.0,False,freq_unsafe=0.000<0.02; score=0.1301<0.15
4657,23,CWE-338,134,0.1299,0.08,0.2048,0.08,0.0,0.1175,0.0,False,freq_unsafe=0.000<0.02; score=0.1299<0.15
18601,23,CWE-338,135,0.1297,0.08,0.2043,0.08,0.0,0.0427,0.0,False,freq_unsafe=0.000<0.02; score=0.1297<0.15
11570,23,CWE-338,136,0.1293,0.08,0.2032,0.08,0.0,0.0584,0.0,False,freq_unsafe=0.000<0.02; score=0.1293<0.15
28070,23,CWE-338,137,0.1257,0.08,0.1943,0.08,0.0,0.0097,0.0,False,freq_unsafe=0.000<0.02; score=0.1257<0.15
9468,23,CWE-338,138,0.1244,0.08,0.191,0.08,0.0,0.0067,0.0,False,freq_unsafe=0.000<0.02; score=0.1244<0.15
24241,23,CWE-338,139,0.1212,0.04,0.2431,0.04,0.0,0.003,0.0,False,freq_unsafe=0.000<0.02; score=0.1212<0.15
3745,23,CWE-338,140,0.1211,0.08,0.1827,0.08,0.0,0.0674,0.0,False,freq_unsafe=0.000<0.02; score=0.1211<0.15
5834,23,CWE-338,141,0.1202,0.08,0.1804,0.08,0.0,0.0449,0.0,False,freq_unsafe=0.000<0.02; score=0.1202<0.15
684,23,CWE-338,142,0.1195,0.08,0.1786,0.08,0.0,0.0157,0.0,False,freq_unsafe=0.000<0.02; score=0.1195<0.15
26322,23,CWE-338,143,0.1192,0.08,0.178,0.08,0.0,0.1272,0.0,False,freq_unsafe=0.000<0.02; score=0.1192<0.15
17402,23,CWE-338,144,0.1191,0.04,0.2378,0.04,0.0,0.0015,0.0,False,freq_unsafe=0.000<0.02; score=0.1191<0.15
14415,23,CWE-338,145,0.1184,0.08,0.1761,0.08,0.0,0.003,0.0,False,freq_unsafe=0.000<0.02; score=0.1184<0.15
29910,23,CWE-338,146,0.1176,0.04,0.2339,0.04,0.0,0.0127,0.0,False,freq_unsafe=0.000<0.02; score=0.1176<0.15
31186,23,CWE-338,147,0.1175,0.08,0.1738,0.08,0.0,0.0876,0.0,False,freq_unsafe=0.000<0.02; score=0.1175<0.15
3791,23,CWE-338,148,0.116,0.04,0.23,0.04,0.0,0.0015,0.0,False,freq_unsafe=0.000<0.02; score=0.1160<0.15
838,23,CWE-338,149,0.1157,0.04,0.2292,0.04,0.0,0.024,0.0,False,freq_unsafe=0.000<0.02; score=0.1157<0.15
19337,23,CWE-338,150,0.113,0.04,0.2226,0.04,0.0,0.0015,0.0,False,freq_unsafe=0.000<0.02; score=0.1130<0.15
2691,23,CWE-338,151,0.1126,0.08,0.1616,0.08,0.0,0.0344,0.0,False,freq_unsafe=0.000<0.02; score=0.1126<0.15
25245,23,CWE-338,152,0.1125,0.04,0.2213,0.04,0.0,0.003,0.0,False,freq_unsafe=0.000<0.02; score=0.1125<0.15
18454,23,CWE-338,153,0.1097,0.08,0.1543,0.08,0.0,0.0644,0.0,False,freq_unsafe=0.000<0.02; score=0.1097<0.15
10195,23,CWE-338,154,0.1096,0.04,0.2139,0.04,0.0,0.0165,0.0,False,freq_unsafe=0.000<0.02; score=0.1096<0.15
17139,23,CWE-338,155,0.1091,0.04,0.2128,0.04,0.0,0.0037,0.0,False,freq_unsafe=0.000<0.02; score=0.1091<0.15
25072,23,CWE-338,156,0.1087,0.04,0.2119,0.04,0.0,0.0015,0.0,False,freq_unsafe=0.000<0.02; score=0.1087<0.15
1138,23,CWE-338,157,0.1082,0.04,0.2106,0.04,0.0,0.0045,0.0,False,freq_unsafe=0.000<0.02; score=0.1082<0.15
3240,23,CWE-338,158,0.1062,0.04,0.2056,0.04,0.0,0.0187,0.0,False,freq_unsafe=0.000<0.02; score=0.1062<0.15
30226,23,CWE-338,159,0.1057,0.04,0.2042,0.04,0.0,0.003,0.0,False,freq_unsafe=0.000<0.02; score=0.1057<0.15
13849,23,CWE-338,160,0.1046,0.04,0.2014,0.04,0.0,0.0254,0.0,False,freq_unsafe=0.000<0.02; score=0.1046<0.15
12932,23,CWE-338,161,0.1043,0.04,0.2007,0.04,0.0,0.0037,0.0,False,freq_unsafe=0.000<0.02; score=0.1043<0.15
28883,23,CWE-338,162,0.1039,0.04,0.1996,0.04,0.0,0.0022,0.0,False,freq_unsafe=0.000<0.02; score=0.1039<0.15
29305,23,CWE-338,163,0.1033,0.04,0.1983,0.04,0.0,0.0022,0.0,False,freq_unsafe=0.000<0.02; score=0.1033<0.15
18110,23,CWE-338,164,0.1028,0.04,0.1969,0.04,0.0,0.0015,0.0,False,freq_unsafe=0.000<0.02; score=0.1028<0.15
21015,23,CWE-338,165,0.1022,0.04,0.1956,0.04,0.0,0.0075,0.0,False,freq_unsafe=0.000<0.02; score=0.1022<0.15
21609,23,CWE-338,166,0.1017,0.04,0.1942,0.04,0.0,0.0022,0.0,False,freq_unsafe=0.000<0.02; score=0.1017<0.15
9541,23,CWE-338,167,0.1014,0.04,0.1936,0.04,0.0,0.0045,0.0,False,freq_unsafe=0.000<0.02; score=0.1014<0.15
4446,23,CWE-338,168,0.1014,0.04,0.1934,0.04,0.0,0.0022,0.0,False,freq_unsafe=0.000<0.02; score=0.1014<0.15
30379,23,CWE-338,169,0.0999,0.04,0.1898,0.04,0.0,0.0052,0.0,False,freq_unsafe=0.000<0.02; score=0.0999<0.15
6062,23,CWE-338,170,0.099,0.04,0.1874,0.04,0.0,0.0172,0.0,False,freq_unsafe=0.000<0.02; score=0.0990<0.15
32711,23,CWE-338,171,0.098,0.04,0.1849,0.04,0.0,0.0022,0.0,False,freq_unsafe=0.000<0.02; score=0.0980<0.15
28220,23,CWE-338,172,0.0969,0.04,0.1822,0.04,0.0,0.0217,0.0,False,freq_unsafe=0.000<0.02; score=0.0969<0.15
23190,23,CWE-338,173,0.0968,0.04,0.1821,0.04,0.0,0.0187,0.0,False,freq_unsafe=0.000<0.02; score=0.0968<0.15
15018,23,CWE-338,174,0.0964,0.04,0.181,0.04,0.0,0.0097,0.0,False,freq_unsafe=0.000<0.02; score=0.0964<0.15
3629,23,CWE-338,175,0.0959,0.04,0.1798,0.04,0.0,0.0045,0.0,False,freq_unsafe=0.000<0.02; score=0.0959<0.15
1810,23,CWE-338,176,0.0955,0.04,0.1788,0.04,0.0,0.012,0.0,False,freq_unsafe=0.000<0.02; score=0.0955<0.15
11957,23,CWE-338,177,0.0943,0.04,0.1757,0.04,0.0,0.0112,0.0,False,freq_unsafe=0.000<0.02; score=0.0943<0.15
17756,23,CWE-338,178,0.0932,0.04,0.173,0.04,0.0,0.0165,0.0,False,freq_unsafe=0.000<0.02; score=0.0932<0.15
7475,23,CWE-338,179,0.093,0.04,0.1724,0.04,0.0,0.0007,0.0,False,freq_unsafe=0.000<0.02; score=0.0930<0.15
11376,23,CWE-338,180,0.0926,0.04,0.1714,0.04,0.0,0.0142,0.0,False,freq_unsafe=0.000<0.02; score=0.0926<0.15
9509,23,CWE-338,181,0.0923,0.04,0.1707,0.04,0.0,0.018,0.0,False,freq_unsafe=0.000<0.02; score=0.0923<0.15
15968,23,CWE-338,182,0.0921,0.04,0.1703,0.04,0.0,0.0075,0.0,False,freq_unsafe=0.000<0.02; score=0.0921<0.15
15524,23,CWE-338,183,0.0911,0.04,0.1678,0.04,0.0,0.0067,0.0,False,freq_unsafe=0.000<0.02; score=0.0911<0.15
21478,23,CWE-338,184,0.0903,0.04,0.1657,0.04,0.0,0.0007,0.0,False,freq_unsafe=0.000<0.02; score=0.0903<0.15
5581,23,CWE-338,185,0.09,0.04,0.165,0.04,0.0,0.0045,0.0,False,freq_unsafe=0.000<0.02; score=0.0900<0.15
2777,23,CWE-338,186,0.0896,0.04,0.1641,0.04,0.0,0.0052,0.0,False,freq_unsafe=0.000<0.02; score=0.0896<0.15
12657,23,CWE-338,187,0.0892,0.04,0.163,0.04,0.0,0.0427,0.0,False,freq_unsafe=0.000<0.02; score=0.0892<0.15
27007,23,CWE-338,188,0.0889,0.04,0.1624,0.04,0.0,0.0037,0.0,False,freq_unsafe=0.000<0.02; score=0.0889<0.15
23479,23,CWE-338,189,0.0881,0.04,0.1603,0.04,0.0,0.0262,0.0,False,freq_unsafe=0.000<0.02; score=0.0881<0.15
30026,23,CWE-338,190,0.0878,0.04,0.1594,0.04,0.0,0.0696,0.0,False,freq_unsafe=0.000<0.02; score=0.0878<0.15
14926,23,CWE-338,191,0.0874,0.04,0.1585,0.04,0.0,0.0247,0.0,False,freq_unsafe=0.000<0.02; score=0.0874<0.15
22943,23,CWE-338,192,0.0871,0.04,0.1577,0.04,0.0,0.0015,0.0,False,freq_unsafe=0.000<0.02; score=0.0871<0.15
23500,23,CWE-338,193,0.0867,0.04,0.1567,0.04,0.0,0.0037,0.0,False,freq_unsafe=0.000<0.02; score=0.0867<0.15
2361,23,CWE-338,194,0.0863,0.04,0.1556,0.04,0.0,0.0082,0.0,False,freq_unsafe=0.000<0.02; score=0.0863<0.15
14619,23,CWE-338,195,0.0862,0.04,0.1555,0.04,0.0,0.0052,0.0,False,freq_unsafe=0.000<0.02; score=0.0862<0.15
26979,23,CWE-338,196,0.0848,0.04,0.1521,0.04,0.0,0.0135,0.0,False,freq_unsafe=0.000<0.02; score=0.0848<0.15
23468,23,CWE-338,197,0.0846,0.04,0.1514,0.04,0.0,0.003,0.0,False,freq_unsafe=0.000<0.02; score=0.0846<0.15
1308,23,CWE-338,198,0.0838,0.04,0.1495,0.04,0.0,0.0097,0.0,False,freq_unsafe=0.000<0.02; score=0.0838<0.15
12439,23,CWE-338,199,0.0838,0.04,0.1495,0.04,0.0,0.003,0.0,False,freq_unsafe=0.000<0.02; score=0.0838<0.15
2694,23,CWE-338,200,0.0836,0.04,0.1491,0.04,0.0,0.0015,0.0,False,freq_unsafe=0.000<0.02; score=0.0836<0.15
4837,23,CWE-79,1,0.4829,0.1139,1.0552,0.0759,0.9114,0.9241,11.419,True,
21331,23,CWE-79,2,0.1104,0.0253,0.2379,0.0253,0.038,0.0127,0.3137,True,
8117,23,CWE-79,3,0.1078,0.0127,0.2504,0.0127,0.0127,0.0,0.2504,False,freq_unsafe=0.013<0.02
14909,23,CWE-79,4,0.0998,0.0506,0.1798,0.038,0.1646,0.1899,0.6274,True,
18869,23,CWE-79,5,0.0946,0.0506,0.1669,0.038,0.1772,0.2152,0.7575,True,
29484,23,CWE-79,6,0.0876,0.0506,0.1494,0.038,0.0759,0.1139,0.3801,True,
2324,23,CWE-79,7,0.0854,0.038,0.1564,0.038,0.038,0.0,0.1564,True,
10506,23,CWE-79,8,0.0843,0.0886,0.0969,0.0506,0.3418,0.2911,1.0394,True,
16109,23,CWE-79,9,0.0816,0.0506,0.1344,0.038,0.2532,0.2152,1.1345,True,
18465,23,CWE-79,10,0.0785,0.038,0.1392,0.038,0.2025,0.1646,0.5777,True,
30585,23,CWE-79,11,0.0737,0.0127,0.1653,0.0127,0.0,0.0127,0.0,False,freq_unsafe=0.000<0.02
24712,23,CWE-79,12,0.0726,0.0886,0.074,0.038,0.7722,0.7468,3.0311,True,
10541,23,CWE-79,13,0.0714,0.0253,0.1405,0.0253,0.0253,0.0506,0.1064,True,
14315,23,CWE-79,14,0.0711,0.038,0.1209,0.038,0.1519,0.1139,0.381,True,
15398,23,CWE-79,15,0.0698,0.0253,0.1365,0.0253,0.038,0.0127,0.1915,True,
4950,23,CWE-79,16,0.0686,0.038,0.1209,0.0253,0.0506,0.0633,0.2599,True,
7573,23,CWE-79,17,0.067,0.0253,0.1296,0.0253,0.0253,0.0,0.1296,True,
28303,23,CWE-79,18,0.0653,0.0127,0.1443,0.0127,0.0,0.0127,0.0,False,freq_unsafe=0.000<0.02
13972,23,CWE-79,19,0.0647,0.0127,0.1426,0.0127,0.0127,0.0253,0.0539,False,freq_unsafe=0.013<0.02
16589,23,CWE-79,20,0.064,0.0253,0.122,0.0253,0.0253,0.0,0.122,True,
20866,23,CWE-79,21,0.0637,0.038,0.1024,0.038,0.0506,0.0886,0.1275,True,
24473,23,CWE-79,22,0.0635,0.0127,0.1398,0.0127,0.0253,0.0127,0.1753,True,
21516,23,CWE-79,23,0.063,0.0506,0.088,0.038,0.0633,0.038,0.1926,True,
18454,23,CWE-79,24,0.063,0.038,0.1006,0.038,0.0759,0.038,0.1963,True,
30760,23,CWE-79,25,0.0625,0.0253,0.1184,0.0253,0.0,0.0253,0.0,False,freq_unsafe=0.000<0.02
29910,23,CWE-79,26,0.062,0.0253,0.117,0.0253,0.0253,0.0,0.117,True,
4594,23,CWE-79,27,0.0604,0.0127,0.1319,0.0127,0.0127,0.0,0.1319,False,freq_unsafe=0.013<0.02
3745,23,CWE-79,28,0.0598,0.038,0.0925,0.038,0.038,0.0759,0.087,True,
30185,23,CWE-79,29,0.0593,0.0127,0.1294,0.0127,0.0127,0.0,0.1294,False,freq_unsafe=0.013<0.02
1652,23,CWE-79,30,0.0586,0.038,0.0895,0.038,0.1392,0.1646,0.4446,True,
18661,23,CWE-79,31,0.0582,0.0253,0.1074,0.0253,0.0127,0.038,0.0237,False,freq_unsafe=0.013<0.02
5790,23,CWE-79,32,0.0579,0.038,0.0879,0.038,0.0,0.038,0.0,False,freq_unsafe=0.000<0.02
30405,23,CWE-79,33,0.0572,0.0253,0.1051,0.0253,0.0253,0.0,0.1051,True,
31652,23,CWE-79,34,0.0566,0.0253,0.1036,0.0253,0.0,0.0253,0.0,False,freq_unsafe=0.000<0.02
2000,23,CWE-79,35,0.0542,0.038,0.0785,0.038,0.2405,0.2532,0.7938,True,
23638,23,CWE-79,36,0.0539,0.0127,0.1157,0.0127,0.0127,0.0253,0.0707,False,freq_unsafe=0.013<0.02
11855,23,CWE-79,37,0.0531,0.0127,0.1137,0.0127,0.0,0.0127,0.0,False,freq_unsafe=0.000<0.02
27858,23,CWE-79,38,0.0523,0.0253,0.0929,0.0253,0.0253,0.0,0.0929,True,
19087,23,CWE-79,39,0.0522,0.0506,0.0672,0.0253,0.1013,0.1266,0.3177,True,
17485,23,CWE-79,40,0.0509,0.0253,0.0892,0.0253,0.0253,0.0,0.0892,True,
13820,23,CWE-79,41,0.0508,0.0253,0.0891,0.0253,0.0,0.0253,0.0,False,freq_unsafe=0.000<0.02
13249,23,CWE-79,42,0.0501,0.0253,0.0872,0.0253,0.0253,0.0,0.0872,True,
20267,23,CWE-79,43,0.0495,0.0253,0.0858,0.0253,0.0127,0.038,0.0392,False,freq_unsafe=0.013<0.02; score=0.0495<0.05
7405,23,CWE-79,44,0.0493,0.0253,0.0853,0.0253,0.0127,0.038,0.0375,False,freq_unsafe=0.013<0.02; score=0.0493<0.05
30600,23,CWE-79,45,0.0486,0.0253,0.0834,0.0253,0.0759,0.0633,0.2959,False,score=0.0486<0.05
16655,23,CWE-79,46,0.0482,0.038,0.0636,0.038,0.0253,0.038,0.064,False,score=0.0482<0.05
7546,23,CWE-79,47,0.0474,0.0253,0.0869,0.0127,0.0886,0.0886,0.3418,False,score=0.0474<0.05
25331,23,CWE-79,48,0.0472,0.0127,0.0989,0.0127,0.0127,0.0,0.0989,False,freq_unsafe=0.013<0.02; score=0.0472<0.05
6657,23,CWE-79,49,0.0461,0.0506,0.0519,0.0253,0.2152,0.1899,0.6152,False,score=0.0461<0.05
21154,23,CWE-79,50,0.0453,0.0127,0.0942,0.0127,0.0127,0.0,0.0942,False,freq_unsafe=0.013<0.02; score=0.0453<0.05
30640,23,CWE-79,51,0.0448,0.0127,0.0931,0.0127,0.0253,0.0127,0.1255,False,score=0.0448<0.05
303,23,CWE-79,52,0.0442,0.0127,0.0916,0.0127,0.038,0.0253,0.1531,False,score=0.0442<0.05
28569,23,CWE-79,53,0.0442,0.0253,0.0725,0.0253,0.0253,0.0506,0.1001,False,score=0.0442<0.05
14639,23,CWE-79,54,0.0441,0.0253,0.0723,0.0253,0.038,0.0127,0.1094,False,score=0.0441<0.05
27077,23,CWE-79,55,0.044,0.0253,0.0719,0.0253,0.0253,0.0127,0.0961,False,score=0.0440<0.05
8689,23,CWE-79,56,0.0439,0.0127,0.0907,0.0127,0.0253,0.038,0.1155,False,score=0.0439<0.05
4218,23,CWE-79,57,0.0436,0.0127,0.0899,0.0127,0.0127,0.0,0.0899,False,freq_unsafe=0.013<0.02; score=0.0436<0.05
23981,23,CWE-79,58,0.0435,0.0127,0.0897,0.0127,0.0,0.0127,0.0,False,freq_unsafe=0.000<0.02; score=0.0435<0.05
18397,23,CWE-79,59,0.0435,0.0253,0.0707,0.0253,0.0506,0.0253,0.1386,False,score=0.0435<0.05
21904,23,CWE-79,60,0.0433,0.0253,0.0703,0.0253,0.038,0.0127,0.1117,False,score=0.0433<0.05
23281,23,CWE-79,61,0.0431,0.0253,0.0699,0.0253,0.038,0.0506,0.0957,False,score=0.0431<0.05
2784,23,CWE-79,62,0.0425,0.0127,0.0872,0.0127,0.0127,0.0,0.0872,False,freq_unsafe=0.013<0.02; score=0.0425<0.05
14186,23,CWE-79,63,0.0424,0.0253,0.0681,0.0253,0.038,0.0633,0.108,False,score=0.0424<0.05
21351,23,CWE-79,64,0.0422,0.038,0.0549,0.0253,0.0506,0.0759,0.1491,False,score=0.0422<0.05
27773,23,CWE-79,65,0.0422,0.0506,0.0422,0.0253,0.1392,0.1139,0.4134,False,score=0.0422<0.05
20688,23,CWE-79,66,0.0417,0.0127,0.0854,0.0127,0.0,0.0127,0.0,False,freq_unsafe=0.000<0.02; score=0.0417<0.05
16734,23,CWE-79,67,0.0413,0.0253,0.0652,0.0253,0.0253,0.0,0.0652,False,score=0.0413<0.05
11168,23,CWE-79,68,0.0411,0.0633,0.0204,0.038,0.2152,0.2405,0.6883,False,score=0.0411<0.05
5417,23,CWE-79,69,0.041,0.0253,0.0646,0.0253,0.0253,0.0,0.0646,False,score=0.0410<0.05
20214,23,CWE-79,70,0.0409,0.0127,0.0833,0.0127,0.0,0.0127,0.0,False,freq_unsafe=0.000<0.02; score=0.0409<0.05
15251,23,CWE-79,71,0.0408,0.0253,0.0641,0.0253,0.038,0.0127,0.1321,False,score=0.0408<0.05
7533,23,CWE-79,72,0.0404,0.0253,0.063,0.0253,0.1139,0.1392,0.2867,False,score=0.0404<0.05
1450,23,CWE-79,73,0.0403,0.0253,0.0691,0.0127,0.0506,0.0633,0.1332,False,score=0.0403<0.05
21605,23,CWE-79,74,0.0403,0.0127,0.0817,0.0127,0.0127,0.0,0.0817,False,freq_unsafe=0.013<0.02; score=0.0403<0.05
7867,23,CWE-79,75,0.0398,0.0253,0.0616,0.0253,0.0127,0.038,0.057,False,freq_unsafe=0.013<0.02; score=0.0398<0.05
2186,23,CWE-79,76,0.0398,0.0127,0.0806,0.0127,0.0127,0.0,0.0806,False,freq_unsafe=0.013<0.02; score=0.0398<0.05
17386,23,CWE-79,77,0.0398,0.0253,0.0614,0.0253,0.038,0.0127,0.0984,False,score=0.0398<0.05
10673,23,CWE-79,78,0.0397,0.0253,0.0612,0.0253,0.038,0.0127,0.0949,False,score=0.0397<0.05
1469,23,CWE-79,79,0.0397,0.0253,0.0612,0.0253,0.0253,0.0,0.0612,False,score=0.0397<0.05
17489,23,CWE-79,80,0.0387,0.0253,0.0589,0.0253,0.0759,0.0506,0.1873,False,score=0.0387<0.05
29830,23,CWE-79,81,0.0387,0.0127,0.0777,0.0127,0.0,0.0127,0.0,False,freq_unsafe=0.000<0.02; score=0.0387<0.05
7986,23,CWE-79,82,0.0385,0.038,0.0455,0.0253,0.1266,0.1519,0.4024,False,score=0.0385<0.05
2246,23,CWE-79,83,0.0383,0.0253,0.0578,0.0253,0.0253,0.0,0.0578,False,score=0.0383<0.05
15554,23,CWE-79,84,0.0383,0.038,0.0387,0.038,0.0506,0.038,0.1185,False,score=0.0383<0.05
31778,23,CWE-79,85,0.0373,0.0127,0.0743,0.0127,0.0,0.0127,0.0,False,freq_unsafe=0.000<0.02; score=0.0373<0.05
28048,23,CWE-79,86,0.0373,0.0127,0.0742,0.0127,0.038,0.0506,0.084,False,score=0.0373<0.05
23650,23,CWE-79,87,0.0372,0.0253,0.055,0.0253,0.0,0.0253,0.0,False,freq_unsafe=0.000<0.02; score=0.0372<0.05
20170,23,CWE-79,88,0.0369,0.0127,0.0732,0.0127,0.0127,0.0,0.0732,False,freq_unsafe=0.013<0.02; score=0.0369<0.05
27718,23,CWE-79,89,0.0368,0.0253,0.0541,0.0253,0.0253,0.0506,0.1091,False,score=0.0368<0.05
17797,23,CWE-79,90,0.0367,0.0127,0.0728,0.0127,0.0127,0.0,0.0728,False,freq_unsafe=0.013<0.02; score=0.0367<0.05
13628,23,CWE-79,91,0.0367,0.038,0.041,0.0253,0.0633,0.038,0.1475,False,score=0.0367<0.05
16234,23,CWE-79,92,0.0363,0.0127,0.0718,0.0127,0.0127,0.0,0.0718,False,freq_unsafe=0.013<0.02; score=0.0363<0.05
12657,23,CWE-79,93,0.036,0.0127,0.071,0.0127,0.1013,0.0886,0.2878,False,score=0.0360<0.05
9125,23,CWE-79,94,0.0357,0.0253,0.0512,0.0253,0.1013,0.0886,0.3268,False,score=0.0357<0.05
22730,23,CWE-79,95,0.0349,0.0253,0.0493,0.0253,0.0633,0.0886,0.1589,False,score=0.0349<0.05
25613,23,CWE-79,96,0.0348,0.0127,0.0681,0.0127,0.0,0.0127,0.0,False,freq_unsafe=0.000<0.02; score=0.0348<0.05
25256,23,CWE-79,97,0.0339,0.0253,0.0467,0.0253,0.2405,0.2278,0.713,False,score=0.0339<0.05
9214,23,CWE-79,98,0.0335,0.0127,0.0648,0.0127,0.0,0.0127,0.0,False,freq_unsafe=0.000<0.02; score=0.0335<0.05
31186,23,CWE-79,99,0.0332,0.0127,0.064,0.0127,0.0506,0.0633,0.1909,False,score=0.0332<0.05
31194,23,CWE-79,100,0.033,0.0253,0.0446,0.0253,0.0506,0.0633,0.1277,False,score=0.0330<0.05
20243,23,CWE-79,101,0.0327,0.0127,0.0627,0.0127,0.0253,0.038,0.1046,False,score=0.0327<0.05
15046,23,CWE-79,102,0.0325,0.0127,0.0624,0.0127,0.0506,0.038,0.1787,False,score=0.0325<0.05
21561,23,CWE-79,103,0.0325,0.0127,0.0623,0.0127,0.0127,0.0,0.0623,False,freq_unsafe=0.013<0.02; score=0.0325<0.05
16431,23,CWE-79,104,0.0324,0.0253,0.043,0.0253,0.1646,0.1646,0.4603,False,score=0.0324<0.05
26322,23,CWE-79,105,0.0322,0.0633,0.0045,0.0253,0.1772,0.1519,0.4298,False,score=0.0322<0.05
17499,23,CWE-79,106,0.0322,0.0127,0.0614,0.0127,0.0253,0.038,0.0926,False,score=0.0322<0.05
13714,23,CWE-79,107,0.0321,0.0127,0.0613,0.0127,0.0127,0.0253,0.0295,False,freq_unsafe=0.013<0.02; score=0.0321<0.05
15173,23,CWE-79,108,0.0321,0.0127,0.0612,0.0127,0.038,0.0253,0.1417,False,score=0.0321<0.05
18087,23,CWE-79,109,0.0318,0.0127,0.0605,0.0127,0.0127,0.0253,0.0321,False,freq_unsafe=0.013<0.02; score=0.0318<0.05
19356,23,CWE-79,110,0.0317,0.0127,0.0602,0.0127,0.0127,0.0,0.0602,False,freq_unsafe=0.013<0.02; score=0.0317<0.05
17931,23,CWE-79,111,0.0317,0.0127,0.0601,0.0127,0.0127,0.0,0.0601,False,freq_unsafe=0.013<0.02; score=0.0317<0.05
15591,23,CWE-79,112,0.0315,0.0127,0.0599,0.0127,0.0127,0.0,0.0599,False,freq_unsafe=0.013<0.02; score=0.0315<0.05
25989,23,CWE-79,113,0.031,0.0127,0.0585,0.0127,0.0,0.0127,0.0,False,freq_unsafe=0.000<0.02; score=0.0310<0.05
5720,23,CWE-79,114,0.0309,0.0127,0.0582,0.0127,0.0506,0.038,0.149,False,score=0.0309<0.05
9765,23,CWE-79,115,0.0308,0.0127,0.0581,0.0127,0.0127,0.0,0.0581,False,freq_unsafe=0.013<0.02; score=0.0308<0.05
3353,23,CWE-79,116,0.0308,0.0127,0.0579,0.0127,0.0,0.0127,0.0,False,freq_unsafe=0.000<0.02; score=0.0308<0.05
26345,23,CWE-79,117,0.0307,0.0127,0.0579,0.0127,0.0127,0.0,0.0579,False,freq_unsafe=0.013<0.02; score=0.0307<0.05
19074,23,CWE-79,118,0.0307,0.0127,0.0577,0.0127,0.038,0.038,0.118,False,score=0.0307<0.05
23605,23,CWE-79,119,0.0305,0.0127,0.0573,0.0127,0.0253,0.0127,0.0884,False,score=0.0305<0.05
32256,23,CWE-79,120,0.0305,0.0127,0.0572,0.0127,0.0,0.0127,0.0,False,freq_unsafe=0.000<0.02; score=0.0305<0.05
1173,23,CWE-79,121,0.0304,0.0253,0.0381,0.0253,0.0759,0.0633,0.1978,False,score=0.0304<0.05
18076,23,CWE-79,122,0.0303,0.038,0.0315,0.0127,0.1013,0.0886,0.3574,False,score=0.0303<0.05
9232,23,CWE-79,123,0.0296,0.0127,0.0549,0.0127,0.0253,0.0127,0.1055,False,score=0.0296<0.05
30127,23,CWE-79,124,0.0293,0.0127,0.0543,0.0127,0.0,0.0127,0.0,False,freq_unsafe=0.000<0.02; score=0.0293<0.05
25594,23,CWE-79,125,0.0293,0.0253,0.0416,0.0127,0.1013,0.1139,0.2544,False,score=0.0293<0.05
29954,23,CWE-79,126,0.0291,0.0127,0.0538,0.0127,0.0,0.0127,0.0,False,freq_unsafe=0.000<0.02; score=0.0291<0.05
10047,23,CWE-79,127,0.029,0.0127,0.0536,0.0127,0.0127,0.0253,0.0252,False,freq_unsafe=0.013<0.02; score=0.0290<0.05
4230,23,CWE-79,128,0.029,0.0127,0.0535,0.0127,0.0127,0.0253,0.0243,False,freq_unsafe=0.013<0.02; score=0.0290<0.05
5028,23,CWE-79,129,0.0289,0.0253,0.0344,0.0253,0.2152,0.2152,0.5667,False,score=0.0289<0.05
22981,23,CWE-79,130,0.0289,0.0127,0.0533,0.0127,0.0,0.0127,0.0,False,freq_unsafe=0.000<0.02; score=0.0289<0.05
17014,23,CWE-79,131,0.0289,0.0127,0.0532,0.0127,0.0127,0.0,0.0532,False,freq_unsafe=0.013<0.02; score=0.0289<0.05
2413,23,CWE-79,132,0.0287,0.0127,0.0528,0.0127,0.0127,0.0253,0.046,False,freq_unsafe=0.013<0.02; score=0.0287<0.05
30938,23,CWE-79,133,0.0287,0.0127,0.0527,0.0127,0.0,0.0127,0.0,False,freq_unsafe=0.000<0.02; score=0.0287<0.05
14926,23,CWE-79,134,0.0283,0.0127,0.0517,0.0127,0.0127,0.0253,0.0299,False,freq_unsafe=0.013<0.02; score=0.0283<0.05
15273,23,CWE-79,135,0.0281,0.0127,0.0513,0.0127,0.038,0.0253,0.1462,False,score=0.0281<0.05
1352,23,CWE-79,136,0.0278,0.0127,0.0506,0.0127,0.0127,0.0,0.0506,False,freq_unsafe=0.013<0.02; score=0.0278<0.05
24451,23,CWE-79,137,0.0278,0.0127,0.0504,0.0127,0.0506,0.0506,0.1401,False,score=0.0278<0.05
13986,23,CWE-79,138,0.0276,0.0253,0.0374,0.0127,0.0633,0.0759,0.1481,False,score=0.0276<0.05
6683,23,CWE-79,139,0.0276,0.0127,0.0499,0.0127,0.0127,0.0,0.0499,False,freq_unsafe=0.013<0.02; score=0.0276<0.05
13465,23,CWE-79,140,0.0274,0.0127,0.0496,0.0127,0.0253,0.038,0.0958,False,score=0.0274<0.05
14619,23,CWE-79,141,0.0274,0.0127,0.0494,0.0127,0.0127,0.0,0.0494,False,freq_unsafe=0.013<0.02; score=0.0274<0.05
448,23,CWE-79,142,0.0273,0.0127,0.0493,0.0127,0.0253,0.0127,0.1382,False,score=0.0273<0.05
12850,23,CWE-79,143,0.0272,0.0127,0.0491,0.0127,0.0506,0.0506,0.2243,False,score=0.0272<0.05
27760,23,CWE-79,144,0.0272,0.0127,0.049,0.0127,0.0,0.0127,0.0,False,freq_unsafe=0.000<0.02; score=0.0272<0.05
24082,23,CWE-79,145,0.0272,0.0253,0.0364,0.0127,0.0253,0.0253,0.2243,False,score=0.0272<0.05
22507,23,CWE-79,146,0.0272,0.0127,0.049,0.0127,0.0633,0.0759,0.146,False,score=0.0272<0.05
30182,23,CWE-79,147,0.027,0.0253,0.036,0.0127,0.0506,0.038,0.1315,False,score=0.0270<0.05
19881,23,CWE-79,148,0.027,0.0127,0.0486,0.0127,0.0127,0.0253,0.0488,False,freq_unsafe=0.013<0.02; score=0.0270<0.05
9521,23,CWE-79,149,0.027,0.0127,0.0484,0.0127,0.0127,0.0,0.0484,False,freq_unsafe=0.013<0.02; score=0.0270<0.05
10437,23,CWE-79,150,0.0269,0.0127,0.0483,0.0127,0.0127,0.0,0.0483,False,freq_unsafe=0.013<0.02; score=0.0269<0.05
21544,23,CWE-79,151,0.0268,0.0127,0.0479,0.0127,0.0506,0.038,0.1873,False,score=0.0268<0.05
26062,23,CWE-79,152,0.0268,0.0127,0.0479,0.0127,0.038,0.0253,0.1462,False,score=0.0268<0.05
28447,23,CWE-79,153,0.0266,0.0127,0.0474,0.0127,0.038,0.0253,0.1134,False,score=0.0266<0.05
2942,23,CWE-79,154,0.0265,0.0127,0.0472,0.0127,0.038,0.0506,0.1181,False,score=0.0265<0.05
17339,23,CWE-79,155,0.0264,0.0506,0.0028,0.0253,0.4557,0.4557,1.7012,False,score=0.0264<0.05
28280,23,CWE-79,156,0.0263,0.0127,0.0467,0.0127,0.0127,0.0,0.0467,False,freq_unsafe=0.013<0.02; score=0.0263<0.05
26999,23,CWE-79,157,0.0262,0.0127,0.0466,0.0127,0.0253,0.038,0.0527,False,score=0.0262<0.05
20502,23,CWE-79,158,0.0262,0.038,0.015,0.0253,0.038,0.0127,0.1666,False,score=0.0262<0.05
26891,23,CWE-79,159,0.0262,0.0127,0.0464,0.0127,0.0,0.0127,0.0,False,freq_unsafe=0.000<0.02; score=0.0262<0.05
28980,23,CWE-79,160,0.0261,0.0127,0.0464,0.0127,0.0127,0.0,0.0464,False,freq_unsafe=0.013<0.02; score=0.0261<0.05
2944,23,CWE-79,161,0.0261,0.0127,0.0462,0.0127,0.0127,0.0,0.0462,False,freq_unsafe=0.013<0.02; score=0.0261<0.05
14005,23,CWE-79,162,0.026,0.0127,0.0461,0.0127,0.0127,0.0,0.0461,False,freq_unsafe=0.013<0.02; score=0.0260<0.05
23479,23,CWE-79,163,0.026,0.0127,0.0461,0.0127,0.0253,0.038,0.0761,False,score=0.0260<0.05
29780,23,CWE-79,164,0.0259,0.0127,0.0458,0.0127,0.0,0.0127,0.0,False,freq_unsafe=0.000<0.02; score=0.0259<0.05
14520,23,CWE-79,165,0.0259,0.0127,0.0458,0.0127,0.0127,0.0,0.0458,False,freq_unsafe=0.013<0.02; score=0.0259<0.05
27961,23,CWE-79,166,0.0258,0.0127,0.0455,0.0127,0.0127,0.0,0.0455,False,freq_unsafe=0.013<0.02; score=0.0258<0.05
20191,23,CWE-79,167,0.0258,0.0127,0.0455,0.0127,0.0,0.0127,0.0,False,freq_unsafe=0.000<0.02; score=0.0258<0.05
31462,23,CWE-79,168,0.0257,0.0127,0.0453,0.0127,0.0,0.0127,0.0,False,freq_unsafe=0.000<0.02; score=0.0257<0.05
29417,23,CWE-79,169,0.0255,0.0127,0.0448,0.0127,0.0127,0.0,0.0448,False,freq_unsafe=0.013<0.02; score=0.0255<0.05
21990,23,CWE-79,170,0.0254,0.0127,0.0445,0.0127,0.0127,0.0253,0.0493,False,freq_unsafe=0.013<0.02; score=0.0254<0.05
28424,23,CWE-79,171,0.0253,0.0127,0.0444,0.0127,0.0127,0.0127,0.0343,False,freq_unsafe=0.013<0.02; score=0.0253<0.05
5859,23,CWE-79,172,0.0253,0.0127,0.0443,0.0127,0.0127,0.0,0.0443,False,freq_unsafe=0.013<0.02; score=0.0253<0.05
1351,23,CWE-79,173,0.0251,0.0127,0.0437,0.0127,0.0127,0.0,0.0437,False,freq_unsafe=0.013<0.02; score=0.0251<0.05
15671,23,CWE-79,174,0.0251,0.0127,0.0437,0.0127,0.0,0.0127,0.0,False,freq_unsafe=0.000<0.02; score=0.0251<0.05
1619,23,CWE-79,175,0.025,0.0127,0.0436,0.0127,0.038,0.0253,0.1697,False,score=0.0250<0.05
5569,23,CWE-79,176,0.025,0.0127,0.0436,0.0127,0.0253,0.038,0.0948,False,score=0.0250<0.05
30343,23,CWE-79,177,0.025,0.0127,0.0434,0.0127,0.0,0.0127,0.0,False,freq_unsafe=0.000<0.02; score=0.0250<0.05
2759,23,CWE-79,178,0.025,0.0127,0.0434,0.0127,0.0,0.0127,0.0,False,freq_unsafe=0.000<0.02; score=0.0250<0.05
15018,23,CWE-79,179,0.0249,0.0127,0.0434,0.0127,0.0,0.0127,0.0,False,freq_unsafe=0.000<0.02; score=0.0249<0.05
12606,23,CWE-79,180,0.0248,0.0127,0.043,0.0127,0.0127,0.0,0.043,False,freq_unsafe=0.013<0.02; score=0.0248<0.05
31509,23,CWE-79,181,0.0247,0.0127,0.0429,0.0127,0.0127,0.0,0.0429,False,freq_unsafe=0.013<0.02; score=0.0247<0.05
11957,23,CWE-79,182,0.0247,0.0127,0.0428,0.0127,0.0127,0.0,0.0428,False,freq_unsafe=0.013<0.02; score=0.0247<0.05
9887,23,CWE-79,183,0.0247,0.0127,0.0426,0.0127,0.0127,0.0,0.0426,False,freq_unsafe=0.013<0.02; score=0.0247<0.05
19291,23,CWE-79,184,0.0245,0.0127,0.0423,0.0127,0.0253,0.0127,0.124,False,score=0.0245<0.05
24187,23,CWE-79,185,0.0244,0.0127,0.0421,0.0127,0.0127,0.0253,0.0534,False,freq_unsafe=0.013<0.02; score=0.0244<0.05
3802,23,CWE-79,186,0.0244,0.0127,0.042,0.0127,0.0127,0.0,0.042,False,freq_unsafe=0.013<0.02; score=0.0244<0.05
5409,23,CWE-79,187,0.0244,0.0127,0.042,0.0127,0.0127,0.0253,0.0284,False,freq_unsafe=0.013<0.02; score=0.0244<0.05
24457,23,CWE-79,188,0.0244,0.0127,0.0419,0.0127,0.0,0.0127,0.0,False,freq_unsafe=0.000<0.02; score=0.0244<0.05
21493,23,CWE-79,189,0.0243,0.0127,0.0418,0.0127,0.038,0.0506,0.097,False,score=0.0243<0.05
17771,23,CWE-79,190,0.0242,0.0127,0.0415,0.0127,0.0,0.0127,0.0,False,freq_unsafe=0.000<0.02; score=0.0242<0.05
18062,23,CWE-79,191,0.0242,0.0127,0.0415,0.0127,0.0127,0.0253,0.0272,False,freq_unsafe=0.013<0.02; score=0.0242<0.05
28574,23,CWE-79,192,0.0239,0.0253,0.0218,0.0253,0.1392,0.1266,0.4175,False,score=0.0239<0.05
16503,23,CWE-79,193,0.0237,0.0127,0.0401,0.0127,0.0253,0.0127,0.0658,False,score=0.0237<0.05
25188,23,CWE-79,194,0.0236,0.0127,0.0401,0.0127,0.0,0.0127,0.0,False,freq_unsafe=0.000<0.02; score=0.0236<0.05
10503,23,CWE-79,195,0.0236,0.0127,0.0399,0.0127,0.0,0.0127,0.0,False,freq_unsafe=0.000<0.02; score=0.0236<0.05
1082,23,CWE-79,196,0.0236,0.0127,0.0399,0.0127,0.1013,0.1139,0.3009,False,score=0.0236<0.05
30689,23,CWE-79,197,0.0235,0.0127,0.0398,0.0127,0.038,0.0253,0.1069,False,score=0.0235<0.05
7242,23,CWE-79,198,0.0234,0.0127,0.0396,0.0127,0.0253,0.0127,0.0863,False,score=0.0234<0.05
14595,23,CWE-79,199,0.0234,0.0127,0.0395,0.0127,0.0127,0.0,0.0395,False,freq_unsafe=0.013<0.02; score=0.0234<0.05
30777,23,CWE-79,200,0.0233,0.0127,0.0393,0.0127,0.0,0.0127,0.0,False,freq_unsafe=0.000<0.02; score=0.0233<0.05
14909,23,CWE-125,1,0.1539,0.0921,0.2597,0.0658,0.2368,0.2895,0.826,True,
4837,23,CWE-125,2,0.1365,0.1579,0.157,0.0526,0.9079,0.8947,12.2384,True,
18465,23,CWE-125,3,0.128,0.0658,0.2146,0.0789,0.2368,0.1711,0.7418,True,
4950,23,CWE-125,4,0.125,0.0263,0.273,0.0263,0.0658,0.0395,0.4576,True,
26125,23,CWE-125,5,0.1144,0.0658,0.1872,0.0658,0.0789,0.1447,0.1839,True,
16109,23,CWE-125,6,0.1087,0.0658,0.1795,0.0526,0.2105,0.1711,0.9915,True,
16655,23,CWE-125,7,0.1059,0.0658,0.166,0.0658,0.0921,0.0395,0.2463,True,
17798,23,CWE-125,8,0.1055,0.0395,0.2046,0.0395,0.0,0.0395,0.0,False,freq_unsafe=0.000<0.02
26322,23,CWE-125,9,0.1009,0.0789,0.1403,0.0658,0.2237,0.1711,0.628,True,
18695,23,CWE-125,10,0.0943,0.0526,0.1633,0.0395,0.0789,0.0395,0.3105,True,
7533,23,CWE-125,11,0.0939,0.0526,0.1558,0.0526,0.0789,0.1184,0.1911,True,
10541,23,CWE-125,12,0.0888,0.0526,0.1431,0.0526,0.1053,0.0658,0.3236,True,
22052,23,CWE-125,13,0.0883,0.0395,0.1551,0.0526,0.1711,0.1316,0.4623,True,
22555,23,CWE-125,14,0.0876,0.0263,0.1796,0.0263,0.0,0.0263,0.0,False,freq_unsafe=0.000<0.02
893,23,CWE-125,15,0.0847,0.0132,0.1919,0.0132,0.0,0.0132,0.0,False,freq_unsafe=0.000<0.02
18076,23,CWE-125,16,0.0843,0.0789,0.1122,0.0395,0.1447,0.1184,0.4396,True,
2000,23,CWE-125,17,0.0837,0.0526,0.1435,0.0263,0.1316,0.1053,0.5627,True,
23988,23,CWE-125,18,0.0836,0.0263,0.1695,0.0263,0.0,0.0263,0.0,False,freq_unsafe=0.000<0.02
3011,23,CWE-125,19,0.077,0.0395,0.1334,0.0395,0.0,0.0395,0.0,False,freq_unsafe=0.000<0.02
13946,23,CWE-125,20,0.0768,0.0395,0.1394,0.0263,0.1316,0.1053,0.8005,True,
1652,23,CWE-125,21,0.0754,0.0789,0.0898,0.0395,0.1974,0.2105,0.6649,True,
27773,23,CWE-125,22,0.0754,0.0526,0.1161,0.0395,0.1316,0.1711,0.4222,True,
6915,23,CWE-125,23,0.0746,0.0263,0.1471,0.0263,0.0395,0.0132,0.1846,True,
17740,23,CWE-125,24,0.0742,0.0132,0.1658,0.0132,0.0132,0.0,0.1658,False,freq_unsafe=0.013<0.02
4284,23,CWE-125,25,0.0737,0.0132,0.1644,0.0132,0.0132,0.0,0.1644,False,freq_unsafe=0.013<0.02
9600,23,CWE-125,26,0.0735,0.0132,0.1639,0.0132,0.0132,0.0,0.1639,False,freq_unsafe=0.013<0.02
19337,23,CWE-125,27,0.072,0.0132,0.1603,0.0132,0.0132,0.0,0.1603,False,freq_unsafe=0.013<0.02
9222,23,CWE-125,28,0.0695,0.0263,0.1342,0.0263,0.0658,0.0395,0.3748,True,
14449,23,CWE-125,29,0.0693,0.0395,0.114,0.0395,0.0789,0.0395,0.2101,True,
7580,23,CWE-125,30,0.0688,0.0263,0.1325,0.0263,0.0395,0.0132,0.1582,True,
17509,23,CWE-125,31,0.0682,0.0132,0.1509,0.0132,0.0,0.0132,0.0,False,freq_unsafe=0.000<0.02
9536,23,CWE-125,32,0.0656,0.0395,0.1049,0.0395,0.0526,0.0132,0.1296,True,
13986,23,CWE-125,33,0.0653,0.0263,0.1238,0.0263,0.0395,0.0132,0.1833,True,
11812,23,CWE-125,34,0.0645,0.0132,0.1415,0.0132,0.0,0.0132,0.0,False,freq_unsafe=0.000<0.02
13467,23,CWE-125,35,0.0642,0.0132,0.1407,0.0132,0.0,0.0132,0.0,False,freq_unsafe=0.000<0.02
15898,23,CWE-125,36,0.0614,0.0395,0.0943,0.0395,0.0132,0.0395,0.0316,False,freq_unsafe=0.013<0.02
147,23,CWE-125,37,0.0604,0.0395,0.0917,0.0395,0.0921,0.0658,0.3505,True,
22687,23,CWE-125,38,0.0597,0.0132,0.1295,0.0132,0.0,0.0132,0.0,False,freq_unsafe=0.000<0.02
25486,23,CWE-125,39,0.0596,0.0395,0.0963,0.0263,0.0526,0.0395,0.1945,True,
9717,23,CWE-125,40,0.0589,0.0395,0.0881,0.0395,0.0395,0.0,0.0881,True,
1173,23,CWE-125,41,0.0587,0.0395,0.0876,0.0395,0.0789,0.1053,0.1773,True,
13872,23,CWE-125,42,0.0583,0.0132,0.1261,0.0132,0.0,0.0132,0.0,False,freq_unsafe=0.000<0.02
10627,23,CWE-125,43,0.0582,0.0132,0.1258,0.0132,0.0,0.0132,0.0,False,freq_unsafe=0.000<0.02
3802,23,CWE-125,44,0.0582,0.0263,0.1059,0.0263,0.0132,0.0395,0.0493,False,freq_unsafe=0.013<0.02
13399,23,CWE-125,45,0.0581,0.0263,0.0991,0.0395,0.1184,0.1447,0.2878,True,
24921,23,CWE-125,46,0.0574,0.0263,0.104,0.0263,0.0526,0.0789,0.1555,True,
9817,23,CWE-125,47,0.0568,0.0132,0.1222,0.0132,0.0,0.0132,0.0,False,freq_unsafe=0.000<0.02
23281,23,CWE-125,48,0.0567,0.0395,0.0826,0.0395,0.0132,0.0526,0.0367,False,freq_unsafe=0.013<0.02
1148,23,CWE-125,49,0.0565,0.0132,0.1214,0.0132,0.0132,0.0,0.1214,False,freq_unsafe=0.013<0.02
21493,23,CWE-125,50,0.0563,0.0263,0.1014,0.0263,0.0,0.0263,0.0,False,freq_unsafe=0.000<0.02
16204,23,CWE-125,51,0.0558,0.0263,0.0999,0.0263,0.0263,0.0526,0.0607,True,
24652,23,CWE-125,52,0.0552,0.0263,0.0986,0.0263,0.0,0.0263,0.0,False,freq_unsafe=0.000<0.02
15524,23,CWE-125,53,0.0549,0.0263,0.0977,0.0263,0.0658,0.0395,0.229,True,
30530,23,CWE-125,54,0.0548,0.0132,0.1173,0.0132,0.0,0.0132,0.0,False,freq_unsafe=0.000<0.02
30231,23,CWE-125,55,0.0547,0.0263,0.0972,0.0263,0.0526,0.0263,0.2475,True,
19087,23,CWE-125,56,0.0539,0.0658,0.0557,0.0263,0.1842,0.2105,0.6684,True,
18751,23,CWE-125,57,0.0538,0.0263,0.095,0.0263,0.0,0.0263,0.0,False,freq_unsafe=0.000<0.02
30832,23,CWE-125,58,0.0533,0.0263,0.0937,0.0263,0.0395,0.0132,0.1326,True,
6657,23,CWE-125,59,0.0528,0.0263,0.0926,0.0263,0.2237,0.2105,0.8476,True,
6962,23,CWE-125,60,0.0527,0.0132,0.1121,0.0132,0.0132,0.0,0.1121,False,freq_unsafe=0.013<0.02
25287,23,CWE-125,61,0.052,0.0132,0.1103,0.0132,0.0,0.0132,0.0,False,freq_unsafe=0.000<0.02
5444,23,CWE-125,62,0.0516,0.0263,0.0895,0.0263,0.0,0.0263,0.0,False,freq_unsafe=0.000<0.02
26943,23,CWE-125,63,0.0514,0.0263,0.0891,0.0263,0.0132,0.0395,0.0482,False,freq_unsafe=0.013<0.02
3479,23,CWE-125,64,0.0514,0.0263,0.0891,0.0263,0.0,0.0263,0.0,False,freq_unsafe=0.000<0.02
17339,23,CWE-125,65,0.0513,0.0658,0.0493,0.0263,0.3289,0.3553,1.0403,True,
13371,23,CWE-125,66,0.0512,0.0132,0.1082,0.0132,0.0132,0.0,0.1082,False,freq_unsafe=0.013<0.02
13628,23,CWE-125,67,0.0512,0.0526,0.0621,0.0263,0.0395,0.0658,0.1053,True,
24712,23,CWE-125,68,0.051,0.0526,0.0617,0.0263,0.75,0.75,3.0166,True,
28447,23,CWE-125,69,0.0509,0.0263,0.0812,0.0395,0.0263,0.0526,0.0568,True,
8733,23,CWE-125,70,0.0508,0.0395,0.0743,0.0263,0.2237,0.2237,1.2139,True,
20033,23,CWE-125,71,0.0501,0.0263,0.0859,0.0263,0.1053,0.1316,0.2562,True,
5520,23,CWE-125,72,0.0501,0.0132,0.1056,0.0132,0.0,0.0132,0.0,False,freq_unsafe=0.000<0.02
8176,23,CWE-125,73,0.0499,0.0132,0.1049,0.0132,0.0,0.0132,0.0,False,freq_unsafe=0.000<0.02; score=0.0499<0.05
25582,23,CWE-125,74,0.0495,0.0132,0.104,0.0132,0.0263,0.0395,0.1893,False,score=0.0495<0.05
26375,23,CWE-125,75,0.0495,0.0263,0.0842,0.0263,0.0263,0.0,0.0842,False,score=0.0495<0.05
26287,23,CWE-125,76,0.0495,0.0395,0.071,0.0263,0.0395,0.0132,0.1274,False,score=0.0495<0.05
25286,23,CWE-125,77,0.0488,0.0263,0.0826,0.0263,0.0526,0.0263,0.1464,False,score=0.0488<0.05
5028,23,CWE-125,78,0.0488,0.0921,0.0102,0.0395,0.2895,0.3158,0.9224,False,score=0.0488<0.05
12757,23,CWE-125,79,0.0484,0.0263,0.0816,0.0263,0.0,0.0263,0.0,False,freq_unsafe=0.000<0.02; score=0.0484<0.05
20357,23,CWE-125,80,0.0482,0.0263,0.0811,0.0263,0.0132,0.0395,0.0496,False,freq_unsafe=0.013<0.02; score=0.0482<0.05
3501,23,CWE-125,81,0.0477,0.0263,0.0798,0.0263,0.0263,0.0,0.0798,False,score=0.0477<0.05
20644,23,CWE-125,82,0.0475,0.0132,0.0991,0.0132,0.0132,0.0,0.0991,False,freq_unsafe=0.013<0.02; score=0.0475<0.05
18110,23,CWE-125,83,0.0475,0.0132,0.0989,0.0132,0.0,0.0132,0.0,False,freq_unsafe=0.000<0.02; score=0.0475<0.05
8163,23,CWE-125,84,0.0469,0.0132,0.0975,0.0132,0.0,0.0132,0.0,False,freq_unsafe=0.000<0.02; score=0.0469<0.05
20425,23,CWE-125,85,0.0469,0.0263,0.0777,0.0263,0.1316,0.1316,0.4224,False,score=0.0469<0.05
25006,23,CWE-125,86,0.0467,0.0395,0.0642,0.0263,0.1053,0.0789,0.2562,False,score=0.0467<0.05
13972,23,CWE-125,87,0.0465,0.0132,0.0966,0.0132,0.0132,0.0,0.0966,False,freq_unsafe=0.013<0.02; score=0.0465<0.05
3946,23,CWE-125,88,0.0465,0.0132,0.0964,0.0132,0.0132,0.0,0.0964,False,freq_unsafe=0.013<0.02; score=0.0465<0.05
23255,23,CWE-125,89,0.0463,0.0132,0.096,0.0132,0.0,0.0132,0.0,False,freq_unsafe=0.000<0.02; score=0.0463<0.05
8361,23,CWE-125,90,0.0463,0.0132,0.0959,0.0132,0.0,0.0132,0.0,False,freq_unsafe=0.000<0.02; score=0.0463<0.05
18843,23,CWE-125,91,0.0458,0.0263,0.0749,0.0263,0.0395,0.0132,0.1014,False,score=0.0458<0.05
32556,23,CWE-125,92,0.0458,0.0132,0.0947,0.0132,0.0,0.0132,0.0,False,freq_unsafe=0.000<0.02; score=0.0458<0.05
14143,23,CWE-125,93,0.0457,0.0263,0.0749,0.0263,0.0263,0.0526,0.1709,False,score=0.0457<0.05
1231,23,CWE-125,94,0.0457,0.0132,0.0945,0.0132,0.0,0.0132,0.0,False,freq_unsafe=0.000<0.02; score=0.0457<0.05
4326,23,CWE-125,95,0.0454,0.0263,0.074,0.0263,0.0263,0.0,0.074,False,score=0.0454<0.05
25214,23,CWE-125,96,0.0449,0.0263,0.0727,0.0263,0.0395,0.0132,0.1375,False,score=0.0449<0.05
9481,23,CWE-125,97,0.0446,0.0132,0.0919,0.0132,0.0132,0.0,0.0919,False,freq_unsafe=0.013<0.02; score=0.0446<0.05
22884,23,CWE-125,98,0.0443,0.0263,0.0712,0.0263,0.0,0.0263,0.0,False,freq_unsafe=0.000<0.02; score=0.0443<0.05
10506,23,CWE-125,99,0.0441,0.0658,0.0313,0.0263,0.3026,0.2895,0.7898,False,score=0.0441<0.05
27589,23,CWE-125,100,0.0441,0.0132,0.0905,0.0132,0.0132,0.0,0.0905,False,freq_unsafe=0.013<0.02; score=0.0441<0.05
23972,23,CWE-125,101,0.0438,0.0132,0.0898,0.0132,0.0132,0.0,0.0898,False,freq_unsafe=0.013<0.02; score=0.0438<0.05
10311,23,CWE-125,102,0.0437,0.0263,0.0698,0.0263,0.0,0.0263,0.0,False,freq_unsafe=0.000<0.02; score=0.0437<0.05
24662,23,CWE-125,103,0.0437,0.0263,0.0697,0.0263,0.0132,0.0263,0.0349,False,freq_unsafe=0.013<0.02; score=0.0437<0.05
9311,23,CWE-125,104,0.0435,0.0263,0.0692,0.0263,0.0263,0.0526,0.0761,False,score=0.0435<0.05
18454,23,CWE-125,105,0.0434,0.0263,0.0691,0.0263,0.0395,0.0658,0.1015,False,score=0.0434<0.05
307,23,CWE-125,106,0.0434,0.0132,0.0888,0.0132,0.0,0.0132,0.0,False,freq_unsafe=0.000<0.02; score=0.0434<0.05
14867,23,CWE-125,107,0.0431,0.0132,0.0881,0.0132,0.0132,0.0,0.0881,False,freq_unsafe=0.013<0.02; score=0.0431<0.05
27933,23,CWE-125,108,0.0431,0.0263,0.0683,0.0263,0.0132,0.0395,0.0264,False,freq_unsafe=0.013<0.02; score=0.0431<0.05
30953,23,CWE-125,109,0.0429,0.0263,0.0678,0.0263,0.0263,0.0,0.0678,False,score=0.0429<0.05
15037,23,CWE-125,110,0.0428,0.0263,0.0675,0.0263,0.0658,0.0526,0.2221,False,score=0.0428<0.05
9788,23,CWE-125,111,0.0427,0.0263,0.0673,0.0263,0.0395,0.0132,0.0953,False,score=0.0427<0.05
21660,23,CWE-125,112,0.0427,0.0132,0.0869,0.0132,0.0,0.0132,0.0,False,freq_unsafe=0.000<0.02; score=0.0427<0.05
188,23,CWE-125,113,0.0425,0.0132,0.0864,0.0132,0.0,0.0132,0.0,False,freq_unsafe=0.000<0.02; score=0.0425<0.05
31194,23,CWE-125,114,0.0424,0.0263,0.0665,0.0263,0.0263,0.0,0.0665,False,score=0.0424<0.05
20191,23,CWE-125,115,0.0424,0.0263,0.0665,0.0263,0.0395,0.0132,0.1068,False,score=0.0424<0.05
8813,23,CWE-125,116,0.0423,0.0132,0.0861,0.0132,0.0658,0.0526,0.25,False,score=0.0423<0.05
26469,23,CWE-125,117,0.0423,0.0263,0.0662,0.0263,0.0395,0.0526,0.1015,False,score=0.0423<0.05
18503,23,CWE-125,118,0.0422,0.0132,0.0857,0.0132,0.0,0.0132,0.0,False,freq_unsafe=0.000<0.02; score=0.0422<0.05
28696,23,CWE-125,119,0.0419,0.0263,0.0654,0.0263,0.0,0.0263,0.0,False,freq_unsafe=0.000<0.02; score=0.0419<0.05
21759,23,CWE-125,120,0.0418,0.0132,0.0848,0.0132,0.0,0.0132,0.0,False,freq_unsafe=0.000<0.02; score=0.0418<0.05
586,23,CWE-125,121,0.0417,0.0263,0.0647,0.0263,0.0263,0.0,0.0647,False,score=0.0417<0.05
6793,23,CWE-125,122,0.0416,0.0263,0.0644,0.0263,0.0263,0.0395,0.1013,False,score=0.0416<0.05
30731,23,CWE-125,123,0.0412,0.0132,0.0832,0.0132,0.0132,0.0,0.0832,False,freq_unsafe=0.013<0.02; score=0.0412<0.05
23973,23,CWE-125,124,0.0408,0.0263,0.0626,0.0263,0.0,0.0263,0.0,False,freq_unsafe=0.000<0.02; score=0.0408<0.05
30026,23,CWE-125,125,0.0406,0.0263,0.0619,0.0263,0.0132,0.0395,0.0257,False,freq_unsafe=0.013<0.02; score=0.0406<0.05
29471,23,CWE-125,126,0.0405,0.0132,0.0816,0.0132,0.0263,0.0395,0.0543,False,score=0.0405<0.05
1126,23,CWE-125,127,0.0404,0.0263,0.0616,0.0263,0.0263,0.0,0.0616,False,score=0.0404<0.05
20987,23,CWE-125,128,0.0404,0.0132,0.0813,0.0132,0.0132,0.0,0.0813,False,freq_unsafe=0.013<0.02; score=0.0404<0.05
10760,23,CWE-125,129,0.0403,0.0263,0.0613,0.0263,0.0263,0.0526,0.0926,False,score=0.0403<0.05
27281,23,CWE-125,130,0.0402,0.0132,0.0808,0.0132,0.0,0.0132,0.0,False,freq_unsafe=0.000<0.02; score=0.0402<0.05
9303,23,CWE-125,131,0.0401,0.0263,0.0607,0.0263,0.0,0.0263,0.0,False,freq_unsafe=0.000<0.02; score=0.0401<0.05
12015,23,CWE-125,132,0.0399,0.0132,0.0801,0.0132,0.0,0.0132,0.0,False,freq_unsafe=0.000<0.02; score=0.0399<0.05
32644,23,CWE-125,133,0.0398,0.0132,0.0797,0.0132,0.0132,0.0,0.0797,False,freq_unsafe=0.013<0.02; score=0.0398<0.05
21236,23,CWE-125,134,0.0396,0.0132,0.0793,0.0132,0.0132,0.0,0.0793,False,freq_unsafe=0.013<0.02; score=0.0396<0.05
6130,23,CWE-125,135,0.0395,0.0132,0.079,0.0132,0.0132,0.0263,0.0314,False,freq_unsafe=0.013<0.02; score=0.0395<0.05
17193,23,CWE-125,136,0.0394,0.0132,0.0788,0.0132,0.0132,0.0132,0.0409,False,freq_unsafe=0.013<0.02; score=0.0394<0.05
25046,23,CWE-125,137,0.0392,0.0132,0.0782,0.0132,0.0,0.0132,0.0,False,freq_unsafe=0.000<0.02; score=0.0392<0.05
11867,23,CWE-125,138,0.0385,0.0263,0.0633,0.0132,0.0263,0.0132,0.1046,False,score=0.0385<0.05
8139,23,CWE-125,139,0.0384,0.0132,0.0763,0.0132,0.0,0.0132,0.0,False,freq_unsafe=0.000<0.02; score=0.0384<0.05
20296,23,CWE-125,140,0.0383,0.0526,0.03,0.0263,0.1447,0.1711,0.4748,False,score=0.0383<0.05
30857,23,CWE-125,141,0.0383,0.0263,0.0562,0.0263,0.0,0.0263,0.0,False,freq_unsafe=0.000<0.02; score=0.0383<0.05
2602,23,CWE-125,142,0.0382,0.0132,0.0759,0.0132,0.0,0.0132,0.0,False,freq_unsafe=0.000<0.02; score=0.0382<0.05
29484,23,CWE-125,143,0.0382,0.0263,0.0561,0.0263,0.0789,0.0921,0.2609,False,score=0.0382<0.05
12248,23,CWE-125,144,0.0379,0.0132,0.0749,0.0132,0.0395,0.0263,0.2177,False,score=0.0379<0.05
18939,23,CWE-125,145,0.0378,0.0263,0.0551,0.0263,0.0,0.0263,0.0,False,freq_unsafe=0.000<0.02; score=0.0378<0.05
1578,23,CWE-125,146,0.0374,0.0132,0.0737,0.0132,0.0132,0.0263,0.0616,False,freq_unsafe=0.013<0.02; score=0.0374<0.05
6062,23,CWE-125,147,0.0373,0.0263,0.0538,0.0263,0.0395,0.0263,0.1619,False,score=0.0373<0.05
15173,23,CWE-125,148,0.0372,0.0132,0.0734,0.0132,0.0658,0.0526,0.2918,False,score=0.0372<0.05
24724,23,CWE-125,149,0.0371,0.0132,0.073,0.0132,0.0,0.0132,0.0,False,freq_unsafe=0.000<0.02; score=0.0371<0.05
22576,23,CWE-125,150,0.0369,0.0263,0.0527,0.0263,0.0658,0.0395,0.1513,False,score=0.0369<0.05
18167,23,CWE-125,151,0.0369,0.0132,0.0724,0.0132,0.0,0.0132,0.0,False,freq_unsafe=0.000<0.02; score=0.0369<0.05
21055,23,CWE-125,152,0.0368,0.0132,0.0723,0.0132,0.0,0.0132,0.0,False,freq_unsafe=0.000<0.02; score=0.0368<0.05
1267,23,CWE-125,153,0.0366,0.0132,0.0718,0.0132,0.0,0.0132,0.0,False,freq_unsafe=0.000<0.02; score=0.0366<0.05
7480,23,CWE-125,154,0.0365,0.0132,0.0716,0.0132,0.0132,0.0,0.0716,False,freq_unsafe=0.013<0.02; score=0.0365<0.05
24971,23,CWE-125,155,0.0363,0.0132,0.0711,0.0132,0.0132,0.0,0.0711,False,freq_unsafe=0.013<0.02; score=0.0363<0.05
30135,23,CWE-125,156,0.0363,0.0132,0.071,0.0132,0.0,0.0132,0.0,False,freq_unsafe=0.000<0.02; score=0.0363<0.05
15619,23,CWE-125,157,0.0363,0.0132,0.071,0.0132,0.0,0.0132,0.0,False,freq_unsafe=0.000<0.02; score=0.0363<0.05
27858,23,CWE-125,158,0.0361,0.0132,0.0705,0.0132,0.0395,0.0263,0.1292,False,score=0.0361<0.05
25549,23,CWE-125,159,0.036,0.0132,0.0704,0.0132,0.0132,0.0,0.0704,False,freq_unsafe=0.013<0.02; score=0.0360<0.05
2532,23,CWE-125,160,0.0359,0.0132,0.07,0.0132,0.0,0.0132,0.0,False,freq_unsafe=0.000<0.02; score=0.0359<0.05
25256,23,CWE-125,161,0.0359,0.0395,0.0305,0.0395,0.3289,0.3421,0.9474,False,score=0.0359<0.05
17327,23,CWE-125,162,0.0359,0.0132,0.0699,0.0132,0.0395,0.0263,0.133,False,score=0.0359<0.05
20495,23,CWE-125,163,0.0358,0.0263,0.0566,0.0132,0.0263,0.0132,0.1037,False,score=0.0358<0.05
26726,23,CWE-125,164,0.0358,0.0263,0.05,0.0263,0.0263,0.0395,0.0776,False,score=0.0358<0.05
27,23,CWE-125,165,0.0357,0.0263,0.0499,0.0263,0.1316,0.1184,0.6253,False,score=0.0357<0.05
9887,23,CWE-125,166,0.0355,0.0132,0.0689,0.0132,0.0132,0.0,0.0689,False,freq_unsafe=0.013<0.02; score=0.0355<0.05
32194,23,CWE-125,167,0.0354,0.0132,0.0688,0.0132,0.0132,0.0263,0.0262,False,freq_unsafe=0.013<0.02; score=0.0354<0.05
16976,23,CWE-125,168,0.0354,0.0132,0.0688,0.0132,0.0,0.0132,0.0,False,freq_unsafe=0.000<0.02; score=0.0354<0.05
13249,23,CWE-125,169,0.0352,0.0263,0.0552,0.0132,0.0921,0.0921,0.3798,False,score=0.0352<0.05
7022,23,CWE-125,170,0.035,0.0132,0.0677,0.0132,0.0,0.0132,0.0,False,freq_unsafe=0.000<0.02; score=0.0350<0.05
3342,23,CWE-125,171,0.0349,0.0132,0.0676,0.0132,0.0,0.0132,0.0,False,freq_unsafe=0.000<0.02; score=0.0349<0.05
28928,23,CWE-125,172,0.0349,0.0132,0.0675,0.0132,0.0,0.0132,0.0,False,freq_unsafe=0.000<0.02; score=0.0349<0.05
17816,23,CWE-125,173,0.0349,0.0132,0.0674,0.0132,0.0132,0.0,0.0674,False,freq_unsafe=0.013<0.02; score=0.0349<0.05
11094,23,CWE-125,174,0.0348,0.0132,0.0672,0.0132,0.0526,0.0395,0.221,False,score=0.0348<0.05
26371,23,CWE-125,175,0.0348,0.0132,0.0672,0.0132,0.0,0.0132,0.0,False,freq_unsafe=0.000<0.02; score=0.0348<0.05
7779,23,CWE-125,176,0.0347,0.0132,0.067,0.0132,0.0526,0.0395,0.2231,False,score=0.0347<0.05
31157,23,CWE-125,177,0.0346,0.0132,0.0667,0.0132,0.0132,0.0,0.0667,False,freq_unsafe=0.013<0.02; score=0.0346<0.05
28847,23,CWE-125,178,0.0346,0.0132,0.0667,0.0132,0.0132,0.0,0.0667,False,freq_unsafe=0.013<0.02; score=0.0346<0.05
1082,23,CWE-125,179,0.0343,0.0395,0.0331,0.0263,0.0921,0.0921,0.27,False,score=0.0343<0.05
9982,23,CWE-125,180,0.0342,0.0132,0.0657,0.0132,0.0,0.0132,0.0,False,freq_unsafe=0.000<0.02; score=0.0342<0.05
24331,23,CWE-125,181,0.0341,0.0132,0.0655,0.0132,0.0263,0.0395,0.0865,False,score=0.0341<0.05
13849,23,CWE-125,182,0.034,0.0263,0.0455,0.0263,0.0526,0.0395,0.1573,False,score=0.0340<0.05
22867,23,CWE-125,183,0.034,0.0132,0.0653,0.0132,0.0,0.0132,0.0,False,freq_unsafe=0.000<0.02; score=0.0340<0.05
26406,23,CWE-125,184,0.0339,0.0132,0.0651,0.0132,0.0132,0.0,0.0651,False,freq_unsafe=0.013<0.02; score=0.0339<0.05
24527,23,CWE-125,185,0.0339,0.0132,0.065,0.0132,0.0263,0.0132,0.1355,False,score=0.0339<0.05
28589,23,CWE-125,186,0.0338,0.0132,0.0647,0.0132,0.0,0.0132,0.0,False,freq_unsafe=0.000<0.02; score=0.0338<0.05
31207,23,CWE-125,187,0.0338,0.0263,0.045,0.0263,0.0132,0.0263,0.0255,False,freq_unsafe=0.013<0.02; score=0.0338<0.05
2324,23,CWE-125,188,0.0337,0.0132,0.0644,0.0132,0.0526,0.0526,0.2416,False,score=0.0337<0.05
32203,23,CWE-125,189,0.0334,0.0395,0.0309,0.0263,0.0921,0.0789,0.2258,False,score=0.0334<0.05
8814,23,CWE-125,190,0.0332,0.0263,0.0435,0.0263,0.0263,0.0132,0.0725,False,score=0.0332<0.05
8769,23,CWE-125,191,0.033,0.0132,0.0626,0.0132,0.0132,0.0263,0.0263,False,freq_unsafe=0.013<0.02; score=0.0330<0.05
10746,23,CWE-125,192,0.0327,0.0263,0.0487,0.0132,0.0658,0.0789,0.2015,False,score=0.0327<0.05
16030,23,CWE-125,193,0.0326,0.0132,0.0619,0.0132,0.0132,0.0,0.0619,False,freq_unsafe=0.013<0.02; score=0.0326<0.05
13843,23,CWE-125,194,0.0325,0.0132,0.0615,0.0132,0.0132,0.0263,0.0628,False,freq_unsafe=0.013<0.02; score=0.0325<0.05
1436,23,CWE-125,195,0.0324,0.0132,0.0548,0.0263,0.0132,0.0263,0.0415,False,freq_unsafe=0.013<0.02; score=0.0324<0.05
10904,23,CWE-125,196,0.0324,0.0132,0.0612,0.0132,0.0132,0.0,0.0612,False,freq_unsafe=0.013<0.02; score=0.0324<0.05
2761,23,CWE-125,197,0.0323,0.0132,0.061,0.0132,0.0132,0.0,0.061,False,freq_unsafe=0.013<0.02; score=0.0323<0.05
9124,23,CWE-125,198,0.0323,0.0132,0.061,0.0132,0.0,0.0132,0.0,False,freq_unsafe=0.000<0.02; score=0.0323<0.05
29095,23,CWE-125,199,0.0322,0.0132,0.0541,0.0263,0.0263,0.0395,0.1352,False,score=0.0322<0.05
10638,23,CWE-125,200,0.0321,0.0132,0.0606,0.0132,0.0,0.0132,0.0,False,freq_unsafe=0.000<0.02; score=0.0321<0.05
4837,23,CWE-787,1,0.2451,0.0923,0.4973,0.0462,0.8923,0.8923,13.4003,True,
24712,23,CWE-787,2,0.1264,0.1077,0.1776,0.0615,0.7538,0.7077,2.9764,True,
20425,23,CWE-787,3,0.0971,0.0462,0.1659,0.0615,0.1231,0.1692,0.4067,True,
29719,23,CWE-787,4,0.0937,0.0308,0.1882,0.0308,0.0,0.0308,0.0,False,freq_unsafe=0.000<0.02
13946,23,CWE-787,5,0.0852,0.0462,0.1515,0.0308,0.1231,0.1538,0.8969,True,
6345,23,CWE-787,6,0.0837,0.0154,0.1861,0.0154,0.0154,0.0,0.1861,False,freq_unsafe=0.015<0.02
29484,23,CWE-787,7,0.0795,0.0308,0.1526,0.0308,0.0615,0.0923,0.1681,True,
14909,23,CWE-787,8,0.0791,0.0462,0.1363,0.0308,0.2923,0.3077,1.0913,True,
12248,23,CWE-787,9,0.0765,0.0308,0.1451,0.0308,0.0308,0.0,0.1451,True,
28827,23,CWE-787,10,0.0757,0.0308,0.143,0.0308,0.0615,0.0308,0.2149,True,
6672,23,CWE-787,11,0.0712,0.0154,0.1549,0.0154,0.0,0.0154,0.0,False,freq_unsafe=0.000<0.02
1652,23,CWE-787,12,0.0698,0.0308,0.1208,0.0462,0.2,0.1692,0.6901,True,
4617,23,CWE-787,13,0.0696,0.0154,0.151,0.0154,0.0,0.0154,0.0,False,freq_unsafe=0.000<0.02
20971,23,CWE-787,14,0.0683,0.0308,0.1245,0.0308,0.0,0.0308,0.0,False,freq_unsafe=0.000<0.02
1436,23,CWE-787,15,0.0665,0.0308,0.1202,0.0308,0.0615,0.0308,0.2311,True,
7580,23,CWE-787,16,0.0662,0.0154,0.1424,0.0154,0.0308,0.0154,0.1735,True,
11168,23,CWE-787,17,0.0662,0.0308,0.1192,0.0308,0.1692,0.2,0.6102,True,
26322,23,CWE-787,18,0.0659,0.0615,0.0879,0.0308,0.1538,0.1846,0.3844,True,
805,23,CWE-787,19,0.0651,0.0154,0.1396,0.0154,0.0,0.0154,0.0,False,freq_unsafe=0.000<0.02
15593,23,CWE-787,20,0.0644,0.0154,0.1379,0.0154,0.0,0.0154,0.0,False,freq_unsafe=0.000<0.02
30253,23,CWE-787,21,0.0639,0.0154,0.1366,0.0154,0.0154,0.0,0.1366,False,freq_unsafe=0.015<0.02
25258,23,CWE-787,22,0.0593,0.0154,0.1253,0.0154,0.0308,0.0154,0.2922,True,
16109,23,CWE-787,23,0.059,0.0462,0.0783,0.0462,0.2,0.2,1.1444,True,
13628,23,CWE-787,24,0.059,0.0308,0.1013,0.0308,0.1077,0.0923,0.3449,True,
17339,23,CWE-787,25,0.0585,0.0462,0.0769,0.0462,0.4,0.3846,1.2816,True,
22248,23,CWE-787,26,0.0581,0.0154,0.1221,0.0154,0.0154,0.0,0.1221,False,freq_unsafe=0.015<0.02
25256,23,CWE-787,27,0.0579,0.0769,0.0526,0.0308,0.3538,0.3538,0.9997,True,
10554,23,CWE-787,28,0.0573,0.0308,0.0971,0.0308,0.0308,0.0,0.0971,True,
21516,23,CWE-787,29,0.0571,0.0308,0.0966,0.0308,0.0923,0.0615,0.2292,True,
28220,23,CWE-787,30,0.057,0.0308,0.0886,0.0462,0.0923,0.1077,0.2838,True,
17464,23,CWE-787,31,0.0561,0.0308,0.0941,0.0308,0.1231,0.0923,0.3756,True,
13732,23,CWE-787,32,0.0553,0.0154,0.1151,0.0154,0.0308,0.0462,0.0679,True,
25781,23,CWE-787,33,0.0543,0.0154,0.1126,0.0154,0.0154,0.0308,0.0289,False,freq_unsafe=0.015<0.02
4504,23,CWE-787,34,0.0538,0.0154,0.1115,0.0154,0.0,0.0154,0.0,False,freq_unsafe=0.000<0.02
31908,23,CWE-787,35,0.0536,0.0154,0.111,0.0154,0.0,0.0154,0.0,False,freq_unsafe=0.000<0.02
1484,23,CWE-787,36,0.0525,0.0154,0.1083,0.0154,0.0154,0.0308,0.0344,False,freq_unsafe=0.015<0.02
7986,23,CWE-787,37,0.0514,0.0308,0.0823,0.0308,0.0462,0.0769,0.1203,True,
26624,23,CWE-787,38,0.0512,0.0154,0.105,0.0154,0.0462,0.0462,0.1011,True,
7583,23,CWE-787,39,0.0508,0.0154,0.104,0.0154,0.0,0.0154,0.0,False,freq_unsafe=0.000<0.02
13276,23,CWE-787,40,0.0508,0.0308,0.0808,0.0308,0.0615,0.0923,0.262,True,
16431,23,CWE-787,41,0.0507,0.0308,0.0807,0.0308,0.1231,0.1077,0.3713,True,
4502,23,CWE-787,42,0.0496,0.0154,0.101,0.0154,0.0154,0.0,0.101,False,freq_unsafe=0.015<0.02; score=0.0496<0.05
3505,23,CWE-787,43,0.0493,0.0308,0.077,0.0308,0.0,0.0308,0.0,False,freq_unsafe=0.000<0.02; score=0.0493<0.05
7973,23,CWE-787,44,0.0492,0.0154,0.0999,0.0154,0.0462,0.0308,0.2831,False,score=0.0492<0.05
12980,23,CWE-787,45,0.0481,0.0154,0.0972,0.0154,0.0615,0.0769,0.1862,False,score=0.0481<0.05
14256,23,CWE-787,46,0.0477,0.0308,0.0731,0.0308,0.0615,0.0308,0.1454,False,score=0.0477<0.05
23311,23,CWE-787,47,0.0476,0.0154,0.096,0.0154,0.0154,0.0,0.096,False,freq_unsafe=0.015<0.02; score=0.0476<0.05
8482,23,CWE-787,48,0.0474,0.0308,0.0722,0.0308,0.0154,0.0462,0.0588,False,freq_unsafe=0.015<0.02; score=0.0474<0.05
21350,23,CWE-787,49,0.0464,0.0154,0.093,0.0154,0.0769,0.0615,0.3631,False,score=0.0464<0.05
16750,23,CWE-787,50,0.046,0.0154,0.092,0.0154,0.0,0.0154,0.0,False,freq_unsafe=0.000<0.02; score=0.0460<0.05
27,23,CWE-787,51,0.046,0.0308,0.0689,0.0308,0.1077,0.0923,0.4969,False,score=0.0460<0.05
22764,23,CWE-787,52,0.0459,0.0154,0.0918,0.0154,0.0154,0.0308,0.0318,False,freq_unsafe=0.015<0.02; score=0.0459<0.05
27762,23,CWE-787,53,0.0458,0.0154,0.0913,0.0154,0.0,0.0154,0.0,False,freq_unsafe=0.000<0.02; score=0.0458<0.05
30064,23,CWE-787,54,0.0457,0.0154,0.0911,0.0154,0.0154,0.0,0.0911,False,freq_unsafe=0.015<0.02; score=0.0457<0.05
147,23,CWE-787,55,0.0454,0.0308,0.0749,0.0154,0.0615,0.0769,0.1577,False,score=0.0454<0.05
4380,23,CWE-787,56,0.0451,0.0308,0.0666,0.0308,0.0308,0.0,0.0666,False,score=0.0451<0.05
2337,23,CWE-787,57,0.0445,0.0154,0.0882,0.0154,0.0,0.0154,0.0,False,freq_unsafe=0.000<0.02; score=0.0445<0.05
25006,23,CWE-787,58,0.0445,0.0308,0.0651,0.0308,0.1385,0.1077,0.2953,False,score=0.0445<0.05
27773,23,CWE-787,59,0.0444,0.0462,0.0495,0.0308,0.1538,0.1846,0.4195,False,score=0.0444<0.05
30182,23,CWE-787,60,0.0441,0.0308,0.0642,0.0308,0.0615,0.0923,0.18,False,score=0.0441<0.05
13723,23,CWE-787,61,0.0439,0.0154,0.0868,0.0154,0.0308,0.0154,0.1292,False,score=0.0439<0.05
9788,23,CWE-787,62,0.0437,0.0308,0.0631,0.0308,0.0308,0.0,0.0631,False,score=0.0437<0.05
2987,23,CWE-787,63,0.0435,0.0308,0.0627,0.0308,0.0615,0.0308,0.1324,False,score=0.0435<0.05
8733,23,CWE-787,64,0.0435,0.0308,0.0626,0.0308,0.1692,0.1692,1.0167,False,score=0.0435<0.05
4326,23,CWE-787,65,0.0433,0.0308,0.0621,0.0308,0.0308,0.0462,0.081,False,score=0.0433<0.05
20296,23,CWE-787,66,0.0431,0.0308,0.0617,0.0308,0.1692,0.1385,0.4546,False,score=0.0431<0.05
10746,23,CWE-787,67,0.043,0.0154,0.0844,0.0154,0.0462,0.0615,0.1184,False,score=0.0430<0.05
25594,23,CWE-787,68,0.0421,0.0308,0.0591,0.0308,0.0769,0.0615,0.2225,False,score=0.0421<0.05
19273,23,CWE-787,69,0.042,0.0154,0.0818,0.0154,0.0,0.0154,0.0,False,freq_unsafe=0.000<0.02; score=0.0420<0.05
3745,23,CWE-787,70,0.0419,0.0154,0.0818,0.0154,0.0462,0.0308,0.1436,False,score=0.0419<0.05
26626,23,CWE-787,71,0.0417,0.0154,0.0811,0.0154,0.0308,0.0154,0.1104,False,score=0.0417<0.05
27378,23,CWE-787,72,0.0412,0.0154,0.08,0.0154,0.0154,0.0,0.08,False,freq_unsafe=0.015<0.02; score=0.0412<0.05
10311,23,CWE-787,73,0.0399,0.0154,0.0767,0.0154,0.0154,0.0308,0.0651,False,freq_unsafe=0.015<0.02; score=0.0399<0.05
18929,23,CWE-787,74,0.0397,0.0154,0.0763,0.0154,0.0154,0.0308,0.0375,False,freq_unsafe=0.015<0.02; score=0.0397<0.05
12657,23,CWE-787,75,0.0396,0.0308,0.0606,0.0154,0.1538,0.1692,0.6261,False,score=0.0396<0.05
21468,23,CWE-787,76,0.0393,0.0154,0.0753,0.0154,0.0615,0.0462,0.2089,False,score=0.0393<0.05
30761,23,CWE-787,77,0.0386,0.0154,0.0734,0.0154,0.0154,0.0,0.0734,False,freq_unsafe=0.015<0.02; score=0.0386<0.05
18543,23,CWE-787,78,0.0385,0.0154,0.0731,0.0154,0.0154,0.0,0.0731,False,freq_unsafe=0.015<0.02; score=0.0385<0.05
30026,23,CWE-787,79,0.0384,0.0308,0.0499,0.0308,0.0462,0.0308,0.1271,False,score=0.0384<0.05
13119,23,CWE-787,80,0.0382,0.0154,0.0725,0.0154,0.0308,0.0308,0.152,False,score=0.0382<0.05
21839,23,CWE-787,81,0.0382,0.0154,0.0723,0.0154,0.0154,0.0,0.0723,False,freq_unsafe=0.015<0.02; score=0.0382<0.05
3187,23,CWE-787,82,0.0381,0.0154,0.0723,0.0154,0.0154,0.0,0.0723,False,freq_unsafe=0.015<0.02; score=0.0381<0.05
24451,23,CWE-787,83,0.0381,0.0154,0.0721,0.0154,0.0615,0.0462,0.2774,False,score=0.0381<0.05
18076,23,CWE-787,84,0.0379,0.0154,0.0717,0.0154,0.2,0.1846,0.6128,False,score=0.0379<0.05
20044,23,CWE-787,85,0.0372,0.0154,0.0698,0.0154,0.0,0.0154,0.0,False,freq_unsafe=0.000<0.02; score=0.0372<0.05
24420,23,CWE-787,86,0.0366,0.0154,0.0685,0.0154,0.0154,0.0,0.0685,False,freq_unsafe=0.015<0.02; score=0.0366<0.05
28743,23,CWE-787,87,0.0363,0.0154,0.0678,0.0154,0.0154,0.0,0.0678,False,freq_unsafe=0.015<0.02; score=0.0363<0.05
30359,23,CWE-787,88,0.0358,0.0154,0.0665,0.0154,0.0462,0.0308,0.1725,False,score=0.0358<0.05
12880,23,CWE-787,89,0.0358,0.0154,0.0663,0.0154,0.0154,0.0,0.0663,False,freq_unsafe=0.015<0.02; score=0.0358<0.05
16976,23,CWE-787,90,0.0353,0.0154,0.0653,0.0154,0.0154,0.0,0.0653,False,freq_unsafe=0.015<0.02; score=0.0353<0.05
29639,23,CWE-787,91,0.0353,0.0154,0.0652,0.0154,0.0,0.0154,0.0,False,freq_unsafe=0.000<0.02; score=0.0353<0.05
26493,23,CWE-787,92,0.035,0.0154,0.0645,0.0154,0.0462,0.0615,0.2177,False,score=0.0350<0.05
6062,23,CWE-787,93,0.035,0.0154,0.0644,0.0154,0.0,0.0154,0.0,False,freq_unsafe=0.000<0.02; score=0.0350<0.05
14945,23,CWE-787,94,0.0349,0.0154,0.0643,0.0154,0.0154,0.0,0.0643,False,freq_unsafe=0.015<0.02; score=0.0349<0.05
11413,23,CWE-787,95,0.0347,0.0154,0.0638,0.0154,0.0,0.0154,0.0,False,freq_unsafe=0.000<0.02; score=0.0347<0.05
5827,23,CWE-787,96,0.0346,0.0154,0.0635,0.0154,0.0,0.0154,0.0,False,freq_unsafe=0.000<0.02; score=0.0346<0.05
6555,23,CWE-787,97,0.0343,0.0154,0.0627,0.0154,0.0308,0.0154,0.098,False,score=0.0343<0.05
5028,23,CWE-787,98,0.0343,0.0462,0.0319,0.0154,0.1385,0.1231,0.3963,False,score=0.0343<0.05
26509,23,CWE-787,99,0.0342,0.0154,0.0625,0.0154,0.0,0.0154,0.0,False,freq_unsafe=0.000<0.02; score=0.0342<0.05
18695,23,CWE-787,100,0.0342,0.0154,0.0624,0.0154,0.0462,0.0308,0.1383,False,score=0.0342<0.05
31049,23,CWE-787,101,0.0342,0.0154,0.0624,0.0154,0.0154,0.0,0.0624,False,freq_unsafe=0.015<0.02; score=0.0342<0.05
19881,23,CWE-787,102,0.0336,0.0154,0.0608,0.0154,0.0,0.0154,0.0,False,freq_unsafe=0.000<0.02; score=0.0336<0.05
21544,23,CWE-787,103,0.0336,0.0154,0.0608,0.0154,0.0154,0.0,0.0608,False,freq_unsafe=0.015<0.02; score=0.0336<0.05
21380,23,CWE-787,104,0.0335,0.0154,0.0606,0.0154,0.0154,0.0154,0.1024,False,freq_unsafe=0.015<0.02; score=0.0335<0.05
20436,23,CWE-787,105,0.0335,0.0154,0.0606,0.0154,0.0,0.0154,0.0,False,freq_unsafe=0.000<0.02; score=0.0335<0.05
19810,23,CWE-787,106,0.0332,0.0154,0.06,0.0154,0.0154,0.0,0.06,False,freq_unsafe=0.015<0.02; score=0.0332<0.05
17480,23,CWE-787,107,0.0332,0.0154,0.0599,0.0154,0.0,0.0154,0.0,False,freq_unsafe=0.000<0.02; score=0.0332<0.05
6390,23,CWE-787,108,0.0332,0.0154,0.0598,0.0154,0.0462,0.0308,0.143,False,score=0.0332<0.05
18751,23,CWE-787,109,0.033,0.0154,0.0595,0.0154,0.0154,0.0,0.0595,False,freq_unsafe=0.015<0.02; score=0.0330<0.05
29978,23,CWE-787,110,0.0329,0.0154,0.0591,0.0154,0.0462,0.0308,0.1596,False,score=0.0329<0.05
26029,23,CWE-787,111,0.0326,0.0154,0.0585,0.0154,0.0308,0.0154,0.0873,False,score=0.0326<0.05
22240,23,CWE-787,112,0.0326,0.0154,0.0584,0.0154,0.0154,0.0,0.0584,False,freq_unsafe=0.015<0.02; score=0.0326<0.05
7940,23,CWE-787,113,0.0325,0.0154,0.0582,0.0154,0.0154,0.0,0.0582,False,freq_unsafe=0.015<0.02; score=0.0325<0.05
13614,23,CWE-787,114,0.0325,0.0154,0.0582,0.0154,0.0462,0.0308,0.1359,False,score=0.0325<0.05
10446,23,CWE-787,115,0.0324,0.0154,0.058,0.0154,0.0154,0.0,0.058,False,freq_unsafe=0.015<0.02; score=0.0324<0.05
11535,23,CWE-787,116,0.0324,0.0154,0.058,0.0154,0.0154,0.0154,0.048,False,freq_unsafe=0.015<0.02; score=0.0324<0.05
8069,23,CWE-787,117,0.0324,0.0154,0.0579,0.0154,0.0154,0.0,0.0579,False,freq_unsafe=0.015<0.02; score=0.0324<0.05
5601,23,CWE-787,118,0.0324,0.0154,0.0579,0.0154,0.0154,0.0,0.0579,False,freq_unsafe=0.015<0.02; score=0.0324<0.05
32762,23,CWE-787,119,0.0323,0.0154,0.0576,0.0154,0.0308,0.0154,0.0971,False,score=0.0323<0.05
12024,23,CWE-787,120,0.0322,0.0154,0.0575,0.0154,0.0,0.0154,0.0,False,freq_unsafe=0.000<0.02; score=0.0322<0.05
10300,23,CWE-787,121,0.0321,0.0154,0.0571,0.0154,0.0154,0.0,0.0571,False,freq_unsafe=0.015<0.02; score=0.0321<0.05
15256,23,CWE-787,122,0.032,0.0154,0.057,0.0154,0.0154,0.0,0.057,False,freq_unsafe=0.015<0.02; score=0.0320<0.05
13923,23,CWE-787,123,0.032,0.0154,0.0569,0.0154,0.0462,0.0308,0.2521,False,score=0.0320<0.05
7639,23,CWE-787,124,0.032,0.0154,0.0569,0.0154,0.0,0.0154,0.0,False,freq_unsafe=0.000<0.02; score=0.0320<0.05
18979,23,CWE-787,125,0.0317,0.0154,0.0563,0.0154,0.0154,0.0,0.0563,False,freq_unsafe=0.015<0.02; score=0.0317<0.05
25910,23,CWE-787,126,0.0317,0.0154,0.0562,0.0154,0.0,0.0154,0.0,False,freq_unsafe=0.000<0.02; score=0.0317<0.05
6657,23,CWE-787,127,0.0316,0.0308,0.0405,0.0154,0.1846,0.2,0.5224,False,score=0.0316<0.05
6201,23,CWE-787,128,0.0315,0.0154,0.0556,0.0154,0.0308,0.0154,0.0904,False,score=0.0315<0.05
13852,23,CWE-787,129,0.0314,0.0154,0.0554,0.0154,0.0154,0.0,0.0554,False,freq_unsafe=0.015<0.02; score=0.0314<0.05
11867,23,CWE-787,130,0.0313,0.0154,0.0551,0.0154,0.0308,0.0154,0.2122,False,score=0.0313<0.05
24503,23,CWE-787,131,0.0308,0.0154,0.0539,0.0154,0.0308,0.0154,0.0967,False,score=0.0308<0.05
1308,23,CWE-787,132,0.0305,0.0154,0.0532,0.0154,0.0,0.0154,0.0,False,freq_unsafe=0.000<0.02; score=0.0305<0.05
18943,23,CWE-787,133,0.0305,0.0154,0.0531,0.0154,0.0,0.0154,0.0,False,freq_unsafe=0.000<0.02; score=0.0305<0.05
29869,23,CWE-787,134,0.0304,0.0154,0.053,0.0154,0.0,0.0154,0.0,False,freq_unsafe=0.000<0.02; score=0.0304<0.05
1173,23,CWE-787,135,0.0303,0.0154,0.0527,0.0154,0.1077,0.0923,0.2907,False,score=0.0303<0.05
17219,23,CWE-787,136,0.0302,0.0154,0.0523,0.0154,0.0462,0.0462,0.1855,False,score=0.0302<0.05
30478,23,CWE-787,137,0.0301,0.0154,0.0522,0.0154,0.0,0.0154,0.0,False,freq_unsafe=0.000<0.02; score=0.0301<0.05
2324,23,CWE-787,138,0.03,0.0154,0.052,0.0154,0.0462,0.0308,0.1282,False,score=0.0300<0.05
15831,23,CWE-787,139,0.03,0.0154,0.0519,0.0154,0.0,0.0154,0.0,False,freq_unsafe=0.000<0.02; score=0.0300<0.05
1469,23,CWE-787,140,0.0298,0.0154,0.0515,0.0154,0.0154,0.0308,0.0418,False,freq_unsafe=0.015<0.02; score=0.0298<0.05
17932,23,CWE-787,141,0.0297,0.0154,0.0512,0.0154,0.0,0.0154,0.0,False,freq_unsafe=0.000<0.02; score=0.0297<0.05
12135,23,CWE-787,142,0.0293,0.0154,0.0503,0.0154,0.0,0.0154,0.0,False,freq_unsafe=0.000<0.02; score=0.0293<0.05
15992,23,CWE-787,143,0.0293,0.0154,0.0502,0.0154,0.0154,0.0,0.0502,False,freq_unsafe=0.015<0.02; score=0.0293<0.05
2000,23,CWE-787,144,0.0293,0.0308,0.0348,0.0154,0.1077,0.1077,0.3054,False,score=0.0293<0.05
28512,23,CWE-787,145,0.0292,0.0154,0.05,0.0154,0.0154,0.0,0.05,False,freq_unsafe=0.015<0.02; score=0.0292<0.05
19087,23,CWE-787,146,0.029,0.0154,0.0495,0.0154,0.0769,0.0769,0.2373,False,score=0.0290<0.05
25261,23,CWE-787,147,0.029,0.0154,0.0494,0.0154,0.0154,0.0,0.0494,False,freq_unsafe=0.015<0.02; score=0.0290<0.05
20293,23,CWE-787,148,0.0287,0.0308,0.0333,0.0154,0.0923,0.0769,0.2252,False,score=0.0287<0.05
3640,23,CWE-787,149,0.0284,0.0154,0.0478,0.0154,0.0154,0.0,0.0478,False,freq_unsafe=0.015<0.02; score=0.0284<0.05
3518,23,CWE-787,150,0.0283,0.0154,0.0476,0.0154,0.0154,0.0,0.0476,False,freq_unsafe=0.015<0.02; score=0.0283<0.05
25795,23,CWE-787,151,0.0282,0.0154,0.0475,0.0154,0.0,0.0154,0.0,False,freq_unsafe=0.000<0.02; score=0.0282<0.05
2942,23,CWE-787,152,0.028,0.0154,0.0469,0.0154,0.0615,0.0462,0.2125,False,score=0.0280<0.05
4083,23,CWE-787,153,0.028,0.0154,0.0469,0.0154,0.0154,0.0308,0.0316,False,freq_unsafe=0.015<0.02; score=0.0280<0.05
17000,23,CWE-787,154,0.028,0.0154,0.0468,0.0154,0.0154,0.0,0.0468,False,freq_unsafe=0.015<0.02; score=0.0280<0.05
23525,23,CWE-787,155,0.028,0.0154,0.0468,0.0154,0.0154,0.0308,0.053,False,freq_unsafe=0.015<0.02; score=0.0280<0.05
16589,23,CWE-787,156,0.0279,0.0154,0.0467,0.0154,0.0,0.0154,0.0,False,freq_unsafe=0.000<0.02; score=0.0279<0.05
23003,23,CWE-787,157,0.0279,0.0154,0.0466,0.0154,0.0154,0.0,0.0466,False,freq_unsafe=0.015<0.02; score=0.0279<0.05
22726,23,CWE-787,158,0.0277,0.0154,0.0463,0.0154,0.0,0.0154,0.0,False,freq_unsafe=0.000<0.02; score=0.0277<0.05
17489,23,CWE-787,159,0.0277,0.0154,0.0461,0.0154,0.0308,0.0154,0.09,False,score=0.0277<0.05
31670,23,CWE-787,160,0.0277,0.0154,0.0461,0.0154,0.0308,0.0154,0.0781,False,score=0.0277<0.05
1450,23,CWE-787,161,0.0276,0.0154,0.0458,0.0154,0.0154,0.0308,0.0301,False,freq_unsafe=0.015<0.02; score=0.0276<0.05
13885,23,CWE-787,162,0.0275,0.0154,0.0456,0.0154,0.0308,0.0154,0.0881,False,score=0.0275<0.05
12535,23,CWE-787,163,0.0275,0.0154,0.0456,0.0154,0.0154,0.0308,0.0293,False,freq_unsafe=0.015<0.02; score=0.0275<0.05
26645,23,CWE-787,164,0.0274,0.0308,0.0301,0.0154,0.0308,0.0154,0.0743,False,score=0.0274<0.05
25028,23,CWE-787,165,0.0274,0.0154,0.0454,0.0154,0.0,0.0154,0.0,False,freq_unsafe=0.000<0.02; score=0.0274<0.05
13849,23,CWE-787,166,0.0273,0.0154,0.0452,0.0154,0.0308,0.0154,0.0804,False,score=0.0273<0.05
12932,23,CWE-787,167,0.0273,0.0154,0.0452,0.0154,0.0,0.0154,0.0,False,freq_unsafe=0.000<0.02; score=0.0273<0.05
13547,23,CWE-787,168,0.0272,0.0154,0.045,0.0154,0.0154,0.0,0.045,False,freq_unsafe=0.015<0.02; score=0.0272<0.05
23972,23,CWE-787,169,0.0272,0.0154,0.0448,0.0154,0.0154,0.0,0.0448,False,freq_unsafe=0.015<0.02; score=0.0272<0.05
13714,23,CWE-787,170,0.0271,0.0154,0.0448,0.0154,0.0462,0.0308,0.1371,False,score=0.0271<0.05
23973,23,CWE-787,171,0.0271,0.0154,0.0447,0.0154,0.0154,0.0,0.0447,False,freq_unsafe=0.015<0.02; score=0.0271<0.05
32004,23,CWE-787,172,0.0271,0.0154,0.0446,0.0154,0.0154,0.0,0.0446,False,freq_unsafe=0.015<0.02; score=0.0271<0.05
15135,23,CWE-787,173,0.027,0.0154,0.0444,0.0154,0.0462,0.0308,0.1111,False,score=0.0270<0.05
5994,23,CWE-787,174,0.027,0.0154,0.0444,0.0154,0.0154,0.0154,0.0865,False,freq_unsafe=0.015<0.02; score=0.0270<0.05
17159,23,CWE-787,175,0.0269,0.0308,0.0212,0.0308,0.1538,0.1692,0.7726,False,score=0.0269<0.05
6527,23,CWE-787,176,0.0269,0.0154,0.0441,0.0154,0.0154,0.0,0.0441,False,freq_unsafe=0.015<0.02; score=0.0269<0.05
19159,23,CWE-787,177,0.0268,0.0154,0.044,0.0154,0.0154,0.0,0.044,False,freq_unsafe=0.015<0.02; score=0.0268<0.05
26204,23,CWE-787,178,0.0268,0.0154,0.0438,0.0154,0.0154,0.0,0.0438,False,freq_unsafe=0.015<0.02; score=0.0268<0.05
30677,23,CWE-787,179,0.0266,0.0154,0.0435,0.0154,0.0,0.0154,0.0,False,freq_unsafe=0.000<0.02; score=0.0266<0.05
22260,23,CWE-787,180,0.0266,0.0154,0.0434,0.0154,0.0,0.0154,0.0,False,freq_unsafe=0.000<0.02; score=0.0266<0.05
20300,23,CWE-787,181,0.0266,0.0154,0.0434,0.0154,0.0154,0.0,0.0434,False,freq_unsafe=0.015<0.02; score=0.0266<0.05
18869,23,CWE-787,182,0.0265,0.0308,0.0277,0.0154,0.1231,0.1231,0.5536,False,score=0.0265<0.05
10506,23,CWE-787,183,0.0265,0.0154,0.0354,0.0308,0.2308,0.2308,0.601,False,score=0.0265<0.05
2777,23,CWE-787,184,0.0264,0.0154,0.043,0.0154,0.0308,0.0154,0.0962,False,score=0.0264<0.05
26415,23,CWE-787,185,0.0264,0.0308,0.0275,0.0154,0.0308,0.0154,0.1093,False,score=0.0264<0.05
32482,23,CWE-787,186,0.0263,0.0154,0.0426,0.0154,0.0,0.0154,0.0,False,freq_unsafe=0.000<0.02; score=0.0263<0.05
4567,23,CWE-787,187,0.0262,0.0154,0.0425,0.0154,0.0,0.0154,0.0,False,freq_unsafe=0.000<0.02; score=0.0262<0.05
13462,23,CWE-787,188,0.0262,0.0154,0.0425,0.0154,0.0154,0.0,0.0425,False,freq_unsafe=0.015<0.02; score=0.0262<0.05
9510,23,CWE-787,189,0.0262,0.0154,0.0425,0.0154,0.0308,0.0154,0.0795,False,score=0.0262<0.05
29840,23,CWE-787,190,0.026,0.0154,0.042,0.0154,0.0,0.0154,0.0,False,freq_unsafe=0.000<0.02; score=0.0260<0.05
8813,23,CWE-787,191,0.026,0.0154,0.042,0.0154,0.0154,0.0308,0.0745,False,freq_unsafe=0.015<0.02; score=0.0260<0.05
25528,23,CWE-787,192,0.026,0.0154,0.0419,0.0154,0.0154,0.0,0.0419,False,freq_unsafe=0.015<0.02; score=0.0260<0.05
15604,23,CWE-787,193,0.026,0.0154,0.0419,0.0154,0.0154,0.0,0.0419,False,freq_unsafe=0.015<0.02; score=0.0260<0.05
11770,23,CWE-787,194,0.026,0.0308,0.0264,0.0154,0.0308,0.0154,0.0782,False,score=0.0260<0.05
8353,23,CWE-787,195,0.0259,0.0154,0.0417,0.0154,0.0154,0.0308,0.0405,False,freq_unsafe=0.015<0.02; score=0.0259<0.05
18531,23,CWE-787,196,0.0259,0.0154,0.0417,0.0154,0.0154,0.0,0.0417,False,freq_unsafe=0.015<0.02; score=0.0259<0.05
3387,23,CWE-787,197,0.0257,0.0154,0.0412,0.0154,0.0154,0.0,0.0412,False,freq_unsafe=0.015<0.02; score=0.0257<0.05
20131,23,CWE-787,198,0.0257,0.0154,0.0411,0.0154,0.0923,0.0769,0.2463,False,score=0.0257<0.05
17756,23,CWE-787,199,0.0257,0.0154,0.0411,0.0154,0.0154,0.0,0.0411,False,freq_unsafe=0.015<0.02; score=0.0257<0.05
21756,23,CWE-787,200,0.0257,0.0154,0.0411,0.0154,0.0154,0.0308,0.0411,False,freq_unsafe=0.015<0.02; score=0.0257<0.05
4837,23,CWE-190,1,0.7003,0.1529,1.539,0.1176,0.8941,0.9176,12.5753,True,
10541,23,CWE-190,2,0.1436,0.0588,0.2707,0.0588,0.0118,0.0706,0.034,False,freq_unsafe=0.012<0.02
13399,23,CWE-190,3,0.1196,0.0706,0.1932,0.0706,0.1176,0.0471,0.3307,True,
19087,23,CWE-190,4,0.1038,0.0588,0.1713,0.0588,0.1294,0.0824,0.421,True,
17159,23,CWE-190,5,0.0946,0.0353,0.1836,0.0353,0.0941,0.1294,0.4514,True,
1619,23,CWE-190,6,0.0905,0.0471,0.1556,0.0471,0.0706,0.0235,0.232,True,
29484,23,CWE-190,7,0.0882,0.0471,0.1558,0.0353,0.0588,0.0471,0.3051,True,
18076,23,CWE-190,8,0.0854,0.0353,0.1546,0.0471,0.1765,0.1529,0.6141,True,
18465,23,CWE-190,9,0.0823,0.0588,0.1235,0.0471,0.1412,0.1765,0.415,True,
24712,23,CWE-190,10,0.0823,0.1059,0.0763,0.0471,0.7412,0.7176,3.1424,True,
15524,23,CWE-190,11,0.0814,0.0471,0.1329,0.0471,0.0824,0.0353,0.223,True,
15542,23,CWE-190,12,0.0791,0.0353,0.1447,0.0353,0.0,0.0353,0.0,False,freq_unsafe=0.000<0.02
5028,23,CWE-190,13,0.0784,0.0588,0.1195,0.0353,0.2118,0.1765,0.5622,True,
13628,23,CWE-190,14,0.0784,0.0471,0.1254,0.0471,0.0941,0.0471,0.2366,True,
22156,23,CWE-190,15,0.0769,0.0235,0.157,0.0235,0.0235,0.0,0.157,True,
7986,23,CWE-190,16,0.0742,0.0706,0.0913,0.0471,0.0824,0.1059,0.2064,True,
11168,23,CWE-190,17,0.0726,0.0471,0.1109,0.0471,0.1412,0.1765,0.3841,True,
27,23,CWE-190,18,0.0711,0.0353,0.1248,0.0353,0.1529,0.1412,0.6468,True,
25256,23,CWE-190,19,0.0709,0.0824,0.0714,0.0471,0.2941,0.3412,0.9651,True,
21331,23,CWE-190,20,0.0707,0.0235,0.1414,0.0235,0.0235,0.0,0.1414,True,
31420,23,CWE-190,21,0.0703,0.0235,0.1405,0.0235,0.0235,0.0,0.1405,True,
20452,23,CWE-190,22,0.0679,0.0118,0.152,0.0118,0.0118,0.0,0.152,False,freq_unsafe=0.012<0.02
14987,23,CWE-190,23,0.0678,0.0118,0.1519,0.0118,0.0118,0.0,0.1519,False,freq_unsafe=0.012<0.02
13986,23,CWE-190,24,0.0671,0.0353,0.1149,0.0353,0.0588,0.0235,0.2022,True,
14006,23,CWE-190,25,0.065,0.0118,0.1447,0.0118,0.0,0.0118,0.0,False,freq_unsafe=0.000<0.02
18087,23,CWE-190,26,0.0627,0.0353,0.1037,0.0353,0.0353,0.0,0.1037,True,
15037,23,CWE-190,27,0.0622,0.0235,0.1203,0.0235,0.0353,0.0118,0.172,True,
12657,23,CWE-190,28,0.062,0.0588,0.0843,0.0235,0.2118,0.1882,0.7732,True,
28830,23,CWE-190,29,0.0617,0.0235,0.1189,0.0235,0.0471,0.0235,0.196,True,
26469,23,CWE-190,30,0.0613,0.0235,0.1181,0.0235,0.0118,0.0353,0.0328,False,freq_unsafe=0.012<0.02
22764,23,CWE-190,31,0.0608,0.0235,0.1168,0.0235,0.0471,0.0353,0.268,True,
7867,23,CWE-190,32,0.0598,0.0353,0.0967,0.0353,0.0588,0.0235,0.1576,True,
23614,23,CWE-190,33,0.0597,0.0118,0.1317,0.0118,0.0,0.0118,0.0,False,freq_unsafe=0.000<0.02
16109,23,CWE-190,34,0.0584,0.0824,0.04,0.0471,0.2118,0.2471,1.084,True,
7942,23,CWE-190,35,0.0582,0.0118,0.1279,0.0118,0.0118,0.0,0.1279,False,freq_unsafe=0.012<0.02
15273,23,CWE-190,36,0.058,0.0353,0.0922,0.0353,0.0353,0.0706,0.1513,True,
27913,23,CWE-190,37,0.0575,0.0118,0.1261,0.0118,0.0,0.0118,0.0,False,freq_unsafe=0.000<0.02
13732,23,CWE-190,38,0.0562,0.0353,0.0876,0.0353,0.0,0.0353,0.0,False,freq_unsafe=0.000<0.02
13249,23,CWE-190,39,0.056,0.0235,0.1047,0.0235,0.1059,0.0941,0.4274,True,
25822,23,CWE-190,40,0.0559,0.0118,0.1221,0.0118,0.0,0.0118,0.0,False,freq_unsafe=0.000<0.02
7890,23,CWE-190,41,0.0557,0.0235,0.104,0.0235,0.0235,0.0,0.104,True,
2246,23,CWE-190,42,0.0557,0.0235,0.1039,0.0235,0.0235,0.0,0.1039,True,
1652,23,CWE-190,43,0.0548,0.0353,0.0841,0.0353,0.1294,0.1412,0.3463,True,
469,23,CWE-190,44,0.0543,0.0353,0.0888,0.0235,0.0235,0.0471,0.0563,True,
28754,23,CWE-190,45,0.0541,0.0235,0.0999,0.0235,0.0,0.0235,0.0,False,freq_unsafe=0.000<0.02
7563,23,CWE-190,46,0.0536,0.0118,0.1163,0.0118,0.0,0.0118,0.0,False,freq_unsafe=0.000<0.02
25525,23,CWE-190,47,0.0534,0.0471,0.0746,0.0235,0.0588,0.0353,0.237,True,
20946,23,CWE-190,48,0.0531,0.0235,0.0974,0.0235,0.0235,0.0,0.0974,True,
8733,23,CWE-190,49,0.0518,0.0471,0.0707,0.0235,0.1882,0.2118,1.1089,True,
25006,23,CWE-190,50,0.0515,0.0353,0.0816,0.0235,0.0941,0.0706,0.2549,True,
3062,23,CWE-190,51,0.0511,0.0235,0.0926,0.0235,0.0235,0.0,0.0926,True,
22161,23,CWE-190,52,0.0506,0.0118,0.1087,0.0118,0.0,0.0118,0.0,False,freq_unsafe=0.000<0.02
20425,23,CWE-190,53,0.0505,0.0118,0.1026,0.0235,0.1059,0.0941,0.425,True,
4387,23,CWE-190,54,0.05,0.0235,0.0896,0.0235,0.0,0.0235,0.0,False,freq_unsafe=0.000<0.02; score=0.0500<0.05
28574,23,CWE-190,55,0.0498,0.0235,0.0893,0.0235,0.1412,0.1529,0.4233,False,score=0.0498<0.05
7779,23,CWE-190,56,0.0497,0.0353,0.0772,0.0235,0.0588,0.0353,0.2021,False,score=0.0497<0.05
1535,23,CWE-190,57,0.0493,0.0118,0.1057,0.0118,0.0118,0.0118,0.1343,False,freq_unsafe=0.012<0.02; score=0.0493<0.05
30026,23,CWE-190,58,0.0493,0.0353,0.0762,0.0235,0.0706,0.0471,0.2024,False,score=0.0493<0.05
11376,23,CWE-190,59,0.0493,0.0118,0.1055,0.0118,0.0118,0.0,0.1055,False,freq_unsafe=0.012<0.02; score=0.0493<0.05
17782,23,CWE-190,60,0.0492,0.0353,0.0702,0.0353,0.0353,0.0,0.0702,False,score=0.0492<0.05
28646,23,CWE-190,61,0.0486,0.0118,0.1038,0.0118,0.0118,0.0,0.1038,False,freq_unsafe=0.012<0.02; score=0.0486<0.05
28280,23,CWE-190,62,0.0482,0.0118,0.1028,0.0118,0.0118,0.0,0.1028,False,freq_unsafe=0.012<0.02; score=0.0482<0.05
26263,23,CWE-190,63,0.0482,0.0118,0.1027,0.0118,0.0,0.0118,0.0,False,freq_unsafe=0.000<0.02; score=0.0482<0.05
838,23,CWE-190,64,0.0474,0.0235,0.0832,0.0235,0.0,0.0235,0.0,False,freq_unsafe=0.000<0.02; score=0.0474<0.05
10292,23,CWE-190,65,0.0472,0.0118,0.1004,0.0118,0.0,0.0118,0.0,False,freq_unsafe=0.000<0.02; score=0.0472<0.05
1469,23,CWE-190,66,0.0467,0.0235,0.0814,0.0235,0.0235,0.0471,0.0713,False,score=0.0467<0.05
32203,23,CWE-190,67,0.0465,0.0353,0.0692,0.0235,0.0235,0.0471,0.0633,False,score=0.0465<0.05
15600,23,CWE-190,68,0.0462,0.0118,0.0977,0.0118,0.0118,0.0,0.0977,False,freq_unsafe=0.012<0.02; score=0.0462<0.05
2324,23,CWE-190,69,0.0459,0.0118,0.097,0.0118,0.0118,0.0235,0.0258,False,freq_unsafe=0.012<0.02; score=0.0459<0.05
21977,23,CWE-190,70,0.0458,0.0118,0.0968,0.0118,0.0118,0.0235,0.0713,False,freq_unsafe=0.012<0.02; score=0.0458<0.05
9797,23,CWE-190,71,0.0456,0.0118,0.0964,0.0118,0.0,0.0118,0.0,False,freq_unsafe=0.000<0.02; score=0.0456<0.05
18034,23,CWE-190,72,0.0456,0.0118,0.0963,0.0118,0.0118,0.0,0.0963,False,freq_unsafe=0.012<0.02; score=0.0456<0.05
27173,23,CWE-190,73,0.045,0.0235,0.0713,0.0353,0.0588,0.0824,0.1541,False,score=0.0450<0.05
22052,23,CWE-190,74,0.0448,0.0471,0.0473,0.0353,0.0941,0.1176,0.2889,False,score=0.0448<0.05
27602,23,CWE-190,75,0.0447,0.0118,0.0941,0.0118,0.0,0.0118,0.0,False,freq_unsafe=0.000<0.02; score=0.0447<0.05
21351,23,CWE-190,76,0.0446,0.0235,0.0761,0.0235,0.0235,0.0,0.0761,False,score=0.0446<0.05
2784,23,CWE-190,77,0.0442,0.0118,0.0929,0.0118,0.0118,0.0,0.0929,False,freq_unsafe=0.012<0.02; score=0.0442<0.05
11642,23,CWE-190,78,0.0439,0.0235,0.0746,0.0235,0.0118,0.0353,0.0263,False,freq_unsafe=0.012<0.02; score=0.0439<0.05
10326,23,CWE-190,79,0.0439,0.0118,0.0922,0.0118,0.0,0.0118,0.0,False,freq_unsafe=0.000<0.02; score=0.0439<0.05
28743,23,CWE-190,80,0.0437,0.0118,0.0916,0.0118,0.0,0.0118,0.0,False,freq_unsafe=0.000<0.02; score=0.0437<0.05
29471,23,CWE-190,81,0.0437,0.0235,0.0739,0.0235,0.0235,0.0,0.0739,False,score=0.0437<0.05
13462,23,CWE-190,82,0.0434,0.0353,0.0615,0.0235,0.0824,0.0588,0.2357,False,score=0.0434<0.05
18397,23,CWE-190,83,0.0434,0.0471,0.0497,0.0235,0.0588,0.0471,0.2157,False,score=0.0434<0.05
778,23,CWE-190,84,0.0434,0.0118,0.0907,0.0118,0.0118,0.0,0.0907,False,freq_unsafe=0.012<0.02; score=0.0434<0.05
17339,23,CWE-190,85,0.0433,0.0824,0.0023,0.0471,0.3647,0.3765,1.1028,False,score=0.0433<0.05
4887,23,CWE-190,86,0.043,0.0235,0.0723,0.0235,0.0235,0.0,0.0723,False,score=0.0430<0.05
1436,23,CWE-190,87,0.043,0.0235,0.0722,0.0235,0.0824,0.0588,0.2776,False,score=0.0430<0.05
29622,23,CWE-190,88,0.0429,0.0118,0.0895,0.0118,0.0,0.0118,0.0,False,freq_unsafe=0.000<0.02; score=0.0429<0.05
3629,23,CWE-190,89,0.0428,0.0235,0.0716,0.0235,0.0118,0.0235,0.0261,False,freq_unsafe=0.012<0.02; score=0.0428<0.05
30182,23,CWE-190,90,0.0426,0.0353,0.0537,0.0353,0.0706,0.0471,0.1623,False,score=0.0426<0.05
9815,23,CWE-190,91,0.0426,0.0353,0.0593,0.0235,0.0353,0.0235,0.1233,False,score=0.0426<0.05
24344,23,CWE-190,92,0.042,0.0235,0.0698,0.0235,0.0353,0.0118,0.104,False,score=0.0420<0.05
7703,23,CWE-190,93,0.0418,0.0118,0.087,0.0118,0.0,0.0118,0.0,False,freq_unsafe=0.000<0.02; score=0.0418<0.05
5771,23,CWE-190,94,0.0418,0.0118,0.0869,0.0118,0.0,0.0118,0.0,False,freq_unsafe=0.000<0.02; score=0.0418<0.05
7480,23,CWE-190,95,0.0418,0.0235,0.0691,0.0235,0.0235,0.0,0.0691,False,score=0.0418<0.05
24234,23,CWE-190,96,0.0417,0.0118,0.0865,0.0118,0.0118,0.0,0.0865,False,freq_unsafe=0.012<0.02; score=0.0417<0.05
30643,23,CWE-190,97,0.0413,0.0118,0.0857,0.0118,0.0118,0.0235,0.0444,False,freq_unsafe=0.012<0.02; score=0.0413<0.05
15591,23,CWE-190,98,0.0413,0.0235,0.0678,0.0235,0.0,0.0235,0.0,False,freq_unsafe=0.000<0.02; score=0.0413<0.05
10997,23,CWE-190,99,0.0412,0.0118,0.0853,0.0118,0.0,0.0118,0.0,False,freq_unsafe=0.000<0.02; score=0.0412<0.05
13171,23,CWE-190,100,0.0405,0.0118,0.0836,0.0118,0.0,0.0118,0.0,False,freq_unsafe=0.000<0.02; score=0.0405<0.05
10300,23,CWE-190,101,0.0405,0.0235,0.0659,0.0235,0.0118,0.0353,0.0384,False,freq_unsafe=0.012<0.02; score=0.0405<0.05
31460,23,CWE-190,102,0.04,0.0235,0.0647,0.0235,0.0235,0.0,0.0647,False,score=0.0400<0.05
5243,23,CWE-190,103,0.0397,0.0118,0.0817,0.0118,0.0235,0.0118,0.1251,False,score=0.0397<0.05
26205,23,CWE-190,104,0.0393,0.0235,0.0628,0.0235,0.0706,0.0941,0.1641,False,score=0.0393<0.05
21354,23,CWE-190,105,0.0388,0.0118,0.0794,0.0118,0.0118,0.0,0.0794,False,freq_unsafe=0.012<0.02; score=0.0388<0.05
28453,23,CWE-190,106,0.0387,0.0235,0.0613,0.0235,0.0118,0.0353,0.0381,False,freq_unsafe=0.012<0.02; score=0.0387<0.05
13849,23,CWE-190,107,0.0386,0.0118,0.0729,0.0235,0.0471,0.0353,0.1728,False,score=0.0386<0.05
23403,23,CWE-190,108,0.0385,0.0235,0.0609,0.0235,0.0588,0.0353,0.1363,False,score=0.0385<0.05
20170,23,CWE-190,109,0.0385,0.0118,0.0786,0.0118,0.0118,0.0,0.0786,False,freq_unsafe=0.012<0.02; score=0.0385<0.05
7580,23,CWE-190,110,0.0383,0.0118,0.0781,0.0118,0.0118,0.0235,0.0508,False,freq_unsafe=0.012<0.02; score=0.0383<0.05
13276,23,CWE-190,111,0.0382,0.0118,0.072,0.0235,0.0588,0.0471,0.178,False,score=0.0382<0.05
28179,23,CWE-190,112,0.0381,0.0118,0.0777,0.0118,0.0471,0.0588,0.1358,False,score=0.0381<0.05
31432,23,CWE-190,113,0.0381,0.0235,0.0599,0.0235,0.0235,0.0,0.0599,False,score=0.0381<0.05
7175,23,CWE-190,114,0.0381,0.0235,0.0599,0.0235,0.0,0.0235,0.0,False,freq_unsafe=0.000<0.02; score=0.0381<0.05
20033,23,CWE-190,115,0.0379,0.0235,0.0595,0.0235,0.1176,0.1412,0.3311,False,score=0.0379<0.05
20400,23,CWE-190,116,0.0378,0.0118,0.077,0.0118,0.0,0.0118,0.0,False,freq_unsafe=0.000<0.02; score=0.0378<0.05
3784,23,CWE-190,117,0.0377,0.0235,0.059,0.0235,0.0,0.0235,0.0,False,freq_unsafe=0.000<0.02; score=0.0377<0.05
11856,23,CWE-190,118,0.0374,0.0118,0.076,0.0118,0.0,0.0118,0.0,False,freq_unsafe=0.000<0.02; score=0.0374<0.05
26999,23,CWE-190,119,0.0373,0.0235,0.058,0.0235,0.0471,0.0706,0.1214,False,score=0.0373<0.05
9591,23,CWE-190,120,0.0372,0.0118,0.0753,0.0118,0.0118,0.0118,0.0223,False,freq_unsafe=0.012<0.02; score=0.0372<0.05
12274,23,CWE-190,121,0.0371,0.0118,0.0752,0.0118,0.0,0.0118,0.0,False,freq_unsafe=0.000<0.02; score=0.0371<0.05
20131,23,CWE-190,122,0.037,0.0235,0.0571,0.0235,0.0588,0.0353,0.1433,False,score=0.0370<0.05
24442,23,CWE-190,123,0.0368,0.0118,0.0744,0.0118,0.0,0.0118,0.0,False,freq_unsafe=0.000<0.02; score=0.0368<0.05
30876,23,CWE-190,124,0.0368,0.0235,0.0567,0.0235,0.0471,0.0588,0.1728,False,score=0.0368<0.05
3745,23,CWE-190,125,0.0368,0.0353,0.0449,0.0235,0.0824,0.0824,0.2444,False,score=0.0368<0.05
460,23,CWE-190,126,0.0368,0.0118,0.0743,0.0118,0.0,0.0118,0.0,False,freq_unsafe=0.000<0.02; score=0.0368<0.05
31049,23,CWE-190,127,0.0364,0.0235,0.0557,0.0235,0.0235,0.0235,0.0768,False,score=0.0364<0.05
6462,23,CWE-190,128,0.0364,0.0235,0.0557,0.0235,0.0471,0.0706,0.1435,False,score=0.0364<0.05
18869,23,CWE-190,129,0.0362,0.0118,0.0729,0.0118,0.0471,0.0353,0.1758,False,score=0.0362<0.05
8428,23,CWE-190,130,0.0356,0.0118,0.0714,0.0118,0.0118,0.0,0.0714,False,freq_unsafe=0.012<0.02; score=0.0356<0.05
1173,23,CWE-190,131,0.0356,0.0235,0.0536,0.0235,0.0353,0.0118,0.081,False,score=0.0356<0.05
18060,23,CWE-190,132,0.0354,0.0118,0.0709,0.0118,0.0,0.0118,0.0,False,freq_unsafe=0.000<0.02; score=0.0354<0.05
28220,23,CWE-190,133,0.0354,0.0235,0.0532,0.0235,0.1059,0.0941,0.3576,False,score=0.0354<0.05
3518,23,CWE-190,134,0.0354,0.0235,0.0531,0.0235,0.0235,0.0,0.0531,False,score=0.0354<0.05
28744,23,CWE-190,135,0.0353,0.0235,0.0529,0.0235,0.0,0.0235,0.0,False,freq_unsafe=0.000<0.02; score=0.0353<0.05
19154,23,CWE-190,136,0.0353,0.0235,0.0529,0.0235,0.0353,0.0118,0.0877,False,score=0.0353<0.05
17485,23,CWE-190,137,0.0352,0.0118,0.0704,0.0118,0.0118,0.0,0.0704,False,freq_unsafe=0.012<0.02; score=0.0352<0.05
26322,23,CWE-190,138,0.0351,0.0471,0.0289,0.0235,0.2235,0.2118,0.604,False,score=0.0351<0.05
26416,23,CWE-190,139,0.0349,0.0118,0.0697,0.0118,0.0,0.0118,0.0,False,freq_unsafe=0.000<0.02; score=0.0349<0.05
14143,23,CWE-190,140,0.0349,0.0235,0.0519,0.0235,0.0,0.0235,0.0,False,freq_unsafe=0.000<0.02; score=0.0349<0.05
16431,23,CWE-190,141,0.0349,0.0235,0.0519,0.0235,0.0706,0.0941,0.2003,False,score=0.0349<0.05
7546,23,CWE-190,142,0.0348,0.0235,0.0518,0.0235,0.0353,0.0588,0.0901,False,score=0.0348<0.05
21380,23,CWE-190,143,0.0348,0.0118,0.0692,0.0118,0.0118,0.0,0.0692,False,freq_unsafe=0.012<0.02; score=0.0348<0.05
30617,23,CWE-190,144,0.0346,0.0118,0.0689,0.0118,0.0118,0.0,0.0689,False,freq_unsafe=0.012<0.02; score=0.0346<0.05
26066,23,CWE-190,145,0.0346,0.0118,0.0688,0.0118,0.0,0.0118,0.0,False,freq_unsafe=0.000<0.02; score=0.0346<0.05
5859,23,CWE-190,146,0.0345,0.0118,0.0686,0.0118,0.0118,0.0,0.0686,False,freq_unsafe=0.012<0.02; score=0.0345<0.05
25287,23,CWE-190,147,0.0345,0.0118,0.0686,0.0118,0.0118,0.0,0.0686,False,freq_unsafe=0.012<0.02; score=0.0345<0.05
18695,23,CWE-190,148,0.0345,0.0235,0.0509,0.0235,0.0353,0.0235,0.1303,False,score=0.0345<0.05
9765,23,CWE-190,149,0.0345,0.0118,0.0686,0.0118,0.0,0.0118,0.0,False,freq_unsafe=0.000<0.02; score=0.0345<0.05
23268,23,CWE-190,150,0.0343,0.0118,0.0682,0.0118,0.0,0.0118,0.0,False,freq_unsafe=0.000<0.02; score=0.0343<0.05
13465,23,CWE-190,151,0.0343,0.0118,0.0681,0.0118,0.0,0.0118,0.0,False,freq_unsafe=0.000<0.02; score=0.0343<0.05
25936,23,CWE-190,152,0.0342,0.0118,0.0679,0.0118,0.0118,0.0,0.0679,False,freq_unsafe=0.012<0.02; score=0.0342<0.05
30127,23,CWE-190,153,0.0341,0.0118,0.0676,0.0118,0.0118,0.0118,0.1064,False,freq_unsafe=0.012<0.02; score=0.0341<0.05
10746,23,CWE-190,154,0.034,0.0235,0.0498,0.0235,0.1176,0.1059,0.3325,False,score=0.0340<0.05
21689,23,CWE-190,155,0.034,0.0235,0.0496,0.0235,0.0,0.0235,0.0,False,freq_unsafe=0.000<0.02; score=0.0340<0.05
8868,23,CWE-190,156,0.0339,0.0118,0.067,0.0118,0.0,0.0118,0.0,False,freq_unsafe=0.000<0.02; score=0.0339<0.05
22507,23,CWE-190,157,0.0337,0.0235,0.0489,0.0235,0.0235,0.0471,0.0598,False,score=0.0337<0.05
31577,23,CWE-190,158,0.0336,0.0118,0.0664,0.0118,0.0,0.0118,0.0,False,freq_unsafe=0.000<0.02; score=0.0336<0.05
24971,23,CWE-190,159,0.0336,0.0118,0.0663,0.0118,0.0,0.0118,0.0,False,freq_unsafe=0.000<0.02; score=0.0336<0.05
30231,23,CWE-190,160,0.0336,0.0235,0.0486,0.0235,0.0706,0.0824,0.2876,False,score=0.0336<0.05
18350,23,CWE-190,161,0.0334,0.0118,0.0659,0.0118,0.0118,0.0,0.0659,False,freq_unsafe=0.012<0.02; score=0.0334<0.05
26624,23,CWE-190,162,0.0332,0.0235,0.0477,0.0235,0.0235,0.0353,0.0611,False,score=0.0332<0.05
26375,23,CWE-190,163,0.0331,0.0118,0.0652,0.0118,0.0118,0.0235,0.0258,False,freq_unsafe=0.012<0.02; score=0.0331<0.05
17008,23,CWE-190,164,0.033,0.0118,0.0649,0.0118,0.0118,0.0,0.0649,False,freq_unsafe=0.012<0.02; score=0.0330<0.05
17614,23,CWE-190,165,0.0329,0.0235,0.0469,0.0235,0.0471,0.0235,0.0947,False,score=0.0329<0.05
8451,23,CWE-190,166,0.0328,0.0118,0.0645,0.0118,0.0118,0.0,0.0645,False,freq_unsafe=0.012<0.02; score=0.0328<0.05
11534,23,CWE-190,167,0.0327,0.0471,0.0229,0.0235,0.1882,0.2,1.025,False,score=0.0327<0.05
7973,23,CWE-190,168,0.0327,0.0118,0.064,0.0118,0.0118,0.0,0.064,False,freq_unsafe=0.012<0.02; score=0.0327<0.05
94,23,CWE-190,169,0.0325,0.0118,0.0637,0.0118,0.0,0.0118,0.0,False,freq_unsafe=0.000<0.02; score=0.0325<0.05
12030,23,CWE-190,170,0.0325,0.0118,0.0636,0.0118,0.0,0.0118,0.0,False,freq_unsafe=0.000<0.02; score=0.0325<0.05
11829,23,CWE-190,171,0.0325,0.0118,0.0635,0.0118,0.0118,0.0,0.0635,False,freq_unsafe=0.012<0.02; score=0.0325<0.05
12015,23,CWE-190,172,0.0323,0.0118,0.0632,0.0118,0.0,0.0118,0.0,False,freq_unsafe=0.000<0.02; score=0.0323<0.05
15768,23,CWE-190,173,0.0323,0.0118,0.0632,0.0118,0.0118,0.0,0.0632,False,freq_unsafe=0.012<0.02; score=0.0323<0.05
1534,23,CWE-190,174,0.0322,0.0118,0.0629,0.0118,0.0118,0.0,0.0629,False,freq_unsafe=0.012<0.02; score=0.0322<0.05
32441,23,CWE-190,175,0.032,0.0118,0.0622,0.0118,0.0118,0.0,0.0622,False,freq_unsafe=0.012<0.02; score=0.0320<0.05
2549,23,CWE-190,176,0.0318,0.0118,0.0619,0.0118,0.0118,0.0235,0.0393,False,freq_unsafe=0.012<0.02; score=0.0318<0.05
26673,23,CWE-190,177,0.0318,0.0118,0.0618,0.0118,0.0118,0.0118,0.0845,False,freq_unsafe=0.012<0.02; score=0.0318<0.05
15831,23,CWE-190,178,0.0318,0.0118,0.0618,0.0118,0.0235,0.0118,0.1093,False,score=0.0318<0.05
21391,23,CWE-190,179,0.0315,0.0118,0.061,0.0118,0.0,0.0118,0.0,False,freq_unsafe=0.000<0.02; score=0.0315<0.05
5791,23,CWE-190,180,0.0314,0.0118,0.0609,0.0118,0.0,0.0118,0.0,False,freq_unsafe=0.000<0.02; score=0.0314<0.05
2499,23,CWE-190,181,0.0314,0.0118,0.0609,0.0118,0.0235,0.0118,0.0887,False,score=0.0314<0.05
13367,23,CWE-190,182,0.0313,0.0118,0.0606,0.0118,0.0118,0.0235,0.0369,False,freq_unsafe=0.012<0.02; score=0.0313<0.05
6759,23,CWE-190,183,0.031,0.0118,0.0598,0.0118,0.0118,0.0,0.0598,False,freq_unsafe=0.012<0.02; score=0.0310<0.05
18915,23,CWE-190,184,0.031,0.0118,0.0598,0.0118,0.0235,0.0118,0.0899,False,score=0.0310<0.05
7573,23,CWE-190,185,0.0309,0.0235,0.0478,0.0118,0.0235,0.0353,0.0858,False,score=0.0309<0.05
29535,23,CWE-190,186,0.0308,0.0118,0.0593,0.0118,0.0118,0.0,0.0593,False,freq_unsafe=0.012<0.02; score=0.0308<0.05
15535,23,CWE-190,187,0.0306,0.0118,0.0588,0.0118,0.0118,0.0,0.0588,False,freq_unsafe=0.012<0.02; score=0.0306<0.05
27077,23,CWE-190,188,0.0306,0.0118,0.0588,0.0118,0.0235,0.0118,0.0816,False,score=0.0306<0.05
29978,23,CWE-190,189,0.0305,0.0118,0.0585,0.0118,0.0,0.0118,0.0,False,freq_unsafe=0.000<0.02; score=0.0305<0.05
25245,23,CWE-190,190,0.0304,0.0118,0.0585,0.0118,0.0118,0.0235,0.063,False,freq_unsafe=0.012<0.02; score=0.0304<0.05
14219,23,CWE-190,191,0.0304,0.0118,0.0584,0.0118,0.0118,0.0,0.0584,False,freq_unsafe=0.012<0.02; score=0.0304<0.05
27890,23,CWE-190,192,0.0303,0.0118,0.0581,0.0118,0.0118,0.0235,0.0294,False,freq_unsafe=0.012<0.02; score=0.0303<0.05
4797,23,CWE-190,193,0.0301,0.0118,0.0576,0.0118,0.0118,0.0235,0.0313,False,freq_unsafe=0.012<0.02; score=0.0301<0.05
14315,23,CWE-190,194,0.0297,0.0235,0.0388,0.0235,0.0588,0.0706,0.1505,False,score=0.0297<0.05
14186,23,CWE-190,195,0.0296,0.0118,0.0564,0.0118,0.0118,0.0235,0.0294,False,freq_unsafe=0.012<0.02; score=0.0296<0.05
5693,23,CWE-190,196,0.0296,0.0118,0.0563,0.0118,0.0235,0.0118,0.0875,False,score=0.0296<0.05
13946,23,CWE-190,197,0.0295,0.0235,0.0384,0.0235,0.1176,0.1176,0.7171,False,score=0.0295<0.05
20122,23,CWE-190,198,0.0293,0.0118,0.0557,0.0118,0.0118,0.0,0.0557,False,freq_unsafe=0.012<0.02; score=0.0293<0.05
14909,23,CWE-190,199,0.0293,0.0353,0.0261,0.0235,0.3176,0.3294,1.2578,False,score=0.0293<0.05
10719,23,CWE-190,200,0.0292,0.0353,0.0319,0.0118,0.1412,0.1412,0.9414,False,score=0.0292<0.05
4837,23,CWE-476,1,0.2392,0.1067,0.4647,0.0533,0.8533,0.88,11.5925,True,
10506,23,CWE-476,2,0.1304,0.08,0.2193,0.0533,0.24,0.2933,0.685,True,
13249,23,CWE-476,3,0.1197,0.04,0.2393,0.04,0.0667,0.0267,0.3943,True,
16750,23,CWE-476,4,0.1092,0.04,0.213,0.04,0.0,0.04,0.0,False,freq_unsafe=0.000<0.02
11266,23,CWE-476,5,0.1081,0.0133,0.2503,0.0133,0.0133,0.0,0.2503,False,freq_unsafe=0.013<0.02
20293,23,CWE-476,6,0.1045,0.0533,0.1813,0.0533,0.08,0.0267,0.2627,True,
24712,23,CWE-476,7,0.1018,0.12,0.1079,0.0533,0.6667,0.6933,2.6296,True,
17339,23,CWE-476,8,0.098,0.0533,0.1584,0.0667,0.4267,0.4133,1.4088,True,
26062,23,CWE-476,9,0.0905,0.0133,0.2063,0.0133,0.0533,0.04,0.5614,True,
23479,23,CWE-476,10,0.0871,0.0533,0.1379,0.0533,0.0267,0.08,0.0574,True,
27601,23,CWE-476,11,0.0864,0.04,0.1561,0.04,0.0667,0.04,0.3501,True,
18397,23,CWE-476,12,0.0841,0.04,0.1501,0.04,0.0933,0.0667,0.3871,True,
12657,23,CWE-476,13,0.0834,0.0533,0.1353,0.04,0.0667,0.1067,0.3603,True,
17797,23,CWE-476,14,0.0828,0.0267,0.167,0.0267,0.0267,0.0,0.167,True,
1652,23,CWE-476,15,0.0811,0.04,0.1427,0.04,0.1333,0.0933,0.474,True,
17798,23,CWE-476,16,0.0798,0.0267,0.1594,0.0267,0.0267,0.0,0.1594,True,
26322,23,CWE-476,17,0.0791,0.0667,0.1112,0.04,0.24,0.2,0.6912,True,
25256,23,CWE-476,18,0.0785,0.0533,0.123,0.04,0.3333,0.3733,0.9082,True,
23403,23,CWE-476,19,0.0729,0.0267,0.1423,0.0267,0.0267,0.0,0.1423,True,
17346,23,CWE-476,20,0.0723,0.0133,0.1607,0.0133,0.0133,0.0,0.1607,False,freq_unsafe=0.013<0.02
4504,23,CWE-476,21,0.0704,0.0133,0.1559,0.0133,0.0,0.0133,0.0,False,freq_unsafe=0.000<0.02
7411,23,CWE-476,22,0.0699,0.0267,0.1348,0.0267,0.0,0.0267,0.0,False,freq_unsafe=0.000<0.02
25511,23,CWE-476,23,0.0696,0.04,0.114,0.04,0.0,0.04,0.0,False,freq_unsafe=0.000<0.02
11262,23,CWE-476,24,0.0686,0.0267,0.1316,0.0267,0.0267,0.0133,0.1697,True,
1469,23,CWE-476,25,0.0675,0.0267,0.1287,0.0267,0.0267,0.0,0.1287,True,
14538,23,CWE-476,26,0.067,0.0133,0.1476,0.0133,0.0133,0.0,0.1476,False,freq_unsafe=0.013<0.02
303,23,CWE-476,27,0.0665,0.0267,0.1263,0.0267,0.04,0.0133,0.157,True,
4419,23,CWE-476,28,0.0663,0.0133,0.1458,0.0133,0.0133,0.0,0.1458,False,freq_unsafe=0.013<0.02
24801,23,CWE-476,29,0.0657,0.0133,0.1443,0.0133,0.0133,0.0,0.1443,False,freq_unsafe=0.013<0.02
27718,23,CWE-476,30,0.0656,0.0267,0.1241,0.0267,0.04,0.0667,0.1133,True,
28179,23,CWE-476,31,0.0626,0.0267,0.1165,0.0267,0.0533,0.0267,0.1671,True,
32320,23,CWE-476,32,0.0626,0.0267,0.1165,0.0267,0.0133,0.04,0.0631,False,freq_unsafe=0.013<0.02
18076,23,CWE-476,33,0.0614,0.04,0.0935,0.04,0.12,0.1067,0.4476,True,
14069,23,CWE-476,34,0.06,0.0267,0.1034,0.04,0.04,0.0133,0.1292,True,
2000,23,CWE-476,35,0.0594,0.0267,0.1085,0.0267,0.16,0.1333,0.6986,True,
11168,23,CWE-476,36,0.0593,0.04,0.0882,0.04,0.1067,0.0933,0.355,True,
18299,23,CWE-476,37,0.0588,0.0133,0.1271,0.0133,0.0133,0.0,0.1271,False,freq_unsafe=0.013<0.02
15336,23,CWE-476,38,0.0588,0.04,0.087,0.04,0.04,0.08,0.0821,True,
9207,23,CWE-476,39,0.0578,0.0133,0.1245,0.0133,0.0,0.0133,0.0,False,freq_unsafe=0.000<0.02
2119,23,CWE-476,40,0.0568,0.0133,0.122,0.0133,0.0133,0.0,0.122,False,freq_unsafe=0.013<0.02
19837,23,CWE-476,41,0.056,0.0133,0.1199,0.0133,0.0,0.0133,0.0,False,freq_unsafe=0.000<0.02
23512,23,CWE-476,42,0.0555,0.0133,0.1188,0.0133,0.0267,0.0133,0.1457,True,
11535,23,CWE-476,43,0.0552,0.0267,0.0979,0.0267,0.0267,0.0,0.0979,True,
26235,23,CWE-476,44,0.0538,0.0133,0.1145,0.0133,0.0133,0.0,0.1145,False,freq_unsafe=0.013<0.02
24882,23,CWE-476,45,0.0536,0.0133,0.1141,0.0133,0.0133,0.0,0.1141,False,freq_unsafe=0.013<0.02
19606,23,CWE-476,46,0.0536,0.0133,0.1139,0.0133,0.0,0.0133,0.0,False,freq_unsafe=0.000<0.02
23547,23,CWE-476,47,0.0535,0.0133,0.1138,0.0133,0.0,0.0133,0.0,False,freq_unsafe=0.000<0.02
96,23,CWE-476,48,0.0523,0.0133,0.1108,0.0133,0.0133,0.0,0.1108,False,freq_unsafe=0.013<0.02
21660,23,CWE-476,49,0.0513,0.0133,0.1081,0.0133,0.0,0.0133,0.0,False,freq_unsafe=0.000<0.02
7893,23,CWE-476,50,0.0511,0.0133,0.1079,0.0133,0.0,0.0133,0.0,False,freq_unsafe=0.000<0.02
15046,23,CWE-476,51,0.0511,0.0267,0.0878,0.0267,0.04,0.0133,0.1233,True,
984,23,CWE-476,52,0.0509,0.0133,0.1073,0.0133,0.0,0.0133,0.0,False,freq_unsafe=0.000<0.02
25559,23,CWE-476,53,0.0508,0.0133,0.1071,0.0133,0.0,0.0133,0.0,False,freq_unsafe=0.000<0.02
9593,23,CWE-476,54,0.0507,0.0267,0.0867,0.0267,0.08,0.0533,0.2657,True,
16589,23,CWE-476,55,0.0505,0.0133,0.1062,0.0133,0.0133,0.0,0.1062,False,freq_unsafe=0.013<0.02
21321,23,CWE-476,56,0.0503,0.0133,0.1057,0.0133,0.0,0.0133,0.0,False,freq_unsafe=0.000<0.02
15059,23,CWE-476,57,0.0501,0.0133,0.1053,0.0133,0.0133,0.0,0.1053,False,freq_unsafe=0.013<0.02
3062,23,CWE-476,58,0.0501,0.04,0.0719,0.0267,0.0667,0.04,0.1635,True,
27438,23,CWE-476,59,0.05,0.0133,0.105,0.0133,0.0,0.0133,0.0,False,freq_unsafe=0.000<0.02
23650,23,CWE-476,60,0.05,0.0133,0.105,0.0133,0.0,0.0133,0.0,False,freq_unsafe=0.000<0.02; score=0.0500<0.05
17830,23,CWE-476,61,0.0499,0.0133,0.1046,0.0133,0.0267,0.0133,0.1574,False,score=0.0499<0.05
13289,23,CWE-476,62,0.0498,0.0133,0.1045,0.0133,0.0,0.0133,0.0,False,freq_unsafe=0.000<0.02; score=0.0498<0.05
30359,23,CWE-476,63,0.0496,0.0267,0.084,0.0267,0.0267,0.0,0.084,False,score=0.0496<0.05
15524,23,CWE-476,64,0.0488,0.0267,0.082,0.0267,0.1067,0.08,0.3225,False,score=0.0488<0.05
9877,23,CWE-476,65,0.0487,0.0133,0.1018,0.0133,0.0,0.0133,0.0,False,freq_unsafe=0.000<0.02; score=0.0487<0.05
2549,23,CWE-476,66,0.0486,0.0133,0.1014,0.0133,0.0,0.0133,0.0,False,freq_unsafe=0.000<0.02; score=0.0486<0.05
26125,23,CWE-476,67,0.048,0.04,0.0667,0.0267,0.0667,0.04,0.1618,False,score=0.0480<0.05
1436,23,CWE-476,68,0.048,0.0267,0.0799,0.0267,0.04,0.0133,0.1207,False,score=0.0480<0.05
5028,23,CWE-476,69,0.0474,0.0533,0.0518,0.0267,0.16,0.1867,0.4881,False,score=0.0474<0.05
4950,23,CWE-476,70,0.0473,0.0133,0.0982,0.0133,0.04,0.0533,0.3775,False,score=0.0473<0.05
5628,23,CWE-476,71,0.047,0.0133,0.0975,0.0133,0.0,0.0133,0.0,False,freq_unsafe=0.000<0.02; score=0.0470<0.05
30760,23,CWE-476,72,0.0469,0.0133,0.0974,0.0133,0.0133,0.0267,0.049,False,freq_unsafe=0.013<0.02; score=0.0469<0.05
16388,23,CWE-476,73,0.0467,0.0133,0.0967,0.0133,0.0,0.0133,0.0,False,freq_unsafe=0.000<0.02; score=0.0467<0.05
22493,23,CWE-476,74,0.0466,0.0133,0.0966,0.0133,0.0133,0.0,0.0966,False,freq_unsafe=0.013<0.02; score=0.0466<0.05
898,23,CWE-476,75,0.0464,0.0133,0.096,0.0133,0.0267,0.04,0.078,False,score=0.0464<0.05
9887,23,CWE-476,76,0.0462,0.0267,0.0755,0.0267,0.04,0.0133,0.1024,False,score=0.0462<0.05
1752,23,CWE-476,77,0.0461,0.0133,0.0951,0.0133,0.0,0.0133,0.0,False,freq_unsafe=0.000<0.02; score=0.0461<0.05
13399,23,CWE-476,78,0.046,0.04,0.0616,0.0267,0.0933,0.0667,0.2498,False,score=0.0460<0.05
4141,23,CWE-476,79,0.0459,0.0267,0.0747,0.0267,0.0267,0.0,0.0747,False,score=0.0459<0.05
25901,23,CWE-476,80,0.0457,0.0133,0.0942,0.0133,0.0133,0.0,0.0942,False,freq_unsafe=0.013<0.02; score=0.0457<0.05
15273,23,CWE-476,81,0.0454,0.0133,0.0934,0.0133,0.0,0.0133,0.0,False,freq_unsafe=0.000<0.02; score=0.0454<0.05
13171,23,CWE-476,82,0.0449,0.0133,0.0923,0.0133,0.0,0.0133,0.0,False,freq_unsafe=0.000<0.02; score=0.0449<0.05
8176,23,CWE-476,83,0.0448,0.0133,0.092,0.0133,0.0133,0.0,0.092,False,freq_unsafe=0.013<0.02; score=0.0448<0.05
7533,23,CWE-476,84,0.0445,0.04,0.0579,0.0267,0.1067,0.08,0.256,False,score=0.0445<0.05
30821,23,CWE-476,85,0.0445,0.0133,0.0912,0.0133,0.0133,0.0,0.0912,False,freq_unsafe=0.013<0.02; score=0.0445<0.05
31419,23,CWE-476,86,0.0441,0.0267,0.0701,0.0267,0.0267,0.0,0.0701,False,score=0.0441<0.05
32575,23,CWE-476,87,0.044,0.0133,0.09,0.0133,0.0133,0.0,0.09,False,freq_unsafe=0.013<0.02; score=0.0440<0.05
29588,23,CWE-476,88,0.0439,0.0133,0.0896,0.0133,0.0133,0.0,0.0896,False,freq_unsafe=0.013<0.02; score=0.0439<0.05
10638,23,CWE-476,89,0.0437,0.0133,0.0893,0.0133,0.0133,0.0,0.0893,False,freq_unsafe=0.013<0.02; score=0.0437<0.05
13343,23,CWE-476,90,0.0435,0.0267,0.0687,0.0267,0.0267,0.0,0.0687,False,score=0.0435<0.05
26509,23,CWE-476,91,0.0434,0.04,0.0551,0.0267,0.04,0.0667,0.1105,False,score=0.0434<0.05
14909,23,CWE-476,92,0.0427,0.08,0.0002,0.0533,0.2533,0.2,0.9251,False,score=0.0427<0.05
24399,23,CWE-476,93,0.0425,0.0267,0.0663,0.0267,0.04,0.0133,0.103,False,score=0.0425<0.05
30405,23,CWE-476,94,0.0425,0.0267,0.0663,0.0267,0.04,0.0133,0.1143,False,score=0.0425<0.05
8413,23,CWE-476,95,0.0424,0.0133,0.0794,0.0267,0.0267,0.0133,0.1231,False,score=0.0424<0.05
22555,23,CWE-476,96,0.0423,0.0133,0.0858,0.0133,0.0133,0.0,0.0858,False,freq_unsafe=0.013<0.02; score=0.0423<0.05
3342,23,CWE-476,97,0.0423,0.0133,0.0858,0.0133,0.0,0.0133,0.0,False,freq_unsafe=0.000<0.02; score=0.0423<0.05
10300,23,CWE-476,98,0.0423,0.0267,0.0657,0.0267,0.0,0.0267,0.0,False,freq_unsafe=0.000<0.02; score=0.0423<0.05
26493,23,CWE-476,99,0.0422,0.0133,0.0856,0.0133,0.0133,0.0267,0.0477,False,freq_unsafe=0.013<0.02; score=0.0422<0.05
13628,23,CWE-476,100,0.0422,0.0267,0.0654,0.0267,0.04,0.0133,0.0917,False,score=0.0422<0.05
18929,23,CWE-476,101,0.0421,0.0133,0.0851,0.0133,0.04,0.0533,0.1194,False,score=0.0421<0.05
32765,23,CWE-476,102,0.042,0.0133,0.085,0.0133,0.0,0.0133,0.0,False,freq_unsafe=0.000<0.02; score=0.0420<0.05
7986,23,CWE-476,103,0.0414,0.0267,0.0634,0.0267,0.08,0.0667,0.2443,False,score=0.0414<0.05
19184,23,CWE-476,104,0.0407,0.0133,0.0818,0.0133,0.0267,0.04,0.1443,False,score=0.0407<0.05
18943,23,CWE-476,105,0.0405,0.0267,0.0613,0.0267,0.0,0.0267,0.0,False,freq_unsafe=0.000<0.02; score=0.0405<0.05
24971,23,CWE-476,106,0.0405,0.0267,0.0679,0.0133,0.0133,0.0267,0.0578,False,freq_unsafe=0.013<0.02; score=0.0405<0.05
7867,23,CWE-476,107,0.0402,0.0267,0.0605,0.0267,0.0133,0.04,0.0357,False,freq_unsafe=0.013<0.02; score=0.0402<0.05
23813,23,CWE-476,108,0.0402,0.0133,0.0805,0.0133,0.0133,0.0,0.0805,False,freq_unsafe=0.013<0.02; score=0.0402<0.05
14449,23,CWE-476,109,0.0401,0.04,0.047,0.0267,0.08,0.0933,0.2022,False,score=0.0401<0.05
27813,23,CWE-476,110,0.0401,0.0267,0.0602,0.0267,0.04,0.0133,0.0955,False,score=0.0401<0.05
21990,23,CWE-476,111,0.0401,0.0267,0.0602,0.0267,0.0267,0.0,0.0602,False,score=0.0401<0.05
25795,23,CWE-476,112,0.0396,0.0133,0.0789,0.0133,0.0,0.0133,0.0,False,freq_unsafe=0.000<0.02; score=0.0396<0.05
4055,23,CWE-476,113,0.0396,0.0267,0.0589,0.0267,0.0,0.0267,0.0,False,freq_unsafe=0.000<0.02; score=0.0396<0.05
9314,23,CWE-476,114,0.039,0.0133,0.0775,0.0133,0.0,0.0133,0.0,False,freq_unsafe=0.000<0.02; score=0.0390<0.05
6962,23,CWE-476,115,0.0389,0.0133,0.0772,0.0133,0.0,0.0133,0.0,False,freq_unsafe=0.000<0.02; score=0.0389<0.05
7583,23,CWE-476,116,0.0388,0.0267,0.0636,0.0133,0.0133,0.0267,0.0671,False,freq_unsafe=0.013<0.02; score=0.0388<0.05
6657,23,CWE-476,117,0.0385,0.0267,0.0562,0.0267,0.0933,0.12,0.2632,False,score=0.0385<0.05
8163,23,CWE-476,118,0.0384,0.0133,0.076,0.0133,0.0133,0.0,0.076,False,freq_unsafe=0.013<0.02; score=0.0384<0.05
21516,23,CWE-476,119,0.0384,0.04,0.036,0.04,0.0667,0.0533,0.1498,False,score=0.0384<0.05
7779,23,CWE-476,120,0.0383,0.0133,0.0756,0.0133,0.04,0.0267,0.1818,False,score=0.0383<0.05
1696,23,CWE-476,121,0.0382,0.0133,0.0756,0.0133,0.0,0.0133,0.0,False,freq_unsafe=0.000<0.02; score=0.0382<0.05
15656,23,CWE-476,122,0.0382,0.0133,0.0754,0.0133,0.0133,0.0,0.0754,False,freq_unsafe=0.013<0.02; score=0.0382<0.05
10035,23,CWE-476,123,0.0379,0.0133,0.0748,0.0133,0.0,0.0133,0.0,False,freq_unsafe=0.000<0.02; score=0.0379<0.05
30600,23,CWE-476,124,0.0378,0.0133,0.0745,0.0133,0.04,0.04,0.167,False,score=0.0378<0.05
12612,23,CWE-476,125,0.0378,0.0267,0.0611,0.0133,0.0133,0.0267,0.0555,False,freq_unsafe=0.013<0.02; score=0.0378<0.05
12761,23,CWE-476,126,0.0376,0.0133,0.074,0.0133,0.04,0.04,0.2174,False,score=0.0376<0.05
7264,23,CWE-476,127,0.0374,0.0267,0.0535,0.0267,0.0667,0.08,0.2196,False,score=0.0374<0.05
24082,23,CWE-476,128,0.0371,0.0133,0.0727,0.0133,0.0133,0.0,0.0727,False,freq_unsafe=0.013<0.02; score=0.0371<0.05
19881,23,CWE-476,129,0.0368,0.0133,0.072,0.0133,0.0,0.0133,0.0,False,freq_unsafe=0.000<0.02; score=0.0368<0.05
29780,23,CWE-476,130,0.0368,0.0133,0.0719,0.0133,0.0133,0.0267,0.0255,False,freq_unsafe=0.013<0.02; score=0.0368<0.05
26626,23,CWE-476,131,0.0365,0.0133,0.0712,0.0133,0.0267,0.0133,0.1462,False,score=0.0365<0.05
30527,23,CWE-476,132,0.0365,0.0133,0.0711,0.0133,0.0,0.0133,0.0,False,freq_unsafe=0.000<0.02; score=0.0365<0.05
14487,23,CWE-476,133,0.0362,0.0133,0.0706,0.0133,0.0267,0.0133,0.1134,False,score=0.0362<0.05
23818,23,CWE-476,134,0.0362,0.0133,0.0704,0.0133,0.0,0.0133,0.0,False,freq_unsafe=0.000<0.02; score=0.0362<0.05
7973,23,CWE-476,135,0.0361,0.0133,0.0704,0.0133,0.0133,0.0,0.0704,False,freq_unsafe=0.013<0.02; score=0.0361<0.05
22507,23,CWE-476,136,0.036,0.0267,0.0499,0.0267,0.04,0.0533,0.0964,False,score=0.0360<0.05
25940,23,CWE-476,137,0.0359,0.0133,0.0698,0.0133,0.0267,0.0133,0.0948,False,score=0.0359<0.05
21350,23,CWE-476,138,0.0359,0.0133,0.0698,0.0133,0.0133,0.0267,0.0432,False,freq_unsafe=0.013<0.02; score=0.0359<0.05
26564,23,CWE-476,139,0.0359,0.0133,0.0698,0.0133,0.0,0.0133,0.0,False,freq_unsafe=0.000<0.02; score=0.0359<0.05
25520,23,CWE-476,140,0.0355,0.0133,0.0689,0.0133,0.0,0.0133,0.0,False,freq_unsafe=0.000<0.02; score=0.0355<0.05
8038,23,CWE-476,141,0.0353,0.0133,0.0682,0.0133,0.0133,0.0267,0.0256,False,freq_unsafe=0.013<0.02; score=0.0353<0.05
10682,23,CWE-476,142,0.0353,0.0133,0.0682,0.0133,0.0,0.0133,0.0,False,freq_unsafe=0.000<0.02; score=0.0353<0.05
31533,23,CWE-476,143,0.035,0.0133,0.0676,0.0133,0.0,0.0133,0.0,False,freq_unsafe=0.000<0.02; score=0.0350<0.05
14242,23,CWE-476,144,0.035,0.0133,0.0675,0.0133,0.0267,0.0133,0.1071,False,score=0.0350<0.05
21380,23,CWE-476,145,0.0346,0.0133,0.0664,0.0133,0.0133,0.0,0.0664,False,freq_unsafe=0.013<0.02; score=0.0346<0.05
22103,23,CWE-476,146,0.0345,0.0133,0.0663,0.0133,0.0,0.0133,0.0,False,freq_unsafe=0.000<0.02; score=0.0345<0.05
27281,23,CWE-476,147,0.0345,0.0133,0.0662,0.0133,0.0,0.0133,0.0,False,freq_unsafe=0.000<0.02; score=0.0345<0.05
16655,23,CWE-476,148,0.0345,0.04,0.0329,0.0267,0.08,0.0533,0.1737,False,score=0.0345<0.05
14463,23,CWE-476,149,0.0345,0.0133,0.0662,0.0133,0.0,0.0133,0.0,False,freq_unsafe=0.000<0.02; score=0.0345<0.05
13732,23,CWE-476,150,0.034,0.0133,0.0649,0.0133,0.0267,0.0133,0.0946,False,score=0.0340<0.05
19087,23,CWE-476,151,0.0338,0.0533,0.0177,0.0267,0.1067,0.12,0.3528,False,score=0.0338<0.05
27,23,CWE-476,152,0.0334,0.0267,0.0435,0.0267,0.1333,0.1333,0.6261,False,score=0.0334<0.05
23795,23,CWE-476,153,0.0331,0.0133,0.0627,0.0133,0.0,0.0133,0.0,False,freq_unsafe=0.000<0.02; score=0.0331<0.05
31885,23,CWE-476,154,0.0331,0.0133,0.0627,0.0133,0.0133,0.0,0.0627,False,freq_unsafe=0.013<0.02; score=0.0331<0.05
5076,23,CWE-476,155,0.0331,0.0133,0.0627,0.0133,0.0,0.0133,0.0,False,freq_unsafe=0.000<0.02; score=0.0331<0.05
3196,23,CWE-476,156,0.0331,0.0267,0.0426,0.0267,0.0667,0.08,0.1874,False,score=0.0331<0.05
27858,23,CWE-476,157,0.033,0.0133,0.0625,0.0133,0.0,0.0133,0.0,False,freq_unsafe=0.000<0.02; score=0.0330<0.05
14855,23,CWE-476,158,0.0329,0.0133,0.0623,0.0133,0.0133,0.0,0.0623,False,freq_unsafe=0.013<0.02; score=0.0329<0.05
9232,23,CWE-476,159,0.0329,0.0133,0.0623,0.0133,0.04,0.0267,0.1358,False,score=0.0329<0.05
26175,23,CWE-476,160,0.0327,0.0133,0.0618,0.0133,0.0,0.0133,0.0,False,freq_unsafe=0.000<0.02; score=0.0327<0.05
15024,23,CWE-476,161,0.0326,0.0133,0.0616,0.0133,0.0,0.0133,0.0,False,freq_unsafe=0.000<0.02; score=0.0326<0.05
10311,23,CWE-476,162,0.0326,0.0133,0.0615,0.0133,0.0,0.0133,0.0,False,freq_unsafe=0.000<0.02; score=0.0326<0.05
31684,23,CWE-476,163,0.0325,0.0133,0.0613,0.0133,0.0,0.0133,0.0,False,freq_unsafe=0.000<0.02; score=0.0325<0.05
11271,23,CWE-476,164,0.0325,0.0133,0.0611,0.0133,0.0267,0.04,0.0784,False,score=0.0325<0.05
22570,23,CWE-476,165,0.0325,0.0133,0.0611,0.0133,0.0,0.0133,0.0,False,freq_unsafe=0.000<0.02; score=0.0325<0.05
14632,23,CWE-476,166,0.0324,0.0267,0.041,0.0267,0.04,0.0533,0.0835,False,score=0.0324<0.05
3829,23,CWE-476,167,0.0322,0.0133,0.0604,0.0133,0.0133,0.0,0.0604,False,freq_unsafe=0.013<0.02; score=0.0322<0.05
5916,23,CWE-476,168,0.032,0.0133,0.0601,0.0133,0.0133,0.0,0.0601,False,freq_unsafe=0.013<0.02; score=0.0320<0.05
3823,23,CWE-476,169,0.032,0.0133,0.06,0.0133,0.0133,0.0,0.06,False,freq_unsafe=0.013<0.02; score=0.0320<0.05
11570,23,CWE-476,170,0.0319,0.0267,0.0398,0.0267,0.04,0.0267,0.0958,False,score=0.0319<0.05
11810,23,CWE-476,171,0.0319,0.0133,0.0597,0.0133,0.0267,0.0133,0.0883,False,score=0.0319<0.05
8241,23,CWE-476,172,0.0318,0.0133,0.0594,0.0133,0.0133,0.0,0.0594,False,freq_unsafe=0.013<0.02; score=0.0318<0.05
11435,23,CWE-476,173,0.0317,0.0133,0.0592,0.0133,0.0,0.0133,0.0,False,freq_unsafe=0.000<0.02; score=0.0317<0.05
20586,23,CWE-476,174,0.0317,0.0133,0.0591,0.0133,0.0133,0.0133,0.0274,False,freq_unsafe=0.013<0.02; score=0.0317<0.05
18695,23,CWE-476,175,0.0315,0.0133,0.0589,0.0133,0.0267,0.04,0.0718,False,score=0.0315<0.05
3518,23,CWE-476,176,0.0315,0.0133,0.0587,0.0133,0.0133,0.0,0.0587,False,freq_unsafe=0.013<0.02; score=0.0315<0.05
24234,23,CWE-476,177,0.0315,0.0133,0.0587,0.0133,0.0133,0.0,0.0587,False,freq_unsafe=0.013<0.02; score=0.0315<0.05
28743,23,CWE-476,178,0.0314,0.0133,0.0586,0.0133,0.0133,0.0,0.0586,False,freq_unsafe=0.013<0.02; score=0.0314<0.05
22156,23,CWE-476,179,0.0313,0.0133,0.0584,0.0133,0.0267,0.0133,0.1189,False,score=0.0313<0.05
2518,23,CWE-476,180,0.0312,0.0133,0.0579,0.0133,0.0267,0.0133,0.0918,False,score=0.0312<0.05
28829,23,CWE-476,181,0.0311,0.0133,0.0579,0.0133,0.0133,0.0,0.0579,False,freq_unsafe=0.013<0.02; score=0.0311<0.05
5242,23,CWE-476,182,0.031,0.0133,0.0575,0.0133,0.0133,0.0133,0.0383,False,freq_unsafe=0.013<0.02; score=0.0310<0.05
11856,23,CWE-476,183,0.031,0.0133,0.0575,0.0133,0.0,0.0133,0.0,False,freq_unsafe=0.000<0.02; score=0.0310<0.05
5754,23,CWE-476,184,0.0309,0.0133,0.0572,0.0133,0.0133,0.0,0.0572,False,freq_unsafe=0.013<0.02; score=0.0309<0.05
26585,23,CWE-476,185,0.0309,0.0133,0.0572,0.0133,0.0,0.0133,0.0,False,freq_unsafe=0.000<0.02; score=0.0309<0.05
5349,23,CWE-476,186,0.0308,0.0133,0.0571,0.0133,0.0,0.0133,0.0,False,freq_unsafe=0.000<0.02; score=0.0308<0.05
18039,23,CWE-476,187,0.0308,0.0133,0.057,0.0133,0.0133,0.0,0.057,False,freq_unsafe=0.013<0.02; score=0.0308<0.05
30135,23,CWE-476,188,0.0305,0.0133,0.0562,0.0133,0.0,0.0133,0.0,False,freq_unsafe=0.000<0.02; score=0.0305<0.05
30677,23,CWE-476,189,0.0304,0.0133,0.0559,0.0133,0.0133,0.0,0.0559,False,freq_unsafe=0.013<0.02; score=0.0304<0.05
307,23,CWE-476,190,0.0303,0.0133,0.0558,0.0133,0.0133,0.0267,0.0396,False,freq_unsafe=0.013<0.02; score=0.0303<0.05
17480,23,CWE-476,191,0.0303,0.0133,0.0557,0.0133,0.0,0.0133,0.0,False,freq_unsafe=0.000<0.02; score=0.0303<0.05
16732,23,CWE-476,192,0.0301,0.0133,0.0553,0.0133,0.0,0.0133,0.0,False,freq_unsafe=0.000<0.02; score=0.0301<0.05
20872,23,CWE-476,193,0.03,0.0133,0.0551,0.0133,0.0133,0.0,0.0551,False,freq_unsafe=0.013<0.02; score=0.0300<0.05
11072,23,CWE-476,194,0.0299,0.0133,0.0547,0.0133,0.0,0.0133,0.0,False,freq_unsafe=0.000<0.02; score=0.0299<0.05
10695,23,CWE-476,195,0.0298,0.0133,0.0546,0.0133,0.0133,0.0133,0.0388,False,freq_unsafe=0.013<0.02; score=0.0298<0.05
2907,23,CWE-476,196,0.0298,0.0133,0.0546,0.0133,0.0133,0.0133,0.0827,False,freq_unsafe=0.013<0.02; score=0.0298<0.05
5130,23,CWE-476,197,0.0298,0.0133,0.0544,0.0133,0.0,0.0133,0.0,False,freq_unsafe=0.000<0.02; score=0.0298<0.05
29622,23,CWE-476,198,0.0296,0.0133,0.054,0.0133,0.0,0.0133,0.0,False,freq_unsafe=0.000<0.02; score=0.0296<0.05
23357,23,CWE-476,199,0.0294,0.0133,0.0535,0.0133,0.0133,0.0,0.0535,False,freq_unsafe=0.013<0.02; score=0.0294<0.05
27164,23,CWE-476,200,0.0292,0.0133,0.053,0.0133,0.0,0.0133,0.0,False,freq_unsafe=0.000<0.02; score=0.0292<0.05
