feature_id,layer,cwe_id,score,hist_dist,delta_mu,ks_stat,freq_unsafe,freq_safe,kept,source
6986,16,CWE-120,0.9277,0.4857,1.705,0.2571,0.7143,0.9224,True,cyber_dev
1710,16,CWE-120,0.7815,0.3714,1.4324,0.3,0.5,0.1846,True,cyber_dev
7839,16,CWE-120,0.7613,0.3429,1.446,0.2286,0.4286,0.4544,True,cyber_dev
14376,16,CWE-120,0.5653,0.3429,0.9277,0.2857,0.4286,0.2728,True,cyber_dev
17395,16,CWE-120,0.4897,0.3,0.8027,0.2429,0.3571,0.1251,True,cyber_dev
9816,16,CWE-120,0.4819,0.2571,0.8618,0.1714,0.2857,0.2532,True,cyber_dev
22720,16,CWE-120,0.4791,0.1429,0.9834,0.1429,0.1429,0.0512,True,cyber_dev
29862,16,CWE-120,0.4654,0.2714,0.785,0.2143,0.2857,0.2788,True,cyber_dev
28421,16,CWE-120,0.4624,0.1429,0.9417,0.1429,0.1429,0.0173,True,cyber_dev
9287,16,CWE-120,0.4324,0.4286,0.5523,0.2,0.5,0.3715,True,cyber_dev
26373,16,CWE-120,0.4224,0.2286,0.7632,0.1286,0.2857,0.1952,True,cyber_dev
6426,16,CWE-120,0.3838,0.2143,0.6452,0.2,0.2143,0.0799,True,cyber_dev
31664,16,CWE-120,0.3763,0.2143,0.6194,0.2143,0.2143,0.0543,True,cyber_dev
1334,16,CWE-120,0.3741,0.3286,0.5352,0.1429,0.6429,0.7091,True,cyber_dev
22892,16,CWE-120,0.3565,0.2143,0.5699,0.2143,0.2143,0.0241,True,cyber_dev
29799,16,CWE-120,0.3503,0.2143,0.5829,0.1571,0.0714,0.1937,True,cyber_dev
15955,16,CWE-120,0.3393,0.2,0.5483,0.2,0.2143,0.0294,True,cyber_dev
5407,16,CWE-120,0.3355,0.3429,0.3886,0.2143,0.4286,0.52,True,cyber_dev
30495,16,CWE-120,0.3339,0.1429,0.6204,0.1429,0.1429,0.0113,True,cyber_dev
9465,16,CWE-120,0.3301,0.2429,0.5109,0.1429,0.2143,0.318,True,cyber_dev
26334,16,CWE-120,0.3068,0.1,0.6169,0.1,0.1429,0.1809,True,cyber_dev
23278,16,CWE-120,0.3041,0.0857,0.6316,0.0857,0.1429,0.1786,True,cyber_dev
26274,16,CWE-120,0.2993,0.2143,0.4268,0.2143,0.1429,0.153,True,cyber_dev
4533,16,CWE-120,0.2968,0.1429,0.5277,0.1429,0.1429,0.0121,True,cyber_dev
21872,16,CWE-120,0.2931,0.0714,0.6256,0.0714,0.0714,0.0045,True,cyber_dev
19741,16,CWE-120,0.2925,0.1143,0.5599,0.1143,0.0,0.0904,False,cyber_dev
14435,16,CWE-120,0.2877,0.0714,0.612,0.0714,0.0714,0.0068,True,cyber_dev
17625,16,CWE-120,0.2876,0.1429,0.5048,0.1429,0.1429,0.009,True,cyber_dev
27644,16,CWE-120,0.2822,0.1143,0.5342,0.1143,0.1429,0.1891,True,cyber_dev
5640,16,CWE-120,0.2791,0.1857,0.4193,0.1857,0.2143,0.1002,True,cyber_dev
1940,16,CWE-120,0.2694,0.0714,0.5663,0.0714,0.0,0.0399,False,cyber_dev
6539,16,CWE-120,0.2673,0.0714,0.5612,0.0714,0.0714,0.003,True,cyber_dev
6888,16,CWE-120,0.2643,0.0714,0.5535,0.0714,0.0714,0.003,True,cyber_dev
10758,16,CWE-120,0.2611,0.1143,0.4813,0.1143,0.0,0.1198,False,cyber_dev
9911,16,CWE-120,0.2589,0.1429,0.4329,0.1429,0.1429,0.0121,True,cyber_dev
19743,16,CWE-120,0.2587,0.1429,0.4467,0.1143,0.2857,0.3971,True,cyber_dev
13526,16,CWE-120,0.2564,0.0714,0.5338,0.0714,0.0714,0.0008,True,cyber_dev
10332,16,CWE-120,0.2536,0.1429,0.4268,0.1286,0.1429,0.0234,True,cyber_dev
2917,16,CWE-120,0.2534,0.2571,0.3122,0.1286,0.3571,0.2954,True,cyber_dev
5063,16,CWE-120,0.2519,0.0714,0.5226,0.0714,0.0714,0.0008,True,cyber_dev
7384,16,CWE-120,0.2494,0.0714,0.5163,0.0714,0.0714,0.0143,True,cyber_dev
14739,16,CWE-120,0.2475,0.1571,0.383,0.1571,0.1429,0.2336,True,cyber_dev
18510,16,CWE-120,0.243,0.0714,0.5003,0.0714,0.0714,0.0053,True,cyber_dev
13366,16,CWE-120,0.2352,0.1429,0.3738,0.1429,0.1429,0.006,True,cyber_dev
22987,16,CWE-120,0.232,0.0714,0.4729,0.0714,0.0714,0.0023,True,cyber_dev
14283,16,CWE-120,0.2309,0.1429,0.3629,0.1429,0.1429,0.0181,True,cyber_dev
21157,16,CWE-120,0.225,0.0714,0.4553,0.0714,0.0714,0.003,True,cyber_dev
5053,16,CWE-120,0.2178,0.0714,0.4374,0.0714,0.0714,0.0,True,cyber_dev
16890,16,CWE-120,0.2129,0.0714,0.425,0.0714,0.0714,0.0113,True,cyber_dev
4735,16,CWE-120,0.2109,0.1286,0.3344,0.1286,0.1429,0.0173,True,cyber_dev
7595,16,CWE-120,0.21,0.0714,0.4178,0.0714,0.0714,0.0143,True,cyber_dev
8776,16,CWE-120,0.208,0.0714,0.4129,0.0714,0.0714,0.0075,True,cyber_dev
30752,16,CWE-120,0.2069,0.1429,0.3101,0.1286,0.1429,0.0226,True,cyber_dev
26704,16,CWE-120,0.2033,0.1286,0.3154,0.1286,0.1429,0.1944,True,cyber_dev
26585,16,CWE-120,0.2029,0.0571,0.4214,0.0571,0.0,0.0339,False,cyber_dev
12340,16,CWE-120,0.2025,0.0857,0.3777,0.0857,0.1429,0.1786,True,cyber_dev
1218,16,CWE-120,0.2017,0.0714,0.3972,0.0714,0.0714,0.0121,True,cyber_dev
14521,16,CWE-120,0.1983,0.1429,0.3172,0.0714,0.1429,0.0573,True,cyber_dev
16033,16,CWE-120,0.1947,0.0714,0.3796,0.0714,0.0714,0.0294,True,cyber_dev
16532,16,CWE-120,0.1923,0.0857,0.3523,0.0857,0.1429,0.1801,True,cyber_dev
23681,16,CWE-120,0.1921,0.0857,0.3517,0.0857,0.1429,0.1778,True,cyber_dev
28170,16,CWE-120,0.1897,0.0857,0.3458,0.0857,0.1429,0.1937,True,cyber_dev
19880,16,CWE-120,0.1893,0.1286,0.2733,0.1429,0.0714,0.0814,True,cyber_dev
24954,16,CWE-120,0.1882,0.0714,0.3633,0.0714,0.0714,0.0015,True,cyber_dev
5570,16,CWE-120,0.1863,0.0857,0.3372,0.0857,0.1429,0.1786,True,cyber_dev
917,16,CWE-120,0.1863,0.0714,0.3585,0.0714,0.0714,0.0098,True,cyber_dev
497,16,CWE-120,0.1862,0.0714,0.3582,0.0714,0.0714,0.003,True,cyber_dev
9416,16,CWE-120,0.1844,0.1,0.3109,0.1,0.1429,0.2065,True,cyber_dev
6093,16,CWE-120,0.1814,0.3429,0.0106,0.2,0.4286,0.5471,True,cyber_dev
5704,16,CWE-120,0.1795,0.0857,0.3203,0.0857,0.0,0.0558,False,cyber_dev
22367,16,CWE-120,0.1795,0.1286,0.2774,0.0857,0.1429,0.0301,True,cyber_dev
22111,16,CWE-120,0.1793,0.1286,0.2625,0.1143,0.1429,0.0203,True,cyber_dev
19535,16,CWE-120,0.1788,0.1429,0.2398,0.1286,0.1429,0.0354,True,cyber_dev
22138,16,CWE-120,0.1768,0.1143,0.2705,0.1143,0.1429,0.2005,True,cyber_dev
22023,16,CWE-120,0.1766,0.0714,0.3343,0.0714,0.0714,0.003,True,cyber_dev
8185,16,CWE-120,0.1742,0.0714,0.3285,0.0714,0.0714,0.0015,True,cyber_dev
947,16,CWE-120,0.1741,0.0714,0.328,0.0714,0.0714,0.0068,True,cyber_dev
25717,16,CWE-120,0.174,0.1571,0.2207,0.1143,0.2143,0.2924,True,cyber_dev
1760,16,CWE-120,0.1728,0.0714,0.3248,0.0714,0.0714,0.0015,True,cyber_dev
28644,16,CWE-120,0.1718,0.0857,0.301,0.0857,0.0,0.0723,False,cyber_dev
24137,16,CWE-120,0.1711,0.0714,0.3206,0.0714,0.0714,0.0015,True,cyber_dev
19458,16,CWE-120,0.1709,0.0714,0.32,0.0714,0.0714,0.0015,True,cyber_dev
15182,16,CWE-120,0.1705,0.0714,0.3192,0.0714,0.0714,0.0053,True,cyber_dev
22094,16,CWE-120,0.1705,0.0714,0.3191,0.0714,0.0714,0.0,True,cyber_dev
28091,16,CWE-120,0.1703,0.0714,0.3187,0.0714,0.0714,0.0083,True,cyber_dev
19401,16,CWE-120,0.1689,0.0714,0.3151,0.0714,0.0714,0.0008,True,cyber_dev
30067,16,CWE-120,0.1675,0.0714,0.3116,0.0714,0.0714,0.0241,True,cyber_dev
10118,16,CWE-120,0.1661,0.0714,0.3082,0.0714,0.0714,0.0015,True,cyber_dev
19107,16,CWE-120,0.1659,0.0714,0.3076,0.0714,0.0714,0.0008,True,cyber_dev
30690,16,CWE-120,0.1657,0.0714,0.3071,0.0714,0.0714,0.0136,True,cyber_dev
3656,16,CWE-120,0.1653,0.0714,0.306,0.0714,0.0714,0.0068,True,cyber_dev
21030,16,CWE-120,0.1648,0.0714,0.3047,0.0714,0.0714,0.0053,True,cyber_dev
22568,16,CWE-120,0.1646,0.0714,0.3044,0.0714,0.0714,0.0181,True,cyber_dev
29240,16,CWE-120,0.1638,0.0714,0.3023,0.0714,0.0714,0.0045,True,cyber_dev
17217,16,CWE-120,0.1635,0.0714,0.3015,0.0714,0.0714,0.0053,True,cyber_dev
7698,16,CWE-120,0.1631,0.0714,0.3006,0.0714,0.0,0.0249,False,cyber_dev
3203,16,CWE-120,0.1619,0.0714,0.2976,0.0714,0.0714,0.003,True,cyber_dev
6975,16,CWE-120,0.1618,0.0714,0.2973,0.0714,0.0714,0.0075,True,cyber_dev
29367,16,CWE-120,0.1615,0.0714,0.2967,0.0714,0.0714,0.0075,True,cyber_dev
26810,16,CWE-120,0.1609,0.1,0.2522,0.1,0.1429,0.1794,True,cyber_dev
14487,16,CWE-120,0.1596,0.0714,0.2917,0.0714,0.0714,0.0,True,cyber_dev
3073,16,CWE-120,0.1592,0.0714,0.2908,0.0714,0.0714,0.0015,True,cyber_dev
25208,16,CWE-120,0.1588,0.1286,0.2113,0.1143,0.1429,0.0746,True,cyber_dev
30757,16,CWE-120,0.157,0.0714,0.2853,0.0714,0.0714,0.0,True,cyber_dev
3684,16,CWE-120,0.1566,0.0714,0.2843,0.0714,0.0714,0.0038,True,cyber_dev
581,16,CWE-120,0.1563,0.0714,0.2835,0.0714,0.0714,0.0151,True,cyber_dev
10281,16,CWE-120,0.156,0.1714,0.1544,0.1286,0.1429,0.22,True,cyber_dev
8413,16,CWE-120,0.1543,0.0857,0.2572,0.0857,0.1429,0.1824,True,cyber_dev
15639,16,CWE-120,0.1541,0.1,0.2354,0.1,0.1429,0.1997,True,cyber_dev
5320,16,CWE-120,0.154,0.0714,0.278,0.0714,0.0714,0.006,True,cyber_dev
16656,16,CWE-120,0.1519,0.1,0.2299,0.1,0.0714,0.1409,True,cyber_dev
4576,16,CWE-120,0.1519,0.0714,0.2727,0.0714,0.0714,0.0015,True,cyber_dev
11877,16,CWE-120,0.1517,0.1857,0.1434,0.1,0.3571,0.2442,True,cyber_dev
24519,16,CWE-120,0.151,0.0714,0.2703,0.0714,0.0714,0.0053,True,cyber_dev
22911,16,CWE-120,0.1495,0.0857,0.2452,0.0857,0.1429,0.1778,False,cyber_dev
8362,16,CWE-120,0.1492,0.1429,0.1945,0.0714,0.2857,0.2125,False,cyber_dev
11499,16,CWE-120,0.1492,0.0714,0.2659,0.0714,0.0714,0.0023,False,cyber_dev
10050,16,CWE-120,0.1486,0.0714,0.2643,0.0714,0.0714,0.0045,False,cyber_dev
11222,16,CWE-120,0.1485,0.0714,0.264,0.0714,0.0714,0.0038,False,cyber_dev
15506,16,CWE-120,0.146,0.0714,0.2578,0.0714,0.0714,0.0045,False,cyber_dev
10214,16,CWE-120,0.1442,0.0857,0.232,0.0857,0.0,0.0482,False,cyber_dev
24686,16,CWE-120,0.1441,0.0857,0.2316,0.0857,0.1429,0.1778,False,cyber_dev
1161,16,CWE-120,0.1436,0.0714,0.2518,0.0714,0.0714,0.0038,False,cyber_dev
24244,16,CWE-120,0.1416,0.0714,0.2468,0.0714,0.0714,0.0136,False,cyber_dev
6996,16,CWE-120,0.1407,0.0714,0.2446,0.0714,0.0714,0.0023,False,cyber_dev
228,16,CWE-120,0.1403,0.0714,0.2435,0.0714,0.0714,0.0083,False,cyber_dev
26645,16,CWE-120,0.1399,0.0714,0.2427,0.0714,0.0714,0.0015,False,cyber_dev
7328,16,CWE-120,0.1398,0.0714,0.2423,0.0714,0.0714,0.0663,False,cyber_dev
9355,16,CWE-120,0.1389,0.0714,0.2401,0.0714,0.0714,0.0106,False,cyber_dev
20918,16,CWE-120,0.1379,0.0857,0.2162,0.0857,0.1429,0.1778,False,cyber_dev
5538,16,CWE-120,0.1379,0.0714,0.2375,0.0714,0.0714,0.003,False,cyber_dev
27029,16,CWE-120,0.1378,0.0714,0.2374,0.0714,0.0714,0.0015,False,cyber_dev
1381,16,CWE-120,0.1375,0.0857,0.2151,0.0857,0.1429,0.1778,False,cyber_dev
13382,16,CWE-120,0.1374,0.0857,0.2149,0.0857,0.1429,0.1801,False,cyber_dev
25458,16,CWE-120,0.1374,0.0714,0.2364,0.0714,0.0714,0.003,False,cyber_dev
6312,16,CWE-120,0.1372,0.1286,0.1643,0.1,0.1429,0.0829,False,cyber_dev
5294,16,CWE-120,0.1369,0.0714,0.2351,0.0714,0.0,0.0407,False,cyber_dev
25834,16,CWE-120,0.1369,0.0714,0.235,0.0714,0.0714,0.0106,False,cyber_dev
31316,16,CWE-120,0.1368,0.0714,0.2349,0.0714,0.0714,0.0023,False,cyber_dev
10492,16,CWE-120,0.1364,0.0857,0.2125,0.0857,0.1429,0.1809,False,cyber_dev
7269,16,CWE-120,0.1355,0.0714,0.2317,0.0714,0.0714,0.0151,False,cyber_dev
23811,16,CWE-120,0.1345,0.0857,0.2076,0.0857,0.1429,0.1778,False,cyber_dev
6503,16,CWE-120,0.1342,0.0714,0.2283,0.0714,0.0714,0.006,False,cyber_dev
5225,16,CWE-120,0.1341,0.0571,0.2496,0.0571,0.0714,0.0181,False,cyber_dev
11782,16,CWE-120,0.1341,0.0857,0.2067,0.0857,0.1429,0.1778,False,cyber_dev
9342,16,CWE-120,0.1335,0.2,0.091,0.0857,0.3571,0.4295,False,cyber_dev
10726,16,CWE-120,0.1328,0.0714,0.2249,0.0714,0.0714,0.0106,False,cyber_dev
8067,16,CWE-120,0.1322,0.0714,0.2235,0.0714,0.0714,0.0,False,cyber_dev
4325,16,CWE-120,0.1321,0.0857,0.2017,0.0857,0.1429,0.1786,False,cyber_dev
17868,16,CWE-120,0.1319,0.0857,0.2011,0.0857,0.1429,0.1778,False,cyber_dev
5834,16,CWE-120,0.1308,0.0857,0.1985,0.0857,0.1429,0.1778,False,cyber_dev
3763,16,CWE-120,0.1307,0.0714,0.2196,0.0714,0.0714,0.0015,False,cyber_dev
5409,16,CWE-120,0.1302,0.0714,0.2182,0.0714,0.0714,0.0053,False,cyber_dev
5035,16,CWE-120,0.1302,0.0714,0.2182,0.0714,0.0714,0.0015,False,cyber_dev
20375,16,CWE-120,0.1301,0.0714,0.218,0.0714,0.0714,0.0301,False,cyber_dev
4978,16,CWE-120,0.1299,0.0714,0.2175,0.0714,0.0714,0.0106,False,cyber_dev
27973,16,CWE-120,0.1296,0.0571,0.2311,0.0714,0.0714,0.0339,False,cyber_dev
686,16,CWE-120,0.1293,0.0571,0.2377,0.0571,0.0,0.0136,False,cyber_dev
16943,16,CWE-120,0.1293,0.0714,0.2161,0.0714,0.0714,0.0008,False,cyber_dev
940,16,CWE-120,0.1293,0.0714,0.2161,0.0714,0.0714,0.0008,False,cyber_dev
30478,16,CWE-120,0.1293,0.0857,0.1946,0.0857,0.1429,0.1801,False,cyber_dev
7724,16,CWE-120,0.1291,0.0857,0.1942,0.0857,0.1429,0.1778,False,cyber_dev
31569,16,CWE-120,0.1283,0.0714,0.2137,0.0714,0.0714,0.0219,False,cyber_dev
4776,16,CWE-120,0.1282,0.0714,0.2133,0.0714,0.0714,0.0151,False,cyber_dev
19907,16,CWE-120,0.1281,0.0857,0.1916,0.0857,0.1429,0.1778,False,cyber_dev
14024,16,CWE-120,0.1277,0.0714,0.2121,0.0714,0.0714,0.003,False,cyber_dev
10028,16,CWE-120,0.1272,0.0714,0.2108,0.0714,0.0714,0.0844,False,cyber_dev
8180,16,CWE-120,0.1266,0.0714,0.2093,0.0714,0.0714,0.006,False,cyber_dev
21892,16,CWE-120,0.1265,0.0857,0.1877,0.0857,0.1429,0.1816,False,cyber_dev
15294,16,CWE-120,0.1258,0.0714,0.2145,0.0571,0.0714,0.0113,False,cyber_dev
24432,16,CWE-120,0.1253,0.0714,0.2061,0.0714,0.0714,0.003,False,cyber_dev
18114,16,CWE-120,0.1251,0.0714,0.2056,0.0714,0.0714,0.0,False,cyber_dev
3999,16,CWE-120,0.125,0.0714,0.2053,0.0714,0.0714,0.0023,False,cyber_dev
27880,16,CWE-120,0.1249,0.0714,0.205,0.0714,0.0714,0.0023,False,cyber_dev
4718,16,CWE-120,0.1248,0.0714,0.2121,0.0571,0.0714,0.0008,False,cyber_dev
26284,16,CWE-120,0.1246,0.0714,0.2043,0.0714,0.0714,0.0015,False,cyber_dev
29750,16,CWE-120,0.1243,0.0714,0.2037,0.0714,0.0714,0.0158,False,cyber_dev
15693,16,CWE-120,0.1238,0.0857,0.181,0.0857,0.1429,0.1899,False,cyber_dev
20510,16,CWE-120,0.1238,0.0857,0.181,0.0857,0.1429,0.1794,False,cyber_dev
25441,16,CWE-120,0.1237,0.0429,0.245,0.0429,0.0,0.0234,False,cyber_dev
9144,16,CWE-120,0.1235,0.1286,0.1515,0.0571,0.0714,0.15,False,cyber_dev
25977,16,CWE-120,0.1232,0.0714,0.2008,0.0714,0.0714,0.0068,False,cyber_dev
15917,16,CWE-120,0.1227,0.0714,0.1995,0.0714,0.0714,0.0053,False,cyber_dev
15432,16,CWE-120,0.1226,0.0429,0.2423,0.0429,0.0,0.0226,False,cyber_dev
32376,16,CWE-120,0.1222,0.0714,0.1983,0.0714,0.0714,0.0045,False,cyber_dev
25366,16,CWE-120,0.1219,0.0714,0.1975,0.0714,0.0714,0.0023,False,cyber_dev
10982,16,CWE-120,0.1218,0.0714,0.1974,0.0714,0.0714,0.0038,False,cyber_dev
3356,16,CWE-120,0.1217,0.0714,0.1971,0.0714,0.0714,0.003,False,cyber_dev
17384,16,CWE-120,0.1216,0.0714,0.1969,0.0714,0.0714,0.0038,False,cyber_dev
17667,16,CWE-120,0.1214,0.0714,0.1965,0.0714,0.0714,0.0121,False,cyber_dev
4316,16,CWE-120,0.1214,0.0714,0.1963,0.0714,0.0714,0.0203,False,cyber_dev
30345,16,CWE-120,0.1209,0.0714,0.1951,0.0714,0.0714,0.0023,False,cyber_dev
10865,16,CWE-120,0.1209,0.0714,0.1951,0.0714,0.0714,0.009,False,cyber_dev
17989,16,CWE-120,0.1208,0.0714,0.1949,0.0714,0.0714,0.009,False,cyber_dev
2146,16,CWE-120,0.12,0.0714,0.1929,0.0714,0.0714,0.0158,False,cyber_dev
4782,16,CWE-120,0.1199,0.0714,0.1926,0.0714,0.0714,0.0113,False,cyber_dev
29031,16,CWE-120,0.119,0.0714,0.1903,0.0714,0.0714,0.0008,False,cyber_dev
8498,16,CWE-120,0.1189,0.0714,0.1902,0.0714,0.0714,0.0045,False,cyber_dev
15078,16,CWE-120,0.1189,0.0714,0.19,0.0714,0.0714,0.0015,False,cyber_dev
4056,16,CWE-120,0.1186,0.0714,0.1894,0.0714,0.0714,0.0008,False,cyber_dev
6986,16,CWE-327,0.8625,0.3143,1.7421,0.2,0.8929,0.9208,True,cyber_dev
9342,16,CWE-327,0.6359,0.3786,1.0934,0.2357,0.6071,0.425,True,cyber_dev
1334,16,CWE-327,0.3605,0.2714,0.5727,0.1143,0.7143,0.7083,True,cyber_dev
31902,16,CWE-327,0.3553,0.25,0.5382,0.2,0.25,0.0685,True,cyber_dev
23278,16,CWE-327,0.3405,0.1,0.7012,0.1,0.1429,0.179,True,cyber_dev
29862,16,CWE-327,0.3367,0.2786,0.4881,0.15,0.3571,0.2772,True,cyber_dev
7839,16,CWE-327,0.3342,0.3,0.4712,0.1286,0.5357,0.4524,True,cyber_dev
9465,16,CWE-327,0.3289,0.2143,0.5259,0.1643,0.4286,0.3145,True,cyber_dev
14376,16,CWE-327,0.3106,0.1714,0.5514,0.1071,0.1786,0.2765,True,cyber_dev
26334,16,CWE-327,0.3103,0.0929,0.6365,0.0929,0.1429,0.1813,True,cyber_dev
9816,16,CWE-327,0.3096,0.2,0.5204,0.1071,0.3929,0.2506,True,cyber_dev
2917,16,CWE-327,0.3061,0.1286,0.5509,0.1714,0.1429,0.2993,True,cyber_dev
11877,16,CWE-327,0.2821,0.1714,0.4659,0.1357,0.1786,0.2468,True,cyber_dev
25717,16,CWE-327,0.278,0.2714,0.3557,0.1357,0.3571,0.2902,True,cyber_dev
19741,16,CWE-327,0.2776,0.15,0.4904,0.1071,0.1786,0.0876,True,cyber_dev
17518,16,CWE-327,0.2656,0.1643,0.4247,0.15,0.1786,0.0335,True,cyber_dev
19743,16,CWE-327,0.2641,0.2071,0.3674,0.1714,0.4643,0.3945,True,cyber_dev
26373,16,CWE-327,0.2567,0.1571,0.4345,0.1,0.1071,0.198,True,cyber_dev
8219,16,CWE-327,0.2473,0.1071,0.4611,0.1,0.1071,0.0198,True,cyber_dev
10281,16,CWE-327,0.2426,0.1786,0.36,0.1357,0.1071,0.2216,True,cyber_dev
5407,16,CWE-327,0.2329,0.2143,0.3001,0.1357,0.4643,0.5202,True,cyber_dev
12340,16,CWE-327,0.2194,0.0929,0.4091,0.0929,0.1429,0.179,True,cyber_dev
28170,16,CWE-327,0.216,0.1,0.3899,0.1,0.1429,0.1942,True,cyber_dev
12779,16,CWE-327,0.2132,0.0714,0.4259,0.0714,0.0714,0.0076,True,cyber_dev
26413,16,CWE-327,0.2104,0.1071,0.3652,0.1071,0.1071,0.0312,True,cyber_dev
16532,16,CWE-327,0.2084,0.0929,0.3816,0.0929,0.1429,0.1805,True,cyber_dev
23681,16,CWE-327,0.2081,0.0929,0.381,0.0929,0.1429,0.1782,True,cyber_dev
27644,16,CWE-327,0.2044,0.0929,0.3717,0.0929,0.1429,0.1896,True,cyber_dev
5570,16,CWE-327,0.2018,0.0929,0.3652,0.0929,0.1429,0.179,True,cyber_dev
28022,16,CWE-327,0.1961,0.1071,0.3295,0.1071,0.0,0.0906,False,cyber_dev
3121,16,CWE-327,0.1927,0.0714,0.3746,0.0714,0.0714,0.0069,True,cyber_dev
13031,16,CWE-327,0.1882,0.0714,0.3634,0.0714,0.0714,0.0107,True,cyber_dev
26274,16,CWE-327,0.183,0.1571,0.2396,0.1214,0.25,0.1508,True,cyber_dev
24656,16,CWE-327,0.1758,0.1643,0.2359,0.0786,0.1786,0.0998,True,cyber_dev
30216,16,CWE-327,0.1737,0.0714,0.3308,0.0643,0.0714,0.0091,True,cyber_dev
11177,16,CWE-327,0.1723,0.0357,0.3771,0.0357,0.0357,0.0023,True,cyber_dev
6219,16,CWE-327,0.1702,0.1,0.2827,0.0857,0.1071,0.048,True,cyber_dev
10303,16,CWE-327,0.1701,0.1071,0.2646,0.1071,0.1071,0.0038,True,cyber_dev
29717,16,CWE-327,0.1689,0.0357,0.3688,0.0357,0.0357,0.0,True,cyber_dev
8413,16,CWE-327,0.1672,0.0929,0.2787,0.0929,0.1429,0.1828,True,cyber_dev
9416,16,CWE-327,0.1657,0.1071,0.2535,0.1071,0.1786,0.2064,True,cyber_dev
5835,16,CWE-327,0.1637,0.0714,0.302,0.0714,0.0714,0.0023,True,cyber_dev
9287,16,CWE-327,0.1633,0.2357,0.1118,0.1214,0.3571,0.3732,True,cyber_dev
21851,16,CWE-327,0.1633,0.0357,0.3546,0.0357,0.0357,0.0,True,cyber_dev
26704,16,CWE-327,0.1625,0.1071,0.2456,0.1071,0.1429,0.195,True,cyber_dev
22911,16,CWE-327,0.162,0.0929,0.2656,0.0929,0.1429,0.1782,True,cyber_dev
27127,16,CWE-327,0.1613,0.0357,0.3498,0.0357,0.0357,0.0053,True,cyber_dev
6093,16,CWE-327,0.1577,0.2,0.162,0.0643,0.5714,0.5453,True,cyber_dev
11031,16,CWE-327,0.1567,0.0357,0.3418,0.0286,0.0357,0.0053,True,cyber_dev
27435,16,CWE-327,0.1562,0.1071,0.2334,0.1,0.1071,0.032,True,cyber_dev
24686,16,CWE-327,0.1561,0.0929,0.2509,0.0929,0.1429,0.1782,True,cyber_dev
14739,16,CWE-327,0.1539,0.1143,0.2169,0.1071,0.1786,0.2338,True,cyber_dev
30478,16,CWE-327,0.1527,0.1,0.2317,0.1,0.1429,0.1805,True,cyber_dev
20409,16,CWE-327,0.1526,0.0714,0.2744,0.0714,0.0714,0.0053,True,cyber_dev
19154,16,CWE-327,0.1507,0.0714,0.2695,0.0714,0.0714,0.0069,True,cyber_dev
2246,16,CWE-327,0.15,0.0357,0.3214,0.0357,0.0357,0.0023,False,cyber_dev
26810,16,CWE-327,0.1498,0.0929,0.2351,0.0929,0.1429,0.1797,False,cyber_dev
20918,16,CWE-327,0.1494,0.0929,0.2342,0.0929,0.1429,0.1782,False,cyber_dev
1381,16,CWE-327,0.1489,0.0929,0.233,0.0929,0.1429,0.1782,False,cyber_dev
13382,16,CWE-327,0.1488,0.0929,0.2328,0.0929,0.1429,0.1805,False,cyber_dev
10492,16,CWE-327,0.1478,0.0929,0.2302,0.0929,0.1429,0.1813,False,cyber_dev
15693,16,CWE-327,0.1475,0.1,0.2188,0.1,0.1429,0.1904,False,cyber_dev
23573,16,CWE-327,0.1472,0.0643,0.2716,0.0643,0.0714,0.0183,False,cyber_dev
27348,16,CWE-327,0.1467,0.0714,0.2597,0.0714,0.0714,0.0023,False,cyber_dev
23811,16,CWE-327,0.1457,0.0929,0.2249,0.0929,0.1429,0.1782,False,cyber_dev
11595,16,CWE-327,0.1455,0.0714,0.2566,0.0714,0.0,0.0472,False,cyber_dev
11782,16,CWE-327,0.1453,0.0929,0.2239,0.0929,0.1429,0.1782,False,cyber_dev
19441,16,CWE-327,0.1445,0.0643,0.2648,0.0643,0.0714,0.0175,False,cyber_dev
4325,16,CWE-327,0.1431,0.0929,0.2185,0.0929,0.1429,0.179,False,cyber_dev
4025,16,CWE-327,0.1429,0.0714,0.25,0.0714,0.0714,0.0069,False,cyber_dev
17868,16,CWE-327,0.1428,0.0929,0.2178,0.0929,0.1429,0.1782,False,cyber_dev
5834,16,CWE-327,0.1417,0.0929,0.215,0.0929,0.1429,0.1782,False,cyber_dev
10758,16,CWE-327,0.1415,0.15,0.1465,0.1143,0.1786,0.1173,False,cyber_dev
3690,16,CWE-327,0.1406,0.0357,0.2979,0.0357,0.0357,0.0008,False,cyber_dev
7724,16,CWE-327,0.1399,0.0929,0.2104,0.0929,0.1429,0.1782,False,cyber_dev
30544,16,CWE-327,0.1395,0.1143,0.1881,0.0929,0.1429,0.051,False,cyber_dev
27135,16,CWE-327,0.1395,0.0714,0.2416,0.0714,0.0714,0.0053,False,cyber_dev
19907,16,CWE-327,0.1387,0.0929,0.2075,0.0929,0.1429,0.1782,False,cyber_dev
18646,16,CWE-327,0.1384,0.0714,0.2387,0.0714,0.0357,0.0541,False,cyber_dev
17395,16,CWE-327,0.1375,0.1071,0.1902,0.0929,0.0714,0.1287,False,cyber_dev
21892,16,CWE-327,0.1371,0.0929,0.2033,0.0929,0.1429,0.182,False,cyber_dev
19322,16,CWE-327,0.1366,0.0357,0.2879,0.0357,0.0357,0.0023,False,cyber_dev
1940,16,CWE-327,0.1348,0.0286,0.2941,0.0286,0.0,0.0404,False,cyber_dev
20510,16,CWE-327,0.1341,0.0929,0.1961,0.0929,0.1429,0.1797,False,cyber_dev
24190,16,CWE-327,0.133,0.0357,0.2788,0.0357,0.0357,0.0015,False,cyber_dev
5640,16,CWE-327,0.1317,0.0929,0.2044,0.0643,0.0357,0.1028,False,cyber_dev
14356,16,CWE-327,0.1314,0.0357,0.2748,0.0357,0.0357,0.0069,False,cyber_dev
25917,16,CWE-327,0.1303,0.0714,0.2186,0.0714,0.0714,0.0046,False,cyber_dev
581,16,CWE-327,0.1301,0.0714,0.2216,0.0643,0.0714,0.0145,False,cyber_dev
10798,16,CWE-327,0.1288,0.0357,0.2685,0.0357,0.0357,0.0023,False,cyber_dev
26333,16,CWE-327,0.1288,0.0357,0.2684,0.0357,0.0357,0.0046,False,cyber_dev
16839,16,CWE-327,0.1275,0.0714,0.2115,0.0714,0.0714,0.0023,False,cyber_dev
843,16,CWE-327,0.1274,0.0714,0.2113,0.0714,0.0714,0.0053,False,cyber_dev
20658,16,CWE-327,0.1268,0.0357,0.2635,0.0357,0.0357,0.0046,False,cyber_dev
9031,16,CWE-327,0.1261,0.0357,0.2616,0.0357,0.0357,0.0008,False,cyber_dev
9144,16,CWE-327,0.1255,0.1286,0.1245,0.1214,0.1786,0.1485,False,cyber_dev
16005,16,CWE-327,0.1253,0.0357,0.2597,0.0357,0.0357,0.0061,False,cyber_dev
4776,16,CWE-327,0.1249,0.0714,0.2122,0.0571,0.0714,0.0145,False,cyber_dev
11501,16,CWE-327,0.1248,0.0357,0.2585,0.0357,0.0357,0.0,False,cyber_dev
24959,16,CWE-327,0.1246,0.1143,0.1652,0.0643,0.1429,0.0967,False,cyber_dev
23454,16,CWE-327,0.1237,0.0357,0.2556,0.0357,0.0357,0.0,False,cyber_dev
24218,16,CWE-327,0.1236,0.0357,0.2553,0.0357,0.0357,0.0,False,cyber_dev
4782,16,CWE-327,0.1231,0.0714,0.2006,0.0714,0.0714,0.0107,False,cyber_dev
10764,16,CWE-327,0.123,0.0714,0.2004,0.0714,0.0714,0.0069,False,cyber_dev
22367,16,CWE-327,0.123,0.0714,0.2003,0.0714,0.0714,0.0305,False,cyber_dev
21349,16,CWE-327,0.1224,0.0714,0.206,0.0571,0.0714,0.0145,False,cyber_dev
30638,16,CWE-327,0.1182,0.1143,0.1383,0.0857,0.1429,0.0465,False,cyber_dev
14061,16,CWE-327,0.118,0.1,0.1593,0.0714,0.1071,0.0221,False,cyber_dev
26016,16,CWE-327,0.1179,0.0357,0.2413,0.0357,0.0357,0.0008,False,cyber_dev
8362,16,CWE-327,0.1173,0.1286,0.1326,0.0643,0.2143,0.2133,False,cyber_dev
14030,16,CWE-327,0.117,0.0357,0.239,0.0357,0.0357,0.0366,False,cyber_dev
10210,16,CWE-327,0.1169,0.0929,0.1673,0.0643,0.1071,0.1866,False,cyber_dev
12202,16,CWE-327,0.1164,0.0357,0.2375,0.0357,0.0357,0.0129,False,cyber_dev
22138,16,CWE-327,0.1164,0.1143,0.1374,0.0786,0.1786,0.2003,False,cyber_dev
11058,16,CWE-327,0.1161,0.0714,0.1866,0.0643,0.0714,0.0175,False,cyber_dev
7177,16,CWE-327,0.116,0.0929,0.1687,0.0571,0.1071,0.0594,False,cyber_dev
1951,16,CWE-327,0.1148,0.0714,0.1835,0.0643,0.0714,0.019,False,cyber_dev
10214,16,CWE-327,0.1144,0.0929,0.1611,0.0643,0.1071,0.0465,False,cyber_dev
22619,16,CWE-327,0.1141,0.0357,0.2317,0.0357,0.0357,0.0076,False,cyber_dev
8076,16,CWE-327,0.1127,0.0786,0.1674,0.0714,0.1071,0.0998,False,cyber_dev
18192,16,CWE-327,0.1126,0.0357,0.2278,0.0357,0.0357,0.0,False,cyber_dev
29799,16,CWE-327,0.1114,0.1286,0.1213,0.0571,0.1429,0.1935,False,cyber_dev
18361,16,CWE-327,0.1113,0.0714,0.1747,0.0643,0.0714,0.0129,False,cyber_dev
28451,16,CWE-327,0.1097,0.0357,0.2206,0.0357,0.0357,0.0023,False,cyber_dev
7698,16,CWE-327,0.1093,0.05,0.1981,0.05,0.0,0.0251,False,cyber_dev
31664,16,CWE-327,0.1086,0.0571,0.1786,0.0714,0.0357,0.0564,False,cyber_dev
8526,16,CWE-327,0.1085,0.0857,0.1605,0.05,0.0714,0.064,False,cyber_dev
13410,16,CWE-327,0.1078,0.0357,0.216,0.0357,0.0357,0.0,False,cyber_dev
29650,16,CWE-327,0.1075,0.0357,0.2152,0.0357,0.0357,0.0061,False,cyber_dev
28106,16,CWE-327,0.1061,0.0357,0.2116,0.0357,0.0357,0.0069,False,cyber_dev
25656,16,CWE-327,0.1051,0.0357,0.2091,0.0357,0.0357,0.0008,False,cyber_dev
11940,16,CWE-327,0.1049,0.0357,0.2087,0.0357,0.0357,0.0,False,cyber_dev
7554,16,CWE-327,0.1046,0.0857,0.158,0.0357,0.0714,0.0533,False,cyber_dev
15639,16,CWE-327,0.1043,0.1,0.1286,0.0643,0.1786,0.1995,False,cyber_dev
22601,16,CWE-327,0.1041,0.0714,0.1603,0.0571,0.0714,0.0137,False,cyber_dev
30510,16,CWE-327,0.1033,0.0429,0.194,0.0429,0.0,0.0289,False,cyber_dev
25262,16,CWE-327,0.1031,0.0643,0.1577,0.0714,0.0714,0.0282,False,cyber_dev
15386,16,CWE-327,0.103,0.1929,0.0076,0.1143,0.25,0.249,False,cyber_dev
18853,16,CWE-327,0.1026,0.0357,0.203,0.0357,0.0357,0.0023,False,cyber_dev
19342,16,CWE-327,0.1026,0.0571,0.1707,0.0571,0.0714,0.0457,False,cyber_dev
11380,16,CWE-327,0.1023,0.0714,0.1521,0.0643,0.0714,0.0221,False,cyber_dev
17706,16,CWE-327,0.102,0.0357,0.2015,0.0357,0.0357,0.0061,False,cyber_dev
27887,16,CWE-327,0.1008,0.0357,0.1984,0.0357,0.0357,0.0015,False,cyber_dev
2677,16,CWE-327,0.1003,0.05,0.1758,0.05,0.0,0.0289,False,cyber_dev
3219,16,CWE-327,0.0994,0.0571,0.1629,0.0571,0.0,0.0198,False,cyber_dev
15068,16,CWE-327,0.0982,0.0357,0.1918,0.0357,0.0357,0.0,False,cyber_dev
15183,16,CWE-327,0.0981,0.0857,0.1239,0.0714,0.1071,0.0259,False,cyber_dev
7775,16,CWE-327,0.0978,0.0714,0.1409,0.0643,0.0714,0.0411,False,cyber_dev
24857,16,CWE-327,0.097,0.0571,0.1567,0.0571,0.0,0.0548,False,cyber_dev
10904,16,CWE-327,0.0956,0.0357,0.1854,0.0357,0.0357,0.0008,False,cyber_dev
18725,16,CWE-327,0.0952,0.0357,0.1845,0.0357,0.0357,0.0008,False,cyber_dev
14437,16,CWE-327,0.0952,0.0357,0.1843,0.0357,0.0357,0.0046,False,cyber_dev
4407,16,CWE-327,0.0952,0.0714,0.1343,0.0643,0.0714,0.0099,False,cyber_dev
15769,16,CWE-327,0.0944,0.0357,0.1823,0.0357,0.0357,0.0015,False,cyber_dev
26482,16,CWE-327,0.0933,0.0643,0.1404,0.0571,0.0714,0.0129,False,cyber_dev
13334,16,CWE-327,0.0932,0.0357,0.1795,0.0357,0.0357,0.0,False,cyber_dev
8809,16,CWE-327,0.0926,0.0357,0.178,0.0357,0.0357,0.0107,False,cyber_dev
19075,16,CWE-327,0.0923,0.0357,0.1772,0.0357,0.0357,0.0,False,cyber_dev
32485,16,CWE-327,0.0922,0.0571,0.1448,0.0571,0.0,0.0289,False,cyber_dev
17330,16,CWE-327,0.0922,0.0714,0.1304,0.0571,0.0714,0.0091,False,cyber_dev
31569,16,CWE-327,0.0922,0.0429,0.1661,0.0429,0.0,0.0228,False,cyber_dev
32081,16,CWE-327,0.0918,0.0357,0.1758,0.0357,0.0357,0.019,False,cyber_dev
18464,16,CWE-327,0.0914,0.0571,0.1357,0.0714,0.0714,0.0107,False,cyber_dev
14812,16,CWE-327,0.091,0.0714,0.124,0.0643,0.0714,0.0152,False,cyber_dev
4943,16,CWE-327,0.0908,0.0357,0.1733,0.0357,0.0357,0.0046,False,cyber_dev
7809,16,CWE-327,0.0905,0.0357,0.1727,0.0357,0.0357,0.0099,False,cyber_dev
22493,16,CWE-327,0.0905,0.0357,0.1727,0.0357,0.0357,0.0046,False,cyber_dev
3722,16,CWE-327,0.0896,0.05,0.149,0.05,0.0357,0.048,False,cyber_dev
6871,16,CWE-327,0.0895,0.0357,0.1701,0.0357,0.0357,0.0053,False,cyber_dev
13089,16,CWE-327,0.0893,0.0357,0.1697,0.0357,0.0357,0.003,False,cyber_dev
10083,16,CWE-327,0.0886,0.0357,0.168,0.0357,0.0357,0.0008,False,cyber_dev
30332,16,CWE-327,0.0883,0.0286,0.1779,0.0286,0.0,0.0175,False,cyber_dev
13749,16,CWE-327,0.0864,0.0357,0.1624,0.0357,0.0357,0.0008,False,cyber_dev
17348,16,CWE-327,0.0861,0.0714,0.1189,0.05,0.0714,0.0411,False,cyber_dev
2123,16,CWE-327,0.0858,0.0286,0.1716,0.0286,0.0357,0.0046,False,cyber_dev
1345,16,CWE-327,0.0856,0.0357,0.1605,0.0357,0.0357,0.0023,False,cyber_dev
29487,16,CWE-327,0.0855,0.0357,0.1602,0.0357,0.0357,0.0038,False,cyber_dev
16006,16,CWE-327,0.0854,0.0357,0.16,0.0357,0.0357,0.0008,False,cyber_dev
20977,16,CWE-327,0.0854,0.0357,0.1599,0.0357,0.0357,0.0038,False,cyber_dev
7595,16,CWE-327,0.0852,0.0357,0.1593,0.0357,0.0,0.0152,False,cyber_dev
24621,16,CWE-327,0.0843,0.0357,0.1573,0.0357,0.0357,0.0129,False,cyber_dev
26819,16,CWE-327,0.0831,0.05,0.1328,0.05,0.0,0.0442,False,cyber_dev
30067,16,CWE-327,0.0826,0.0357,0.153,0.0357,0.0,0.0251,False,cyber_dev
17945,16,CWE-327,0.0821,0.0714,0.1125,0.0429,0.0714,0.0152,False,cyber_dev
29750,16,CWE-327,0.0816,0.0357,0.1504,0.0357,0.0357,0.016,False,cyber_dev
26802,16,CWE-327,0.0815,0.0357,0.1503,0.0357,0.0357,0.0,False,cyber_dev
9129,16,CWE-327,0.0812,0.0357,0.1495,0.0357,0.0357,0.003,False,cyber_dev
3791,16,CWE-327,0.0812,0.0643,0.1066,0.0643,0.1429,0.1371,False,cyber_dev
19880,16,CWE-327,0.081,0.0643,0.106,0.0643,0.0714,0.0815,False,cyber_dev
328,16,CWE-327,0.0805,0.0357,0.1477,0.0357,0.0357,0.0061,False,cyber_dev
1627,16,CWE-327,0.0796,0.0357,0.1455,0.0357,0.0357,0.0,False,cyber_dev
25616,16,CWE-327,0.0794,0.0357,0.1448,0.0357,0.0,0.0335,False,cyber_dev
13589,16,CWE-327,0.0788,0.0357,0.1434,0.0357,0.0357,0.0107,False,cyber_dev
2665,16,CWE-327,0.0784,0.0357,0.1424,0.0357,0.0357,0.003,False,cyber_dev
19535,16,CWE-327,0.078,0.05,0.1201,0.05,0.0,0.0373,False,cyber_dev
12866,16,CWE-327,0.0777,0.0357,0.1408,0.0357,0.0357,0.0053,False,cyber_dev
1329,16,CWE-327,0.0775,0.0357,0.1402,0.0357,0.0,0.0267,False,cyber_dev
25627,16,CWE-327,0.0774,0.0357,0.1399,0.0357,0.0357,0.0069,False,cyber_dev
12751,16,CWE-327,0.077,0.0429,0.1317,0.0357,0.0357,0.0427,False,cyber_dev
8165,16,CWE-327,0.0768,0.0357,0.1384,0.0357,0.0,0.0114,False,cyber_dev
6986,16,CWE-89,2.0573,0.7143,4.2005,0.4571,1.0,0.9198,True,cyber_dev
9342,16,CWE-89,1.3563,0.6286,2.5051,0.5143,0.8571,0.4265,True,cyber_dev
2917,16,CWE-89,1.2925,0.5429,2.4884,0.4,0.5714,0.2946,True,cyber_dev
5407,16,CWE-89,1.0357,0.5714,1.7321,0.5714,0.1429,0.521,True,cyber_dev
28279,16,CWE-89,0.7085,0.1429,1.5569,0.1429,0.1429,0.0015,True,cyber_dev
17518,16,CWE-89,0.6875,0.4286,1.0759,0.4286,0.4286,0.0345,True,cyber_dev
1940,16,CWE-89,0.6345,0.1429,1.3719,0.1429,0.1429,0.039,True,cyber_dev
325,16,CWE-89,0.6116,0.1429,1.3147,0.1429,0.1429,0.003,True,cyber_dev
18646,16,CWE-89,0.6113,0.4286,0.914,0.3714,0.4286,0.0517,True,cyber_dev
9287,16,CWE-89,0.5829,0.4,0.9286,0.2571,0.4286,0.3726,True,cyber_dev
3203,16,CWE-89,0.5326,0.1429,1.1172,0.1429,0.1429,0.003,True,cyber_dev
17357,16,CWE-89,0.5278,0.1429,1.1052,0.1429,0.1429,0.0217,True,cyber_dev
12751,16,CWE-89,0.5267,0.1429,1.1025,0.1429,0.1429,0.042,True,cyber_dev
22902,16,CWE-89,0.5221,0.2857,0.8766,0.2857,0.2857,0.0105,True,cyber_dev
26334,16,CWE-89,0.5195,0.1714,1.0415,0.1714,0.0,0.1814,False,cyber_dev
6093,16,CWE-89,0.5178,0.5429,0.623,0.2571,0.5714,0.5457,True,cyber_dev
9250,16,CWE-89,0.5095,0.1429,1.0596,0.1429,0.1429,0.0007,True,cyber_dev
23278,16,CWE-89,0.5068,0.1429,1.0527,0.1429,0.0,0.1792,False,cyber_dev
10281,16,CWE-89,0.5017,0.3714,0.74,0.2857,0.4286,0.2181,True,cyber_dev
1334,16,CWE-89,0.4709,0.4857,0.6201,0.1429,0.7143,0.7084,True,cyber_dev
17703,16,CWE-89,0.4609,0.1429,0.938,0.1429,0.1429,0.0045,True,cyber_dev
29862,16,CWE-89,0.4575,0.3429,0.6293,0.3429,0.4286,0.2781,True,cyber_dev
10214,16,CWE-89,0.4557,0.2571,0.7536,0.2571,0.2857,0.0465,True,cyber_dev
3,16,CWE-89,0.4496,0.1429,0.9096,0.1429,0.1429,0.012,True,cyber_dev
10295,16,CWE-89,0.4443,0.1429,0.8964,0.1429,0.1429,0.0,True,cyber_dev
32748,16,CWE-89,0.4334,0.2857,0.6549,0.2857,0.2857,0.0082,True,cyber_dev
10028,16,CWE-89,0.428,0.2286,0.7415,0.2,0.2857,0.0832,True,cyber_dev
26585,16,CWE-89,0.4251,0.1429,0.8627,0.1143,0.1429,0.033,True,cyber_dev
26093,16,CWE-89,0.4157,0.1429,0.825,0.1429,0.1429,0.0142,True,cyber_dev
13790,16,CWE-89,0.4149,0.2857,0.6086,0.2857,0.2857,0.0307,True,cyber_dev
10210,16,CWE-89,0.4086,0.2857,0.6072,0.2571,0.2857,0.1844,True,cyber_dev
19880,16,CWE-89,0.4081,0.2857,0.6059,0.2571,0.2857,0.0802,True,cyber_dev
13614,16,CWE-89,0.408,0.1429,0.8057,0.1429,0.1429,0.0127,True,cyber_dev
12074,16,CWE-89,0.4073,0.1429,0.8038,0.1429,0.1429,0.0,True,cyber_dev
15262,16,CWE-89,0.4039,0.1429,0.7955,0.1429,0.1429,0.0075,True,cyber_dev
9144,16,CWE-89,0.4031,0.2286,0.665,0.2286,0.0,0.1499,False,cyber_dev
21430,16,CWE-89,0.3889,0.1429,0.758,0.1429,0.1429,0.003,True,cyber_dev
7775,16,CWE-89,0.3849,0.2571,0.5766,0.2571,0.2857,0.0405,True,cyber_dev
7839,16,CWE-89,0.3788,0.5714,0.2185,0.3143,0.7143,0.4528,True,cyber_dev
16532,16,CWE-89,0.3727,0.1714,0.6745,0.1714,0.0,0.1807,False,cyber_dev
8809,16,CWE-89,0.3595,0.1429,0.6845,0.1429,0.1429,0.0105,True,cyber_dev
17465,16,CWE-89,0.3549,0.1429,0.673,0.1429,0.1429,0.0172,True,cyber_dev
13346,16,CWE-89,0.354,0.1429,0.6707,0.1429,0.1429,0.027,True,cyber_dev
16523,16,CWE-89,0.3448,0.1429,0.6478,0.1429,0.1429,0.0022,True,cyber_dev
12866,16,CWE-89,0.3424,0.1429,0.6418,0.1429,0.1429,0.0052,True,cyber_dev
12340,16,CWE-89,0.3375,0.1429,0.6294,0.1429,0.0,0.1792,False,cyber_dev
3944,16,CWE-89,0.3272,0.1429,0.6036,0.1429,0.1429,0.0,True,cyber_dev
3219,16,CWE-89,0.3258,0.1429,0.6002,0.1429,0.1429,0.0187,True,cyber_dev
1212,16,CWE-89,0.3216,0.1429,0.5897,0.1429,0.1429,0.0112,True,cyber_dev
23681,16,CWE-89,0.3202,0.1429,0.5862,0.1429,0.0,0.1784,False,cyber_dev
15589,16,CWE-89,0.3171,0.1429,0.5785,0.1429,0.1429,0.0015,True,cyber_dev
8362,16,CWE-89,0.3166,0.1714,0.5344,0.1714,0.0,0.2144,False,cyber_dev
28958,16,CWE-89,0.3164,0.1429,0.5767,0.1429,0.1429,0.009,True,cyber_dev
27644,16,CWE-89,0.3145,0.1429,0.5719,0.1429,0.0,0.1897,False,cyber_dev
9416,16,CWE-89,0.3139,0.1714,0.5276,0.1714,0.0,0.2069,False,cyber_dev
25627,16,CWE-89,0.3128,0.1429,0.5676,0.1429,0.1429,0.0067,True,cyber_dev
25717,16,CWE-89,0.3125,0.2571,0.4098,0.2286,0.2857,0.2916,True,cyber_dev
5570,16,CWE-89,0.3105,0.1429,0.5619,0.1429,0.0,0.1792,False,cyber_dev
11242,16,CWE-89,0.308,0.1429,0.5558,0.1429,0.1429,0.0015,True,cyber_dev
22847,16,CWE-89,0.3061,0.1429,0.5509,0.1429,0.1429,0.0015,True,cyber_dev
11380,16,CWE-89,0.3051,0.1429,0.5484,0.1429,0.1429,0.0225,True,cyber_dev
2171,16,CWE-89,0.3031,0.1429,0.5435,0.1429,0.1429,0.0022,True,cyber_dev
25208,16,CWE-89,0.3011,0.1714,0.4956,0.1714,0.0,0.0757,False,cyber_dev
5294,16,CWE-89,0.3,0.1429,0.5356,0.1429,0.1429,0.0397,True,cyber_dev
15639,16,CWE-89,0.2961,0.2,0.4402,0.2,0.0,0.2001,False,cyber_dev
1523,16,CWE-89,0.2929,0.1429,0.5179,0.1429,0.1429,0.0,True,cyber_dev
29409,16,CWE-89,0.2881,0.1429,0.5059,0.1429,0.1429,0.018,True,cyber_dev
1954,16,CWE-89,0.2846,0.1429,0.4973,0.1429,0.1429,0.03,True,cyber_dev
11031,16,CWE-89,0.2846,0.0571,0.6258,0.0571,0.0,0.006,False,cyber_dev
26249,16,CWE-89,0.2828,0.1429,0.4926,0.1429,0.1429,0.0007,True,cyber_dev
8312,16,CWE-89,0.2816,0.1429,0.4898,0.1429,0.1429,0.0,True,cyber_dev
22720,16,CWE-89,0.2787,0.1143,0.5253,0.1143,0.0,0.0525,False,cyber_dev
29561,16,CWE-89,0.2769,0.1429,0.4779,0.1429,0.1429,0.0022,True,cyber_dev
23070,16,CWE-89,0.2766,0.1429,0.4773,0.1429,0.1429,0.027,True,cyber_dev
10605,16,CWE-89,0.2703,0.1429,0.4614,0.1429,0.1429,0.0022,True,cyber_dev
14739,16,CWE-89,0.2696,0.1714,0.4169,0.1714,0.0,0.2339,False,cyber_dev
23102,16,CWE-89,0.2662,0.1429,0.4512,0.1429,0.1429,0.0015,True,cyber_dev
11815,16,CWE-89,0.2635,0.1429,0.4445,0.1429,0.1429,0.0075,True,cyber_dev
30728,16,CWE-89,0.2607,0.1429,0.4375,0.1429,0.1429,0.003,True,cyber_dev
19743,16,CWE-89,0.2604,0.2857,0.2938,0.1429,0.1429,0.3973,True,cyber_dev
5783,16,CWE-89,0.2594,0.1429,0.4342,0.1429,0.1429,0.0045,True,cyber_dev
29510,16,CWE-89,0.2592,0.1429,0.4336,0.1429,0.1429,0.0,True,cyber_dev
8167,16,CWE-89,0.2591,0.0857,0.5191,0.0857,0.0,0.012,False,cyber_dev
8619,16,CWE-89,0.2577,0.1429,0.4298,0.1429,0.1429,0.0037,True,cyber_dev
28929,16,CWE-89,0.2576,0.1429,0.4297,0.1429,0.1429,0.0157,True,cyber_dev
2726,16,CWE-89,0.2574,0.1429,0.4291,0.1429,0.1429,0.0015,True,cyber_dev
8413,16,CWE-89,0.2572,0.1429,0.4287,0.1429,0.0,0.1829,False,cyber_dev
11877,16,CWE-89,0.2559,0.2,0.3542,0.1714,0.1429,0.2459,True,cyber_dev
10758,16,CWE-89,0.2552,0.2571,0.3237,0.1143,0.2857,0.1177,True,cyber_dev
6426,16,CWE-89,0.253,0.1429,0.4183,0.1429,0.1429,0.081,True,cyber_dev
22911,16,CWE-89,0.2492,0.1429,0.4086,0.1429,0.0,0.1784,False,cyber_dev
24621,16,CWE-89,0.2487,0.1429,0.4217,0.1143,0.1429,0.0127,True,cyber_dev
27859,16,CWE-89,0.2486,0.1429,0.4072,0.1429,0.1429,0.0075,True,cyber_dev
5724,16,CWE-89,0.2485,0.1429,0.407,0.1429,0.1429,0.0015,True,cyber_dev
9391,16,CWE-89,0.2469,0.1429,0.4029,0.1429,0.1429,0.0,True,cyber_dev
9355,16,CWE-89,0.2463,0.1429,0.4014,0.1429,0.1429,0.0105,True,cyber_dev
3579,16,CWE-89,0.2457,0.1429,0.3999,0.1429,0.1429,0.0007,True,cyber_dev
11413,16,CWE-89,0.2434,0.1429,0.3941,0.1429,0.1429,0.0,True,cyber_dev
3897,16,CWE-89,0.2414,0.1429,0.3892,0.1429,0.1429,0.0022,True,cyber_dev
3959,16,CWE-89,0.2409,0.1429,0.3879,0.1429,0.1429,0.0007,True,cyber_dev
28202,16,CWE-89,0.2405,0.1429,0.387,0.1429,0.1429,0.0075,True,cyber_dev
24686,16,CWE-89,0.2401,0.1429,0.386,0.1429,0.0,0.1784,False,cyber_dev
6025,16,CWE-89,0.2388,0.1429,0.3826,0.1429,0.1429,0.0007,True,cyber_dev
32704,16,CWE-89,0.2379,0.1429,0.3804,0.1429,0.1429,0.0067,True,cyber_dev
8432,16,CWE-89,0.2378,0.1429,0.3803,0.1429,0.1429,0.0105,True,cyber_dev
29444,16,CWE-89,0.2373,0.1429,0.3789,0.1429,0.1429,0.0045,True,cyber_dev
8890,16,CWE-89,0.2331,0.1429,0.3685,0.1429,0.1429,0.039,True,cyber_dev
14129,16,CWE-89,0.2325,0.1429,0.367,0.1429,0.1429,0.0,True,cyber_dev
193,16,CWE-89,0.2305,0.1429,0.3621,0.1429,0.1429,0.003,True,cyber_dev
26810,16,CWE-89,0.2304,0.1429,0.3618,0.1429,0.0,0.1799,False,cyber_dev
9816,16,CWE-89,0.2303,0.2,0.3043,0.1429,0.2857,0.2534,True,cyber_dev
20918,16,CWE-89,0.2298,0.1429,0.3603,0.1429,0.0,0.1784,False,cyber_dev
21837,16,CWE-89,0.2296,0.1429,0.3597,0.1429,0.1429,0.0015,True,cyber_dev
1381,16,CWE-89,0.2291,0.1429,0.3585,0.1429,0.0,0.1784,False,cyber_dev
11578,16,CWE-89,0.229,0.0857,0.444,0.0857,0.0,0.0225,False,cyber_dev
13382,16,CWE-89,0.229,0.1429,0.3582,0.1429,0.0,0.1807,False,cyber_dev
16656,16,CWE-89,0.2279,0.1714,0.3269,0.1429,0.1429,0.1402,True,cyber_dev
10492,16,CWE-89,0.2274,0.1429,0.3542,0.1429,0.0,0.1814,False,cyber_dev
17625,16,CWE-89,0.2251,0.1429,0.3486,0.1429,0.1429,0.0097,True,cyber_dev
5035,16,CWE-89,0.2247,0.1429,0.3474,0.1429,0.1429,0.0015,True,cyber_dev
23811,16,CWE-89,0.2241,0.1429,0.346,0.1429,0.0,0.1784,False,cyber_dev
11782,16,CWE-89,0.2235,0.1429,0.3445,0.1429,0.0,0.1784,False,cyber_dev
13261,16,CWE-89,0.2225,0.1429,0.3419,0.1429,0.1429,0.0,True,cyber_dev
27455,16,CWE-89,0.2222,0.1429,0.3413,0.1429,0.1429,0.0015,True,cyber_dev
13174,16,CWE-89,0.2219,0.1429,0.3406,0.1429,0.1429,0.015,True,cyber_dev
1320,16,CWE-89,0.2215,0.1429,0.3538,0.1143,0.1429,0.006,True,cyber_dev
1611,16,CWE-89,0.2214,0.1429,0.3393,0.1429,0.1429,0.006,True,cyber_dev
412,16,CWE-89,0.2205,0.1429,0.337,0.1429,0.1429,0.0,True,cyber_dev
4325,16,CWE-89,0.2202,0.1429,0.3362,0.1429,0.0,0.1792,False,cyber_dev
9016,16,CWE-89,0.2202,0.1429,0.3361,0.1429,0.1429,0.0015,True,cyber_dev
17868,16,CWE-89,0.2198,0.1429,0.3351,0.1429,0.0,0.1784,False,cyber_dev
31399,16,CWE-89,0.2183,0.1429,0.3315,0.1429,0.1429,0.0,True,cyber_dev
27755,16,CWE-89,0.2181,0.1429,0.3311,0.1429,0.1429,0.0022,True,cyber_dev
32352,16,CWE-89,0.2181,0.1429,0.331,0.1429,0.1429,0.0015,True,cyber_dev
5834,16,CWE-89,0.218,0.1429,0.3308,0.1429,0.0,0.1784,False,cyber_dev
20500,16,CWE-89,0.2179,0.1429,0.3304,0.1429,0.1429,0.0007,True,cyber_dev
7020,16,CWE-89,0.2178,0.1429,0.3303,0.1429,0.1429,0.0037,True,cyber_dev
5948,16,CWE-89,0.2174,0.1429,0.3293,0.1429,0.1429,0.003,True,cyber_dev
30478,16,CWE-89,0.2155,0.1429,0.3243,0.1429,0.0,0.1807,False,cyber_dev
10203,16,CWE-89,0.2154,0.1429,0.3242,0.1429,0.1429,0.012,True,cyber_dev
16817,16,CWE-89,0.2153,0.1429,0.3238,0.1429,0.1429,0.018,True,cyber_dev
7724,16,CWE-89,0.2152,0.1429,0.3236,0.1429,0.0,0.1784,False,cyber_dev
958,16,CWE-89,0.215,0.1429,0.3233,0.1429,0.1429,0.0052,True,cyber_dev
28091,16,CWE-89,0.2146,0.1429,0.3222,0.1429,0.1429,0.0082,True,cyber_dev
19907,16,CWE-89,0.2134,0.1429,0.3193,0.1429,0.0,0.1784,False,cyber_dev
28106,16,CWE-89,0.2129,0.1429,0.3178,0.1429,0.1429,0.0067,True,cyber_dev
18608,16,CWE-89,0.2125,0.1429,0.3169,0.1429,0.1429,0.0015,True,cyber_dev
9255,16,CWE-89,0.2114,0.1429,0.3143,0.1429,0.1429,0.0007,True,cyber_dev
7774,16,CWE-89,0.2112,0.1429,0.328,0.1143,0.1429,0.039,True,cyber_dev
21892,16,CWE-89,0.2108,0.1429,0.3128,0.1429,0.0,0.1822,False,cyber_dev
7977,16,CWE-89,0.2104,0.1429,0.3117,0.1429,0.1429,0.012,True,cyber_dev
28986,16,CWE-89,0.2096,0.1429,0.3096,0.1429,0.1429,0.003,True,cyber_dev
3625,16,CWE-89,0.2095,0.1429,0.3094,0.1429,0.1429,0.0,True,cyber_dev
17084,16,CWE-89,0.2093,0.1429,0.309,0.1429,0.1429,0.0022,True,cyber_dev
15386,16,CWE-89,0.2093,0.4,0.0375,0.1714,0.4286,0.2481,True,cyber_dev
25977,16,CWE-89,0.2092,0.1429,0.3088,0.1429,0.1429,0.0067,True,cyber_dev
15564,16,CWE-89,0.2087,0.1429,0.3219,0.1143,0.1429,0.0082,True,cyber_dev
22670,16,CWE-89,0.2072,0.1429,0.3038,0.1429,0.1429,0.0075,True,cyber_dev
22138,16,CWE-89,0.2066,0.1429,0.3023,0.1429,0.0,0.2009,False,cyber_dev
15693,16,CWE-89,0.2064,0.1429,0.3016,0.1429,0.0,0.1904,False,cyber_dev
20510,16,CWE-89,0.2064,0.1429,0.3016,0.1429,0.0,0.1799,False,cyber_dev
22149,16,CWE-89,0.2063,0.1429,0.3015,0.1429,0.1429,0.0015,True,cyber_dev
20830,16,CWE-89,0.206,0.1429,0.3008,0.1429,0.1429,0.0105,True,cyber_dev
5225,16,CWE-89,0.2047,0.1429,0.3117,0.1143,0.1429,0.018,True,cyber_dev
18857,16,CWE-89,0.2046,0.1429,0.2971,0.1429,0.1429,0.006,True,cyber_dev
11177,16,CWE-89,0.2041,0.1429,0.296,0.1429,0.1429,0.0022,True,cyber_dev
13478,16,CWE-89,0.2028,0.1429,0.2928,0.1429,0.1429,0.015,True,cyber_dev
32130,16,CWE-89,0.2021,0.1429,0.2909,0.1429,0.1429,0.0015,True,cyber_dev
8542,16,CWE-89,0.2001,0.1429,0.2859,0.1429,0.1429,0.0037,True,cyber_dev
26373,16,CWE-89,0.1993,0.1429,0.2982,0.1143,0.1429,0.1964,True,cyber_dev
7328,16,CWE-89,0.1986,0.1143,0.3251,0.1143,0.0,0.0667,False,cyber_dev
3845,16,CWE-89,0.1974,0.1429,0.2936,0.1143,0.1429,0.0105,True,cyber_dev
14882,16,CWE-89,0.197,0.1429,0.2782,0.1429,0.1429,0.0195,True,cyber_dev
26704,16,CWE-89,0.1916,0.2,0.2076,0.1429,0.1429,0.1942,True,cyber_dev
32485,16,CWE-89,0.1903,0.1143,0.3043,0.1143,0.0,0.0285,False,cyber_dev
8076,16,CWE-89,0.1886,0.1429,0.2573,0.1429,0.1429,0.0997,True,cyber_dev
14376,16,CWE-89,0.1881,0.2286,0.1845,0.1143,0.1429,0.2751,True,cyber_dev
18133,16,CWE-89,0.1871,0.1429,0.2677,0.1143,0.1429,0.0442,True,cyber_dev
5951,16,CWE-89,0.1869,0.1143,0.2814,0.1429,0.1429,0.0562,True,cyber_dev
1710,16,CWE-89,0.1868,0.2,0.1955,0.1429,0.1429,0.1882,True,cyber_dev
28170,16,CWE-89,0.1857,0.2857,0.107,0.1429,0.2857,0.1927,True,cyber_dev
3497,16,CWE-89,0.1851,0.1429,0.2626,0.1143,0.1429,0.003,True,cyber_dev
26274,16,CWE-89,0.1822,0.1143,0.2697,0.1429,0.1429,0.1529,True,cyber_dev
15437,16,CWE-89,0.1816,0.1429,0.254,0.1143,0.1429,0.0225,True,cyber_dev
5640,16,CWE-89,0.1789,0.1143,0.2758,0.1143,0.0,0.1019,False,cyber_dev
22416,16,CWE-89,0.1747,0.1429,0.2368,0.1143,0.1429,0.0142,True,cyber_dev
29814,16,CWE-89,0.1747,0.1429,0.2367,0.1143,0.1429,0.006,True,cyber_dev
30017,16,CWE-89,0.1737,0.0857,0.3056,0.0857,0.0,0.0315,False,cyber_dev
32551,16,CWE-89,0.1735,0.0571,0.3481,0.0571,0.0,0.0142,False,cyber_dev
32629,16,CWE-89,0.1721,0.1429,0.2303,0.1143,0.1429,0.0412,True,cyber_dev
6129,16,CWE-89,0.1714,0.2857,0.0429,0.2,0.2857,0.0982,True,cyber_dev
28855,16,CWE-89,0.1697,0.0571,0.3386,0.0571,0.0,0.0127,False,cyber_dev
6422,16,CWE-89,0.1697,0.1143,0.2529,0.1143,0.1429,0.003,True,cyber_dev
3722,16,CWE-89,0.1693,0.0857,0.2946,0.0857,0.0,0.048,False,cyber_dev
12757,16,CWE-89,0.1691,0.0857,0.2942,0.0857,0.0,0.0577,False,cyber_dev
29799,16,CWE-89,0.1686,0.2857,0.0785,0.1143,0.2857,0.1919,True,cyber_dev
16334,16,CWE-89,0.1672,0.1429,0.2179,0.1143,0.1429,0.018,True,cyber_dev
28421,16,CWE-89,0.1661,0.0571,0.3294,0.0571,0.0,0.0187,False,cyber_dev
9465,16,CWE-89,0.1628,0.3143,0.007,0.1714,0.4286,0.3163,True,cyber_dev
25616,16,CWE-89,0.1607,0.0857,0.2732,0.0857,0.0,0.033,False,cyber_dev
6986,16,CWE-338,3.4882,0.72,7.6404,0.72,0.8,0.9207,True,cyber_dev
8362,16,CWE-338,0.9716,0.44,1.769,0.44,0.6,0.2118,True,cyber_dev
5407,16,CWE-338,0.9601,0.64,1.4803,0.56,0.8,0.518,True,cyber_dev
9465,16,CWE-338,0.8597,0.36,1.6093,0.36,0.0,0.3181,False,cyber_dev
9287,16,CWE-338,0.8579,0.4,1.5448,0.4,0.0,0.3743,False,cyber_dev
23278,16,CWE-338,0.8514,0.24,1.7686,0.24,0.4,0.1774,True,cyber_dev
10210,16,CWE-338,0.8139,0.36,1.4948,0.36,0.0,0.1856,False,cyber_dev
26334,16,CWE-338,0.802,0.24,1.645,0.24,0.4,0.1796,True,cyber_dev
7384,16,CWE-338,0.6983,0.2,1.4458,0.2,0.2,0.0142,True,cyber_dev
28644,16,CWE-338,0.6933,0.4,1.1331,0.4,0.4,0.0704,True,cyber_dev
26704,16,CWE-338,0.6495,0.44,0.9637,0.44,0.6,0.1924,True,cyber_dev
2917,16,CWE-338,0.6273,0.28,1.1483,0.28,0.0,0.2972,False,cyber_dev
30332,16,CWE-338,0.6232,0.2,1.2579,0.2,0.2,0.0165,True,cyber_dev
29862,16,CWE-338,0.6185,0.36,1.0663,0.24,0.4,0.2784,True,cyber_dev
10281,16,CWE-338,0.5974,0.28,1.0734,0.28,0.0,0.2201,False,cyber_dev
12340,16,CWE-338,0.567,0.24,1.0575,0.24,0.4,0.1774,True,cyber_dev
16033,16,CWE-338,0.5624,0.2,1.1061,0.2,0.2,0.0292,True,cyber_dev
3791,16,CWE-338,0.5543,0.24,1.0258,0.24,0.0,0.1377,False,cyber_dev
16532,16,CWE-338,0.5386,0.24,0.9864,0.24,0.4,0.1789,True,cyber_dev
23681,16,CWE-338,0.5379,0.24,0.9847,0.24,0.4,0.1766,True,cyber_dev
9342,16,CWE-338,0.5319,0.44,0.7698,0.24,0.4,0.4289,True,cyber_dev
27644,16,CWE-338,0.5283,0.24,0.9608,0.24,0.4,0.1879,True,cyber_dev
10028,16,CWE-338,0.5222,0.4,0.7455,0.32,0.4,0.0831,True,cyber_dev
5570,16,CWE-338,0.5216,0.24,0.944,0.24,0.4,0.1774,True,cyber_dev
1710,16,CWE-338,0.5182,0.24,0.9356,0.24,0.0,0.1886,False,cyber_dev
9816,16,CWE-338,0.4911,0.28,0.8077,0.28,0.0,0.2545,False,cyber_dev
28170,16,CWE-338,0.4896,0.24,0.8639,0.24,0.4,0.1924,True,cyber_dev
11877,16,CWE-338,0.486,0.24,0.8549,0.24,0.4,0.2448,True,cyber_dev
24755,16,CWE-338,0.4778,0.2,0.9146,0.16,0.2,0.0157,True,cyber_dev
14783,16,CWE-338,0.4722,0.2,0.8806,0.2,0.2,0.0269,True,cyber_dev
29380,16,CWE-338,0.466,0.2,0.865,0.2,0.2,0.012,True,cyber_dev
19743,16,CWE-338,0.462,0.28,0.7549,0.24,0.4,0.396,True,cyber_dev
7839,16,CWE-338,0.4502,0.32,0.7255,0.16,0.4,0.4543,True,cyber_dev
8413,16,CWE-338,0.4321,0.24,0.7203,0.24,0.4,0.1811,True,cyber_dev
22911,16,CWE-338,0.4186,0.24,0.6865,0.24,0.4,0.1766,True,cyber_dev
22892,16,CWE-338,0.4152,0.2,0.7381,0.2,0.2,0.0254,True,cyber_dev
15506,16,CWE-338,0.4087,0.2,0.7218,0.2,0.2,0.0045,True,cyber_dev
25100,16,CWE-338,0.4055,0.2,0.7138,0.2,0.2,0.021,True,cyber_dev
24686,16,CWE-338,0.4034,0.24,0.6485,0.24,0.4,0.1766,True,cyber_dev
24519,16,CWE-338,0.4005,0.2,0.7012,0.2,0.2,0.0052,True,cyber_dev
25882,16,CWE-338,0.3923,0.2,0.6808,0.2,0.2,0.0007,True,cyber_dev
10758,16,CWE-338,0.3892,0.2,0.673,0.2,0.0,0.119,False,cyber_dev
26810,16,CWE-338,0.3871,0.24,0.6078,0.24,0.4,0.1781,True,cyber_dev
20918,16,CWE-338,0.3861,0.24,0.6053,0.24,0.4,0.1766,True,cyber_dev
1381,16,CWE-338,0.3849,0.24,0.6023,0.24,0.4,0.1766,True,cyber_dev
13382,16,CWE-338,0.3847,0.24,0.6018,0.24,0.4,0.1789,True,cyber_dev
9911,16,CWE-338,0.3844,0.2,0.661,0.2,0.2,0.0127,True,cyber_dev
10492,16,CWE-338,0.382,0.24,0.595,0.24,0.4,0.1796,True,cyber_dev
9416,16,CWE-338,0.3792,0.24,0.5879,0.24,0.4,0.2051,True,cyber_dev
27973,16,CWE-338,0.3777,0.16,0.7042,0.16,0.0,0.0344,False,cyber_dev
23811,16,CWE-338,0.3765,0.24,0.5813,0.24,0.4,0.1766,True,cyber_dev
14739,16,CWE-338,0.3759,0.24,0.5796,0.24,0.4,0.232,True,cyber_dev
11782,16,CWE-338,0.3755,0.24,0.5787,0.24,0.4,0.1766,True,cyber_dev
10726,16,CWE-338,0.3718,0.2,0.6296,0.2,0.2,0.0105,True,cyber_dev
8067,16,CWE-338,0.3703,0.2,0.6257,0.2,0.2,0.0,True,cyber_dev
4325,16,CWE-338,0.3699,0.24,0.5647,0.24,0.4,0.1774,True,cyber_dev
17868,16,CWE-338,0.3692,0.24,0.563,0.24,0.4,0.1766,True,cyber_dev
5834,16,CWE-338,0.3663,0.24,0.5557,0.24,0.4,0.1766,True,cyber_dev
30478,16,CWE-338,0.362,0.24,0.5449,0.24,0.4,0.1789,True,cyber_dev
7724,16,CWE-338,0.3615,0.24,0.5437,0.24,0.4,0.1766,True,cyber_dev
19907,16,CWE-338,0.3586,0.24,0.5364,0.24,0.4,0.1766,True,cyber_dev
21892,16,CWE-338,0.3542,0.24,0.5256,0.24,0.4,0.1804,True,cyber_dev
12384,16,CWE-338,0.3511,0.2,0.5777,0.2,0.2,0.0075,True,cyber_dev
1334,16,CWE-338,0.3509,0.56,0.1973,0.24,0.8,0.7081,True,cyber_dev
15693,16,CWE-338,0.3467,0.24,0.5068,0.24,0.4,0.1886,True,cyber_dev
20510,16,CWE-338,0.3467,0.24,0.5067,0.24,0.4,0.1781,True,cyber_dev
29799,16,CWE-338,0.3438,0.16,0.6194,0.16,0.0,0.1931,False,cyber_dev
31902,16,CWE-338,0.3422,0.2,0.5554,0.2,0.0,0.0726,False,cyber_dev
15639,16,CWE-338,0.341,0.24,0.4925,0.24,0.4,0.1984,True,cyber_dev
19441,16,CWE-338,0.3332,0.2,0.533,0.2,0.2,0.018,True,cyber_dev
8526,16,CWE-338,0.3327,0.16,0.5917,0.16,0.2,0.0636,True,cyber_dev
10675,16,CWE-338,0.3242,0.2,0.5105,0.2,0.2,0.0082,True,cyber_dev
20183,16,CWE-338,0.3227,0.2,0.5068,0.2,0.2,0.003,True,cyber_dev
15016,16,CWE-338,0.3201,0.2,0.5002,0.2,0.2,0.012,True,cyber_dev
14521,16,CWE-338,0.3165,0.2,0.4912,0.2,0.2,0.0576,True,cyber_dev
10458,16,CWE-338,0.3106,0.2,0.4764,0.2,0.2,0.0284,True,cyber_dev
11510,16,CWE-338,0.3103,0.2,0.4756,0.2,0.2,0.0007,True,cyber_dev
20808,16,CWE-338,0.2995,0.2,0.4489,0.2,0.2,0.0052,True,cyber_dev
7057,16,CWE-338,0.297,0.2,0.4426,0.2,0.2,0.0052,True,cyber_dev
11802,16,CWE-338,0.2968,0.2,0.442,0.2,0.2,0.0007,True,cyber_dev
5721,16,CWE-338,0.294,0.08,0.6151,0.08,0.0,0.0142,False,cyber_dev
22138,16,CWE-338,0.2896,0.24,0.3839,0.2,0.4,0.1991,True,cyber_dev
28710,16,CWE-338,0.2886,0.2,0.4215,0.2,0.2,0.0112,True,cyber_dev
1709,16,CWE-338,0.2856,0.2,0.414,0.2,0.2,0.0015,True,cyber_dev
23573,16,CWE-338,0.2817,0.2,0.4241,0.16,0.2,0.0187,True,cyber_dev
26373,16,CWE-338,0.2794,0.2,0.4386,0.12,0.2,0.1961,True,cyber_dev
7177,16,CWE-338,0.278,0.2,0.4149,0.16,0.2,0.0599,True,cyber_dev
32485,16,CWE-338,0.2745,0.16,0.4263,0.2,0.2,0.0277,True,cyber_dev
13435,16,CWE-338,0.2733,0.2,0.4033,0.16,0.2,0.0195,True,cyber_dev
12029,16,CWE-338,0.2729,0.08,0.5622,0.08,0.0,0.0052,False,cyber_dev
9960,16,CWE-338,0.2601,0.08,0.5303,0.08,0.0,0.0157,False,cyber_dev
19342,16,CWE-338,0.2558,0.2,0.3594,0.16,0.2,0.0457,True,cyber_dev
23961,16,CWE-338,0.2544,0.16,0.376,0.2,0.2,0.006,True,cyber_dev
14812,16,CWE-338,0.2525,0.08,0.5113,0.08,0.0,0.0165,False,cyber_dev
24656,16,CWE-338,0.2488,0.2,0.3421,0.16,0.2,0.101,True,cyber_dev
15986,16,CWE-338,0.2385,0.2,0.3163,0.16,0.2,0.0651,True,cyber_dev
1940,16,CWE-338,0.2342,0.04,0.5256,0.04,0.0,0.0397,False,cyber_dev
6093,16,CWE-338,0.2205,0.4,0.0313,0.24,0.6,0.5457,True,cyber_dev
19331,16,CWE-338,0.2195,0.04,0.4888,0.04,0.0,0.0015,False,cyber_dev
32215,16,CWE-338,0.2141,0.12,0.3552,0.12,0.0,0.0142,False,cyber_dev
14376,16,CWE-338,0.2139,0.4,0.0148,0.24,0.4,0.274,True,cyber_dev
6312,16,CWE-338,0.2086,0.12,0.3414,0.12,0.0,0.0838,False,cyber_dev
10332,16,CWE-338,0.2065,0.08,0.3962,0.08,0.0,0.0247,False,cyber_dev
17518,16,CWE-338,0.2054,0.12,0.3335,0.12,0.0,0.0367,False,cyber_dev
14030,16,CWE-338,0.2051,0.12,0.3328,0.12,0.0,0.0367,False,cyber_dev
25135,16,CWE-338,0.2048,0.12,0.332,0.12,0.0,0.015,False,cyber_dev
3177,16,CWE-338,0.2047,0.12,0.3316,0.12,0.0,0.0322,False,cyber_dev
19880,16,CWE-338,0.2018,0.12,0.3246,0.12,0.0,0.0816,False,cyber_dev
2939,16,CWE-338,0.2013,0.08,0.3833,0.08,0.0,0.0284,False,cyber_dev
25208,16,CWE-338,0.201,0.2,0.2424,0.12,0.2,0.0749,True,cyber_dev
30944,16,CWE-338,0.1996,0.08,0.3791,0.08,0.0,0.0037,False,cyber_dev
15386,16,CWE-338,0.1977,0.2,0.2142,0.16,0.2,0.2493,True,cyber_dev
1520,16,CWE-338,0.1966,0.08,0.3714,0.08,0.0,0.0254,False,cyber_dev
26585,16,CWE-338,0.1965,0.04,0.4312,0.04,0.0,0.0337,False,cyber_dev
32266,16,CWE-338,0.1929,0.08,0.3622,0.08,0.0,0.009,False,cyber_dev
10895,16,CWE-338,0.1875,0.04,0.4089,0.04,0.0,0.0022,False,cyber_dev
25717,16,CWE-338,0.1868,0.2,0.2071,0.12,0.2,0.2919,True,cyber_dev
3845,16,CWE-338,0.1868,0.08,0.3469,0.08,0.0,0.0112,False,cyber_dev
4025,16,CWE-338,0.1834,0.08,0.3385,0.08,0.0,0.0082,False,cyber_dev
17348,16,CWE-338,0.1803,0.2,0.1908,0.12,0.2,0.0412,True,cyber_dev
867,16,CWE-338,0.1797,0.08,0.3294,0.08,0.0,0.0075,False,cyber_dev
11315,16,CWE-338,0.1786,0.08,0.3265,0.08,0.0,0.0067,False,cyber_dev
25616,16,CWE-338,0.178,0.08,0.3249,0.08,0.0,0.0329,False,cyber_dev
17395,16,CWE-338,0.1778,0.2,0.1845,0.12,0.2,0.1272,True,cyber_dev
20966,16,CWE-338,0.1768,0.12,0.262,0.12,0.0,0.0254,False,cyber_dev
14315,16,CWE-338,0.1724,0.08,0.3109,0.08,0.0,0.0254,False,cyber_dev
4011,16,CWE-338,0.1667,0.08,0.2968,0.08,0.0,0.009,False,cyber_dev
212,16,CWE-338,0.1651,0.08,0.2927,0.08,0.0,0.0412,False,cyber_dev
13416,16,CWE-338,0.1609,0.04,0.3422,0.04,0.0,0.0105,False,cyber_dev
27640,16,CWE-338,0.1609,0.08,0.2822,0.08,0.0,0.0442,False,cyber_dev
17634,16,CWE-338,0.1608,0.08,0.2821,0.08,0.0,0.006,False,cyber_dev
6871,16,CWE-338,0.1591,0.08,0.2777,0.08,0.0,0.006,False,cyber_dev
10124,16,CWE-338,0.1582,0.08,0.2754,0.08,0.0,0.0142,False,cyber_dev
26819,16,CWE-338,0.1571,0.08,0.2727,0.08,0.0,0.0434,False,cyber_dev
20752,16,CWE-338,0.1563,0.04,0.3308,0.04,0.0,0.0022,False,cyber_dev
5083,16,CWE-338,0.156,0.08,0.2701,0.08,0.0,0.0269,False,cyber_dev
14851,16,CWE-338,0.1557,0.08,0.2694,0.08,0.0,0.003,False,cyber_dev
8076,16,CWE-338,0.155,0.08,0.2675,0.08,0.0,0.1003,False,cyber_dev
16045,16,CWE-338,0.1521,0.04,0.3202,0.04,0.0,0.0007,False,cyber_dev
2581,16,CWE-338,0.1507,0.04,0.3168,0.04,0.0,0.0037,False,cyber_dev
9144,16,CWE-338,0.1493,0.08,0.2532,0.08,0.0,0.1497,False,cyber_dev
10214,16,CWE-338,0.1489,0.08,0.2522,0.08,0.0,0.0479,False,cyber_dev
5640,16,CWE-338,0.1472,0.08,0.2479,0.08,0.0,0.1018,False,cyber_dev
23051,16,CWE-338,0.1471,0.04,0.3078,0.04,0.0,0.0015,False,cyber_dev
26487,16,CWE-338,0.1465,0.04,0.3063,0.04,0.0,0.003,False,cyber_dev
30906,16,CWE-338,0.1464,0.04,0.306,0.04,0.0,0.0007,False,cyber_dev
5951,16,CWE-338,0.1452,0.08,0.2431,0.08,0.0,0.0569,False,cyber_dev
22880,16,CWE-338,0.1444,0.08,0.2409,0.08,0.0,0.0262,False,cyber_dev
10146,16,CWE-338,0.143,0.08,0.2374,0.08,0.0,0.0142,False,cyber_dev
686,16,CWE-338,0.1405,0.04,0.2912,0.04,0.0,0.0135,False,cyber_dev
31234,16,CWE-338,0.1397,0.04,0.2894,0.04,0.0,0.0105,False,cyber_dev
24959,16,CWE-338,0.1392,0.08,0.228,0.08,0.0,0.0981,False,cyber_dev
11578,16,CWE-338,0.1391,0.08,0.2278,0.08,0.0,0.0225,False,cyber_dev
27435,16,CWE-338,0.1389,0.08,0.2273,0.08,0.0,0.0337,False,cyber_dev
20375,16,CWE-338,0.1388,0.04,0.287,0.04,0.0,0.0307,False,cyber_dev
18133,16,CWE-338,0.1387,0.08,0.2268,0.08,0.0,0.0449,False,cyber_dev
31663,16,CWE-338,0.1378,0.04,0.2845,0.04,0.0,0.003,False,cyber_dev
24491,16,CWE-338,0.1376,0.04,0.2841,0.04,0.0,0.0052,False,cyber_dev
1853,16,CWE-338,0.1358,0.08,0.2196,0.08,0.0,0.0172,False,cyber_dev
17357,16,CWE-338,0.1341,0.04,0.2753,0.04,0.0,0.0225,False,cyber_dev
6747,16,CWE-338,0.1337,0.08,0.2142,0.08,0.0,0.0225,False,cyber_dev
4118,16,CWE-338,0.1329,0.04,0.2723,0.04,0.0,0.0015,False,cyber_dev
26016,16,CWE-338,0.1321,0.04,0.2702,0.04,0.0,0.0015,False,cyber_dev
9298,16,CWE-338,0.1316,0.04,0.2689,0.04,0.0,0.0037,False,cyber_dev
16656,16,CWE-338,0.1297,0.2,0.0643,0.12,0.2,0.14,False,cyber_dev
22601,16,CWE-338,0.1287,0.04,0.2618,0.04,0.0,0.015,False,cyber_dev
15432,16,CWE-338,0.1284,0.04,0.261,0.04,0.0,0.0225,False,cyber_dev
2573,16,CWE-338,0.1284,0.08,0.2009,0.08,0.0,0.0284,False,cyber_dev
605,16,CWE-338,0.1272,0.08,0.1981,0.08,0.0,0.0576,False,cyber_dev
28783,16,CWE-338,0.1267,0.04,0.2567,0.04,0.0,0.0037,False,cyber_dev
14440,16,CWE-338,0.1248,0.04,0.2521,0.04,0.0,0.003,False,cyber_dev
13790,16,CWE-338,0.1236,0.08,0.1889,0.08,0.0,0.0322,False,cyber_dev
9712,16,CWE-338,0.1236,0.04,0.2489,0.04,0.0,0.0015,False,cyber_dev
5252,16,CWE-338,0.1235,0.04,0.2486,0.04,0.0,0.0007,False,cyber_dev
15955,16,CWE-338,0.123,0.08,0.1875,0.08,0.0,0.0314,False,cyber_dev
29106,16,CWE-338,0.1227,0.04,0.2467,0.04,0.0,0.0022,False,cyber_dev
5034,16,CWE-338,0.1224,0.08,0.1861,0.08,0.0,0.0868,False,cyber_dev
6219,16,CWE-338,0.1219,0.08,0.1848,0.08,0.0,0.0494,False,cyber_dev
3127,16,CWE-338,0.1214,0.08,0.1836,0.08,0.0,0.0367,False,cyber_dev
27549,16,CWE-338,0.1212,0.04,0.2431,0.04,0.0,0.0015,False,cyber_dev
16674,16,CWE-338,0.121,0.08,0.1825,0.08,0.0,0.0022,False,cyber_dev
7810,16,CWE-338,0.1202,0.04,0.2405,0.04,0.0,0.0022,False,cyber_dev
28125,16,CWE-338,0.1196,0.04,0.2389,0.04,0.0,0.003,False,cyber_dev
20652,16,CWE-338,0.1193,0.04,0.2382,0.04,0.0,0.003,False,cyber_dev
13697,16,CWE-338,0.119,0.04,0.2376,0.04,0.0,0.0015,False,cyber_dev
18577,16,CWE-338,0.1184,0.08,0.1761,0.08,0.0,0.0225,False,cyber_dev
31368,16,CWE-338,0.1156,0.04,0.2289,0.04,0.0,0.0112,False,cyber_dev
1960,16,CWE-338,0.1154,0.04,0.2285,0.04,0.0,0.0097,False,cyber_dev
14204,16,CWE-338,0.1153,0.04,0.2282,0.04,0.0,0.015,False,cyber_dev
11635,16,CWE-338,0.1152,0.08,0.1679,0.08,0.0,0.0135,False,cyber_dev
17240,16,CWE-338,0.114,0.04,0.225,0.04,0.0,0.0015,False,cyber_dev
13444,16,CWE-338,0.111,0.04,0.2175,0.04,0.0,0.003,False,cyber_dev
28905,16,CWE-338,0.1094,0.04,0.2135,0.04,0.0,0.0105,False,cyber_dev
4395,16,CWE-338,0.1086,0.04,0.2116,0.04,0.0,0.0007,False,cyber_dev
1019,16,CWE-338,0.1081,0.04,0.2102,0.04,0.0,0.0037,False,cyber_dev
18725,16,CWE-338,0.1067,0.04,0.2067,0.04,0.0,0.0015,False,cyber_dev
14697,16,CWE-338,0.1053,0.04,0.2033,0.04,0.0,0.0052,False,cyber_dev
26105,16,CWE-338,0.1052,0.04,0.203,0.04,0.0,0.0067,False,cyber_dev
28108,16,CWE-338,0.1048,0.04,0.202,0.04,0.0,0.0045,False,cyber_dev
3846,16,CWE-338,0.1036,0.04,0.199,0.04,0.0,0.0007,False,cyber_dev
14376,16,CWE-79,0.1312,0.0759,0.2205,0.0633,0.2025,0.2658,True,cve_pairs
9816,16,CWE-79,0.1164,0.0633,0.2024,0.0506,0.2405,0.1899,True,cve_pairs
19743,16,CWE-79,0.1099,0.0759,0.1673,0.0633,0.3038,0.2405,True,cve_pairs
12360,16,CWE-79,0.0959,0.0127,0.2209,0.0127,0.0127,0.0253,False,cve_pairs
29862,16,CWE-79,0.0934,0.0633,0.1449,0.0506,0.3165,0.2658,True,cve_pairs
6986,16,CWE-79,0.0909,0.1139,0.0943,0.038,0.9367,0.9367,True,cve_pairs
17101,16,CWE-79,0.0877,0.0253,0.1813,0.0253,0.0253,0.0,True,cve_pairs
11737,16,CWE-79,0.0856,0.0127,0.1949,0.0127,0.0,0.0127,False,cve_pairs
3791,16,CWE-79,0.0831,0.0506,0.138,0.038,0.1392,0.1646,True,cve_pairs
22892,16,CWE-79,0.0826,0.0759,0.1051,0.0506,0.443,0.4684,True,cve_pairs
16339,16,CWE-79,0.081,0.0506,0.1329,0.038,0.1646,0.1266,True,cve_pairs
2917,16,CWE-79,0.0808,0.0506,0.1323,0.038,0.2785,0.3165,True,cve_pairs
9287,16,CWE-79,0.0807,0.1013,0.0816,0.038,0.5823,0.5696,True,cve_pairs
25355,16,CWE-79,0.0782,0.038,0.1385,0.038,0.038,0.0,True,cve_pairs
26282,16,CWE-79,0.0751,0.0253,0.1499,0.0253,0.0506,0.038,True,cve_pairs
21413,16,CWE-79,0.0748,0.0127,0.1679,0.0127,0.0127,0.0,False,cve_pairs
22720,16,CWE-79,0.0739,0.0633,0.1025,0.038,0.2911,0.3038,True,cve_pairs
30935,16,CWE-79,0.0708,0.0253,0.1391,0.0253,0.0253,0.0,True,cve_pairs
10758,16,CWE-79,0.07,0.1013,0.0484,0.0506,0.8228,0.8101,True,cve_pairs
23752,16,CWE-79,0.0664,0.0127,0.1471,0.0127,0.0127,0.0253,False,cve_pairs
24130,16,CWE-79,0.0655,0.0253,0.1257,0.0253,0.1392,0.1139,True,cve_pairs
8167,16,CWE-79,0.0654,0.0253,0.1255,0.0253,0.038,0.0127,True,cve_pairs
2117,16,CWE-79,0.0653,0.0253,0.1254,0.0253,0.0127,0.038,False,cve_pairs
25373,16,CWE-79,0.065,0.0506,0.0929,0.038,0.0759,0.0633,True,cve_pairs
16892,16,CWE-79,0.0632,0.038,0.101,0.038,0.0759,0.0506,True,cve_pairs
15593,16,CWE-79,0.0631,0.0253,0.1197,0.0253,0.038,0.0633,True,cve_pairs
13589,16,CWE-79,0.0618,0.0253,0.1165,0.0253,0.0127,0.038,False,cve_pairs
30705,16,CWE-79,0.0598,0.0127,0.1304,0.0127,0.0,0.0127,False,cve_pairs
9416,16,CWE-79,0.0587,0.038,0.096,0.0253,0.1392,0.1139,True,cve_pairs
9342,16,CWE-79,0.0584,0.0886,0.0384,0.038,0.481,0.4937,True,cve_pairs
31038,16,CWE-79,0.0574,0.0127,0.1245,0.0127,0.0,0.0127,False,cve_pairs
8543,16,CWE-79,0.0563,0.0127,0.1218,0.0127,0.038,0.0506,True,cve_pairs
30079,16,CWE-79,0.0542,0.0253,0.0975,0.0253,0.0506,0.0253,True,cve_pairs
16817,16,CWE-79,0.0539,0.0253,0.0968,0.0253,0.0506,0.0253,True,cve_pairs
9465,16,CWE-79,0.0538,0.0506,0.0713,0.0253,0.2152,0.2025,True,cve_pairs
15437,16,CWE-79,0.0536,0.0253,0.0961,0.0253,0.0506,0.0759,True,cve_pairs
21803,16,CWE-79,0.0536,0.0127,0.1149,0.0127,0.0127,0.0,False,cve_pairs
10773,16,CWE-79,0.0535,0.0127,0.1147,0.0127,0.0127,0.0253,False,cve_pairs
19741,16,CWE-79,0.0533,0.0127,0.1143,0.0127,0.0253,0.0127,True,cve_pairs
22230,16,CWE-79,0.0528,0.0253,0.094,0.0253,0.0,0.0253,False,cve_pairs
15432,16,CWE-79,0.0523,0.0253,0.0929,0.0253,0.0759,0.0506,True,cve_pairs
24755,16,CWE-79,0.052,0.0127,0.1111,0.0127,0.0,0.0127,False,cve_pairs
17628,16,CWE-79,0.0513,0.0253,0.0903,0.0253,0.1519,0.1266,True,cve_pairs
2960,16,CWE-79,0.0512,0.0253,0.09,0.0253,0.038,0.0127,True,cve_pairs
12955,16,CWE-79,0.0512,0.0253,0.0899,0.0253,0.1013,0.0759,True,cve_pairs
1710,16,CWE-79,0.0512,0.0633,0.0456,0.038,0.1646,0.1899,True,cve_pairs
1951,16,CWE-79,0.0511,0.038,0.0771,0.0253,0.1266,0.1139,True,cve_pairs
18064,16,CWE-79,0.051,0.0127,0.1085,0.0127,0.0,0.0127,False,cve_pairs
27348,16,CWE-79,0.051,0.0127,0.1085,0.0127,0.0127,0.0,False,cve_pairs
5034,16,CWE-79,0.0505,0.0253,0.0883,0.0253,0.0506,0.0759,True,cve_pairs
20619,16,CWE-79,0.05,0.0127,0.106,0.0127,0.0,0.0127,False,cve_pairs
7904,16,CWE-79,0.0493,0.0127,0.1044,0.0127,0.0,0.0127,False,cve_pairs
17453,16,CWE-79,0.0485,0.0127,0.1022,0.0127,0.0127,0.0,False,cve_pairs
25471,16,CWE-79,0.0485,0.0127,0.1022,0.0127,0.0127,0.0253,False,cve_pairs
8996,16,CWE-79,0.0482,0.0127,0.1015,0.0127,0.0,0.0127,False,cve_pairs
3198,16,CWE-79,0.0478,0.0253,0.0815,0.0253,0.038,0.0127,False,cve_pairs
5951,16,CWE-79,0.0477,0.0253,0.0812,0.0253,0.0886,0.0633,False,cve_pairs
170,16,CWE-79,0.0477,0.0127,0.1002,0.0127,0.0253,0.0127,False,cve_pairs
30778,16,CWE-79,0.0475,0.0127,0.0999,0.0127,0.0506,0.038,False,cve_pairs
2409,16,CWE-79,0.0474,0.0127,0.0995,0.0127,0.0127,0.0253,False,cve_pairs
11326,16,CWE-79,0.0472,0.0253,0.0801,0.0253,0.0253,0.0,False,cve_pairs
20704,16,CWE-79,0.047,0.0127,0.0985,0.0127,0.0,0.0127,False,cve_pairs
26213,16,CWE-79,0.0467,0.0127,0.0977,0.0127,0.0253,0.0127,False,cve_pairs
31312,16,CWE-79,0.0465,0.0127,0.0973,0.0127,0.0,0.0127,False,cve_pairs
14143,16,CWE-79,0.0465,0.0127,0.0971,0.0127,0.0,0.0127,False,cve_pairs
14521,16,CWE-79,0.0462,0.0253,0.0776,0.0253,0.0506,0.0253,False,cve_pairs
8911,16,CWE-79,0.0458,0.0127,0.0954,0.0127,0.0,0.0127,False,cve_pairs
11877,16,CWE-79,0.0457,0.0253,0.0763,0.0253,0.1266,0.1519,False,cve_pairs
2310,16,CWE-79,0.0457,0.0253,0.0762,0.0253,0.038,0.0127,False,cve_pairs
19587,16,CWE-79,0.0452,0.0127,0.0939,0.0127,0.0253,0.0127,False,cve_pairs
16158,16,CWE-79,0.0449,0.0253,0.0742,0.0253,0.0253,0.0,False,cve_pairs
1882,16,CWE-79,0.0443,0.0127,0.0917,0.0127,0.0127,0.0,False,cve_pairs
6695,16,CWE-79,0.0436,0.0253,0.0709,0.0253,0.0253,0.0506,False,cve_pairs
1557,16,CWE-79,0.0434,0.0127,0.0895,0.0127,0.0127,0.0,False,cve_pairs
26674,16,CWE-79,0.0432,0.0253,0.0701,0.0253,0.038,0.0127,False,cve_pairs
5298,16,CWE-79,0.0431,0.0127,0.0887,0.0127,0.0,0.0127,False,cve_pairs
29437,16,CWE-79,0.0429,0.0127,0.0883,0.0127,0.0127,0.0,False,cve_pairs
6312,16,CWE-79,0.0428,0.0759,0.0185,0.0253,0.3165,0.3291,False,cve_pairs
3722,16,CWE-79,0.0426,0.0253,0.0686,0.0253,0.0506,0.0253,False,cve_pairs
18336,16,CWE-79,0.0425,0.0127,0.0872,0.0127,0.0127,0.0,False,cve_pairs
11716,16,CWE-79,0.0416,0.0253,0.066,0.0253,0.0506,0.0759,False,cve_pairs
5470,16,CWE-79,0.0415,0.0253,0.0658,0.0253,0.0127,0.038,False,cve_pairs
9979,16,CWE-79,0.0414,0.0253,0.0656,0.0253,0.0,0.0253,False,cve_pairs
8754,16,CWE-79,0.041,0.0127,0.0835,0.0127,0.0127,0.0,False,cve_pairs
22880,16,CWE-79,0.0409,0.0253,0.0642,0.0253,0.0253,0.0506,False,cve_pairs
18021,16,CWE-79,0.0407,0.0127,0.0829,0.0127,0.0253,0.0127,False,cve_pairs
7177,16,CWE-79,0.0401,0.0253,0.0622,0.0253,0.038,0.0506,False,cve_pairs
4106,16,CWE-79,0.04,0.0127,0.0809,0.0127,0.0127,0.0,False,cve_pairs
1334,16,CWE-79,0.0399,0.038,0.0555,0.0127,0.2405,0.2278,False,cve_pairs
32013,16,CWE-79,0.0398,0.0127,0.0805,0.0127,0.038,0.0506,False,cve_pairs
29189,16,CWE-79,0.0397,0.0127,0.0804,0.0127,0.0,0.0127,False,cve_pairs
30752,16,CWE-79,0.0397,0.0253,0.0613,0.0253,0.0759,0.0633,False,cve_pairs
4950,16,CWE-79,0.0395,0.0127,0.0798,0.0127,0.038,0.0253,False,cve_pairs
7620,16,CWE-79,0.0394,0.0127,0.0795,0.0127,0.0,0.0127,False,cve_pairs
11139,16,CWE-79,0.0394,0.0253,0.0668,0.0127,0.0506,0.0633,False,cve_pairs
686,16,CWE-79,0.0393,0.0253,0.0604,0.0253,0.0127,0.0253,False,cve_pairs
16136,16,CWE-79,0.0391,0.0253,0.0597,0.0253,0.038,0.0127,False,cve_pairs
17552,16,CWE-79,0.039,0.0127,0.0786,0.0127,0.0127,0.0,False,cve_pairs
10331,16,CWE-79,0.039,0.0253,0.0595,0.0253,0.038,0.0127,False,cve_pairs
22269,16,CWE-79,0.0388,0.0127,0.078,0.0127,0.0,0.0127,False,cve_pairs
29237,16,CWE-79,0.0387,0.0127,0.0778,0.0127,0.0127,0.0,False,cve_pairs
8381,16,CWE-79,0.0387,0.038,0.0461,0.0253,0.1013,0.0759,False,cve_pairs
22441,16,CWE-79,0.0386,0.0127,0.0775,0.0127,0.0,0.0127,False,cve_pairs
11040,16,CWE-79,0.0384,0.0127,0.0771,0.0127,0.038,0.0253,False,cve_pairs
12779,16,CWE-79,0.0382,0.0127,0.0765,0.0127,0.0127,0.0,False,cve_pairs
22288,16,CWE-79,0.0381,0.0127,0.0761,0.0127,0.1772,0.1646,False,cve_pairs
11595,16,CWE-79,0.0379,0.038,0.0505,0.0127,0.2405,0.2278,False,cve_pairs
3999,16,CWE-79,0.0377,0.0253,0.0564,0.0253,0.0,0.0253,False,cve_pairs
17876,16,CWE-79,0.0373,0.0127,0.0743,0.0127,0.0253,0.038,False,cve_pairs
828,16,CWE-79,0.0372,0.0253,0.055,0.0253,0.038,0.0253,False,cve_pairs
26129,16,CWE-79,0.0371,0.0127,0.0738,0.0127,0.0127,0.0,False,cve_pairs
2752,16,CWE-79,0.0369,0.0127,0.0733,0.0127,0.0127,0.0253,False,cve_pairs
26332,16,CWE-79,0.0362,0.0127,0.0716,0.0127,0.0127,0.0,False,cve_pairs
6073,16,CWE-79,0.0362,0.0127,0.0714,0.0127,0.0127,0.0,False,cve_pairs
27319,16,CWE-79,0.0361,0.0127,0.0713,0.0127,0.0,0.0127,False,cve_pairs
27941,16,CWE-79,0.0358,0.0127,0.0705,0.0127,0.0127,0.0,False,cve_pairs
12908,16,CWE-79,0.0357,0.0127,0.0704,0.0127,0.038,0.0506,False,cve_pairs
28783,16,CWE-79,0.0355,0.0127,0.0698,0.0127,0.0,0.0127,False,cve_pairs
14035,16,CWE-79,0.0354,0.0127,0.0694,0.0127,0.0,0.0127,False,cve_pairs
14849,16,CWE-79,0.0353,0.0127,0.0692,0.0127,0.0127,0.0,False,cve_pairs
20228,16,CWE-79,0.035,0.0253,0.0559,0.0127,0.038,0.0253,False,cve_pairs
17961,16,CWE-79,0.035,0.0127,0.0685,0.0127,0.0,0.0127,False,cve_pairs
23260,16,CWE-79,0.035,0.0127,0.0684,0.0127,0.0127,0.0,False,cve_pairs
19342,16,CWE-79,0.0349,0.0127,0.0684,0.0127,0.0253,0.0127,False,cve_pairs
2580,16,CWE-79,0.0347,0.0127,0.0679,0.0127,0.0127,0.0253,False,cve_pairs
22673,16,CWE-79,0.0347,0.0127,0.0678,0.0127,0.0127,0.0253,False,cve_pairs
8006,16,CWE-79,0.0345,0.0127,0.0672,0.0127,0.0127,0.0,False,cve_pairs
14637,16,CWE-79,0.0344,0.0127,0.067,0.0127,0.0506,0.038,False,cve_pairs
26214,16,CWE-79,0.0342,0.0127,0.0666,0.0127,0.0,0.0127,False,cve_pairs
32695,16,CWE-79,0.0342,0.0127,0.0666,0.0127,0.0,0.0127,False,cve_pairs
23966,16,CWE-79,0.0342,0.0253,0.0475,0.0253,0.0506,0.038,False,cve_pairs
1405,16,CWE-79,0.0341,0.0127,0.0663,0.0127,0.0,0.0127,False,cve_pairs
12486,16,CWE-79,0.0341,0.0127,0.0662,0.0127,0.0127,0.0,False,cve_pairs
6818,16,CWE-79,0.0337,0.0127,0.0654,0.0127,0.0127,0.0,False,cve_pairs
15540,16,CWE-79,0.0337,0.0127,0.0652,0.0127,0.0127,0.0253,False,cve_pairs
30950,16,CWE-79,0.0334,0.0127,0.0644,0.0127,0.0,0.0127,False,cve_pairs
6632,16,CWE-79,0.0333,0.0127,0.0643,0.0127,0.0,0.0127,False,cve_pairs
23348,16,CWE-79,0.0332,0.0127,0.064,0.0127,0.0127,0.0,False,cve_pairs
29657,16,CWE-79,0.0332,0.0127,0.064,0.0127,0.0,0.0127,False,cve_pairs
17667,16,CWE-79,0.0331,0.0127,0.0638,0.0127,0.0,0.0127,False,cve_pairs
5523,16,CWE-79,0.033,0.0127,0.0634,0.0127,0.0253,0.0127,False,cve_pairs
18405,16,CWE-79,0.0329,0.0127,0.0634,0.0127,0.0127,0.0253,False,cve_pairs
27135,16,CWE-79,0.0328,0.0253,0.0441,0.0253,0.038,0.038,False,cve_pairs
16709,16,CWE-79,0.0326,0.0127,0.0625,0.0127,0.0127,0.0,False,cve_pairs
21335,16,CWE-79,0.0326,0.0127,0.0625,0.0127,0.038,0.0253,False,cve_pairs
23656,16,CWE-79,0.0325,0.0127,0.0621,0.0127,0.0127,0.0,False,cve_pairs
26398,16,CWE-79,0.0319,0.0127,0.0609,0.0127,0.0,0.0127,False,cve_pairs
2812,16,CWE-79,0.0318,0.0127,0.0606,0.0127,0.0127,0.0253,False,cve_pairs
2256,16,CWE-79,0.0318,0.0127,0.0605,0.0127,0.0127,0.0,False,cve_pairs
1822,16,CWE-79,0.0318,0.0127,0.0604,0.0127,0.0,0.0127,False,cve_pairs
17989,16,CWE-79,0.0317,0.0127,0.0602,0.0127,0.0253,0.0127,False,cve_pairs
23100,16,CWE-79,0.0317,0.0127,0.0602,0.0127,0.0127,0.0127,False,cve_pairs
1218,16,CWE-79,0.0316,0.038,0.0348,0.0127,0.1519,0.1392,False,cve_pairs
30574,16,CWE-79,0.0316,0.0127,0.06,0.0127,0.0127,0.0,False,cve_pairs
27000,16,CWE-79,0.0316,0.0127,0.06,0.0127,0.0253,0.038,False,cve_pairs
17226,16,CWE-79,0.0316,0.0127,0.06,0.0127,0.0127,0.0,False,cve_pairs
11630,16,CWE-79,0.0315,0.0127,0.0599,0.0127,0.0253,0.038,False,cve_pairs
8392,16,CWE-79,0.0315,0.0253,0.0472,0.0127,0.0127,0.0253,False,cve_pairs
26274,16,CWE-79,0.0315,0.0127,0.0534,0.0253,0.1139,0.1266,False,cve_pairs
25905,16,CWE-79,0.0315,0.0127,0.0597,0.0127,0.0127,0.0253,False,cve_pairs
3607,16,CWE-79,0.0315,0.0127,0.0597,0.0127,0.0127,0.0,False,cve_pairs
24389,16,CWE-79,0.0314,0.0253,0.0406,0.0253,0.0633,0.0506,False,cve_pairs
8407,16,CWE-79,0.0312,0.0127,0.059,0.0127,0.0127,0.0,False,cve_pairs
18020,16,CWE-79,0.0312,0.0127,0.0589,0.0127,0.0,0.0127,False,cve_pairs
328,16,CWE-79,0.0311,0.0127,0.0587,0.0127,0.0,0.0127,False,cve_pairs
10922,16,CWE-79,0.0309,0.0127,0.0582,0.0127,0.0127,0.0,False,cve_pairs
4735,16,CWE-79,0.0307,0.0253,0.0389,0.0253,0.0759,0.0633,False,cve_pairs
3845,16,CWE-79,0.0306,0.0127,0.0575,0.0127,0.0,0.0127,False,cve_pairs
10357,16,CWE-79,0.0305,0.0253,0.0445,0.0127,0.0127,0.0253,False,cve_pairs
28683,16,CWE-79,0.0303,0.0127,0.0568,0.0127,0.0,0.0127,False,cve_pairs
22314,16,CWE-79,0.0302,0.0127,0.0565,0.0127,0.0,0.0127,False,cve_pairs
895,16,CWE-79,0.0302,0.0127,0.0565,0.0127,0.0127,0.0,False,cve_pairs
18087,16,CWE-79,0.0302,0.0127,0.0564,0.0127,0.0127,0.0253,False,cve_pairs
7943,16,CWE-79,0.0298,0.0127,0.0556,0.0127,0.0127,0.0,False,cve_pairs
24810,16,CWE-79,0.0297,0.0127,0.0553,0.0127,0.0253,0.0127,False,cve_pairs
17004,16,CWE-79,0.0296,0.0253,0.036,0.0253,0.038,0.0253,False,cve_pairs
22386,16,CWE-79,0.0296,0.0127,0.0549,0.0127,0.0127,0.0,False,cve_pairs
10281,16,CWE-79,0.0295,0.0127,0.0548,0.0127,0.1266,0.1139,False,cve_pairs
30173,16,CWE-79,0.0295,0.0127,0.0548,0.0127,0.0127,0.0,False,cve_pairs
28022,16,CWE-79,0.0294,0.0253,0.0419,0.0127,0.0886,0.1013,False,cve_pairs
15342,16,CWE-79,0.0294,0.0127,0.0545,0.0127,0.0,0.0127,False,cve_pairs
14277,16,CWE-79,0.0293,0.0127,0.0543,0.0127,0.0127,0.0253,False,cve_pairs
14589,16,CWE-79,0.0292,0.0127,0.054,0.0127,0.038,0.0253,False,cve_pairs
20800,16,CWE-79,0.0292,0.0127,0.0539,0.0127,0.0127,0.0,False,cve_pairs
3210,16,CWE-79,0.0291,0.0127,0.0538,0.0127,0.0253,0.038,False,cve_pairs
14522,16,CWE-79,0.029,0.0127,0.0536,0.0127,0.0127,0.0,False,cve_pairs
12757,16,CWE-79,0.0288,0.0127,0.0531,0.0127,0.0253,0.0127,False,cve_pairs
3537,16,CWE-79,0.0288,0.0127,0.053,0.0127,0.0127,0.0,False,cve_pairs
13841,16,CWE-79,0.0286,0.0127,0.0526,0.0127,0.0127,0.0,False,cve_pairs
11322,16,CWE-79,0.0286,0.0127,0.0526,0.0127,0.0,0.0127,False,cve_pairs
23996,16,CWE-79,0.0286,0.038,0.0209,0.0253,0.038,0.0127,False,cve_pairs
24837,16,CWE-79,0.0284,0.0127,0.052,0.0127,0.0127,0.0,False,cve_pairs
10417,16,CWE-79,0.0284,0.0127,0.0519,0.0127,0.0127,0.0,False,cve_pairs
676,16,CWE-79,0.0283,0.0127,0.0519,0.0127,0.0127,0.0,False,cve_pairs
9261,16,CWE-79,0.0283,0.0127,0.0518,0.0127,0.0127,0.0253,False,cve_pairs
22484,16,CWE-79,0.0283,0.0127,0.0518,0.0127,0.038,0.0253,False,cve_pairs
27399,16,CWE-79,0.0283,0.0127,0.0516,0.0127,0.0,0.0127,False,cve_pairs
32717,16,CWE-79,0.0282,0.0127,0.0516,0.0127,0.0127,0.0,False,cve_pairs
9355,16,CWE-79,0.0282,0.0127,0.0515,0.0127,0.0,0.0127,False,cve_pairs
25021,16,CWE-79,0.028,0.0127,0.0511,0.0127,0.0127,0.0,False,cve_pairs
3791,16,CWE-125,0.1802,0.1053,0.2991,0.0921,0.2105,0.1579,True,cve_pairs
19743,16,CWE-125,0.1739,0.0921,0.2966,0.0921,0.1579,0.0658,True,cve_pairs
6986,16,CWE-125,0.169,0.1447,0.2449,0.0658,0.9474,0.9605,True,cve_pairs
1218,16,CWE-125,0.1428,0.0526,0.278,0.0526,0.1711,0.1184,True,cve_pairs
17876,16,CWE-125,0.1392,0.0658,0.2494,0.0658,0.0789,0.0395,True,cve_pairs
6312,16,CWE-125,0.1269,0.0921,0.1922,0.0658,0.2895,0.2632,True,cve_pairs
11625,16,CWE-125,0.1241,0.0395,0.2509,0.0395,0.0789,0.0526,True,cve_pairs
1334,16,CWE-125,0.1178,0.0789,0.1958,0.0395,0.3158,0.2895,True,cve_pairs
10758,16,CWE-125,0.1128,0.0658,0.1899,0.0526,0.75,0.75,True,cve_pairs
11877,16,CWE-125,0.1101,0.0526,0.1963,0.0526,0.1184,0.1579,True,cve_pairs
9287,16,CWE-125,0.1093,0.0921,0.1549,0.0526,0.4474,0.4342,True,cve_pairs
2917,16,CWE-125,0.1083,0.0526,0.1984,0.0395,0.1842,0.2105,True,cve_pairs
14273,16,CWE-125,0.1055,0.0132,0.244,0.0132,0.0,0.0132,False,cve_pairs
8526,16,CWE-125,0.1048,0.0395,0.2028,0.0395,0.0789,0.0395,True,cve_pairs
4424,16,CWE-125,0.0967,0.0132,0.2221,0.0132,0.0132,0.0,False,cve_pairs
8381,16,CWE-125,0.0937,0.0789,0.129,0.0526,0.0526,0.1053,True,cve_pairs
15639,16,CWE-125,0.0933,0.0658,0.1412,0.0526,0.0921,0.0395,True,cve_pairs
17026,16,CWE-125,0.0897,0.0132,0.2045,0.0132,0.0,0.0132,False,cve_pairs
11466,16,CWE-125,0.089,0.0263,0.1831,0.0263,0.0,0.0263,False,cve_pairs
29799,16,CWE-125,0.0886,0.0789,0.1098,0.0658,0.25,0.2368,True,cve_pairs
25784,16,CWE-125,0.0874,0.0526,0.1396,0.0526,0.2105,0.1579,True,cve_pairs
26199,16,CWE-125,0.0873,0.0395,0.1591,0.0395,0.0658,0.0263,True,cve_pairs
16761,16,CWE-125,0.0869,0.0132,0.1976,0.0132,0.0,0.0132,False,cve_pairs
25697,16,CWE-125,0.0842,0.0395,0.1514,0.0395,0.0263,0.0658,True,cve_pairs
9820,16,CWE-125,0.0828,0.0395,0.1478,0.0395,0.1711,0.1447,True,cve_pairs
14739,16,CWE-125,0.0818,0.0526,0.132,0.0395,0.1579,0.1184,True,cve_pairs
160,16,CWE-125,0.0807,0.0395,0.1424,0.0395,0.0526,0.0132,True,cve_pairs
28446,16,CWE-125,0.0798,0.0132,0.1798,0.0132,0.0132,0.0,False,cve_pairs
21901,16,CWE-125,0.0789,0.0263,0.1577,0.0263,0.0132,0.0395,False,cve_pairs
25902,16,CWE-125,0.078,0.0263,0.1555,0.0263,0.0263,0.0,True,cve_pairs
13697,16,CWE-125,0.0778,0.0132,0.1747,0.0132,0.0132,0.0,False,cve_pairs
9342,16,CWE-125,0.0777,0.0921,0.0759,0.0526,0.4605,0.4605,True,cve_pairs
3991,16,CWE-125,0.0773,0.0395,0.1341,0.0395,0.0263,0.0658,True,cve_pairs
11926,16,CWE-125,0.075,0.0395,0.1284,0.0395,0.1053,0.1447,True,cve_pairs
15920,16,CWE-125,0.0744,0.0395,0.1268,0.0395,0.0132,0.0526,False,cve_pairs
10017,16,CWE-125,0.0738,0.0263,0.145,0.0263,0.0,0.0263,False,cve_pairs
5294,16,CWE-125,0.0736,0.0395,0.1247,0.0395,0.0658,0.0263,True,cve_pairs
17065,16,CWE-125,0.0731,0.0263,0.1433,0.0263,0.0395,0.0132,True,cve_pairs
228,16,CWE-125,0.0731,0.0526,0.1038,0.0526,0.0526,0.0789,True,cve_pairs
24468,16,CWE-125,0.0724,0.0395,0.1218,0.0395,0.0395,0.0,True,cve_pairs
6732,16,CWE-125,0.0718,0.0263,0.14,0.0263,0.0,0.0263,False,cve_pairs
24130,16,CWE-125,0.0716,0.0395,0.1198,0.0395,0.1579,0.1184,True,cve_pairs
15617,16,CWE-125,0.0712,0.0132,0.1583,0.0132,0.0132,0.0,False,cve_pairs
2167,16,CWE-125,0.0708,0.0263,0.1376,0.0263,0.0526,0.0263,True,cve_pairs
4910,16,CWE-125,0.0706,0.0132,0.1568,0.0132,0.0,0.0132,False,cve_pairs
1023,16,CWE-125,0.0701,0.0263,0.1358,0.0263,0.0526,0.0263,True,cve_pairs
30752,16,CWE-125,0.0701,0.0395,0.116,0.0395,0.0263,0.0658,True,cve_pairs
31500,16,CWE-125,0.0695,0.0263,0.1342,0.0263,0.0,0.0263,False,cve_pairs
25280,16,CWE-125,0.0694,0.0395,0.1143,0.0395,0.0,0.0395,False,cve_pairs
24964,16,CWE-125,0.0692,0.0263,0.1336,0.0263,0.0,0.0263,False,cve_pairs
10895,16,CWE-125,0.0691,0.0132,0.1531,0.0132,0.0,0.0132,False,cve_pairs
29862,16,CWE-125,0.069,0.0395,0.12,0.0263,0.1842,0.1579,True,cve_pairs
16339,16,CWE-125,0.069,0.0658,0.087,0.0395,0.1447,0.1053,True,cve_pairs
11139,16,CWE-125,0.0671,0.0395,0.1085,0.0395,0.0132,0.0526,False,cve_pairs
190,16,CWE-125,0.0667,0.0263,0.1273,0.0263,0.0789,0.0526,True,cve_pairs
25611,16,CWE-125,0.0667,0.0132,0.147,0.0132,0.0,0.0132,False,cve_pairs
18857,16,CWE-125,0.0665,0.0526,0.0939,0.0395,0.2105,0.2237,True,cve_pairs
7177,16,CWE-125,0.0664,0.0263,0.1266,0.0263,0.0395,0.0132,True,cve_pairs
6219,16,CWE-125,0.066,0.0263,0.1256,0.0263,0.0,0.0263,False,cve_pairs
25262,16,CWE-125,0.0658,0.0263,0.1184,0.0395,0.0526,0.0263,True,cve_pairs
10281,16,CWE-125,0.0654,0.0658,0.0713,0.0526,0.2763,0.2632,True,cve_pairs
17228,16,CWE-125,0.0653,0.0132,0.1434,0.0132,0.0132,0.0,False,cve_pairs
10374,16,CWE-125,0.0652,0.0263,0.1236,0.0263,0.0,0.0263,False,cve_pairs
6093,16,CWE-125,0.0651,0.0789,0.0574,0.0526,0.2237,0.2105,True,cve_pairs
4465,16,CWE-125,0.065,0.0263,0.1229,0.0263,0.0395,0.0658,True,cve_pairs
22288,16,CWE-125,0.0646,0.0526,0.0892,0.0395,0.1579,0.1184,True,cve_pairs
18725,16,CWE-125,0.0645,0.0132,0.1416,0.0132,0.0,0.0132,False,cve_pairs
11630,16,CWE-125,0.0644,0.0395,0.1019,0.0395,0.0526,0.0263,True,cve_pairs
26550,16,CWE-125,0.0639,0.0395,0.1005,0.0395,0.0658,0.0395,True,cve_pairs
6599,16,CWE-125,0.0639,0.0263,0.1202,0.0263,0.1053,0.0789,True,cve_pairs
16892,16,CWE-125,0.0636,0.0263,0.1195,0.0263,0.0658,0.0789,True,cve_pairs
24959,16,CWE-125,0.0633,0.0395,0.0924,0.0526,0.1053,0.0658,True,cve_pairs
18936,16,CWE-125,0.0624,0.0132,0.1363,0.0132,0.0,0.0132,False,cve_pairs
3497,16,CWE-125,0.0612,0.0132,0.1333,0.0132,0.0,0.0132,False,cve_pairs
1951,16,CWE-125,0.0606,0.0263,0.112,0.0263,0.0526,0.0789,True,cve_pairs
10025,16,CWE-125,0.0605,0.0263,0.1118,0.0263,0.0,0.0263,False,cve_pairs
5453,16,CWE-125,0.0604,0.0132,0.1314,0.0132,0.0132,0.0,False,cve_pairs
25185,16,CWE-125,0.0602,0.0263,0.1109,0.0263,0.0263,0.0,True,cve_pairs
16656,16,CWE-125,0.0599,0.0526,0.0775,0.0395,0.1053,0.1316,True,cve_pairs
11635,16,CWE-125,0.0598,0.0395,0.0903,0.0395,0.0132,0.0526,False,cve_pairs
26373,16,CWE-125,0.0596,0.0658,0.07,0.0263,0.2105,0.1842,True,cve_pairs
14376,16,CWE-125,0.0593,0.0395,0.0957,0.0263,0.2895,0.2895,True,cve_pairs
2246,16,CWE-125,0.0593,0.0132,0.1286,0.0132,0.0,0.0132,False,cve_pairs
29656,16,CWE-125,0.0591,0.0263,0.1083,0.0263,0.0263,0.0,True,cve_pairs
22279,16,CWE-125,0.0591,0.0263,0.1083,0.0263,0.0132,0.0395,False,cve_pairs
21982,16,CWE-125,0.0589,0.0263,0.1013,0.0395,0.0526,0.0263,True,cve_pairs
40,16,CWE-125,0.0588,0.0263,0.1076,0.0263,0.0,0.0263,False,cve_pairs
1040,16,CWE-125,0.0582,0.0263,0.1059,0.0263,0.0263,0.0,True,cve_pairs
30339,16,CWE-125,0.058,0.0132,0.1253,0.0132,0.0132,0.0,False,cve_pairs
24333,16,CWE-125,0.0576,0.0132,0.1242,0.0132,0.0132,0.0,False,cve_pairs
9816,16,CWE-125,0.0575,0.0526,0.0713,0.0395,0.2237,0.25,True,cve_pairs
7328,16,CWE-125,0.0574,0.0395,0.0843,0.0395,0.0526,0.0789,True,cve_pairs
27435,16,CWE-125,0.0574,0.0263,0.104,0.0263,0.0395,0.0132,True,cve_pairs
25021,16,CWE-125,0.0573,0.0132,0.1234,0.0132,0.0132,0.0263,False,cve_pairs
18089,16,CWE-125,0.0571,0.0132,0.123,0.0132,0.0132,0.0,False,cve_pairs
22402,16,CWE-125,0.0561,0.0263,0.1009,0.0263,0.0132,0.0263,False,cve_pairs
32130,16,CWE-125,0.0559,0.0132,0.1201,0.0132,0.0263,0.0132,True,cve_pairs
26213,16,CWE-125,0.0559,0.0132,0.1201,0.0132,0.0263,0.0132,True,cve_pairs
958,16,CWE-125,0.0556,0.0132,0.1192,0.0132,0.0,0.0132,False,cve_pairs
26103,16,CWE-125,0.0554,0.0132,0.1187,0.0132,0.0132,0.0,False,cve_pairs
23752,16,CWE-125,0.0553,0.0132,0.1185,0.0132,0.0132,0.0,False,cve_pairs
4234,16,CWE-125,0.0552,0.0263,0.0985,0.0263,0.0,0.0263,False,cve_pairs
16371,16,CWE-125,0.0551,0.0132,0.118,0.0132,0.0132,0.0,False,cve_pairs
22893,16,CWE-125,0.0545,0.0132,0.1164,0.0132,0.0263,0.0132,True,cve_pairs
30510,16,CWE-125,0.0545,0.0263,0.0967,0.0263,0.0526,0.0263,True,cve_pairs
26205,16,CWE-125,0.0542,0.0263,0.0959,0.0263,0.0,0.0263,False,cve_pairs
23624,16,CWE-125,0.0539,0.0263,0.0952,0.0263,0.0263,0.0526,True,cve_pairs
26274,16,CWE-125,0.0533,0.0526,0.0675,0.0263,0.1053,0.1184,True,cve_pairs
30728,16,CWE-125,0.0529,0.0132,0.1124,0.0132,0.0132,0.0263,False,cve_pairs
28170,16,CWE-125,0.0527,0.0263,0.0923,0.0263,0.0395,0.0132,True,cve_pairs
13382,16,CWE-125,0.0527,0.0263,0.0922,0.0263,0.0395,0.0132,True,cve_pairs
32704,16,CWE-125,0.0525,0.0263,0.0918,0.0263,0.0395,0.0132,True,cve_pairs
25067,16,CWE-125,0.0525,0.0132,0.1114,0.0132,0.0263,0.0395,True,cve_pairs
0,16,CWE-125,0.0524,0.0132,0.1114,0.0132,0.0,0.0132,False,cve_pairs
22720,16,CWE-125,0.0523,0.0658,0.0518,0.0263,0.3158,0.3026,True,cve_pairs
31632,16,CWE-125,0.052,0.0132,0.1102,0.0132,0.0132,0.0,False,cve_pairs
9647,16,CWE-125,0.0513,0.0132,0.1086,0.0132,0.0,0.0132,False,cve_pairs
20259,16,CWE-125,0.0512,0.0132,0.1083,0.0132,0.0132,0.0,False,cve_pairs
28202,16,CWE-125,0.0511,0.0132,0.1081,0.0132,0.0263,0.0263,True,cve_pairs
9794,16,CWE-125,0.0504,0.0132,0.1062,0.0132,0.0,0.0132,False,cve_pairs
5721,16,CWE-125,0.0503,0.0132,0.1061,0.0132,0.0,0.0132,False,cve_pairs
25627,16,CWE-125,0.0498,0.0132,0.1047,0.0132,0.0132,0.0,False,cve_pairs
3274,16,CWE-125,0.0495,0.0132,0.1041,0.0132,0.0132,0.0,False,cve_pairs
4735,16,CWE-125,0.0494,0.0395,0.0643,0.0395,0.1184,0.0921,False,cve_pairs
8845,16,CWE-125,0.0493,0.0263,0.0838,0.0263,0.0,0.0263,False,cve_pairs
24183,16,CWE-125,0.0492,0.0263,0.0835,0.0263,0.0263,0.0526,False,cve_pairs
12340,16,CWE-125,0.0491,0.0263,0.0833,0.0263,0.0789,0.0526,False,cve_pairs
26704,16,CWE-125,0.049,0.0263,0.083,0.0263,0.0526,0.0263,False,cve_pairs
6610,16,CWE-125,0.0489,0.0263,0.0828,0.0263,0.0263,0.0,False,cve_pairs
12883,16,CWE-125,0.0489,0.0263,0.0827,0.0263,0.0132,0.0395,False,cve_pairs
15096,16,CWE-125,0.0488,0.0132,0.1022,0.0132,0.0,0.0132,False,cve_pairs
2011,16,CWE-125,0.0488,0.0132,0.1021,0.0132,0.0,0.0132,False,cve_pairs
26059,16,CWE-125,0.0487,0.0132,0.1021,0.0132,0.0132,0.0132,False,cve_pairs
10357,16,CWE-125,0.048,0.0132,0.1002,0.0132,0.0263,0.0132,False,cve_pairs
3888,16,CWE-125,0.0478,0.0263,0.0799,0.0263,0.0,0.0263,False,cve_pairs
22230,16,CWE-125,0.0475,0.0526,0.0529,0.0263,0.0658,0.0526,False,cve_pairs
26419,16,CWE-125,0.0472,0.0132,0.0982,0.0132,0.0132,0.0,False,cve_pairs
24445,16,CWE-125,0.0471,0.0132,0.0981,0.0132,0.0,0.0132,False,cve_pairs
4975,16,CWE-125,0.0471,0.0263,0.0782,0.0263,0.0395,0.0132,False,cve_pairs
24044,16,CWE-125,0.0468,0.0132,0.0974,0.0132,0.0,0.0132,False,cve_pairs
28306,16,CWE-125,0.0468,0.0263,0.071,0.0395,0.0263,0.0526,False,cve_pairs
21830,16,CWE-125,0.0468,0.0132,0.0972,0.0132,0.0,0.0132,False,cve_pairs
14889,16,CWE-125,0.0467,0.0132,0.0971,0.0132,0.0263,0.0395,False,cve_pairs
448,16,CWE-125,0.0466,0.0132,0.0967,0.0132,0.0132,0.0,False,cve_pairs
29659,16,CWE-125,0.0465,0.0263,0.0769,0.0263,0.0132,0.0395,False,cve_pairs
23278,16,CWE-125,0.0464,0.0132,0.0964,0.0132,0.0263,0.0132,False,cve_pairs
8488,16,CWE-125,0.0461,0.0132,0.0955,0.0132,0.0,0.0132,False,cve_pairs
31441,16,CWE-125,0.0456,0.0132,0.0943,0.0132,0.0263,0.0132,False,cve_pairs
7839,16,CWE-125,0.0456,0.0263,0.0745,0.0263,0.0395,0.0658,False,cve_pairs
12126,16,CWE-125,0.0455,0.0132,0.0941,0.0132,0.0132,0.0263,False,cve_pairs
18464,16,CWE-125,0.0453,0.0263,0.0737,0.0263,0.0263,0.0,False,cve_pairs
12751,16,CWE-125,0.0453,0.0132,0.0934,0.0132,0.0263,0.0132,False,cve_pairs
15693,16,CWE-125,0.0452,0.0263,0.0735,0.0263,0.0395,0.0132,False,cve_pairs
18545,16,CWE-125,0.045,0.0263,0.0797,0.0132,0.0263,0.0395,False,cve_pairs
20272,16,CWE-125,0.0449,0.0263,0.0728,0.0263,0.0395,0.0132,False,cve_pairs
4950,16,CWE-125,0.0448,0.0526,0.0397,0.0395,0.0526,0.0921,False,cve_pairs
24498,16,CWE-125,0.0447,0.0132,0.0921,0.0132,0.0,0.0132,False,cve_pairs
30511,16,CWE-125,0.0447,0.0132,0.092,0.0132,0.0,0.0132,False,cve_pairs
6975,16,CWE-125,0.0447,0.0263,0.0722,0.0263,0.0,0.0263,False,cve_pairs
21330,16,CWE-125,0.0446,0.0132,0.0918,0.0132,0.0132,0.0,False,cve_pairs
1320,16,CWE-125,0.0446,0.0263,0.0786,0.0132,0.0395,0.0263,False,cve_pairs
32049,16,CWE-125,0.0445,0.0132,0.0915,0.0132,0.0132,0.0,False,cve_pairs
31118,16,CWE-125,0.0443,0.0263,0.0712,0.0263,0.0526,0.0263,False,cve_pairs
1710,16,CWE-125,0.0439,0.0526,0.0441,0.0263,0.1842,0.1974,False,cve_pairs
9845,16,CWE-125,0.0438,0.0132,0.0897,0.0132,0.0132,0.0,False,cve_pairs
18483,16,CWE-125,0.0437,0.0132,0.0894,0.0132,0.0132,0.0,False,cve_pairs
15183,16,CWE-125,0.0436,0.0263,0.0694,0.0263,0.0395,0.0132,False,cve_pairs
15955,16,CWE-125,0.0433,0.0658,0.0358,0.0132,0.1184,0.1053,False,cve_pairs
8990,16,CWE-125,0.043,0.0132,0.0878,0.0132,0.0132,0.0,False,cve_pairs
17628,16,CWE-125,0.0427,0.0263,0.0672,0.0263,0.0789,0.0526,False,cve_pairs
24379,16,CWE-125,0.0425,0.0263,0.0668,0.0263,0.0395,0.0132,False,cve_pairs
2270,16,CWE-125,0.0424,0.0132,0.0863,0.0132,0.0132,0.0,False,cve_pairs
22205,16,CWE-125,0.0424,0.0263,0.0732,0.0132,0.0395,0.0263,False,cve_pairs
1053,16,CWE-125,0.0424,0.0132,0.0862,0.0132,0.0395,0.0263,False,cve_pairs
9465,16,CWE-125,0.0424,0.0789,0.0006,0.0526,0.2763,0.3289,False,cve_pairs
11716,16,CWE-125,0.0423,0.0526,0.0399,0.0263,0.0789,0.0921,False,cve_pairs
14189,16,CWE-125,0.0421,0.0132,0.0855,0.0132,0.0132,0.0,False,cve_pairs
27540,16,CWE-125,0.0421,0.0263,0.0657,0.0263,0.0263,0.0,False,cve_pairs
11595,16,CWE-125,0.042,0.0395,0.0524,0.0263,0.2368,0.2368,False,cve_pairs
26121,16,CWE-125,0.0419,0.0132,0.0851,0.0132,0.0132,0.0,False,cve_pairs
26334,16,CWE-125,0.0417,0.0132,0.0845,0.0132,0.0263,0.0132,False,cve_pairs
9437,16,CWE-125,0.0416,0.0132,0.0842,0.0132,0.0132,0.0,False,cve_pairs
20070,16,CWE-125,0.0414,0.0132,0.0839,0.0132,0.0,0.0132,False,cve_pairs
4961,16,CWE-125,0.0414,0.0263,0.064,0.0263,0.0,0.0263,False,cve_pairs
32266,16,CWE-125,0.0414,0.0263,0.0639,0.0263,0.0,0.0263,False,cve_pairs
7775,16,CWE-125,0.0414,0.0263,0.0639,0.0263,0.0263,0.0,False,cve_pairs
7916,16,CWE-125,0.0413,0.0132,0.0836,0.0132,0.0132,0.0,False,cve_pairs
4469,16,CWE-125,0.0412,0.0132,0.0833,0.0132,0.0132,0.0,False,cve_pairs
1111,16,CWE-125,0.0412,0.0263,0.0635,0.0263,0.0,0.0263,False,cve_pairs
16105,16,CWE-125,0.0412,0.0132,0.0832,0.0132,0.0,0.0132,False,cve_pairs
21892,16,CWE-125,0.0408,0.0263,0.0626,0.0263,0.0789,0.0526,False,cve_pairs
9643,16,CWE-125,0.0407,0.0263,0.0623,0.0263,0.0263,0.0,False,cve_pairs
31541,16,CWE-125,0.0404,0.0132,0.0812,0.0132,0.0,0.0132,False,cve_pairs
22104,16,CWE-125,0.0403,0.0263,0.0612,0.0263,0.0,0.0263,False,cve_pairs
26138,16,CWE-125,0.04,0.0132,0.0803,0.0132,0.0395,0.0263,False,cve_pairs
8679,16,CWE-125,0.0397,0.0132,0.0796,0.0132,0.0,0.0132,False,cve_pairs
23845,16,CWE-125,0.0397,0.0132,0.0796,0.0132,0.0132,0.0,False,cve_pairs
23422,16,CWE-125,0.0397,0.0263,0.0597,0.0263,0.0,0.0263,False,cve_pairs
32552,16,CWE-125,0.0395,0.0132,0.0791,0.0132,0.0,0.0132,False,cve_pairs
8076,16,CWE-125,0.0394,0.0263,0.0591,0.0263,0.0263,0.0,False,cve_pairs
6986,16,CWE-787,0.1759,0.0923,0.3168,0.0615,0.9846,0.9692,False,cve_pairs
6093,16,CWE-787,0.1151,0.0462,0.2184,0.0462,0.2615,0.2308,True,cve_pairs
14376,16,CWE-787,0.115,0.0615,0.1952,0.0615,0.3077,0.2462,True,cve_pairs
9768,16,CWE-787,0.1042,0.0462,0.1913,0.0462,0.0308,0.0769,True,cve_pairs
22720,16,CWE-787,0.1001,0.0462,0.1734,0.0615,0.2615,0.2923,True,cve_pairs
5034,16,CWE-787,0.0984,0.0615,0.1537,0.0615,0.0923,0.1538,True,cve_pairs
9820,16,CWE-787,0.095,0.0462,0.1683,0.0462,0.1385,0.1846,True,cve_pairs
27215,16,CWE-787,0.0899,0.0308,0.1787,0.0308,0.0308,0.0,True,cve_pairs
11907,16,CWE-787,0.0889,0.0308,0.176,0.0308,0.0154,0.0462,False,cve_pairs
1218,16,CWE-787,0.0849,0.0308,0.1661,0.0308,0.1385,0.1692,True,cve_pairs
16587,16,CWE-787,0.0846,0.0154,0.1884,0.0154,0.0154,0.0,False,cve_pairs
22288,16,CWE-787,0.0844,0.0462,0.1418,0.0462,0.2,0.1538,True,cve_pairs
22206,16,CWE-787,0.0798,0.0154,0.1763,0.0154,0.0154,0.0308,False,cve_pairs
1320,16,CWE-787,0.0778,0.0308,0.1483,0.0308,0.0308,0.0,True,cve_pairs
10758,16,CWE-787,0.0777,0.0615,0.1096,0.0462,0.8154,0.8,True,cve_pairs
11595,16,CWE-787,0.0765,0.0615,0.1067,0.0462,0.2154,0.2154,True,cve_pairs
29960,16,CWE-787,0.075,0.0154,0.1645,0.0154,0.0,0.0154,False,cve_pairs
17625,16,CWE-787,0.0738,0.0462,0.1152,0.0462,0.0462,0.0,True,cve_pairs
12060,16,CWE-787,0.0737,0.0154,0.1612,0.0154,0.0154,0.0,False,cve_pairs
19743,16,CWE-787,0.0715,0.0462,0.1018,0.0615,0.1846,0.2,True,cve_pairs
24815,16,CWE-787,0.0711,0.0308,0.1316,0.0308,0.0,0.0308,False,cve_pairs
11756,16,CWE-787,0.0699,0.0154,0.1516,0.0154,0.0,0.0154,False,cve_pairs
14034,16,CWE-787,0.0694,0.0308,0.1273,0.0308,0.0,0.0308,False,cve_pairs
22493,16,CWE-787,0.0691,0.0308,0.1266,0.0308,0.0154,0.0462,False,cve_pairs
1334,16,CWE-787,0.0689,0.0615,0.0877,0.0462,0.2923,0.3231,True,cve_pairs
25717,16,CWE-787,0.0688,0.0769,0.0721,0.0462,0.1846,0.1692,True,cve_pairs
23335,16,CWE-787,0.0685,0.0308,0.1251,0.0308,0.0308,0.0,True,cve_pairs
14666,16,CWE-787,0.0676,0.0308,0.1228,0.0308,0.0,0.0308,False,cve_pairs
9416,16,CWE-787,0.0672,0.0462,0.0988,0.0462,0.1077,0.0615,True,cve_pairs
19933,16,CWE-787,0.0671,0.0308,0.1215,0.0308,0.0,0.0308,False,cve_pairs
15432,16,CWE-787,0.0653,0.0308,0.1172,0.0308,0.0154,0.0462,False,cve_pairs
9342,16,CWE-787,0.065,0.0462,0.101,0.0308,0.4615,0.4769,True,cve_pairs
16892,16,CWE-787,0.065,0.0308,0.1162,0.0308,0.0769,0.0462,True,cve_pairs
18805,16,CWE-787,0.0639,0.0308,0.1137,0.0308,0.0462,0.0154,True,cve_pairs
5951,16,CWE-787,0.0639,0.0308,0.1136,0.0308,0.0769,0.0462,True,cve_pairs
21415,16,CWE-787,0.0638,0.0154,0.1364,0.0154,0.0,0.0154,False,cve_pairs
24157,16,CWE-787,0.0633,0.0154,0.1351,0.0154,0.0,0.0154,False,cve_pairs
2917,16,CWE-787,0.0621,0.0769,0.0628,0.0308,0.2769,0.2769,True,cve_pairs
7839,16,CWE-787,0.0618,0.0308,0.1084,0.0308,0.0154,0.0462,False,cve_pairs
22137,16,CWE-787,0.0618,0.0154,0.1314,0.0154,0.0154,0.0,False,cve_pairs
32691,16,CWE-787,0.0568,0.0154,0.1189,0.0154,0.0,0.0154,False,cve_pairs
4163,16,CWE-787,0.0566,0.0308,0.0954,0.0308,0.0154,0.0462,False,cve_pairs
329,16,CWE-787,0.0563,0.0308,0.0945,0.0308,0.0462,0.0154,True,cve_pairs
16828,16,CWE-787,0.0561,0.0154,0.1173,0.0154,0.0154,0.0,False,cve_pairs
22892,16,CWE-787,0.0559,0.0615,0.0627,0.0308,0.4,0.4154,True,cve_pairs
25550,16,CWE-787,0.0558,0.0154,0.1164,0.0154,0.0,0.0154,False,cve_pairs
14671,16,CWE-787,0.0555,0.0154,0.1156,0.0154,0.0154,0.0,False,cve_pairs
32586,16,CWE-787,0.0553,0.0154,0.1152,0.0154,0.0,0.0154,False,cve_pairs
19806,16,CWE-787,0.0551,0.0154,0.1148,0.0154,0.0154,0.0,False,cve_pairs
28022,16,CWE-787,0.0551,0.0462,0.0762,0.0308,0.1385,0.1538,True,cve_pairs
22135,16,CWE-787,0.0548,0.0154,0.1138,0.0154,0.0154,0.0,False,cve_pairs
17395,16,CWE-787,0.0538,0.0308,0.0884,0.0308,0.0615,0.0923,True,cve_pairs
3678,16,CWE-787,0.0534,0.0308,0.0873,0.0308,0.0,0.0308,False,cve_pairs
8137,16,CWE-787,0.0534,0.0308,0.0949,0.0154,0.0462,0.0615,True,cve_pairs
10281,16,CWE-787,0.0533,0.0308,0.0872,0.0308,0.0923,0.1231,True,cve_pairs
2580,16,CWE-787,0.0531,0.0154,0.1097,0.0154,0.0,0.0154,False,cve_pairs
13716,16,CWE-787,0.0522,0.0154,0.1074,0.0154,0.0308,0.0154,True,cve_pairs
12955,16,CWE-787,0.0515,0.0308,0.0749,0.0462,0.0923,0.1077,True,cve_pairs
26732,16,CWE-787,0.0512,0.0154,0.1049,0.0154,0.0154,0.0,False,cve_pairs
15897,16,CWE-787,0.0504,0.0154,0.103,0.0154,0.0154,0.0,False,cve_pairs
228,16,CWE-787,0.0504,0.0308,0.0797,0.0308,0.0615,0.0308,True,cve_pairs
3785,16,CWE-787,0.0503,0.0308,0.0797,0.0308,0.0462,0.0154,True,cve_pairs
22389,16,CWE-787,0.0503,0.0308,0.0795,0.0308,0.0308,0.0,True,cve_pairs
3944,16,CWE-787,0.0502,0.0308,0.0793,0.0308,0.0,0.0308,False,cve_pairs
26709,16,CWE-787,0.0499,0.0308,0.0785,0.0308,0.0308,0.0,False,cve_pairs
3030,16,CWE-787,0.0497,0.0154,0.1012,0.0154,0.0154,0.0,False,cve_pairs
2412,16,CWE-787,0.0496,0.0154,0.101,0.0154,0.0154,0.0308,False,cve_pairs
31203,16,CWE-787,0.0495,0.0154,0.1008,0.0154,0.0154,0.0,False,cve_pairs
14521,16,CWE-787,0.0495,0.0308,0.0775,0.0308,0.0,0.0308,False,cve_pairs
18369,16,CWE-787,0.0491,0.0308,0.0767,0.0308,0.0462,0.0154,False,cve_pairs
22678,16,CWE-787,0.0491,0.0308,0.0766,0.0308,0.0,0.0308,False,cve_pairs
10199,16,CWE-787,0.049,0.0154,0.0994,0.0154,0.0,0.0154,False,cve_pairs
27091,16,CWE-787,0.0487,0.0154,0.0988,0.0154,0.0308,0.0154,False,cve_pairs
14739,16,CWE-787,0.048,0.0308,0.0739,0.0308,0.0923,0.1231,False,cve_pairs
5294,16,CWE-787,0.0479,0.0154,0.0968,0.0154,0.0154,0.0,False,cve_pairs
13103,16,CWE-787,0.0478,0.0154,0.0963,0.0154,0.0,0.0154,False,cve_pairs
21024,16,CWE-787,0.047,0.0308,0.0712,0.0308,0.0,0.0308,False,cve_pairs
21602,16,CWE-787,0.0467,0.0308,0.0706,0.0308,0.0,0.0308,False,cve_pairs
14124,16,CWE-787,0.0465,0.0154,0.0932,0.0154,0.0308,0.0154,False,cve_pairs
18239,16,CWE-787,0.0462,0.0154,0.0925,0.0154,0.0154,0.0,False,cve_pairs
17987,16,CWE-787,0.0461,0.0154,0.0922,0.0154,0.0,0.0154,False,cve_pairs
11926,16,CWE-787,0.0461,0.0308,0.0691,0.0308,0.1538,0.1231,False,cve_pairs
497,16,CWE-787,0.0458,0.0154,0.0915,0.0154,0.0154,0.0,False,cve_pairs
29862,16,CWE-787,0.0457,0.0308,0.0682,0.0308,0.2,0.1846,False,cve_pairs
8180,16,CWE-787,0.0444,0.0308,0.0648,0.0308,0.0308,0.0,False,cve_pairs
13416,16,CWE-787,0.0443,0.0154,0.0878,0.0154,0.0154,0.0,False,cve_pairs
28644,16,CWE-787,0.0441,0.0308,0.064,0.0308,0.1538,0.1692,False,cve_pairs
11916,16,CWE-787,0.044,0.0154,0.087,0.0154,0.0,0.0154,False,cve_pairs
448,16,CWE-787,0.0436,0.0154,0.086,0.0154,0.0154,0.0,False,cve_pairs
9487,16,CWE-787,0.0435,0.0154,0.0857,0.0154,0.0462,0.0615,False,cve_pairs
15068,16,CWE-787,0.0432,0.0154,0.0848,0.0154,0.0,0.0154,False,cve_pairs
24632,16,CWE-787,0.0432,0.0154,0.0848,0.0154,0.0462,0.0308,False,cve_pairs
9653,16,CWE-787,0.0428,0.0154,0.0839,0.0154,0.0154,0.0308,False,cve_pairs
31225,16,CWE-787,0.0423,0.0154,0.0826,0.0154,0.0,0.0154,False,cve_pairs
4950,16,CWE-787,0.0419,0.0154,0.0818,0.0154,0.0308,0.0462,False,cve_pairs
12333,16,CWE-787,0.0419,0.0154,0.0818,0.0154,0.0,0.0154,False,cve_pairs
11326,16,CWE-787,0.0418,0.0154,0.0814,0.0154,0.0154,0.0308,False,cve_pairs
9465,16,CWE-787,0.0417,0.0615,0.035,0.0154,0.1846,0.2,False,cve_pairs
29799,16,CWE-787,0.0415,0.0308,0.0575,0.0308,0.1692,0.1846,False,cve_pairs
10226,16,CWE-787,0.0413,0.0154,0.0802,0.0154,0.0154,0.0308,False,cve_pairs
23757,16,CWE-787,0.0412,0.0154,0.0799,0.0154,0.0,0.0154,False,cve_pairs
10084,16,CWE-787,0.0411,0.0154,0.0798,0.0154,0.0308,0.0154,False,cve_pairs
1547,16,CWE-787,0.0411,0.0154,0.0797,0.0154,0.0,0.0154,False,cve_pairs
31500,16,CWE-787,0.041,0.0154,0.0794,0.0154,0.0154,0.0,False,cve_pairs
26413,16,CWE-787,0.0408,0.0154,0.0789,0.0154,0.0,0.0154,False,cve_pairs
26296,16,CWE-787,0.0407,0.0154,0.0787,0.0154,0.0,0.0154,False,cve_pairs
7595,16,CWE-787,0.0407,0.0154,0.0786,0.0154,0.0615,0.0769,False,cve_pairs
29437,16,CWE-787,0.0404,0.0154,0.0779,0.0154,0.0,0.0154,False,cve_pairs
20678,16,CWE-787,0.0403,0.0154,0.0777,0.0154,0.0308,0.0154,False,cve_pairs
4028,16,CWE-787,0.04,0.0154,0.0769,0.0154,0.0154,0.0,False,cve_pairs
9647,16,CWE-787,0.0399,0.0154,0.0767,0.0154,0.0154,0.0,False,cve_pairs
23573,16,CWE-787,0.0398,0.0154,0.0765,0.0154,0.0308,0.0154,False,cve_pairs
20652,16,CWE-787,0.039,0.0154,0.0745,0.0154,0.0,0.0154,False,cve_pairs
16225,16,CWE-787,0.0389,0.0154,0.0743,0.0154,0.0154,0.0308,False,cve_pairs
25697,16,CWE-787,0.0389,0.0154,0.0741,0.0154,0.0154,0.0308,False,cve_pairs
25185,16,CWE-787,0.0388,0.0154,0.0738,0.0154,0.0154,0.0,False,cve_pairs
17180,16,CWE-787,0.0387,0.0154,0.0737,0.0154,0.0308,0.0154,False,cve_pairs
25186,16,CWE-787,0.0385,0.0154,0.0731,0.0154,0.0,0.0154,False,cve_pairs
12438,16,CWE-787,0.0385,0.0154,0.0731,0.0154,0.0154,0.0,False,cve_pairs
12207,16,CWE-787,0.0381,0.0154,0.0722,0.0154,0.0,0.0154,False,cve_pairs
1940,16,CWE-787,0.0381,0.0308,0.0568,0.0154,0.0615,0.0615,False,cve_pairs
1710,16,CWE-787,0.0381,0.0462,0.0337,0.0308,0.2,0.2,False,cve_pairs
1933,16,CWE-787,0.0373,0.0154,0.0701,0.0154,0.0,0.0154,False,cve_pairs
11830,16,CWE-787,0.0372,0.0154,0.0698,0.0154,0.0,0.0154,False,cve_pairs
29094,16,CWE-787,0.0371,0.0154,0.0697,0.0154,0.0462,0.0308,False,cve_pairs
16174,16,CWE-787,0.0369,0.0154,0.0692,0.0154,0.0154,0.0308,False,cve_pairs
18128,16,CWE-787,0.0369,0.0154,0.0692,0.0154,0.0154,0.0,False,cve_pairs
6835,16,CWE-787,0.0368,0.0154,0.069,0.0154,0.0154,0.0154,False,cve_pairs
19408,16,CWE-787,0.0366,0.0154,0.0683,0.0154,0.0154,0.0,False,cve_pairs
16817,16,CWE-787,0.0363,0.0308,0.0447,0.0308,0.0462,0.0308,False,cve_pairs
9102,16,CWE-787,0.0363,0.0154,0.0678,0.0154,0.0615,0.0462,False,cve_pairs
16376,16,CWE-787,0.0362,0.0154,0.0675,0.0154,0.0154,0.0154,False,cve_pairs
9117,16,CWE-787,0.0362,0.0154,0.0675,0.0154,0.0308,0.0308,False,cve_pairs
24130,16,CWE-787,0.0362,0.0308,0.052,0.0154,0.2,0.1846,False,cve_pairs
19011,16,CWE-787,0.0361,0.0154,0.0672,0.0154,0.0,0.0154,False,cve_pairs
992,16,CWE-787,0.036,0.0154,0.0669,0.0154,0.0154,0.0,False,cve_pairs
18985,16,CWE-787,0.0358,0.0154,0.0665,0.0154,0.0154,0.0,False,cve_pairs
24389,16,CWE-787,0.0355,0.0308,0.0502,0.0154,0.0154,0.0308,False,cve_pairs
20251,16,CWE-787,0.0353,0.0154,0.0651,0.0154,0.0154,0.0,False,cve_pairs
2573,16,CWE-787,0.0352,0.0154,0.0648,0.0154,0.0,0.0154,False,cve_pairs
2961,16,CWE-787,0.035,0.0154,0.0645,0.0154,0.0,0.0154,False,cve_pairs
27541,16,CWE-787,0.0347,0.0154,0.0638,0.0154,0.0,0.0154,False,cve_pairs
5064,16,CWE-787,0.0346,0.0154,0.0633,0.0154,0.0,0.0154,False,cve_pairs
27337,16,CWE-787,0.0345,0.0154,0.0632,0.0154,0.0,0.0154,False,cve_pairs
21817,16,CWE-787,0.0345,0.0154,0.0632,0.0154,0.0,0.0154,False,cve_pairs
2905,16,CWE-787,0.0344,0.0154,0.063,0.0154,0.0308,0.0154,False,cve_pairs
31312,16,CWE-787,0.0343,0.0154,0.0628,0.0154,0.0,0.0154,False,cve_pairs
10982,16,CWE-787,0.0341,0.0154,0.0621,0.0154,0.0154,0.0,False,cve_pairs
20103,16,CWE-787,0.0339,0.0154,0.0617,0.0154,0.0308,0.0154,False,cve_pairs
11343,16,CWE-787,0.0337,0.0154,0.0612,0.0154,0.0,0.0154,False,cve_pairs
13778,16,CWE-787,0.0336,0.0154,0.0609,0.0154,0.0154,0.0,False,cve_pairs
14637,16,CWE-787,0.0336,0.0154,0.0609,0.0154,0.0308,0.0154,False,cve_pairs
28027,16,CWE-787,0.0336,0.0154,0.0608,0.0154,0.0,0.0154,False,cve_pairs
28672,16,CWE-787,0.0335,0.0154,0.0608,0.0154,0.0154,0.0,False,cve_pairs
9287,16,CWE-787,0.0335,0.0615,0.0068,0.0308,0.4462,0.4462,False,cve_pairs
5217,16,CWE-787,0.0334,0.0154,0.0604,0.0154,0.0308,0.0154,False,cve_pairs
28896,16,CWE-787,0.0332,0.0154,0.0599,0.0154,0.0,0.0154,False,cve_pairs
13242,16,CWE-787,0.0332,0.0154,0.0598,0.0154,0.0,0.0154,False,cve_pairs
3364,16,CWE-787,0.0331,0.0154,0.0597,0.0154,0.0,0.0154,False,cve_pairs
17065,16,CWE-787,0.0328,0.0154,0.059,0.0154,0.0154,0.0,False,cve_pairs
0,16,CWE-787,0.0328,0.0154,0.059,0.0154,0.0154,0.0,False,cve_pairs
30016,16,CWE-787,0.0328,0.0154,0.0589,0.0154,0.0,0.0154,False,cve_pairs
26674,16,CWE-787,0.0327,0.0154,0.0587,0.0154,0.0,0.0154,False,cve_pairs
1146,16,CWE-787,0.0327,0.0154,0.0587,0.0154,0.0,0.0154,False,cve_pairs
4511,16,CWE-787,0.0324,0.0154,0.0579,0.0154,0.0308,0.0154,False,cve_pairs
4652,16,CWE-787,0.0322,0.0154,0.0573,0.0154,0.0154,0.0,False,cve_pairs
29396,16,CWE-787,0.0322,0.0154,0.0573,0.0154,0.0,0.0154,False,cve_pairs
11080,16,CWE-787,0.0321,0.0154,0.0573,0.0154,0.0308,0.0154,False,cve_pairs
28929,16,CWE-787,0.032,0.0154,0.057,0.0154,0.0,0.0154,False,cve_pairs
28430,16,CWE-787,0.032,0.0154,0.057,0.0154,0.0,0.0154,False,cve_pairs
15437,16,CWE-787,0.0318,0.0154,0.0486,0.0308,0.0769,0.0615,False,cve_pairs
26214,16,CWE-787,0.0317,0.0154,0.0561,0.0154,0.0,0.0154,False,cve_pairs
32330,16,CWE-787,0.0317,0.0154,0.0561,0.0154,0.0154,0.0,False,cve_pairs
9485,16,CWE-787,0.0316,0.0154,0.0558,0.0154,0.0154,0.0,False,cve_pairs
23498,16,CWE-787,0.0314,0.0154,0.0555,0.0154,0.0154,0.0,False,cve_pairs
28530,16,CWE-787,0.0314,0.0154,0.0554,0.0154,0.0154,0.0,False,cve_pairs
20246,16,CWE-787,0.0314,0.0154,0.0554,0.0154,0.0923,0.0769,False,cve_pairs
11735,16,CWE-787,0.0314,0.0154,0.0554,0.0154,0.0,0.0154,False,cve_pairs
22194,16,CWE-787,0.0314,0.0154,0.0553,0.0154,0.0,0.0154,False,cve_pairs
12812,16,CWE-787,0.0311,0.0154,0.0548,0.0154,0.0154,0.0,False,cve_pairs
15161,16,CWE-787,0.0311,0.0154,0.0547,0.0154,0.0,0.0154,False,cve_pairs
29848,16,CWE-787,0.0311,0.0154,0.0547,0.0154,0.0308,0.0154,False,cve_pairs
8809,16,CWE-787,0.0311,0.0154,0.0546,0.0154,0.0154,0.0,False,cve_pairs
3668,16,CWE-787,0.031,0.0154,0.0543,0.0154,0.0,0.0154,False,cve_pairs
15263,16,CWE-787,0.0309,0.0154,0.0541,0.0154,0.0,0.0154,False,cve_pairs
15572,16,CWE-787,0.0308,0.0154,0.054,0.0154,0.0308,0.0154,False,cve_pairs
4356,16,CWE-787,0.0306,0.0154,0.0535,0.0154,0.0154,0.0154,False,cve_pairs
20259,16,CWE-787,0.0305,0.0154,0.0532,0.0154,0.0154,0.0,False,cve_pairs
32319,16,CWE-787,0.0305,0.0154,0.0532,0.0154,0.0,0.0154,False,cve_pairs
20272,16,CWE-787,0.0303,0.0154,0.0527,0.0154,0.0154,0.0,False,cve_pairs
30988,16,CWE-787,0.0302,0.0154,0.0525,0.0154,0.0,0.0154,False,cve_pairs
7949,16,CWE-787,0.0302,0.0154,0.0524,0.0154,0.0308,0.0154,False,cve_pairs
19976,16,CWE-787,0.0301,0.0154,0.0522,0.0154,0.0154,0.0,False,cve_pairs
2546,16,CWE-787,0.03,0.0154,0.052,0.0154,0.0308,0.0154,False,cve_pairs
20261,16,CWE-787,0.03,0.0154,0.0519,0.0154,0.0,0.0154,False,cve_pairs
15268,16,CWE-787,0.03,0.0154,0.0519,0.0154,0.0,0.0154,False,cve_pairs
7367,16,CWE-787,0.0298,0.0154,0.0515,0.0154,0.0154,0.0,False,cve_pairs
21901,16,CWE-787,0.0298,0.0154,0.0515,0.0154,0.0154,0.0,False,cve_pairs
2705,16,CWE-787,0.0298,0.0154,0.0513,0.0154,0.1231,0.1385,False,cve_pairs
25585,16,CWE-787,0.0296,0.0154,0.051,0.0154,0.0154,0.0,False,cve_pairs
6986,16,CWE-190,0.3266,0.1059,0.6753,0.0706,0.9176,0.9412,True,cve_pairs
9465,16,CWE-190,0.2231,0.0941,0.4107,0.1059,0.2353,0.1529,True,cve_pairs
10758,16,CWE-190,0.1542,0.1294,0.2209,0.0706,0.8353,0.8118,True,cve_pairs
11625,16,CWE-190,0.1309,0.0471,0.2566,0.0471,0.1059,0.0706,True,cve_pairs
22720,16,CWE-190,0.1117,0.0824,0.1675,0.0588,0.2706,0.3294,True,cve_pairs
7839,16,CWE-190,0.097,0.0353,0.1896,0.0353,0.0353,0.0,True,cve_pairs
26373,16,CWE-190,0.091,0.0588,0.1392,0.0588,0.2118,0.1882,True,cve_pairs
14376,16,CWE-190,0.0886,0.0588,0.145,0.0353,0.2118,0.1765,True,cve_pairs
9287,16,CWE-190,0.086,0.0824,0.1092,0.0471,0.4471,0.4118,True,cve_pairs
26413,16,CWE-190,0.0831,0.0353,0.1549,0.0353,0.0353,0.0,True,cve_pairs
27913,16,CWE-190,0.0817,0.0353,0.1514,0.0353,0.0118,0.0471,False,cve_pairs
22402,16,CWE-190,0.0816,0.0353,0.1571,0.0235,0.0824,0.0588,True,cve_pairs
9416,16,CWE-190,0.0814,0.0471,0.1329,0.0471,0.0588,0.1059,True,cve_pairs
6312,16,CWE-190,0.0807,0.0941,0.09,0.0353,0.2588,0.2824,True,cve_pairs
5951,16,CWE-190,0.0779,0.0471,0.13,0.0353,0.0941,0.1294,True,cve_pairs
4850,16,CWE-190,0.0774,0.0235,0.1582,0.0235,0.0353,0.0118,True,cve_pairs
10357,16,CWE-190,0.077,0.0353,0.1395,0.0353,0.0471,0.0118,True,cve_pairs
5719,16,CWE-190,0.0749,0.0353,0.1343,0.0353,0.0353,0.0,True,cve_pairs
25717,16,CWE-190,0.0747,0.0353,0.1279,0.0471,0.2118,0.1765,True,cve_pairs
24130,16,CWE-190,0.0739,0.0588,0.1023,0.0471,0.1294,0.1765,True,cve_pairs
26059,16,CWE-190,0.0733,0.0118,0.1656,0.0118,0.0118,0.0,False,cve_pairs
24959,16,CWE-190,0.0715,0.0353,0.1258,0.0353,0.0706,0.0353,True,cve_pairs
13552,16,CWE-190,0.0701,0.0235,0.14,0.0235,0.0118,0.0353,False,cve_pairs
8254,16,CWE-190,0.0701,0.0235,0.1399,0.0235,0.0235,0.0,True,cve_pairs
25784,16,CWE-190,0.0694,0.0471,0.1088,0.0353,0.1882,0.1529,True,cve_pairs
18857,16,CWE-190,0.0687,0.0471,0.107,0.0353,0.2235,0.2,True,cve_pairs
9045,16,CWE-190,0.0687,0.0118,0.154,0.0118,0.0,0.0118,False,cve_pairs
18428,16,CWE-190,0.0682,0.0353,0.1175,0.0353,0.0,0.0353,False,cve_pairs
19259,16,CWE-190,0.0676,0.0353,0.1162,0.0353,0.0,0.0353,False,cve_pairs
17876,16,CWE-190,0.0675,0.0353,0.1158,0.0353,0.0471,0.0588,True,cve_pairs
11877,16,CWE-190,0.067,0.0471,0.097,0.0471,0.0941,0.0941,True,cve_pairs
14940,16,CWE-190,0.0668,0.0118,0.1495,0.0118,0.0118,0.0,False,cve_pairs
22892,16,CWE-190,0.0653,0.0588,0.0868,0.0353,0.4,0.4235,True,cve_pairs
9342,16,CWE-190,0.0648,0.0824,0.0561,0.0471,0.4118,0.4353,True,cve_pairs
32697,16,CWE-190,0.0637,0.0118,0.1416,0.0118,0.0118,0.0,False,cve_pairs
26619,16,CWE-190,0.0634,0.0118,0.1408,0.0118,0.0,0.0118,False,cve_pairs
1546,16,CWE-190,0.0633,0.0235,0.123,0.0235,0.0235,0.0,True,cve_pairs
13089,16,CWE-190,0.0626,0.0353,0.1034,0.0353,0.0235,0.0588,True,cve_pairs
21423,16,CWE-190,0.0623,0.0235,0.1204,0.0235,0.0,0.0235,False,cve_pairs
19806,16,CWE-190,0.0622,0.0118,0.1377,0.0118,0.0118,0.0118,False,cve_pairs
30907,16,CWE-190,0.0616,0.0235,0.1187,0.0235,0.0118,0.0353,False,cve_pairs
1754,16,CWE-190,0.0612,0.0235,0.1178,0.0235,0.0941,0.1176,True,cve_pairs
1710,16,CWE-190,0.0611,0.0353,0.0998,0.0353,0.1412,0.1294,True,cve_pairs
2273,16,CWE-190,0.0601,0.0235,0.1149,0.0235,0.0118,0.0235,False,cve_pairs
3635,16,CWE-190,0.0585,0.0118,0.1286,0.0118,0.0118,0.0,False,cve_pairs
8076,16,CWE-190,0.0584,0.0235,0.1107,0.0235,0.0235,0.0353,True,cve_pairs
6156,16,CWE-190,0.0583,0.0235,0.1104,0.0235,0.0353,0.0118,True,cve_pairs
28022,16,CWE-190,0.0583,0.0706,0.0633,0.0235,0.0824,0.1059,True,cve_pairs
15386,16,CWE-190,0.0582,0.0471,0.0807,0.0353,0.1647,0.1294,True,cve_pairs
16371,16,CWE-190,0.058,0.0118,0.1273,0.0118,0.0118,0.0,False,cve_pairs
17690,16,CWE-190,0.0575,0.0235,0.1086,0.0235,0.0235,0.0,True,cve_pairs
9816,16,CWE-190,0.0575,0.0588,0.0732,0.0235,0.2,0.2235,True,cve_pairs
5640,16,CWE-190,0.0574,0.0353,0.0906,0.0353,0.0588,0.0824,True,cve_pairs
28079,16,CWE-190,0.0574,0.0353,0.0904,0.0353,0.0,0.0353,False,cve_pairs
21103,16,CWE-190,0.0568,0.0118,0.1244,0.0118,0.0,0.0118,False,cve_pairs
8679,16,CWE-190,0.0568,0.0118,0.1243,0.0118,0.0,0.0118,False,cve_pairs
9820,16,CWE-190,0.0563,0.0353,0.0877,0.0353,0.1765,0.1412,True,cve_pairs
22839,16,CWE-190,0.0562,0.0235,0.0994,0.0353,0.0118,0.0353,False,cve_pairs
3222,16,CWE-190,0.056,0.0118,0.1224,0.0118,0.0118,0.0,False,cve_pairs
17101,16,CWE-190,0.0555,0.0118,0.1211,0.0118,0.0118,0.0,False,cve_pairs
22550,16,CWE-190,0.0555,0.0235,0.1034,0.0235,0.0235,0.0,True,cve_pairs
24430,16,CWE-190,0.0554,0.0235,0.1032,0.0235,0.0235,0.0,True,cve_pairs
6793,16,CWE-190,0.0553,0.0118,0.1207,0.0118,0.0118,0.0,False,cve_pairs
10715,16,CWE-190,0.0548,0.0235,0.1018,0.0235,0.0235,0.0,True,cve_pairs
7589,16,CWE-190,0.0545,0.0118,0.1187,0.0118,0.0,0.0118,False,cve_pairs
2917,16,CWE-190,0.0545,0.0824,0.0422,0.0235,0.2471,0.2471,True,cve_pairs
18124,16,CWE-190,0.0539,0.0235,0.0995,0.0235,0.0235,0.0,True,cve_pairs
4316,16,CWE-190,0.0534,0.0118,0.1158,0.0118,0.0118,0.0235,False,cve_pairs
5407,16,CWE-190,0.0532,0.0235,0.0978,0.0235,0.0353,0.0588,True,cve_pairs
16728,16,CWE-190,0.0524,0.0235,0.0956,0.0235,0.0235,0.0,True,cve_pairs
13179,16,CWE-190,0.0523,0.0118,0.1132,0.0118,0.0118,0.0,False,cve_pairs
19820,16,CWE-190,0.0523,0.0235,0.0954,0.0235,0.0,0.0235,False,cve_pairs
3817,16,CWE-190,0.0522,0.0118,0.1128,0.0118,0.0118,0.0235,False,cve_pairs
6505,16,CWE-190,0.0521,0.0118,0.1127,0.0118,0.0,0.0118,False,cve_pairs
21802,16,CWE-190,0.0521,0.0235,0.0949,0.0235,0.0,0.0235,False,cve_pairs
6599,16,CWE-190,0.0518,0.0471,0.0707,0.0235,0.1294,0.1059,True,cve_pairs
3789,16,CWE-190,0.0517,0.0118,0.1116,0.0118,0.0118,0.0,False,cve_pairs
12161,16,CWE-190,0.0515,0.0353,0.0816,0.0235,0.0588,0.0353,True,cve_pairs
5034,16,CWE-190,0.0514,0.0471,0.0639,0.0353,0.1647,0.1765,True,cve_pairs
5825,16,CWE-190,0.0513,0.0118,0.1107,0.0118,0.0,0.0118,False,cve_pairs
1037,16,CWE-190,0.0512,0.0118,0.1105,0.0118,0.0118,0.0,False,cve_pairs
2326,16,CWE-190,0.0512,0.0235,0.0927,0.0235,0.0353,0.0118,True,cve_pairs
24550,16,CWE-190,0.0511,0.0118,0.1101,0.0118,0.0118,0.0,False,cve_pairs
18095,16,CWE-190,0.0511,0.0118,0.11,0.0118,0.0,0.0118,False,cve_pairs
23049,16,CWE-190,0.0509,0.0118,0.1095,0.0118,0.0118,0.0,False,cve_pairs
31087,16,CWE-190,0.0507,0.0353,0.0797,0.0235,0.0471,0.0235,True,cve_pairs
1853,16,CWE-190,0.0506,0.0235,0.0912,0.0235,0.0,0.0235,False,cve_pairs
5669,16,CWE-190,0.0506,0.0118,0.1088,0.0118,0.0118,0.0,False,cve_pairs
26332,16,CWE-190,0.0505,0.0235,0.0909,0.0235,0.0118,0.0235,False,cve_pairs
3198,16,CWE-190,0.0499,0.0235,0.0895,0.0235,0.0235,0.0,False,cve_pairs
3497,16,CWE-190,0.0497,0.0118,0.1067,0.0118,0.0,0.0118,False,cve_pairs
4735,16,CWE-190,0.0496,0.0353,0.077,0.0235,0.1294,0.1529,False,cve_pairs
26213,16,CWE-190,0.0496,0.0118,0.1062,0.0118,0.0118,0.0,False,cve_pairs
31692,16,CWE-190,0.0489,0.0235,0.087,0.0235,0.0,0.0235,False,cve_pairs
25391,16,CWE-190,0.0488,0.0235,0.0868,0.0235,0.0235,0.0,False,cve_pairs
17666,16,CWE-190,0.0488,0.0118,0.1042,0.0118,0.0,0.0118,False,cve_pairs
30883,16,CWE-190,0.0487,0.0235,0.0864,0.0235,0.0588,0.0353,False,cve_pairs
26138,16,CWE-190,0.0486,0.0118,0.1039,0.0118,0.0235,0.0118,False,cve_pairs
8219,16,CWE-190,0.0484,0.0235,0.0858,0.0235,0.0353,0.0235,False,cve_pairs
22327,16,CWE-190,0.0483,0.0118,0.1032,0.0118,0.0,0.0118,False,cve_pairs
20703,16,CWE-190,0.0482,0.0235,0.0852,0.0235,0.0353,0.0118,False,cve_pairs
4721,16,CWE-190,0.048,0.0235,0.0848,0.0235,0.0,0.0235,False,cve_pairs
29185,16,CWE-190,0.0477,0.0118,0.1016,0.0118,0.0118,0.0,False,cve_pairs
8543,16,CWE-190,0.0476,0.0118,0.1012,0.0118,0.0,0.0118,False,cve_pairs
241,16,CWE-190,0.0475,0.0118,0.1011,0.0118,0.0118,0.0235,False,cve_pairs
9979,16,CWE-190,0.0474,0.0235,0.0833,0.0235,0.0588,0.0353,False,cve_pairs
8839,16,CWE-190,0.0474,0.0118,0.1008,0.0118,0.0118,0.0,False,cve_pairs
16926,16,CWE-190,0.0473,0.0118,0.1005,0.0118,0.0118,0.0235,False,cve_pairs
10551,16,CWE-190,0.0471,0.0118,0.1,0.0118,0.0118,0.0,False,cve_pairs
9085,16,CWE-190,0.047,0.0353,0.0704,0.0235,0.0118,0.0353,False,cve_pairs
20744,16,CWE-190,0.0469,0.0118,0.0995,0.0118,0.0118,0.0,False,cve_pairs
20955,16,CWE-190,0.0468,0.0235,0.0816,0.0235,0.0353,0.0118,False,cve_pairs
14849,16,CWE-190,0.0467,0.0118,0.099,0.0118,0.0118,0.0,False,cve_pairs
2022,16,CWE-190,0.0467,0.0118,0.099,0.0118,0.0,0.0118,False,cve_pairs
11595,16,CWE-190,0.0463,0.0588,0.0452,0.0235,0.2353,0.2471,False,cve_pairs
27532,16,CWE-190,0.0462,0.0353,0.0683,0.0235,0.0471,0.0235,False,cve_pairs
1334,16,CWE-190,0.0459,0.0824,0.0148,0.0353,0.4235,0.4353,False,cve_pairs
32721,16,CWE-190,0.0458,0.0118,0.0969,0.0118,0.0,0.0118,False,cve_pairs
3607,16,CWE-190,0.0458,0.0118,0.0969,0.0118,0.0118,0.0,False,cve_pairs
10226,16,CWE-190,0.0456,0.0118,0.0964,0.0118,0.0118,0.0235,False,cve_pairs
18022,16,CWE-190,0.0456,0.0118,0.0964,0.0118,0.0118,0.0,False,cve_pairs
17395,16,CWE-190,0.0455,0.0235,0.0786,0.0235,0.1294,0.1059,False,cve_pairs
5523,16,CWE-190,0.0453,0.0235,0.0781,0.0235,0.0,0.0235,False,cve_pairs
10303,16,CWE-190,0.0451,0.0353,0.0656,0.0235,0.0471,0.0235,False,cve_pairs
22138,16,CWE-190,0.0449,0.0118,0.0947,0.0118,0.0353,0.0471,False,cve_pairs
20746,16,CWE-190,0.0445,0.0235,0.0761,0.0235,0.0353,0.0118,False,cve_pairs
24187,16,CWE-190,0.0445,0.0235,0.076,0.0235,0.0118,0.0353,False,cve_pairs
4991,16,CWE-190,0.0445,0.0118,0.0937,0.0118,0.0,0.0118,False,cve_pairs
28360,16,CWE-190,0.0442,0.0118,0.093,0.0118,0.0,0.0118,False,cve_pairs
26098,16,CWE-190,0.044,0.0235,0.0747,0.0235,0.0118,0.0353,False,cve_pairs
1218,16,CWE-190,0.0439,0.0471,0.0568,0.0118,0.1647,0.1529,False,cve_pairs
4199,16,CWE-190,0.0438,0.0118,0.0918,0.0118,0.0118,0.0,False,cve_pairs
13168,16,CWE-190,0.0437,0.0118,0.0917,0.0118,0.0,0.0118,False,cve_pairs
20227,16,CWE-190,0.0437,0.0118,0.0916,0.0118,0.0,0.0118,False,cve_pairs
12767,16,CWE-190,0.0435,0.0353,0.0618,0.0235,0.0353,0.0118,False,cve_pairs
11926,16,CWE-190,0.0433,0.0353,0.0554,0.0353,0.0941,0.0824,False,cve_pairs
30289,16,CWE-190,0.0433,0.0118,0.0907,0.0118,0.0,0.0118,False,cve_pairs
27047,16,CWE-190,0.0433,0.0235,0.0729,0.0235,0.0235,0.0,False,cve_pairs
20589,16,CWE-190,0.0432,0.0118,0.0904,0.0118,0.0118,0.0235,False,cve_pairs
12190,16,CWE-190,0.0432,0.0235,0.0726,0.0235,0.0118,0.0353,False,cve_pairs
31670,16,CWE-190,0.0431,0.0235,0.0724,0.0235,0.0,0.0235,False,cve_pairs
29799,16,CWE-190,0.043,0.0471,0.0486,0.0235,0.1412,0.1412,False,cve_pairs
5355,16,CWE-190,0.0429,0.0235,0.072,0.0235,0.0,0.0235,False,cve_pairs
3722,16,CWE-190,0.0429,0.0118,0.0895,0.0118,0.0471,0.0353,False,cve_pairs
28710,16,CWE-190,0.0427,0.0235,0.0713,0.0235,0.0235,0.0,False,cve_pairs
1023,16,CWE-190,0.0423,0.0235,0.0706,0.0235,0.0471,0.0235,False,cve_pairs
27655,16,CWE-190,0.0423,0.0118,0.0882,0.0118,0.0118,0.0,False,cve_pairs
20977,16,CWE-190,0.0422,0.0235,0.0702,0.0235,0.0353,0.0118,False,cve_pairs
2519,16,CWE-190,0.0422,0.0235,0.0702,0.0235,0.0235,0.0,False,cve_pairs
2812,16,CWE-190,0.0418,0.0235,0.0691,0.0235,0.0235,0.0353,False,cve_pairs
17625,16,CWE-190,0.0418,0.0235,0.0691,0.0235,0.0118,0.0353,False,cve_pairs
170,16,CWE-190,0.0418,0.0118,0.0867,0.0118,0.0118,0.0235,False,cve_pairs
4950,16,CWE-190,0.0417,0.0588,0.0338,0.0235,0.0471,0.0706,False,cve_pairs
2892,16,CWE-190,0.0415,0.0235,0.0686,0.0235,0.0353,0.0118,False,cve_pairs
6676,16,CWE-190,0.0415,0.0118,0.0803,0.0235,0.0118,0.0235,False,cve_pairs
4961,16,CWE-190,0.0415,0.0353,0.0567,0.0235,0.0353,0.0118,False,cve_pairs
13526,16,CWE-190,0.0411,0.0118,0.0852,0.0118,0.0,0.0118,False,cve_pairs
27455,16,CWE-190,0.041,0.0118,0.0849,0.0118,0.0118,0.0235,False,cve_pairs
20966,16,CWE-190,0.0408,0.0235,0.0668,0.0235,0.0,0.0235,False,cve_pairs
13523,16,CWE-190,0.0405,0.0118,0.0837,0.0118,0.0,0.0118,False,cve_pairs
21080,16,CWE-190,0.0403,0.0118,0.083,0.0118,0.0118,0.0,False,cve_pairs
29848,16,CWE-190,0.0401,0.0235,0.0649,0.0235,0.0353,0.0118,False,cve_pairs
4021,16,CWE-190,0.0395,0.0235,0.0634,0.0235,0.0235,0.0471,False,cve_pairs
6745,16,CWE-190,0.0394,0.0235,0.0633,0.0235,0.0,0.0235,False,cve_pairs
22880,16,CWE-190,0.0392,0.0235,0.0627,0.0235,0.0471,0.0706,False,cve_pairs
23089,16,CWE-190,0.0391,0.0118,0.0801,0.0118,0.0,0.0118,False,cve_pairs
29572,16,CWE-190,0.0391,0.0118,0.0801,0.0118,0.0,0.0118,False,cve_pairs
24729,16,CWE-190,0.0391,0.0235,0.0624,0.0235,0.0471,0.0235,False,cve_pairs
31057,16,CWE-190,0.039,0.0118,0.0799,0.0118,0.0235,0.0118,False,cve_pairs
5540,16,CWE-190,0.039,0.0235,0.0622,0.0235,0.0235,0.0,False,cve_pairs
26585,16,CWE-190,0.039,0.0235,0.068,0.0118,0.0941,0.0824,False,cve_pairs
11228,16,CWE-190,0.039,0.0118,0.0798,0.0118,0.0,0.0118,False,cve_pairs
32181,16,CWE-190,0.039,0.0118,0.0798,0.0118,0.0118,0.0118,False,cve_pairs
24763,16,CWE-190,0.0389,0.0118,0.0797,0.0118,0.0118,0.0,False,cve_pairs
12509,16,CWE-190,0.0389,0.0118,0.0796,0.0118,0.0118,0.0,False,cve_pairs
23100,16,CWE-190,0.0388,0.0118,0.0794,0.0118,0.0118,0.0118,False,cve_pairs
14628,16,CWE-190,0.0385,0.0235,0.061,0.0235,0.0,0.0235,False,cve_pairs
16417,16,CWE-190,0.0385,0.0235,0.0609,0.0235,0.0,0.0235,False,cve_pairs
32473,16,CWE-190,0.0384,0.0118,0.0785,0.0118,0.0118,0.0,False,cve_pairs
3791,16,CWE-190,0.0383,0.0706,0.0134,0.0235,0.1294,0.1529,False,cve_pairs
18158,16,CWE-190,0.0382,0.0118,0.0779,0.0118,0.0,0.0118,False,cve_pairs
22288,16,CWE-190,0.0382,0.0235,0.0602,0.0235,0.1412,0.1412,False,cve_pairs
22349,16,CWE-190,0.0382,0.0235,0.0601,0.0235,0.0235,0.0,False,cve_pairs
12083,16,CWE-190,0.0381,0.0235,0.06,0.0235,0.0235,0.0,False,cve_pairs
24256,16,CWE-190,0.0381,0.0118,0.0775,0.0118,0.0118,0.0,False,cve_pairs
18094,16,CWE-190,0.0379,0.0118,0.077,0.0118,0.0471,0.0353,False,cve_pairs
14724,16,CWE-190,0.0378,0.0118,0.077,0.0118,0.0353,0.0235,False,cve_pairs
19933,16,CWE-190,0.0378,0.0353,0.0475,0.0235,0.0235,0.0471,False,cve_pairs
16564,16,CWE-190,0.0378,0.0118,0.0768,0.0118,0.0118,0.0,False,cve_pairs
2682,16,CWE-190,0.0377,0.0235,0.0591,0.0235,0.0235,0.0,False,cve_pairs
29061,16,CWE-190,0.0377,0.0235,0.0589,0.0235,0.0,0.0235,False,cve_pairs
2100,16,CWE-190,0.0373,0.0118,0.0755,0.0118,0.0118,0.0,False,cve_pairs
22747,16,CWE-190,0.0372,0.0118,0.0754,0.0118,0.0118,0.0,False,cve_pairs
4514,16,CWE-190,0.0371,0.0235,0.0575,0.0235,0.0235,0.0,False,cve_pairs
23254,16,CWE-190,0.0371,0.0118,0.0751,0.0118,0.0118,0.0,False,cve_pairs
31846,16,CWE-190,0.037,0.0118,0.075,0.0118,0.0118,0.0,False,cve_pairs
26155,16,CWE-190,0.037,0.0118,0.0749,0.0118,0.0118,0.0,False,cve_pairs
25185,16,CWE-190,0.037,0.0118,0.0748,0.0118,0.0118,0.0235,False,cve_pairs
15437,16,CWE-190,0.0369,0.0235,0.0569,0.0235,0.0353,0.0588,False,cve_pairs
16656,16,CWE-190,0.0368,0.0353,0.0449,0.0235,0.0588,0.0471,False,cve_pairs
9342,16,CWE-476,0.1774,0.0667,0.3435,0.0667,0.48,0.5067,True,cve_pairs
1334,16,CWE-476,0.1205,0.0667,0.2013,0.0667,0.3867,0.3467,True,cve_pairs
5484,16,CWE-476,0.1087,0.04,0.2116,0.04,0.0533,0.0133,True,cve_pairs
6986,16,CWE-476,0.1057,0.0933,0.1509,0.04,0.9467,0.9467,True,cve_pairs
9465,16,CWE-476,0.1047,0.0533,0.1883,0.04,0.16,0.2,True,cve_pairs
9287,16,CWE-476,0.1041,0.12,0.1137,0.0533,0.4533,0.4533,True,cve_pairs
12333,16,CWE-476,0.1015,0.04,0.1937,0.04,0.0,0.04,False,cve_pairs
22670,16,CWE-476,0.1003,0.04,0.1907,0.04,0.04,0.0,True,cve_pairs
1547,16,CWE-476,0.0983,0.04,0.1857,0.04,0.0,0.04,False,cve_pairs
2665,16,CWE-476,0.0981,0.0133,0.2253,0.0133,0.0,0.0133,False,cve_pairs
32249,16,CWE-476,0.0946,0.04,0.1766,0.04,0.0533,0.0133,True,cve_pairs
11195,16,CWE-476,0.0942,0.0133,0.2156,0.0133,0.0,0.0133,False,cve_pairs
22866,16,CWE-476,0.0941,0.0133,0.2152,0.0133,0.0133,0.0,False,cve_pairs
21602,16,CWE-476,0.0918,0.04,0.1696,0.04,0.0,0.04,False,cve_pairs
10758,16,CWE-476,0.0908,0.12,0.087,0.04,0.7333,0.6933,True,cve_pairs
2256,16,CWE-476,0.09,0.0267,0.185,0.0267,0.04,0.0267,True,cve_pairs
13671,16,CWE-476,0.0859,0.0133,0.1949,0.0133,0.0133,0.0,False,cve_pairs
24613,16,CWE-476,0.0822,0.04,0.1521,0.0267,0.08,0.0533,True,cve_pairs
14739,16,CWE-476,0.0795,0.0533,0.1255,0.04,0.12,0.16,True,cve_pairs
11326,16,CWE-476,0.078,0.04,0.1417,0.0267,0.0133,0.04,False,cve_pairs
436,16,CWE-476,0.0767,0.0133,0.1719,0.0133,0.0133,0.0,False,cve_pairs
16028,16,CWE-476,0.0764,0.0267,0.151,0.0267,0.0133,0.04,False,cve_pairs
25717,16,CWE-476,0.0762,0.04,0.1237,0.0533,0.2,0.16,True,cve_pairs
16268,16,CWE-476,0.0755,0.0267,0.1487,0.0267,0.0267,0.0,True,cve_pairs
2917,16,CWE-476,0.0753,0.04,0.135,0.0267,0.2,0.1733,True,cve_pairs
19331,16,CWE-476,0.0753,0.0133,0.1683,0.0133,0.0,0.0133,False,cve_pairs
28644,16,CWE-476,0.0752,0.04,0.128,0.04,0.04,0.08,True,cve_pairs
14376,16,CWE-476,0.0739,0.0667,0.0846,0.0667,0.24,0.2667,True,cve_pairs
8392,16,CWE-476,0.0733,0.0267,0.1433,0.0267,0.0133,0.04,False,cve_pairs
12372,16,CWE-476,0.0728,0.04,0.122,0.04,0.04,0.0,True,cve_pairs
25101,16,CWE-476,0.0711,0.0133,0.1578,0.0133,0.0,0.0133,False,cve_pairs
3791,16,CWE-476,0.0709,0.0533,0.1107,0.0267,0.1467,0.1333,True,cve_pairs
20763,16,CWE-476,0.0709,0.0133,0.1573,0.0133,0.0,0.0133,False,cve_pairs
1903,16,CWE-476,0.0708,0.0267,0.137,0.0267,0.0,0.0267,False,cve_pairs
18116,16,CWE-476,0.0706,0.0133,0.1564,0.0133,0.0,0.0133,False,cve_pairs
26282,16,CWE-476,0.0702,0.0267,0.1356,0.0267,0.0667,0.04,True,cve_pairs
16709,16,CWE-476,0.0696,0.0267,0.134,0.0267,0.0267,0.0,True,cve_pairs
15769,16,CWE-476,0.069,0.0133,0.1524,0.0133,0.0133,0.0,False,cve_pairs
32089,16,CWE-476,0.0677,0.0133,0.1492,0.0133,0.0,0.0133,False,cve_pairs
4950,16,CWE-476,0.0669,0.04,0.1072,0.04,0.1333,0.12,True,cve_pairs
5913,16,CWE-476,0.0665,0.0133,0.1464,0.0133,0.0,0.0133,False,cve_pairs
8172,16,CWE-476,0.0665,0.0267,0.1262,0.0267,0.0267,0.0,True,cve_pairs
25784,16,CWE-476,0.0658,0.0533,0.0979,0.0267,0.1067,0.1333,True,cve_pairs
31440,16,CWE-476,0.0658,0.0267,0.1244,0.0267,0.0267,0.0,True,cve_pairs
6093,16,CWE-476,0.0657,0.0933,0.0442,0.0533,0.3067,0.2667,True,cve_pairs
5509,16,CWE-476,0.0655,0.0133,0.1437,0.0133,0.0133,0.0,False,cve_pairs
11949,16,CWE-476,0.0653,0.0267,0.1234,0.0267,0.0267,0.0,True,cve_pairs
13531,16,CWE-476,0.0653,0.0133,0.1433,0.0133,0.0,0.0133,False,cve_pairs
12955,16,CWE-476,0.0638,0.0267,0.1195,0.0267,0.0667,0.04,True,cve_pairs
23545,16,CWE-476,0.0629,0.0133,0.1373,0.0133,0.0133,0.0,False,cve_pairs
11716,16,CWE-476,0.0628,0.04,0.0969,0.04,0.08,0.1067,True,cve_pairs
24633,16,CWE-476,0.0626,0.0133,0.1366,0.0133,0.0,0.0133,False,cve_pairs
11877,16,CWE-476,0.0626,0.0533,0.0831,0.04,0.1867,0.1467,True,cve_pairs
9816,16,CWE-476,0.0614,0.0667,0.0602,0.0533,0.2267,0.2133,True,cve_pairs
18633,16,CWE-476,0.0608,0.0133,0.1319,0.0133,0.0133,0.0,False,cve_pairs
26402,16,CWE-476,0.0597,0.0133,0.1293,0.0133,0.0267,0.0133,True,cve_pairs
8839,16,CWE-476,0.0592,0.0133,0.128,0.0133,0.0133,0.0,False,cve_pairs
1710,16,CWE-476,0.0592,0.04,0.0947,0.0267,0.1733,0.1867,True,cve_pairs
28860,16,CWE-476,0.0578,0.0267,0.1045,0.0267,0.0,0.0267,False,cve_pairs
4502,16,CWE-476,0.0577,0.0133,0.1243,0.0133,0.0,0.0133,False,cve_pairs
6695,16,CWE-476,0.0571,0.0267,0.1029,0.0267,0.0133,0.04,False,cve_pairs
6590,16,CWE-476,0.057,0.0133,0.1225,0.0133,0.0133,0.0267,False,cve_pairs
6073,16,CWE-476,0.0565,0.0133,0.1213,0.0133,0.0133,0.0133,False,cve_pairs
24964,16,CWE-476,0.0562,0.0133,0.1205,0.0133,0.0133,0.0,False,cve_pairs
27809,16,CWE-476,0.0556,0.0133,0.1189,0.0133,0.0133,0.0,False,cve_pairs
7904,16,CWE-476,0.0546,0.0267,0.0966,0.0267,0.0267,0.0533,True,cve_pairs
21269,16,CWE-476,0.0546,0.0133,0.1164,0.0133,0.0133,0.0,False,cve_pairs
1023,16,CWE-476,0.0545,0.04,0.0829,0.0267,0.0667,0.04,True,cve_pairs
6670,16,CWE-476,0.0545,0.0133,0.1162,0.0133,0.0,0.0133,False,cve_pairs
32691,16,CWE-476,0.0544,0.0133,0.1161,0.0133,0.0,0.0133,False,cve_pairs
895,16,CWE-476,0.0541,0.0267,0.0887,0.04,0.08,0.0533,True,cve_pairs
2580,16,CWE-476,0.0539,0.0133,0.1147,0.0133,0.0,0.0133,False,cve_pairs
12383,16,CWE-476,0.0536,0.0133,0.114,0.0133,0.0,0.0133,False,cve_pairs
9085,16,CWE-476,0.0536,0.04,0.0739,0.04,0.04,0.0133,True,cve_pairs
29660,16,CWE-476,0.0529,0.0133,0.1122,0.0133,0.0133,0.0,False,cve_pairs
26274,16,CWE-476,0.0525,0.0667,0.0513,0.0267,0.1733,0.16,True,cve_pairs
19535,16,CWE-476,0.0525,0.0533,0.0646,0.0267,0.1467,0.12,True,cve_pairs
28079,16,CWE-476,0.0523,0.0267,0.0907,0.0267,0.0267,0.0533,True,cve_pairs
6354,16,CWE-476,0.0521,0.0133,0.1102,0.0133,0.0,0.0133,False,cve_pairs
20259,16,CWE-476,0.052,0.0267,0.0899,0.0267,0.0133,0.0267,False,cve_pairs
14399,16,CWE-476,0.0519,0.0133,0.1097,0.0133,0.0133,0.0,False,cve_pairs
2905,16,CWE-476,0.0514,0.0267,0.0884,0.0267,0.04,0.0133,True,cve_pairs
32723,16,CWE-476,0.0512,0.0133,0.1079,0.0133,0.0,0.0133,False,cve_pairs
7044,16,CWE-476,0.0505,0.0267,0.0863,0.0267,0.04,0.0133,True,cve_pairs
32535,16,CWE-476,0.0505,0.0133,0.1061,0.0133,0.0133,0.0,False,cve_pairs
18658,16,CWE-476,0.0502,0.0133,0.1054,0.0133,0.0133,0.0,False,cve_pairs
30258,16,CWE-476,0.0496,0.0133,0.1039,0.0133,0.0,0.0133,False,cve_pairs
2715,16,CWE-476,0.0492,0.0133,0.1031,0.0133,0.0133,0.0133,False,cve_pairs
13552,16,CWE-476,0.0492,0.0267,0.0829,0.0267,0.04,0.0667,False,cve_pairs
7595,16,CWE-476,0.0492,0.0133,0.1029,0.0133,0.0133,0.0267,False,cve_pairs
8679,16,CWE-476,0.049,0.0133,0.1025,0.0133,0.0,0.0133,False,cve_pairs
18128,16,CWE-476,0.0489,0.0133,0.1023,0.0133,0.0133,0.0,False,cve_pairs
24656,16,CWE-476,0.0486,0.0133,0.1014,0.0133,0.0,0.0133,False,cve_pairs
7255,16,CWE-476,0.0485,0.0133,0.1012,0.0133,0.0133,0.0,False,cve_pairs
27135,16,CWE-476,0.0481,0.0133,0.1003,0.0133,0.0133,0.0,False,cve_pairs
17395,16,CWE-476,0.0481,0.0267,0.0803,0.0267,0.1067,0.0933,False,cve_pairs
22441,16,CWE-476,0.0479,0.0133,0.0998,0.0133,0.0,0.0133,False,cve_pairs
8407,16,CWE-476,0.0479,0.0133,0.0997,0.0133,0.0267,0.0133,False,cve_pairs
21393,16,CWE-476,0.0476,0.0133,0.0991,0.0133,0.0,0.0133,False,cve_pairs
15432,16,CWE-476,0.0476,0.0267,0.079,0.0267,0.0533,0.0267,False,cve_pairs
7589,16,CWE-476,0.0476,0.0133,0.0989,0.0133,0.0,0.0133,False,cve_pairs
31217,16,CWE-476,0.0475,0.0133,0.0989,0.0133,0.0267,0.04,False,cve_pairs
12029,16,CWE-476,0.0475,0.0133,0.0988,0.0133,0.0,0.0133,False,cve_pairs
22314,16,CWE-476,0.0473,0.0267,0.0848,0.0133,0.0267,0.04,False,cve_pairs
29799,16,CWE-476,0.0469,0.0267,0.0772,0.0267,0.1733,0.1467,False,cve_pairs
4488,16,CWE-476,0.0467,0.0133,0.0967,0.0133,0.0,0.0133,False,cve_pairs
19078,16,CWE-476,0.0466,0.0267,0.0765,0.0267,0.0,0.0267,False,cve_pairs
11879,16,CWE-476,0.0466,0.0133,0.0964,0.0133,0.0133,0.0,False,cve_pairs
7528,16,CWE-476,0.0465,0.0267,0.083,0.0133,0.0267,0.0133,False,cve_pairs
15404,16,CWE-476,0.0463,0.0267,0.0758,0.0267,0.04,0.0533,False,cve_pairs
7691,16,CWE-476,0.0462,0.0133,0.0956,0.0133,0.0,0.0133,False,cve_pairs
16024,16,CWE-476,0.0461,0.0267,0.0754,0.0267,0.0,0.0267,False,cve_pairs
6973,16,CWE-476,0.0461,0.0267,0.0753,0.0267,0.0267,0.04,False,cve_pairs
5951,16,CWE-476,0.0459,0.0533,0.0482,0.0267,0.1067,0.08,False,cve_pairs
26843,16,CWE-476,0.0454,0.0267,0.0734,0.0267,0.0267,0.0,False,cve_pairs
31247,16,CWE-476,0.0452,0.0133,0.0931,0.0133,0.0133,0.0,False,cve_pairs
26445,16,CWE-476,0.0451,0.0133,0.0927,0.0133,0.0,0.0133,False,cve_pairs
22932,16,CWE-476,0.0449,0.0133,0.0923,0.0133,0.0267,0.04,False,cve_pairs
15148,16,CWE-476,0.0447,0.0133,0.0917,0.0133,0.0,0.0133,False,cve_pairs
4850,16,CWE-476,0.0445,0.0133,0.0912,0.0133,0.0267,0.0133,False,cve_pairs
17628,16,CWE-476,0.0444,0.0267,0.071,0.0267,0.0667,0.0533,False,cve_pairs
8737,16,CWE-476,0.0444,0.0133,0.0909,0.0133,0.0267,0.04,False,cve_pairs
22288,16,CWE-476,0.0441,0.0267,0.0702,0.0267,0.0933,0.08,False,cve_pairs
19880,16,CWE-476,0.044,0.0267,0.07,0.0267,0.0267,0.0533,False,cve_pairs
32698,16,CWE-476,0.0436,0.0133,0.089,0.0133,0.0133,0.0,False,cve_pairs
2681,16,CWE-476,0.0434,0.0267,0.0684,0.0267,0.0267,0.0,False,cve_pairs
19743,16,CWE-476,0.0434,0.04,0.0551,0.0267,0.2,0.2133,False,cve_pairs
23966,16,CWE-476,0.0434,0.0267,0.0684,0.0267,0.04,0.0133,False,cve_pairs
29140,16,CWE-476,0.0432,0.0133,0.0881,0.0133,0.0133,0.0,False,cve_pairs
22206,16,CWE-476,0.0432,0.0133,0.0879,0.0133,0.0,0.0133,False,cve_pairs
25208,16,CWE-476,0.043,0.0267,0.0675,0.0267,0.0267,0.0533,False,cve_pairs
21848,16,CWE-476,0.0428,0.0133,0.0869,0.0133,0.0133,0.0,False,cve_pairs
19806,16,CWE-476,0.0424,0.0133,0.0861,0.0133,0.0133,0.0,False,cve_pairs
12839,16,CWE-476,0.0424,0.0133,0.086,0.0133,0.0133,0.0267,False,cve_pairs
24632,16,CWE-476,0.0423,0.0133,0.0858,0.0133,0.0133,0.0,False,cve_pairs
24130,16,CWE-476,0.042,0.0267,0.0716,0.0133,0.08,0.0667,False,cve_pairs
20070,16,CWE-476,0.0418,0.0133,0.0844,0.0133,0.0,0.0133,False,cve_pairs
28944,16,CWE-476,0.0417,0.0267,0.0643,0.0267,0.0133,0.04,False,cve_pairs
6328,16,CWE-476,0.0416,0.0267,0.0706,0.0133,0.04,0.0267,False,cve_pairs
13166,16,CWE-476,0.0415,0.0133,0.0838,0.0133,0.0,0.0133,False,cve_pairs
5704,16,CWE-476,0.0414,0.0133,0.0834,0.0133,0.0133,0.0267,False,cve_pairs
30778,16,CWE-476,0.0413,0.0133,0.0834,0.0133,0.04,0.0267,False,cve_pairs
29718,16,CWE-476,0.0411,0.0133,0.0827,0.0133,0.0,0.0133,False,cve_pairs
25783,16,CWE-476,0.0411,0.0267,0.0626,0.0267,0.0267,0.0,False,cve_pairs
5194,16,CWE-476,0.041,0.0133,0.0825,0.0133,0.0133,0.0,False,cve_pairs
5410,16,CWE-476,0.041,0.0267,0.0625,0.0267,0.0,0.0267,False,cve_pairs
8381,16,CWE-476,0.041,0.0267,0.0625,0.0267,0.0267,0.0,False,cve_pairs
27887,16,CWE-476,0.0405,0.0133,0.0813,0.0133,0.0,0.0133,False,cve_pairs
31569,16,CWE-476,0.0403,0.0133,0.0807,0.0133,0.04,0.0267,False,cve_pairs
17635,16,CWE-476,0.0402,0.0133,0.0805,0.0133,0.0,0.0133,False,cve_pairs
9162,16,CWE-476,0.0401,0.0133,0.0803,0.0133,0.0267,0.0133,False,cve_pairs
26663,16,CWE-476,0.0401,0.0133,0.0802,0.0133,0.0133,0.0,False,cve_pairs
2362,16,CWE-476,0.0399,0.04,0.0398,0.04,0.08,0.0933,False,cve_pairs
8896,16,CWE-476,0.0398,0.0133,0.0795,0.0133,0.0133,0.0,False,cve_pairs
17726,16,CWE-476,0.0398,0.0133,0.0794,0.0133,0.0133,0.0,False,cve_pairs
25355,16,CWE-476,0.0396,0.0133,0.079,0.0133,0.0267,0.0133,False,cve_pairs
9286,16,CWE-476,0.0393,0.0267,0.0582,0.0267,0.0267,0.0133,False,cve_pairs
30264,16,CWE-476,0.0391,0.0133,0.0778,0.0133,0.0133,0.0,False,cve_pairs
29337,16,CWE-476,0.0388,0.0133,0.077,0.0133,0.0,0.0133,False,cve_pairs
7943,16,CWE-476,0.0385,0.0133,0.0762,0.0133,0.0133,0.0,False,cve_pairs
10025,16,CWE-476,0.0383,0.0267,0.0624,0.0133,0.04,0.0267,False,cve_pairs
20936,16,CWE-476,0.0383,0.0133,0.0757,0.0133,0.0133,0.0,False,cve_pairs
12930,16,CWE-476,0.0382,0.0133,0.0756,0.0133,0.0133,0.0,False,cve_pairs
30047,16,CWE-476,0.0382,0.0133,0.0755,0.0133,0.0267,0.0133,False,cve_pairs
20543,16,CWE-476,0.0381,0.0133,0.0753,0.0133,0.0267,0.0133,False,cve_pairs
9504,16,CWE-476,0.038,0.0133,0.0751,0.0133,0.0,0.0133,False,cve_pairs
25423,16,CWE-476,0.038,0.0133,0.0751,0.0133,0.0,0.0133,False,cve_pairs
18857,16,CWE-476,0.0379,0.0667,0.0082,0.04,0.1067,0.1333,False,cve_pairs
22786,16,CWE-476,0.0378,0.0133,0.0746,0.0133,0.0267,0.0133,False,cve_pairs
26704,16,CWE-476,0.0378,0.0267,0.0545,0.0267,0.0667,0.08,False,cve_pairs
11630,16,CWE-476,0.0375,0.0133,0.0738,0.0133,0.0133,0.0267,False,cve_pairs
15617,16,CWE-476,0.0374,0.0133,0.0734,0.0133,0.0133,0.0267,False,cve_pairs
15917,16,CWE-476,0.0371,0.0133,0.0726,0.0133,0.0133,0.0,False,cve_pairs
26373,16,CWE-476,0.037,0.0533,0.0326,0.0133,0.1333,0.12,False,cve_pairs
3845,16,CWE-476,0.037,0.0133,0.0725,0.0133,0.0,0.0133,False,cve_pairs
16817,16,CWE-476,0.037,0.0267,0.0524,0.0267,0.04,0.0267,False,cve_pairs
170,16,CWE-476,0.0369,0.0267,0.0589,0.0133,0.0667,0.0533,False,cve_pairs
23749,16,CWE-476,0.0369,0.0133,0.0723,0.0133,0.0,0.0133,False,cve_pairs
4179,16,CWE-476,0.0364,0.0133,0.0709,0.0133,0.0,0.0133,False,cve_pairs
2545,16,CWE-476,0.0363,0.0133,0.0707,0.0133,0.0,0.0133,False,cve_pairs
8219,16,CWE-476,0.0363,0.0133,0.0707,0.0133,0.0133,0.0,False,cve_pairs
11595,16,CWE-476,0.0362,0.04,0.0438,0.0133,0.2,0.1867,False,cve_pairs
8899,16,CWE-476,0.0361,0.0133,0.0704,0.0133,0.0133,0.0,False,cve_pairs
27693,16,CWE-476,0.0361,0.0133,0.0704,0.0133,0.0133,0.0,False,cve_pairs
3069,16,CWE-476,0.036,0.0133,0.0701,0.0133,0.0133,0.0,False,cve_pairs
29437,16,CWE-476,0.0359,0.0133,0.0699,0.0133,0.0267,0.0133,False,cve_pairs
8442,16,CWE-476,0.0358,0.0133,0.0696,0.0133,0.0,0.0133,False,cve_pairs
5530,16,CWE-476,0.0358,0.0133,0.0695,0.0133,0.0133,0.0,False,cve_pairs
13778,16,CWE-476,0.0355,0.0133,0.0687,0.0133,0.0,0.0133,False,cve_pairs
29058,16,CWE-476,0.0354,0.0133,0.0685,0.0133,0.0,0.0133,False,cve_pairs
18561,16,CWE-476,0.0354,0.0133,0.0684,0.0133,0.0267,0.0133,False,cve_pairs
24141,16,CWE-476,0.0353,0.0133,0.0683,0.0133,0.0133,0.0,False,cve_pairs
4011,16,CWE-476,0.0353,0.0133,0.0682,0.0133,0.0,0.0133,False,cve_pairs
9144,16,CWE-476,0.0352,0.04,0.0348,0.0267,0.0667,0.0533,False,cve_pairs
17814,16,CWE-476,0.0352,0.0133,0.068,0.0133,0.0,0.0133,False,cve_pairs
16926,16,CWE-476,0.0351,0.0133,0.0678,0.0133,0.0,0.0133,False,cve_pairs
3411,16,CWE-476,0.035,0.0133,0.0676,0.0133,0.0133,0.0267,False,cve_pairs
23517,16,CWE-476,0.035,0.0133,0.0675,0.0133,0.0267,0.04,False,cve_pairs
1218,16,CWE-476,0.0345,0.0267,0.053,0.0133,0.0933,0.1067,False,cve_pairs
8646,16,CWE-476,0.0344,0.0133,0.0661,0.0133,0.0,0.0133,False,cve_pairs
16897,19,CWE-120,1.1837,0.5857,2.2094,0.3286,0.7857,0.9405,True,cyber_dev
151,19,CWE-120,0.8915,0.3143,1.8001,0.2286,0.4286,0.6014,True,cyber_dev
19738,19,CWE-120,0.7823,0.4,1.4201,0.2714,0.5,0.4808,True,cyber_dev
11462,19,CWE-120,0.6763,0.3571,1.205,0.2571,0.4286,0.2841,True,cyber_dev
20937,19,CWE-120,0.6141,0.3571,1.0139,0.3286,0.4286,0.2811,True,cyber_dev
14842,19,CWE-120,0.5818,0.2714,1.0687,0.2286,0.3571,0.1394,True,cyber_dev
14193,19,CWE-120,0.5692,0.3571,0.8945,0.3429,0.3571,0.0264,True,cyber_dev
27826,19,CWE-120,0.5598,0.2143,1.078,0.2143,0.2143,0.0219,True,cyber_dev
13091,19,CWE-120,0.556,0.3286,0.9472,0.2286,0.4286,0.2713,True,cyber_dev
32012,19,CWE-120,0.529,0.2714,0.9154,0.2714,0.2857,0.0392,True,cyber_dev
17961,19,CWE-120,0.5137,0.3429,0.82,0.2429,0.5,0.4092,True,cyber_dev
29026,19,CWE-120,0.4918,0.2429,0.8653,0.2429,0.0,0.2856,False,cyber_dev
5403,19,CWE-120,0.4027,0.1429,0.7925,0.1429,0.1429,0.0505,True,cyber_dev
14440,19,CWE-120,0.393,0.2286,0.6825,0.1429,0.2857,0.1891,True,cyber_dev
18993,19,CWE-120,0.3928,0.1429,0.7747,0.1286,0.1429,0.0362,True,cyber_dev
26893,19,CWE-120,0.3737,0.0857,0.8057,0.0857,0.0,0.046,False,cyber_dev
4312,19,CWE-120,0.3591,0.2714,0.5262,0.2,0.0714,0.2555,True,cyber_dev
1913,19,CWE-120,0.3569,0.2857,0.5351,0.1429,0.3571,0.2283,True,cyber_dev
15311,19,CWE-120,0.3393,0.2143,0.5339,0.2,0.2143,0.058,True,cyber_dev
19984,19,CWE-120,0.3326,0.2143,0.5243,0.1857,0.2143,0.0317,True,cyber_dev
19483,19,CWE-120,0.3317,0.2857,0.4506,0.1857,0.3571,0.257,True,cyber_dev
22439,19,CWE-120,0.3105,0.2,0.4906,0.1714,0.2143,0.0859,True,cyber_dev
4380,19,CWE-120,0.306,0.1429,0.5508,0.1429,0.1429,0.0166,True,cyber_dev
31800,19,CWE-120,0.3035,0.1714,0.5017,0.1714,0.0,0.1439,False,cyber_dev
12906,19,CWE-120,0.3029,0.2,0.4716,0.1714,0.2143,0.1266,True,cyber_dev
16192,19,CWE-120,0.2925,0.1714,0.4884,0.1429,0.2143,0.2645,True,cyber_dev
6551,19,CWE-120,0.2893,0.1143,0.5518,0.1143,0.0714,0.1176,True,cyber_dev
1317,19,CWE-120,0.2764,0.1429,0.4767,0.1429,0.1429,0.058,True,cyber_dev
6273,19,CWE-120,0.2654,0.3714,0.1993,0.1857,0.4286,0.4152,True,cyber_dev
4700,19,CWE-120,0.2618,0.1429,0.4474,0.1286,0.1429,0.0211,True,cyber_dev
32696,19,CWE-120,0.2609,0.1429,0.438,0.1429,0.1429,0.0294,True,cyber_dev
18458,19,CWE-120,0.2568,0.0714,0.5349,0.0714,0.0714,0.0068,True,cyber_dev
1757,19,CWE-120,0.2556,0.1286,0.4462,0.1286,0.1429,0.0203,True,cyber_dev
14049,19,CWE-120,0.2429,0.0714,0.5001,0.0714,0.0714,0.0008,True,cyber_dev
31956,19,CWE-120,0.2411,0.1429,0.3885,0.1429,0.1429,0.0347,True,cyber_dev
32404,19,CWE-120,0.2394,0.0714,0.4913,0.0714,0.0714,0.0015,True,cyber_dev
20332,19,CWE-120,0.238,0.1143,0.4237,0.1143,0.1429,0.1861,True,cyber_dev
7705,19,CWE-120,0.2376,0.0714,0.4869,0.0714,0.0714,0.0015,True,cyber_dev
2068,19,CWE-120,0.234,0.2714,0.2564,0.1143,0.5,0.4544,True,cyber_dev
3848,19,CWE-120,0.232,0.1429,0.3656,0.1429,0.1429,0.0068,True,cyber_dev
4280,19,CWE-120,0.229,0.0714,0.4653,0.0714,0.0714,0.003,True,cyber_dev
15417,19,CWE-120,0.2269,0.0714,0.4601,0.0714,0.0714,0.003,True,cyber_dev
12186,19,CWE-120,0.2188,0.2286,0.2613,0.1143,0.3571,0.4265,True,cyber_dev
19008,19,CWE-120,0.2135,0.1143,0.3624,0.1143,0.1429,0.1952,True,cyber_dev
5923,19,CWE-120,0.2083,0.1571,0.285,0.1571,0.2143,0.2841,True,cyber_dev
13750,19,CWE-120,0.2081,0.0714,0.4132,0.0714,0.0714,0.0098,True,cyber_dev
30380,19,CWE-120,0.207,0.0714,0.4105,0.0714,0.0714,0.0113,True,cyber_dev
14279,19,CWE-120,0.2062,0.0714,0.4084,0.0714,0.0714,0.0083,True,cyber_dev
23329,19,CWE-120,0.2061,0.0714,0.4081,0.0714,0.0714,0.0038,True,cyber_dev
11931,19,CWE-120,0.2042,0.0714,0.4033,0.0714,0.0714,0.006,True,cyber_dev
3571,19,CWE-120,0.2029,0.0857,0.3786,0.0857,0.1429,0.1846,True,cyber_dev
1622,19,CWE-120,0.2018,0.0714,0.3973,0.0714,0.0714,0.0098,True,cyber_dev
8634,19,CWE-120,0.2011,0.0714,0.3957,0.0714,0.0714,0.0317,True,cyber_dev
7777,19,CWE-120,0.1974,0.0714,0.3864,0.0714,0.0714,0.0136,True,cyber_dev
1748,19,CWE-120,0.1964,0.0857,0.3624,0.0857,0.0,0.1047,False,cyber_dev
30742,19,CWE-120,0.1963,0.1714,0.2623,0.1143,0.2143,0.0836,True,cyber_dev
13827,19,CWE-120,0.1951,0.1857,0.2593,0.0857,0.1429,0.211,True,cyber_dev
14552,19,CWE-120,0.1926,0.0714,0.3744,0.0714,0.0714,0.0083,True,cyber_dev
28315,19,CWE-120,0.1925,0.0714,0.3742,0.0714,0.0714,0.0008,True,cyber_dev
16912,19,CWE-120,0.1915,0.0714,0.3717,0.0714,0.0714,0.0008,True,cyber_dev
2865,19,CWE-120,0.1906,0.0714,0.3695,0.0714,0.0714,0.0166,True,cyber_dev
543,19,CWE-120,0.1875,0.0714,0.3686,0.0571,0.0714,0.0173,True,cyber_dev
29314,19,CWE-120,0.1874,0.0714,0.3615,0.0714,0.0714,0.0,True,cyber_dev
18837,19,CWE-120,0.1862,0.0714,0.3584,0.0714,0.0714,0.0098,True,cyber_dev
24293,19,CWE-120,0.1842,0.0714,0.3533,0.0714,0.0714,0.0158,True,cyber_dev
23706,19,CWE-120,0.1825,0.0714,0.3491,0.0714,0.0714,0.0023,True,cyber_dev
3674,19,CWE-120,0.1814,0.2,0.1748,0.1571,0.4286,0.3157,True,cyber_dev
4633,19,CWE-120,0.1812,0.0714,0.3458,0.0714,0.0714,0.006,True,cyber_dev
25954,19,CWE-120,0.1809,0.1429,0.2593,0.1,0.1429,0.0226,True,cyber_dev
367,19,CWE-120,0.1801,0.1429,0.2503,0.1143,0.1429,0.0512,True,cyber_dev
16615,19,CWE-120,0.1791,0.0714,0.3407,0.0714,0.0714,0.009,True,cyber_dev
5540,19,CWE-120,0.1787,0.1143,0.2752,0.1143,0.1429,0.202,True,cyber_dev
5813,19,CWE-120,0.1777,0.0429,0.38,0.0429,0.0,0.0256,False,cyber_dev
23088,19,CWE-120,0.1773,0.0714,0.336,0.0714,0.0714,0.0083,True,cyber_dev
18806,19,CWE-120,0.1758,0.0714,0.3323,0.0714,0.0714,0.0053,True,cyber_dev
19056,19,CWE-120,0.1747,0.0714,0.3297,0.0714,0.0714,0.0015,True,cyber_dev
6573,19,CWE-120,0.1714,0.0714,0.3214,0.0714,0.0714,0.006,True,cyber_dev
13197,19,CWE-120,0.1712,0.0714,0.3208,0.0714,0.0714,0.0234,True,cyber_dev
10414,19,CWE-120,0.169,0.0714,0.3152,0.0714,0.0714,0.0008,True,cyber_dev
14865,19,CWE-120,0.1681,0.0714,0.3131,0.0714,0.0714,0.0053,True,cyber_dev
20051,19,CWE-120,0.1672,0.0714,0.3109,0.0714,0.0714,0.0038,True,cyber_dev
21288,19,CWE-120,0.1662,0.0714,0.3083,0.0714,0.0714,0.003,True,cyber_dev
11003,19,CWE-120,0.1657,0.0857,0.2857,0.0857,0.1429,0.1786,True,cyber_dev
213,19,CWE-120,0.1649,0.0714,0.305,0.0714,0.0714,0.0219,True,cyber_dev
6105,19,CWE-120,0.1645,0.0714,0.3041,0.0714,0.0714,0.0023,True,cyber_dev
30291,19,CWE-120,0.1645,0.0714,0.304,0.0714,0.0714,0.0,True,cyber_dev
17007,19,CWE-120,0.1644,0.0714,0.3037,0.0714,0.0714,0.0,True,cyber_dev
29810,19,CWE-120,0.1625,0.1429,0.1991,0.1286,0.2143,0.1138,True,cyber_dev
23536,19,CWE-120,0.1624,0.0714,0.299,0.0714,0.0714,0.0083,True,cyber_dev
2287,19,CWE-120,0.1617,0.2286,0.1044,0.1429,0.4286,0.468,True,cyber_dev
20220,19,CWE-120,0.1604,0.0714,0.2937,0.0714,0.0714,0.0008,True,cyber_dev
9406,19,CWE-120,0.1595,0.0857,0.2702,0.0857,0.1429,0.1778,True,cyber_dev
15975,19,CWE-120,0.159,0.0714,0.2904,0.0714,0.0714,0.0023,True,cyber_dev
10430,19,CWE-120,0.1587,0.0714,0.2896,0.0714,0.0714,0.0023,True,cyber_dev
1705,19,CWE-120,0.1569,0.0714,0.285,0.0714,0.0714,0.0053,True,cyber_dev
23814,19,CWE-120,0.1565,0.0857,0.2697,0.0714,0.0714,0.1334,True,cyber_dev
3172,19,CWE-120,0.1563,0.0714,0.2836,0.0714,0.0714,0.0098,True,cyber_dev
3709,19,CWE-120,0.1539,0.0714,0.2775,0.0714,0.0714,0.0023,True,cyber_dev
11498,19,CWE-120,0.1534,0.0714,0.2763,0.0714,0.0714,0.0,True,cyber_dev
3596,19,CWE-120,0.1504,0.0714,0.2687,0.0714,0.0714,0.0,True,cyber_dev
18037,19,CWE-120,0.1495,0.0714,0.2666,0.0714,0.0714,0.0188,False,cyber_dev
10538,19,CWE-120,0.1495,0.0714,0.2665,0.0714,0.0714,0.0015,False,cyber_dev
20250,19,CWE-120,0.148,0.0714,0.263,0.0714,0.0714,0.0023,False,cyber_dev
20549,19,CWE-120,0.1474,0.0714,0.2612,0.0714,0.0714,0.0068,False,cyber_dev
14275,19,CWE-120,0.1473,0.0714,0.2611,0.0714,0.0714,0.0143,False,cyber_dev
22117,19,CWE-120,0.1473,0.0714,0.261,0.0714,0.0714,0.0,False,cyber_dev
31411,19,CWE-120,0.1471,0.0857,0.2392,0.0857,0.0,0.0806,False,cyber_dev
25982,19,CWE-120,0.1468,0.0714,0.2599,0.0714,0.0714,0.0008,False,cyber_dev
9108,19,CWE-120,0.1463,0.0714,0.2586,0.0714,0.0714,0.006,False,cyber_dev
7889,19,CWE-120,0.1458,0.1286,0.1717,0.1286,0.1429,0.0573,False,cyber_dev
8682,19,CWE-120,0.1455,0.0714,0.2566,0.0714,0.0714,0.0023,False,cyber_dev
29751,19,CWE-120,0.1453,0.0714,0.2561,0.0714,0.0714,0.0045,False,cyber_dev
17824,19,CWE-120,0.1443,0.0714,0.2535,0.0714,0.0714,0.0068,False,cyber_dev
20467,19,CWE-120,0.1436,0.0714,0.2519,0.0714,0.0714,0.0015,False,cyber_dev
16137,19,CWE-120,0.1431,0.0714,0.2505,0.0714,0.0714,0.0015,False,cyber_dev
23436,19,CWE-120,0.1426,0.1,0.2065,0.1,0.1429,0.0482,False,cyber_dev
6603,19,CWE-120,0.142,0.0714,0.2478,0.0714,0.0,0.0475,False,cyber_dev
16522,19,CWE-120,0.1413,0.0714,0.246,0.0714,0.0714,0.009,False,cyber_dev
2343,19,CWE-120,0.1402,0.0714,0.2433,0.0714,0.0714,0.0234,False,cyber_dev
12917,19,CWE-120,0.1401,0.0714,0.243,0.0714,0.0714,0.009,False,cyber_dev
2857,19,CWE-120,0.1397,0.0714,0.2422,0.0714,0.0714,0.003,False,cyber_dev
20459,19,CWE-120,0.1377,0.0714,0.237,0.0714,0.0714,0.0219,False,cyber_dev
10111,19,CWE-120,0.1376,0.0714,0.2367,0.0714,0.0,0.0512,False,cyber_dev
30294,19,CWE-120,0.137,0.0714,0.2354,0.0714,0.0714,0.0045,False,cyber_dev
19776,19,CWE-120,0.1368,0.0714,0.2347,0.0714,0.0714,0.003,False,cyber_dev
29022,19,CWE-120,0.1359,0.0857,0.2113,0.0857,0.1429,0.1778,False,cyber_dev
28606,19,CWE-120,0.1354,0.0714,0.2313,0.0714,0.0714,0.0173,False,cyber_dev
16900,19,CWE-120,0.1348,0.0714,0.2298,0.0714,0.0714,0.0038,False,cyber_dev
19004,19,CWE-120,0.1345,0.0714,0.2291,0.0714,0.0714,0.0452,False,cyber_dev
16028,19,CWE-120,0.1336,0.0857,0.2054,0.0857,0.1429,0.1786,False,cyber_dev
16252,19,CWE-120,0.1331,0.0714,0.2257,0.0714,0.0714,0.003,False,cyber_dev
20327,19,CWE-120,0.133,0.0714,0.2253,0.0714,0.0714,0.0,False,cyber_dev
14206,19,CWE-120,0.1314,0.0714,0.2213,0.0714,0.0714,0.0075,False,cyber_dev
14398,19,CWE-120,0.131,0.0857,0.199,0.0857,0.1429,0.1778,False,cyber_dev
31981,19,CWE-120,0.1308,0.0714,0.2198,0.0714,0.0714,0.0023,False,cyber_dev
10796,19,CWE-120,0.1306,0.0857,0.198,0.0857,0.1429,0.1884,False,cyber_dev
10448,19,CWE-120,0.1304,0.0714,0.2188,0.0714,0.0,0.0497,False,cyber_dev
31786,19,CWE-120,0.1301,0.0571,0.2323,0.0714,0.0714,0.0106,False,cyber_dev
5874,19,CWE-120,0.1298,0.0714,0.2175,0.0714,0.0714,0.0008,False,cyber_dev
10988,19,CWE-120,0.1295,0.0429,0.2595,0.0429,0.0,0.0761,False,cyber_dev
22755,19,CWE-120,0.1289,0.0714,0.2151,0.0714,0.0714,0.006,False,cyber_dev
11432,19,CWE-120,0.1287,0.0714,0.2146,0.0714,0.0714,0.0015,False,cyber_dev
5948,19,CWE-120,0.1283,0.0714,0.2137,0.0714,0.0714,0.0015,False,cyber_dev
1784,19,CWE-120,0.1283,0.0714,0.2137,0.0714,0.0714,0.0068,False,cyber_dev
24779,19,CWE-120,0.1283,0.0714,0.2137,0.0714,0.0,0.0347,False,cyber_dev
32247,19,CWE-120,0.1276,0.0571,0.2332,0.0571,0.0,0.0196,False,cyber_dev
7047,19,CWE-120,0.1273,0.0714,0.2112,0.0714,0.0714,0.0045,False,cyber_dev
29539,19,CWE-120,0.1271,0.0714,0.2105,0.0714,0.0714,0.0339,False,cyber_dev
14803,19,CWE-120,0.1267,0.0714,0.2095,0.0714,0.0714,0.0023,False,cyber_dev
4224,19,CWE-120,0.1258,0.0714,0.2073,0.0714,0.0714,0.003,False,cyber_dev
9170,19,CWE-120,0.1252,0.0714,0.2059,0.0714,0.0714,0.0015,False,cyber_dev
15529,19,CWE-120,0.1248,0.0714,0.2049,0.0714,0.0714,0.0015,False,cyber_dev
16599,19,CWE-120,0.1233,0.0571,0.2226,0.0571,0.0,0.0384,False,cyber_dev
27675,19,CWE-120,0.1232,0.0714,0.2009,0.0714,0.0714,0.0015,False,cyber_dev
1586,19,CWE-120,0.1229,0.0571,0.2216,0.0571,0.0714,0.0678,False,cyber_dev
5103,19,CWE-120,0.1226,0.0714,0.1994,0.0714,0.0714,0.0,False,cyber_dev
4990,19,CWE-120,0.1224,0.0714,0.1989,0.0714,0.0714,0.0203,False,cyber_dev
16703,19,CWE-120,0.1224,0.0714,0.1988,0.0714,0.0714,0.0143,False,cyber_dev
14070,19,CWE-120,0.1224,0.0714,0.1987,0.0714,0.0714,0.0008,False,cyber_dev
6096,19,CWE-120,0.1223,0.0857,0.1771,0.0857,0.1429,0.1778,False,cyber_dev
3601,19,CWE-120,0.1223,0.0714,0.1985,0.0714,0.0714,0.0219,False,cyber_dev
20219,19,CWE-120,0.1217,0.0714,0.1972,0.0714,0.0714,0.003,False,cyber_dev
1552,19,CWE-120,0.1214,0.0714,0.2034,0.0571,0.0714,0.049,False,cyber_dev
11917,19,CWE-120,0.1213,0.0714,0.1961,0.0714,0.0714,0.0038,False,cyber_dev
12824,19,CWE-120,0.121,0.0714,0.2097,0.0429,0.0714,0.0844,False,cyber_dev
28115,19,CWE-120,0.121,0.0714,0.1953,0.0714,0.0714,0.0075,False,cyber_dev
31828,19,CWE-120,0.121,0.0429,0.2381,0.0429,0.0,0.0279,False,cyber_dev
5895,19,CWE-120,0.1202,0.0714,0.1934,0.0714,0.0714,0.0271,False,cyber_dev
5384,19,CWE-120,0.1192,0.0714,0.1909,0.0714,0.0714,0.0143,False,cyber_dev
3638,19,CWE-120,0.1192,0.0714,0.1908,0.0714,0.0714,0.0121,False,cyber_dev
32292,19,CWE-120,0.119,0.0714,0.1903,0.0714,0.0714,0.0068,False,cyber_dev
9586,19,CWE-120,0.1186,0.0714,0.1894,0.0714,0.0714,0.0158,False,cyber_dev
15049,19,CWE-120,0.1186,0.0714,0.1964,0.0571,0.0714,0.0188,False,cyber_dev
5808,19,CWE-120,0.1185,0.0714,0.1892,0.0714,0.0714,0.0113,False,cyber_dev
30843,19,CWE-120,0.1185,0.0714,0.1892,0.0714,0.0714,0.0038,False,cyber_dev
3084,19,CWE-120,0.1184,0.0714,0.1887,0.0714,0.0714,0.0038,False,cyber_dev
17391,19,CWE-120,0.1182,0.0714,0.1883,0.0714,0.0714,0.0,False,cyber_dev
8131,19,CWE-120,0.118,0.0714,0.188,0.0714,0.0714,0.0045,False,cyber_dev
16139,19,CWE-120,0.1176,0.0714,0.1868,0.0714,0.0714,0.0106,False,cyber_dev
14949,19,CWE-120,0.117,0.0714,0.1853,0.0714,0.0714,0.0023,False,cyber_dev
10643,19,CWE-120,0.1168,0.0714,0.1848,0.0714,0.0714,0.003,False,cyber_dev
7702,19,CWE-120,0.1167,0.0714,0.1846,0.0714,0.0714,0.0068,False,cyber_dev
23169,19,CWE-120,0.1167,0.0714,0.1845,0.0714,0.0714,0.0,False,cyber_dev
14739,19,CWE-120,0.1164,0.0714,0.1838,0.0714,0.0714,0.0038,False,cyber_dev
15849,19,CWE-120,0.1161,0.1714,0.0473,0.1429,0.2143,0.1922,False,cyber_dev
16858,19,CWE-120,0.1159,0.0714,0.1826,0.0714,0.0714,0.003,False,cyber_dev
6075,19,CWE-120,0.1154,0.0714,0.1814,0.0714,0.0714,0.0015,False,cyber_dev
23024,19,CWE-120,0.1151,0.0571,0.2021,0.0571,0.0,0.0324,False,cyber_dev
9253,19,CWE-120,0.1149,0.0429,0.223,0.0429,0.0,0.0505,False,cyber_dev
22540,19,CWE-120,0.1142,0.0714,0.1783,0.0714,0.0714,0.0,False,cyber_dev
19227,19,CWE-120,0.1135,0.0714,0.1767,0.0714,0.0714,0.0023,False,cyber_dev
16805,19,CWE-120,0.1128,0.0714,0.1749,0.0714,0.0714,0.0158,False,cyber_dev
2977,19,CWE-120,0.1116,0.0714,0.1718,0.0714,0.0714,0.0045,False,cyber_dev
18889,19,CWE-120,0.1112,0.0714,0.1709,0.0714,0.0714,0.0075,False,cyber_dev
20390,19,CWE-120,0.1112,0.0714,0.1708,0.0714,0.0714,0.0,False,cyber_dev
32094,19,CWE-120,0.1109,0.0714,0.1701,0.0714,0.0714,0.0113,False,cyber_dev
17665,19,CWE-120,0.1107,0.0714,0.1695,0.0714,0.0714,0.0008,False,cyber_dev
12227,19,CWE-120,0.1101,0.0429,0.2109,0.0429,0.0,0.0098,False,cyber_dev
18461,19,CWE-120,0.1098,0.0714,0.1675,0.0714,0.0714,0.0008,False,cyber_dev
17353,19,CWE-120,0.1098,0.0714,0.1673,0.0714,0.0714,0.0,False,cyber_dev
16897,19,CWE-327,0.7755,0.3571,1.478,0.2071,1.0,0.9375,True,cyber_dev
2068,19,CWE-327,0.5914,0.3429,1.0106,0.25,0.6071,0.4516,True,cyber_dev
151,19,CWE-327,0.4911,0.3286,0.8349,0.1286,0.6786,0.5979,True,cyber_dev
23042,19,CWE-327,0.4712,0.3,0.7388,0.2786,0.3571,0.0929,True,cyber_dev
23814,19,CWE-327,0.4669,0.1786,0.9031,0.1714,0.25,0.1302,True,cyber_dev
1913,19,CWE-327,0.371,0.3214,0.4953,0.2214,0.4286,0.2254,True,cyber_dev
12068,19,CWE-327,0.3611,0.2214,0.5921,0.1786,0.3571,0.2338,True,cyber_dev
28732,19,CWE-327,0.3529,0.2143,0.575,0.1857,0.3214,0.1264,True,cyber_dev
5923,19,CWE-327,0.3388,0.2286,0.5292,0.1786,0.2143,0.2848,True,cyber_dev
13827,19,CWE-327,0.3308,0.2143,0.5412,0.1429,0.25,0.2094,True,cyber_dev
5895,19,CWE-327,0.3197,0.1286,0.5993,0.1429,0.1429,0.0251,True,cyber_dev
29026,19,CWE-327,0.317,0.2143,0.4782,0.2,0.3571,0.281,True,cyber_dev
13091,19,CWE-327,0.295,0.1714,0.491,0.15,0.1429,0.2757,True,cyber_dev
6551,19,CWE-327,0.2945,0.1286,0.5505,0.1143,0.1786,0.1158,True,cyber_dev
17961,19,CWE-327,0.2757,0.2,0.4214,0.1357,0.5,0.4082,True,cyber_dev
19483,19,CWE-327,0.275,0.2,0.4268,0.1214,0.3214,0.2567,True,cyber_dev
21184,19,CWE-327,0.2577,0.1071,0.4835,0.1071,0.1071,0.0107,True,cyber_dev
14842,19,CWE-327,0.2496,0.15,0.4061,0.1357,0.25,0.1394,True,cyber_dev
31623,19,CWE-327,0.2434,0.0786,0.4906,0.0786,0.0,0.0632,False,cyber_dev
10854,19,CWE-327,0.2241,0.1,0.4068,0.1071,0.1071,0.0145,True,cyber_dev
3571,19,CWE-327,0.2198,0.0929,0.4102,0.0929,0.1429,0.1851,True,cyber_dev
31126,19,CWE-327,0.217,0.1071,0.3853,0.1,0.1071,0.051,True,cyber_dev
10724,19,CWE-327,0.2142,0.0643,0.4391,0.0643,0.0714,0.0122,True,cyber_dev
78,19,CWE-327,0.2099,0.1071,0.3747,0.0857,0.1071,0.0419,True,cyber_dev
15849,19,CWE-327,0.2039,0.1643,0.2919,0.1071,0.1071,0.1942,True,cyber_dev
11462,19,CWE-327,0.1956,0.1929,0.2532,0.0857,0.2857,0.2856,True,cyber_dev
2495,19,CWE-327,0.1953,0.0714,0.3846,0.0643,0.0714,0.0046,True,cyber_dev
20571,19,CWE-327,0.1951,0.0714,0.3805,0.0714,0.0714,0.0076,True,cyber_dev
19008,19,CWE-327,0.1869,0.1071,0.3066,0.1071,0.1429,0.1957,True,cyber_dev
10777,19,CWE-327,0.1864,0.1071,0.3052,0.1071,0.1071,0.0183,True,cyber_dev
19738,19,CWE-327,0.186,0.2643,0.1328,0.1357,0.5,0.4806,True,cyber_dev
26893,19,CWE-327,0.1851,0.0643,0.3662,0.0643,0.0,0.0465,False,cyber_dev
2798,19,CWE-327,0.1834,0.1286,0.2834,0.0929,0.1429,0.0693,True,cyber_dev
11418,19,CWE-327,0.1828,0.1,0.3036,0.1071,0.1071,0.0152,True,cyber_dev
20332,19,CWE-327,0.1817,0.0929,0.3149,0.0929,0.1429,0.1866,True,cyber_dev
6273,19,CWE-327,0.1812,0.1643,0.228,0.1214,0.4286,0.4151,True,cyber_dev
11003,19,CWE-327,0.1795,0.0929,0.3095,0.0929,0.1429,0.179,True,cyber_dev
20564,19,CWE-327,0.1789,0.1143,0.2757,0.1143,0.1429,0.1904,True,cyber_dev
18279,19,CWE-327,0.1788,0.1,0.3005,0.0929,0.1071,0.0518,True,cyber_dev
29810,19,CWE-327,0.1779,0.1286,0.259,0.1143,0.1786,0.1135,True,cyber_dev
2287,19,CWE-327,0.1739,0.2429,0.149,0.0857,0.4286,0.4684,True,cyber_dev
9406,19,CWE-327,0.1728,0.0929,0.2927,0.0929,0.1429,0.1782,True,cyber_dev
17354,19,CWE-327,0.1711,0.0357,0.3742,0.0357,0.0357,0.0,True,cyber_dev
12186,19,CWE-327,0.1708,0.2214,0.1271,0.1571,0.3929,0.4265,True,cyber_dev
20442,19,CWE-327,0.1705,0.0714,0.319,0.0714,0.0714,0.0099,True,cyber_dev
6510,19,CWE-327,0.1641,0.0286,0.3673,0.0286,0.0357,0.0084,True,cyber_dev
26479,19,CWE-327,0.1625,0.0357,0.3526,0.0357,0.0357,0.0023,True,cyber_dev
26861,19,CWE-327,0.158,0.0357,0.3415,0.0357,0.0357,0.0,True,cyber_dev
29383,19,CWE-327,0.1577,0.0714,0.2908,0.0643,0.0714,0.0183,True,cyber_dev
5540,19,CWE-327,0.1551,0.1,0.2377,0.1,0.1429,0.2026,True,cyber_dev
18037,19,CWE-327,0.1544,0.0714,0.2823,0.0643,0.0714,0.0183,True,cyber_dev
4973,19,CWE-327,0.1543,0.0357,0.3321,0.0357,0.0357,0.0023,True,cyber_dev
20937,19,CWE-327,0.1542,0.1357,0.2141,0.0714,0.3571,0.281,True,cyber_dev
10194,19,CWE-327,0.1533,0.1071,0.2225,0.1071,0.1071,0.0023,True,cyber_dev
17622,19,CWE-327,0.1527,0.0357,0.3281,0.0357,0.0357,0.0038,True,cyber_dev
10176,19,CWE-327,0.1522,0.0643,0.2841,0.0643,0.0,0.0586,False,cyber_dev
1586,19,CWE-327,0.1503,0.0929,0.2507,0.0643,0.1071,0.067,True,cyber_dev
28706,19,CWE-327,0.1476,0.0714,0.2619,0.0714,0.0714,0.0289,False,cyber_dev
29022,19,CWE-327,0.1473,0.0929,0.2289,0.0929,0.1429,0.1782,False,cyber_dev
3191,19,CWE-327,0.147,0.0714,0.2639,0.0643,0.0714,0.0061,False,cyber_dev
82,19,CWE-327,0.1454,0.0714,0.2564,0.0714,0.0714,0.0023,False,cyber_dev
32019,19,CWE-327,0.1454,0.0714,0.2564,0.0714,0.0714,0.0335,False,cyber_dev
28608,19,CWE-327,0.1452,0.1,0.2167,0.0929,0.1071,0.0183,False,cyber_dev
16028,19,CWE-327,0.1447,0.0929,0.2225,0.0929,0.1429,0.179,False,cyber_dev
22799,19,CWE-327,0.1447,0.0357,0.3082,0.0357,0.0357,0.0129,False,cyber_dev
3674,19,CWE-327,0.1432,0.1643,0.158,0.0714,0.3214,0.3168,False,cyber_dev
14398,19,CWE-327,0.142,0.0929,0.2156,0.0929,0.1429,0.1782,False,cyber_dev
10796,19,CWE-327,0.1415,0.0929,0.2145,0.0929,0.1429,0.1889,False,cyber_dev
1680,19,CWE-327,0.1413,0.0357,0.2998,0.0357,0.0357,0.0008,False,cyber_dev
1533,19,CWE-327,0.1395,0.0357,0.2952,0.0357,0.0357,0.0015,False,cyber_dev
6898,19,CWE-327,0.139,0.0643,0.2581,0.05,0.0714,0.0198,False,cyber_dev
6096,19,CWE-327,0.1325,0.0929,0.1918,0.0929,0.1429,0.1782,False,cyber_dev
8634,19,CWE-327,0.132,0.0714,0.23,0.0571,0.0714,0.0312,False,cyber_dev
16192,19,CWE-327,0.1309,0.1714,0.1271,0.0571,0.2857,0.2635,False,cyber_dev
32114,19,CWE-327,0.1307,0.0714,0.2233,0.0643,0.0714,0.0236,False,cyber_dev
24150,19,CWE-327,0.1306,0.0357,0.2731,0.0357,0.0357,0.003,False,cyber_dev
2123,19,CWE-327,0.1296,0.0714,0.2169,0.0714,0.0714,0.0015,False,cyber_dev
3254,19,CWE-327,0.1289,0.0929,0.1973,0.0643,0.1071,0.0411,False,cyber_dev
25672,19,CWE-327,0.1288,0.0357,0.2684,0.0357,0.0357,0.0,False,cyber_dev
15851,19,CWE-327,0.1281,0.0357,0.2667,0.0357,0.0357,0.003,False,cyber_dev
25948,19,CWE-327,0.1264,0.0786,0.1981,0.0786,0.0714,0.0815,False,cyber_dev
27769,19,CWE-327,0.1255,0.0571,0.228,0.0571,0.0714,0.0297,False,cyber_dev
29013,19,CWE-327,0.1252,0.0357,0.2595,0.0357,0.0357,0.0008,False,cyber_dev
17566,19,CWE-327,0.124,0.0357,0.2565,0.0357,0.0357,0.0099,False,cyber_dev
26817,19,CWE-327,0.124,0.0357,0.2565,0.0357,0.0357,0.0061,False,cyber_dev
21893,19,CWE-327,0.1237,0.0357,0.2557,0.0357,0.0357,0.0076,False,cyber_dev
24717,19,CWE-327,0.1209,0.1,0.1558,0.0929,0.1429,0.1066,False,cyber_dev
28750,19,CWE-327,0.1184,0.0714,0.1924,0.0643,0.0714,0.0145,False,cyber_dev
13599,19,CWE-327,0.1179,0.0357,0.2413,0.0357,0.0357,0.0015,False,cyber_dev
25081,19,CWE-327,0.1176,0.0714,0.1869,0.0714,0.0714,0.0015,False,cyber_dev
17558,19,CWE-327,0.1175,0.0714,0.1901,0.0643,0.0714,0.0396,False,cyber_dev
4380,19,CWE-327,0.1162,0.0714,0.1834,0.0714,0.0714,0.0168,False,cyber_dev
20038,19,CWE-327,0.1154,0.0714,0.1814,0.0714,0.0714,0.0046,False,cyber_dev
24977,19,CWE-327,0.1145,0.0643,0.1934,0.0571,0.0714,0.032,False,cyber_dev
1552,19,CWE-327,0.1144,0.0571,0.2002,0.0571,0.0357,0.0495,False,cyber_dev
31411,19,CWE-327,0.113,0.0786,0.1647,0.0786,0.0357,0.0807,False,cyber_dev
24451,19,CWE-327,0.1127,0.0357,0.2281,0.0357,0.0357,0.0129,False,cyber_dev
19281,19,CWE-327,0.1125,0.0714,0.1742,0.0714,0.0714,0.0023,False,cyber_dev
11159,19,CWE-327,0.1125,0.0643,0.1883,0.0571,0.0714,0.0221,False,cyber_dev
8121,19,CWE-327,0.1115,0.0357,0.2252,0.0357,0.0357,0.0023,False,cyber_dev
28606,19,CWE-327,0.1108,0.0643,0.1807,0.0643,0.0714,0.0168,False,cyber_dev
27228,19,CWE-327,0.1099,0.0357,0.2212,0.0357,0.0357,0.0038,False,cyber_dev
13913,19,CWE-327,0.1098,0.1,0.1316,0.0857,0.1071,0.0495,False,cyber_dev
1669,19,CWE-327,0.1084,0.0357,0.2175,0.0357,0.0357,0.0107,False,cyber_dev
18900,19,CWE-327,0.108,0.0357,0.2165,0.0357,0.0357,0.0099,False,cyber_dev
1748,19,CWE-327,0.1079,0.0571,0.1841,0.0571,0.0,0.1059,False,cyber_dev
4603,19,CWE-327,0.1077,0.0786,0.1513,0.0786,0.0357,0.0594,False,cyber_dev
25508,19,CWE-327,0.1075,0.0714,0.1652,0.0643,0.0714,0.0046,False,cyber_dev
32126,19,CWE-327,0.1072,0.0357,0.2143,0.0357,0.0357,0.003,False,cyber_dev
273,19,CWE-327,0.1069,0.1,0.1351,0.0643,0.0357,0.0655,False,cyber_dev
10768,19,CWE-327,0.1068,0.0357,0.2134,0.0357,0.0357,0.0069,False,cyber_dev
27115,19,CWE-327,0.1065,0.0357,0.2127,0.0357,0.0357,0.0,False,cyber_dev
19674,19,CWE-327,0.1064,0.0714,0.1625,0.0643,0.0714,0.0236,False,cyber_dev
18483,19,CWE-327,0.1056,0.1357,0.1032,0.05,0.2143,0.1797,False,cyber_dev
22183,19,CWE-327,0.1053,0.0714,0.1597,0.0643,0.0714,0.003,False,cyber_dev
28460,19,CWE-327,0.1047,0.0714,0.1582,0.0643,0.0714,0.0137,False,cyber_dev
1441,19,CWE-327,0.1044,0.0714,0.1539,0.0714,0.0714,0.0183,False,cyber_dev
24293,19,CWE-327,0.1033,0.0429,0.1939,0.0429,0.0,0.0168,False,cyber_dev
19004,19,CWE-327,0.1018,0.0571,0.1652,0.0643,0.0357,0.0457,False,cyber_dev
1585,19,CWE-327,0.1018,0.0357,0.2009,0.0357,0.0357,0.0046,False,cyber_dev
25534,19,CWE-327,0.1011,0.0643,0.1564,0.0643,0.0714,0.0145,False,cyber_dev
573,19,CWE-327,0.1006,0.05,0.1764,0.05,0.0,0.0297,False,cyber_dev
29693,19,CWE-327,0.0998,0.0357,0.1959,0.0357,0.0357,0.0038,False,cyber_dev
27684,19,CWE-327,0.0995,0.0643,0.1523,0.0643,0.0714,0.0663,False,cyber_dev
7012,19,CWE-327,0.0994,0.1,0.12,0.0571,0.1429,0.0792,False,cyber_dev
5551,19,CWE-327,0.0992,0.0357,0.1945,0.0357,0.0357,0.0053,False,cyber_dev
23436,19,CWE-327,0.099,0.0714,0.1474,0.0571,0.0714,0.0487,False,cyber_dev
5813,19,CWE-327,0.0989,0.0357,0.1972,0.0286,0.0357,0.0251,False,cyber_dev
17324,19,CWE-327,0.0983,0.0357,0.1922,0.0357,0.0357,0.0053,False,cyber_dev
32612,19,CWE-327,0.0982,0.0714,0.1454,0.0571,0.0714,0.0381,False,cyber_dev
30742,19,CWE-327,0.0972,0.0786,0.1288,0.0714,0.1071,0.0845,False,cyber_dev
13690,19,CWE-327,0.0969,0.1143,0.0957,0.0643,0.2143,0.2049,False,cyber_dev
31800,19,CWE-327,0.0957,0.1,0.1143,0.05,0.1429,0.1424,False,cyber_dev
30367,19,CWE-327,0.0951,0.0786,0.12,0.0786,0.1071,0.0343,False,cyber_dev
18258,19,CWE-327,0.0943,0.0714,0.1359,0.0571,0.0714,0.0168,False,cyber_dev
28628,19,CWE-327,0.0942,0.0357,0.182,0.0357,0.0357,0.0,False,cyber_dev
11129,19,CWE-327,0.094,0.0571,0.1493,0.0571,0.0,0.0358,False,cyber_dev
15198,19,CWE-327,0.0932,0.0357,0.1795,0.0357,0.0357,0.0015,False,cyber_dev
5707,19,CWE-327,0.0932,0.0357,0.1795,0.0357,0.0357,0.0015,False,cyber_dev
28058,19,CWE-327,0.0931,0.0357,0.1793,0.0357,0.0357,0.0015,False,cyber_dev
16603,19,CWE-327,0.0931,0.0357,0.1791,0.0357,0.0357,0.0,False,cyber_dev
8221,19,CWE-327,0.0921,0.0429,0.166,0.0429,0.0,0.0327,False,cyber_dev
10988,19,CWE-327,0.0915,0.0643,0.1465,0.0357,0.1071,0.0746,False,cyber_dev
25441,19,CWE-327,0.0913,0.0357,0.1747,0.0357,0.0357,0.0015,False,cyber_dev
12564,19,CWE-327,0.0912,0.0643,0.135,0.0571,0.0714,0.0099,False,cyber_dev
22570,19,CWE-327,0.0908,0.0357,0.1734,0.0357,0.0357,0.0008,False,cyber_dev
25736,19,CWE-327,0.0906,0.0357,0.173,0.0357,0.0357,0.0046,False,cyber_dev
14932,19,CWE-327,0.0904,0.0357,0.1724,0.0357,0.0357,0.0008,False,cyber_dev
21776,19,CWE-327,0.0897,0.0714,0.1279,0.05,0.0714,0.0358,False,cyber_dev
5550,19,CWE-327,0.0887,0.0643,0.1253,0.0643,0.0714,0.0236,False,cyber_dev
4523,19,CWE-327,0.0884,0.0357,0.1675,0.0357,0.0357,0.0008,False,cyber_dev
18408,19,CWE-327,0.0882,0.0357,0.167,0.0357,0.0357,0.0168,False,cyber_dev
1317,19,CWE-327,0.0875,0.05,0.1438,0.05,0.0,0.0602,False,cyber_dev
3413,19,CWE-327,0.0875,0.0786,0.1115,0.0571,0.1071,0.0396,False,cyber_dev
30419,19,CWE-327,0.0874,0.0357,0.1648,0.0357,0.0357,0.0084,False,cyber_dev
14821,19,CWE-327,0.087,0.0357,0.164,0.0357,0.0357,0.0008,False,cyber_dev
6651,19,CWE-327,0.0867,0.0357,0.1631,0.0357,0.0357,0.0198,False,cyber_dev
1515,19,CWE-327,0.0865,0.0214,0.1841,0.0214,0.0,0.0107,False,cyber_dev
11888,19,CWE-327,0.0864,0.0429,0.1517,0.0429,0.0,0.0274,False,cyber_dev
22439,19,CWE-327,0.0862,0.0929,0.1047,0.0357,0.1071,0.0868,False,cyber_dev
9253,19,CWE-327,0.0861,0.0857,0.0902,0.0786,0.1071,0.0487,False,cyber_dev
4312,19,CWE-327,0.086,0.1643,0.0223,0.0571,0.2857,0.2529,False,cyber_dev
7611,19,CWE-327,0.0858,0.0357,0.1609,0.0357,0.0357,0.0076,False,cyber_dev
18993,19,CWE-327,0.0855,0.0357,0.1602,0.0357,0.0,0.0381,False,cyber_dev
32346,19,CWE-327,0.0852,0.0357,0.1595,0.0357,0.0357,0.0,False,cyber_dev
5196,19,CWE-327,0.0847,0.0357,0.1582,0.0357,0.0357,0.0084,False,cyber_dev
1116,19,CWE-327,0.0846,0.1214,0.0616,0.0571,0.1429,0.0815,False,cyber_dev
22009,19,CWE-327,0.0845,0.0643,0.1147,0.0643,0.0714,0.0183,False,cyber_dev
30696,19,CWE-327,0.0844,0.0357,0.1574,0.0357,0.0357,0.0046,False,cyber_dev
7144,19,CWE-327,0.0838,0.0357,0.156,0.0357,0.0357,0.0015,False,cyber_dev
3058,19,CWE-327,0.0833,0.0357,0.1548,0.0357,0.0357,0.003,False,cyber_dev
11715,19,CWE-327,0.0829,0.0357,0.1537,0.0357,0.0357,0.0046,False,cyber_dev
15966,19,CWE-327,0.0827,0.0571,0.1211,0.0571,0.0714,0.0137,False,cyber_dev
15311,19,CWE-327,0.0826,0.05,0.1244,0.0643,0.0357,0.0602,False,cyber_dev
28163,19,CWE-327,0.0824,0.0357,0.1525,0.0357,0.0,0.0198,False,cyber_dev
15298,19,CWE-327,0.0822,0.0429,0.1412,0.0429,0.0,0.0708,False,cyber_dev
4361,19,CWE-327,0.0821,0.0357,0.1516,0.0357,0.0357,0.0069,False,cyber_dev
23100,19,CWE-327,0.082,0.0286,0.1623,0.0286,0.0,0.0145,False,cyber_dev
24779,19,CWE-327,0.0817,0.0357,0.1507,0.0357,0.0,0.035,False,cyber_dev
6408,19,CWE-327,0.0811,0.0357,0.1493,0.0357,0.0357,0.0069,False,cyber_dev
25853,19,CWE-327,0.0806,0.0357,0.1478,0.0357,0.0,0.0267,False,cyber_dev
11757,19,CWE-327,0.0794,0.0357,0.145,0.0357,0.0357,0.035,False,cyber_dev
29663,19,CWE-327,0.0792,0.0357,0.1444,0.0357,0.0357,0.0,False,cyber_dev
21429,19,CWE-327,0.0781,0.0357,0.1418,0.0357,0.0357,0.0015,False,cyber_dev
32696,19,CWE-327,0.0781,0.0714,0.0952,0.0571,0.0714,0.0297,False,cyber_dev
30706,19,CWE-327,0.0781,0.0357,0.1416,0.0357,0.0357,0.0084,False,cyber_dev
32292,19,CWE-327,0.0779,0.0357,0.1412,0.0357,0.0357,0.0069,False,cyber_dev
3017,19,CWE-327,0.0778,0.0357,0.1409,0.0357,0.0357,0.0069,False,cyber_dev
16599,19,CWE-327,0.0775,0.0286,0.1509,0.0286,0.0,0.0388,False,cyber_dev
19809,19,CWE-327,0.0773,0.0357,0.1397,0.0357,0.0357,0.0008,False,cyber_dev
7570,19,CWE-327,0.0769,0.0357,0.1388,0.0357,0.0357,0.0,False,cyber_dev
6808,19,CWE-327,0.076,0.0429,0.1258,0.0429,0.0,0.0297,False,cyber_dev
5588,19,CWE-327,0.0756,0.0643,0.1068,0.0357,0.0357,0.0777,False,cyber_dev
30485,19,CWE-327,0.0754,0.0357,0.135,0.0357,0.0357,0.0122,False,cyber_dev
30989,19,CWE-327,0.0754,0.0357,0.1349,0.0357,0.0357,0.0008,False,cyber_dev
15089,19,CWE-327,0.0753,0.0357,0.1347,0.0357,0.0357,0.0008,False,cyber_dev
4784,19,CWE-327,0.0751,0.0286,0.1414,0.0357,0.0357,0.0038,False,cyber_dev
30126,19,CWE-327,0.075,0.0357,0.134,0.0357,0.0357,0.0,False,cyber_dev
18729,19,CWE-327,0.075,0.0357,0.134,0.0357,0.0357,0.0,False,cyber_dev
8198,19,CWE-327,0.075,0.0357,0.1339,0.0357,0.0357,0.0046,False,cyber_dev
23042,19,CWE-89,1.3728,0.8,2.2463,0.7714,0.8571,0.0945,True,cyber_dev
12186,19,CWE-89,0.7767,0.5714,1.2133,0.3143,0.5714,0.425,True,cyber_dev
11462,19,CWE-89,0.7548,0.5143,1.2014,0.3429,0.5714,0.2841,True,cyber_dev
151,19,CWE-89,0.7428,0.6571,0.9998,0.4,0.7143,0.599,True,cyber_dev
31800,19,CWE-89,0.741,0.5143,1.1239,0.4286,0.5714,0.1402,True,cyber_dev
19738,19,CWE-89,0.7074,0.6,1.0114,0.3143,0.7143,0.4798,True,cyber_dev
555,19,CWE-89,0.6431,0.1429,1.3935,0.1429,0.1429,0.0015,True,cyber_dev
14270,19,CWE-89,0.629,0.2857,1.144,0.2857,0.2857,0.0157,True,cyber_dev
13091,19,CWE-89,0.6173,0.3714,1.0148,0.3143,0.4286,0.2721,True,cyber_dev
15849,19,CWE-89,0.6089,0.2857,1.1366,0.2,0.2857,0.1919,True,cyber_dev
14587,19,CWE-89,0.5432,0.1429,1.1436,0.1429,0.1429,0.003,True,cyber_dev
29026,19,CWE-89,0.5382,0.4857,0.717,0.2857,0.5714,0.2811,True,cyber_dev
14739,19,CWE-89,0.526,0.1429,1.1007,0.1429,0.1429,0.0037,True,cyber_dev
12040,19,CWE-89,0.5243,0.1429,1.0966,0.1429,0.1429,0.0015,True,cyber_dev
29439,19,CWE-89,0.5077,0.1429,1.0549,0.1429,0.1429,0.006,True,cyber_dev
6157,19,CWE-89,0.4926,0.1429,1.0172,0.1429,0.1429,0.0082,True,cyber_dev
10988,19,CWE-89,0.4774,0.2571,0.8222,0.2286,0.2857,0.0742,True,cyber_dev
2287,19,CWE-89,0.4704,0.4857,0.576,0.2286,0.2857,0.4685,True,cyber_dev
2068,19,CWE-89,0.4675,0.4857,0.5686,0.2286,0.5714,0.4543,True,cyber_dev
11000,19,CWE-89,0.4624,0.1429,0.9418,0.1429,0.1429,0.0,True,cyber_dev
23695,19,CWE-89,0.4454,0.1429,0.8993,0.1429,0.1429,0.0,True,cyber_dev
25948,19,CWE-89,0.436,0.2286,0.7472,0.2286,0.0,0.0817,False,cyber_dev
12404,19,CWE-89,0.434,0.2571,0.6992,0.2571,0.2857,0.045,True,cyber_dev
10268,19,CWE-89,0.4324,0.2,0.7811,0.2,0.0,0.0525,False,cyber_dev
28564,19,CWE-89,0.4278,0.1429,0.8552,0.1429,0.1429,0.0007,True,cyber_dev
12906,19,CWE-89,0.4242,0.2857,0.6747,0.2,0.2857,0.1267,True,cyber_dev
16897,19,CWE-89,0.4224,0.6286,0.3274,0.2,1.0,0.9385,True,cyber_dev
759,19,CWE-89,0.4221,0.1429,0.841,0.1429,0.1429,0.0052,True,cyber_dev
20459,19,CWE-89,0.4207,0.1429,0.8374,0.1429,0.1429,0.0217,True,cyber_dev
24451,19,CWE-89,0.4188,0.1429,0.8327,0.1429,0.1429,0.0127,True,cyber_dev
26847,19,CWE-89,0.416,0.1429,0.8257,0.1429,0.1429,0.0022,True,cyber_dev
19483,19,CWE-89,0.4141,0.4,0.5352,0.2,0.4286,0.2571,True,cyber_dev
26893,19,CWE-89,0.4054,0.1429,0.8136,0.1143,0.1429,0.045,True,cyber_dev
31126,19,CWE-89,0.3846,0.2857,0.5901,0.1714,0.2857,0.051,True,cyber_dev
8079,19,CWE-89,0.3843,0.1429,0.7465,0.1429,0.1429,0.0037,True,cyber_dev
23583,19,CWE-89,0.3799,0.1429,0.7353,0.1429,0.1429,0.0135,True,cyber_dev
3571,19,CWE-89,0.3782,0.1714,0.6882,0.1714,0.0,0.1852,False,cyber_dev
8768,19,CWE-89,0.3778,0.1429,0.7302,0.1429,0.1429,0.018,True,cyber_dev
28864,19,CWE-89,0.3732,0.2571,0.5474,0.2571,0.2857,0.012,True,cyber_dev
7705,19,CWE-89,0.369,0.1429,0.7083,0.1429,0.1429,0.0015,True,cyber_dev
5588,19,CWE-89,0.3662,0.2286,0.5727,0.2286,0.0,0.0772,False,cyber_dev
15298,19,CWE-89,0.3637,0.2857,0.4948,0.2571,0.2857,0.0682,True,cyber_dev
16599,19,CWE-89,0.3635,0.1429,0.6944,0.1429,0.1429,0.0375,True,cyber_dev
16192,19,CWE-89,0.3609,0.1429,0.6878,0.1429,0.1429,0.2646,True,cyber_dev
14595,19,CWE-89,0.3595,0.1429,0.6845,0.1429,0.1429,0.0007,True,cyber_dev
21034,19,CWE-89,0.347,0.1429,0.6533,0.1429,0.1429,0.012,True,cyber_dev
7777,19,CWE-89,0.3453,0.1429,0.649,0.1429,0.1429,0.0135,True,cyber_dev
6510,19,CWE-89,0.3445,0.0571,0.7756,0.0571,0.0,0.009,False,cyber_dev
17474,19,CWE-89,0.3432,0.1429,0.6438,0.1429,0.1429,0.0045,True,cyber_dev
31956,19,CWE-89,0.3368,0.2571,0.4707,0.2286,0.2857,0.0345,True,cyber_dev
5461,19,CWE-89,0.3326,0.1429,0.6172,0.1429,0.1429,0.0112,True,cyber_dev
18077,19,CWE-89,0.3325,0.1429,0.6169,0.1429,0.1429,0.0,True,cyber_dev
29486,19,CWE-89,0.3282,0.1429,0.6063,0.1429,0.1429,0.0202,True,cyber_dev
6932,19,CWE-89,0.3259,0.1429,0.6004,0.1429,0.1429,0.0045,True,cyber_dev
3674,19,CWE-89,0.3208,0.1714,0.5306,0.2,0.2857,0.3171,True,cyber_dev
18900,19,CWE-89,0.3172,0.1429,0.5788,0.1429,0.1429,0.0097,True,cyber_dev
28732,19,CWE-89,0.3169,0.1714,0.5351,0.1714,0.0,0.1312,False,cyber_dev
20816,19,CWE-89,0.3163,0.1429,0.5764,0.1429,0.1429,0.0022,True,cyber_dev
10176,19,CWE-89,0.3159,0.1429,0.5754,0.1429,0.0,0.0577,False,cyber_dev
8222,19,CWE-89,0.3057,0.1429,0.55,0.1429,0.1429,0.0135,True,cyber_dev
1209,19,CWE-89,0.3037,0.1429,0.545,0.1429,0.1429,0.0247,True,cyber_dev
28485,19,CWE-89,0.3021,0.1429,0.541,0.1429,0.1429,0.0007,True,cyber_dev
11914,19,CWE-89,0.3018,0.1429,0.5402,0.1429,0.1429,0.0165,True,cyber_dev
19008,19,CWE-89,0.3017,0.1714,0.4971,0.1714,0.0,0.1957,False,cyber_dev
4702,19,CWE-89,0.3002,0.1429,0.5361,0.1429,0.1429,0.0037,True,cyber_dev
7369,19,CWE-89,0.3002,0.1429,0.5361,0.1429,0.1429,0.0022,True,cyber_dev
21570,19,CWE-89,0.2976,0.1429,0.5297,0.1429,0.1429,0.0075,True,cyber_dev
1151,19,CWE-89,0.2963,0.1429,0.5266,0.1429,0.1429,0.0142,True,cyber_dev
5403,19,CWE-89,0.2906,0.1429,0.5123,0.1429,0.0,0.0517,False,cyber_dev
2977,19,CWE-89,0.2902,0.1429,0.5112,0.1429,0.1429,0.0045,True,cyber_dev
5808,19,CWE-89,0.2872,0.1429,0.5037,0.1429,0.1429,0.0112,True,cyber_dev
20208,19,CWE-89,0.2867,0.1429,0.5025,0.1429,0.1429,0.0067,True,cyber_dev
20332,19,CWE-89,0.2795,0.1429,0.4845,0.1429,0.0,0.1867,False,cyber_dev
28482,19,CWE-89,0.2765,0.1429,0.4769,0.1429,0.1429,0.0,True,cyber_dev
11003,19,CWE-89,0.2761,0.1429,0.4761,0.1429,0.0,0.1792,False,cyber_dev
26452,19,CWE-89,0.2761,0.1429,0.4759,0.1429,0.1429,0.0015,True,cyber_dev
5850,19,CWE-89,0.2752,0.1429,0.4736,0.1429,0.1429,0.009,True,cyber_dev
3169,19,CWE-89,0.2748,0.1429,0.4727,0.1429,0.1429,0.0127,True,cyber_dev
31295,19,CWE-89,0.2707,0.1429,0.4624,0.1429,0.1429,0.0112,True,cyber_dev
17961,19,CWE-89,0.2693,0.4,0.159,0.2286,0.4286,0.41,True,cyber_dev
9406,19,CWE-89,0.2658,0.1429,0.4503,0.1429,0.0,0.1784,False,cyber_dev
13690,19,CWE-89,0.2656,0.1714,0.4068,0.1714,0.0,0.2061,False,cyber_dev
5540,19,CWE-89,0.2633,0.1714,0.4012,0.1714,0.0,0.2024,False,cyber_dev
14105,19,CWE-89,0.2597,0.1429,0.435,0.1429,0.1429,0.0037,True,cyber_dev
4409,19,CWE-89,0.2593,0.1429,0.434,0.1429,0.1429,0.0,True,cyber_dev
10796,19,CWE-89,0.2588,0.1714,0.3898,0.1714,0.0,0.1889,False,cyber_dev
20465,19,CWE-89,0.2564,0.1429,0.4267,0.1429,0.1429,0.0067,True,cyber_dev
16210,19,CWE-89,0.2557,0.1429,0.4251,0.1429,0.1429,0.0172,True,cyber_dev
12350,19,CWE-89,0.2545,0.1429,0.4219,0.1429,0.1429,0.0007,True,cyber_dev
18483,19,CWE-89,0.2514,0.2,0.2999,0.2571,0.2857,0.1799,True,cyber_dev
4868,19,CWE-89,0.2504,0.1429,0.4118,0.1429,0.1429,0.006,True,cyber_dev
7698,19,CWE-89,0.2477,0.1429,0.4049,0.1429,0.1429,0.0015,True,cyber_dev
5445,19,CWE-89,0.2473,0.1429,0.4039,0.1429,0.1429,0.0067,True,cyber_dev
24293,19,CWE-89,0.247,0.1429,0.4031,0.1429,0.1429,0.0157,True,cyber_dev
25258,19,CWE-89,0.2431,0.1429,0.3936,0.1429,0.1429,0.012,True,cyber_dev
7955,19,CWE-89,0.242,0.1429,0.3907,0.1429,0.1429,0.0,True,cyber_dev
9253,19,CWE-89,0.2378,0.0857,0.4659,0.0857,0.0,0.0502,False,cyber_dev
6483,19,CWE-89,0.2375,0.1429,0.3794,0.1429,0.1429,0.0067,True,cyber_dev
1913,19,CWE-89,0.2352,0.3714,0.1167,0.2,0.4286,0.2286,True,cyber_dev
5118,19,CWE-89,0.2346,0.1429,0.3723,0.1429,0.1429,0.012,True,cyber_dev
6273,19,CWE-89,0.2337,0.4286,0.0843,0.1429,0.5714,0.4145,True,cyber_dev
31623,19,CWE-89,0.233,0.2571,0.2397,0.1714,0.2857,0.0607,True,cyber_dev
31232,19,CWE-89,0.2327,0.1429,0.3675,0.1429,0.1429,0.0127,True,cyber_dev
17566,19,CWE-89,0.231,0.1429,0.3632,0.1429,0.1429,0.0097,True,cyber_dev
816,19,CWE-89,0.2294,0.1143,0.4021,0.1143,0.0,0.0907,False,cyber_dev
27025,19,CWE-89,0.2272,0.1429,0.3538,0.1429,0.1429,0.0082,True,cyber_dev
29673,19,CWE-89,0.2267,0.1429,0.3668,0.1143,0.1429,0.0172,True,cyber_dev
30036,19,CWE-89,0.2267,0.1429,0.3525,0.1429,0.0,0.0517,False,cyber_dev
29022,19,CWE-89,0.2266,0.1429,0.3521,0.1429,0.0,0.1784,False,cyber_dev
18806,19,CWE-89,0.2262,0.1429,0.3654,0.1143,0.1429,0.0052,True,cyber_dev
9586,19,CWE-89,0.2233,0.1429,0.344,0.1429,0.1429,0.0157,True,cyber_dev
24474,19,CWE-89,0.2229,0.1429,0.3431,0.1429,0.1429,0.0,True,cyber_dev
16028,19,CWE-89,0.2226,0.1429,0.3423,0.1429,0.0,0.1792,False,cyber_dev
23089,19,CWE-89,0.2226,0.1429,0.3422,0.1429,0.1429,0.0037,True,cyber_dev
30696,19,CWE-89,0.2225,0.1429,0.3419,0.1429,0.1429,0.0045,True,cyber_dev
23033,19,CWE-89,0.2217,0.1429,0.3399,0.1429,0.1429,0.0,True,cyber_dev
20564,19,CWE-89,0.2199,0.1429,0.3355,0.1429,0.0,0.1904,False,cyber_dev
9744,19,CWE-89,0.2193,0.1429,0.3339,0.1429,0.1429,0.0067,True,cyber_dev
4623,19,CWE-89,0.2192,0.0857,0.4195,0.0857,0.0,0.0165,False,cyber_dev
4939,19,CWE-89,0.219,0.1429,0.3331,0.1429,0.1429,0.0112,True,cyber_dev
4949,19,CWE-89,0.219,0.1429,0.3331,0.1429,0.1429,0.021,True,cyber_dev
573,19,CWE-89,0.2185,0.1429,0.3463,0.1143,0.1429,0.0285,True,cyber_dev
14398,19,CWE-89,0.2184,0.1429,0.3317,0.1429,0.0,0.1784,False,cyber_dev
1930,19,CWE-89,0.2182,0.1429,0.3311,0.1429,0.1429,0.0247,True,cyber_dev
7012,19,CWE-89,0.2181,0.1429,0.3309,0.1429,0.0,0.081,False,cyber_dev
8780,19,CWE-89,0.2175,0.1429,0.3437,0.1143,0.1429,0.0022,True,cyber_dev
29990,19,CWE-89,0.217,0.1429,0.3283,0.1429,0.1429,0.0015,True,cyber_dev
18447,19,CWE-89,0.217,0.1429,0.3283,0.1429,0.1429,0.0015,True,cyber_dev
23814,19,CWE-89,0.2168,0.0857,0.4135,0.0857,0.0,0.1334,False,cyber_dev
4308,19,CWE-89,0.2157,0.1429,0.3251,0.1429,0.1429,0.0007,True,cyber_dev
31380,19,CWE-89,0.2151,0.1429,0.3236,0.1429,0.1429,0.0007,True,cyber_dev
9499,19,CWE-89,0.2133,0.1429,0.319,0.1429,0.1429,0.0015,True,cyber_dev
3778,19,CWE-89,0.2123,0.1429,0.3164,0.1429,0.1429,0.003,True,cyber_dev
32094,19,CWE-89,0.2119,0.1429,0.3156,0.1429,0.1429,0.0112,True,cyber_dev
20349,19,CWE-89,0.2105,0.1429,0.3119,0.1429,0.1429,0.024,True,cyber_dev
3691,19,CWE-89,0.209,0.1429,0.3083,0.1429,0.1429,0.0172,True,cyber_dev
15240,19,CWE-89,0.2087,0.1429,0.3076,0.1429,0.1429,0.0015,True,cyber_dev
13250,19,CWE-89,0.2069,0.1429,0.3029,0.1429,0.1429,0.0097,True,cyber_dev
16063,19,CWE-89,0.2068,0.1429,0.317,0.1143,0.1429,0.0135,True,cyber_dev
6086,19,CWE-89,0.205,0.1429,0.2983,0.1429,0.1429,0.0112,True,cyber_dev
10448,19,CWE-89,0.205,0.1429,0.2983,0.1429,0.1429,0.0487,True,cyber_dev
6859,19,CWE-89,0.2047,0.1429,0.2975,0.1429,0.1429,0.0,True,cyber_dev
16050,19,CWE-89,0.2046,0.1429,0.2973,0.1429,0.1429,0.0105,True,cyber_dev
13925,19,CWE-89,0.2042,0.1429,0.2963,0.1429,0.1429,0.0007,True,cyber_dev
15311,19,CWE-89,0.2039,0.1429,0.3097,0.1143,0.1429,0.0592,True,cyber_dev
17189,19,CWE-89,0.2039,0.1429,0.2954,0.1429,0.1429,0.0007,True,cyber_dev
11757,19,CWE-89,0.2038,0.1143,0.3525,0.0857,0.1429,0.0345,True,cyber_dev
6096,19,CWE-89,0.2038,0.1429,0.2951,0.1429,0.0,0.1784,False,cyber_dev
5342,19,CWE-89,0.2029,0.1429,0.2931,0.1429,0.1429,0.003,True,cyber_dev
27530,19,CWE-89,0.2025,0.1429,0.2919,0.1429,0.1429,0.0052,True,cyber_dev
21497,19,CWE-89,0.2025,0.1429,0.2919,0.1429,0.1429,0.003,True,cyber_dev
5725,19,CWE-89,0.2023,0.1429,0.2914,0.1429,0.1429,0.0037,True,cyber_dev
29136,19,CWE-89,0.2016,0.1429,0.2898,0.1429,0.1429,0.0,True,cyber_dev
23156,19,CWE-89,0.2008,0.1429,0.2876,0.1429,0.1429,0.0007,True,cyber_dev
25340,19,CWE-89,0.2,0.1429,0.2856,0.1429,0.1429,0.0,True,cyber_dev
14842,19,CWE-89,0.2,0.2,0.257,0.0857,0.1429,0.1417,True,cyber_dev
24340,19,CWE-89,0.1968,0.1429,0.292,0.1143,0.1429,0.0157,True,cyber_dev
27684,19,CWE-89,0.1952,0.1143,0.3166,0.1143,0.0,0.0667,False,cyber_dev
18125,19,CWE-89,0.1936,0.0857,0.3554,0.0857,0.0,0.03,False,cyber_dev
12264,19,CWE-89,0.1878,0.0571,0.3839,0.0571,0.0,0.006,False,cyber_dev
28989,19,CWE-89,0.1784,0.1429,0.246,0.1143,0.1429,0.021,True,cyber_dev
12444,19,CWE-89,0.177,0.0857,0.3139,0.0857,0.0,0.0172,False,cyber_dev
4990,19,CWE-89,0.1763,0.1429,0.2407,0.1143,0.1429,0.0202,True,cyber_dev
16675,19,CWE-89,0.1757,0.0571,0.3536,0.0571,0.0,0.0022,False,cyber_dev
9659,19,CWE-89,0.1744,0.1429,0.2361,0.1143,0.1429,0.0112,True,cyber_dev
5923,19,CWE-89,0.1722,0.2857,0.0877,0.1143,0.2857,0.2834,True,cyber_dev
1392,19,CWE-89,0.1705,0.0857,0.2977,0.0857,0.0,0.027,False,cyber_dev
4614,19,CWE-89,0.1668,0.1143,0.2455,0.1143,0.1429,0.0217,True,cyber_dev
13827,19,CWE-89,0.1651,0.1714,0.17,0.1429,0.1429,0.2106,True,cyber_dev
14440,19,CWE-89,0.165,0.2857,0.0696,0.1143,0.2857,0.1897,True,cyber_dev
20508,19,CWE-89,0.1644,0.1143,0.2254,0.1429,0.1429,0.0067,True,cyber_dev
30808,19,CWE-89,0.1636,0.1429,0.209,0.1143,0.1429,0.0232,True,cyber_dev
6808,19,CWE-89,0.1627,0.0857,0.2781,0.0857,0.0,0.0292,False,cyber_dev
27769,19,CWE-89,0.1626,0.1429,0.2065,0.1143,0.1429,0.03,True,cyber_dev
18279,19,CWE-89,0.162,0.1429,0.2194,0.0857,0.1429,0.0525,True,cyber_dev
27034,19,CWE-89,0.1592,0.1429,0.1979,0.1143,0.1429,0.042,True,cyber_dev
3172,19,CWE-89,0.1588,0.1429,0.1971,0.1143,0.1429,0.0097,True,cyber_dev
24717,19,CWE-89,0.1584,0.0857,0.2673,0.0857,0.0,0.1079,False,cyber_dev
29545,19,CWE-89,0.1583,0.1143,0.2244,0.1143,0.1429,0.0367,True,cyber_dev
10111,19,CWE-89,0.1556,0.0571,0.3032,0.0571,0.0,0.051,False,cyber_dev
4380,19,CWE-89,0.1536,0.0571,0.2982,0.0571,0.0,0.018,False,cyber_dev
1367,19,CWE-89,0.1528,0.0571,0.2963,0.0571,0.0,0.015,False,cyber_dev
12423,19,CWE-89,0.1521,0.0286,0.3375,0.0286,0.0,0.0007,False,cyber_dev
15049,19,CWE-89,0.1508,0.0571,0.2914,0.0571,0.0,0.0195,False,cyber_dev
20937,19,CWE-89,0.1461,0.2286,0.0796,0.1143,0.2857,0.2826,False,cyber_dev
18993,19,CWE-89,0.1449,0.0857,0.2336,0.0857,0.0,0.0375,False,cyber_dev
472,19,CWE-89,0.1433,0.0571,0.2727,0.0571,0.0,0.0045,False,cyber_dev
13913,19,CWE-89,0.1407,0.1143,0.1802,0.1143,0.1429,0.0502,False,cyber_dev
4312,19,CWE-89,0.1392,0.2,0.0622,0.1714,0.2857,0.2534,False,cyber_dev
806,19,CWE-89,0.1387,0.1429,0.161,0.0857,0.1429,0.0645,False,cyber_dev
15946,19,CWE-89,0.1374,0.1429,0.1577,0.0857,0.1429,0.0375,False,cyber_dev
30742,19,CWE-89,0.1373,0.1429,0.1575,0.0857,0.1429,0.0847,False,cyber_dev
25229,19,CWE-89,0.1368,0.0286,0.2993,0.0286,0.0,0.0022,False,cyber_dev
27826,19,CWE-89,0.1356,0.0571,0.2533,0.0571,0.0,0.024,False,cyber_dev
22755,19,CWE-89,0.1344,0.0571,0.2504,0.0571,0.0,0.0067,False,cyber_dev
1748,19,CWE-89,0.1335,0.1429,0.1336,0.1143,0.1429,0.1034,False,cyber_dev
23436,19,CWE-89,0.1326,0.0857,0.203,0.0857,0.0,0.0495,False,cyber_dev
29385,19,CWE-89,0.1321,0.0286,0.2874,0.0286,0.0,0.0007,False,cyber_dev
14097,19,CWE-89,0.1314,0.0857,0.2,0.0857,0.0,0.0337,False,cyber_dev
29810,19,CWE-89,0.131,0.1429,0.1274,0.1143,0.1429,0.1147,False,cyber_dev
16897,19,CWE-338,1.3355,0.76,2.3988,0.36,0.8,0.9394,True,cyber_dev
151,19,CWE-338,1.0794,0.6,1.9784,0.24,0.4,0.6003,True,cyber_dev
2287,19,CWE-338,0.9226,0.64,1.4666,0.4,0.8,0.4663,True,cyber_dev
2068,19,CWE-338,0.8539,0.52,1.4348,0.36,0.6,0.4543,True,cyber_dev
19738,19,CWE-338,0.8307,0.32,1.6368,0.24,0.4,0.4813,True,cyber_dev
12068,19,CWE-338,0.7966,0.4,1.3915,0.4,0.0,0.2373,False,cyber_dev
16192,19,CWE-338,0.7547,0.24,1.4867,0.32,0.2,0.2642,True,cyber_dev
25948,19,CWE-338,0.698,0.4,1.1449,0.4,0.4,0.0801,True,cyber_dev
27826,19,CWE-338,0.6749,0.2,1.3873,0.2,0.2,0.0232,True,cyber_dev
23814,19,CWE-338,0.611,0.28,1.1075,0.28,0.0,0.1332,False,cyber_dev
13827,19,CWE-338,0.5744,0.24,1.0761,0.24,0.0,0.2111,False,cyber_dev
30701,19,CWE-338,0.5538,0.2,1.0845,0.2,0.2,0.0127,True,cyber_dev
3571,19,CWE-338,0.533,0.24,0.9725,0.24,0.4,0.1834,True,cyber_dev
5923,19,CWE-338,0.5285,0.4,0.7612,0.32,0.6,0.2822,True,cyber_dev
23425,19,CWE-338,0.5098,0.2,0.9745,0.2,0.2,0.0022,True,cyber_dev
19483,19,CWE-338,0.5002,0.24,0.8906,0.24,0.0,0.259,False,cyber_dev
23100,19,CWE-338,0.4772,0.2,0.8931,0.2,0.2,0.0135,True,cyber_dev
20332,19,CWE-338,0.4696,0.24,0.8139,0.24,0.4,0.1849,True,cyber_dev
11003,19,CWE-338,0.4639,0.24,0.7998,0.24,0.4,0.1774,True,cyber_dev
4700,19,CWE-338,0.4566,0.2,0.8415,0.2,0.2,0.0217,True,cyber_dev
9406,19,CWE-338,0.4466,0.24,0.7564,0.24,0.4,0.1766,True,cyber_dev
23201,19,CWE-338,0.4461,0.2,0.8152,0.2,0.2,0.0254,True,cyber_dev
15975,19,CWE-338,0.4453,0.2,0.8132,0.2,0.2,0.0022,True,cyber_dev
29361,19,CWE-338,0.4375,0.2,0.7937,0.2,0.2,0.0007,True,cyber_dev
15849,19,CWE-338,0.4219,0.2,0.7547,0.2,0.0,0.1931,False,cyber_dev
1757,19,CWE-338,0.4204,0.2,0.751,0.2,0.2,0.021,True,cyber_dev
9108,19,CWE-338,0.4096,0.2,0.724,0.2,0.2,0.006,True,cyber_dev
6273,19,CWE-338,0.3933,0.44,0.4631,0.16,0.4,0.4154,True,cyber_dev
13091,19,CWE-338,0.3881,0.28,0.5502,0.28,0.2,0.2732,True,cyber_dev
1913,19,CWE-338,0.388,0.28,0.5501,0.28,0.4,0.229,True,cyber_dev
19679,19,CWE-338,0.3836,0.2,0.6589,0.2,0.2,0.0097,True,cyber_dev
28606,19,CWE-338,0.381,0.2,0.6525,0.2,0.2,0.0172,True,cyber_dev
29022,19,CWE-338,0.3806,0.24,0.5915,0.24,0.4,0.1766,True,cyber_dev
17558,19,CWE-338,0.3798,0.2,0.6496,0.2,0.0,0.0404,False,cyber_dev
18725,19,CWE-338,0.3756,0.2,0.639,0.2,0.2,0.012,True,cyber_dev
16028,19,CWE-338,0.374,0.24,0.575,0.24,0.4,0.1774,True,cyber_dev
1586,19,CWE-338,0.3732,0.2,0.673,0.12,0.2,0.0674,True,cyber_dev
13690,19,CWE-338,0.372,0.24,0.57,0.24,0.4,0.2043,True,cyber_dev
20937,19,CWE-338,0.37,0.2,0.6249,0.2,0.0,0.2837,False,cyber_dev
20564,19,CWE-338,0.3694,0.24,0.5636,0.24,0.4,0.1886,True,cyber_dev
14206,19,CWE-338,0.3679,0.2,0.6196,0.2,0.2,0.0075,True,cyber_dev
14398,19,CWE-338,0.3669,0.24,0.5573,0.24,0.4,0.1766,True,cyber_dev
21954,19,CWE-338,0.3661,0.2,0.6152,0.2,0.2,0.0007,True,cyber_dev
10796,19,CWE-338,0.3658,0.24,0.5544,0.24,0.4,0.1871,True,cyber_dev
6629,19,CWE-338,0.3563,0.2,0.5908,0.2,0.2,0.0,True,cyber_dev
1116,19,CWE-338,0.3455,0.2,0.5838,0.16,0.2,0.0823,True,cyber_dev
6096,19,CWE-338,0.3423,0.24,0.4958,0.24,0.4,0.1766,True,cyber_dev
23058,19,CWE-338,0.3374,0.2,0.5434,0.2,0.2,0.0007,True,cyber_dev
14193,19,CWE-338,0.3351,0.2,0.5376,0.2,0.2,0.0292,True,cyber_dev
573,19,CWE-338,0.334,0.2,0.555,0.16,0.2,0.0284,True,cyber_dev
13360,19,CWE-338,0.3338,0.08,0.7145,0.08,0.0,0.003,False,cyber_dev
5540,19,CWE-338,0.3216,0.24,0.464,0.2,0.4,0.2006,True,cyber_dev
13570,19,CWE-338,0.3141,0.2,0.4852,0.2,0.2,0.0045,True,cyber_dev
17961,19,CWE-338,0.3116,0.36,0.319,0.2,0.4,0.4102,True,cyber_dev
23088,19,CWE-338,0.3068,0.2,0.4669,0.2,0.2,0.0082,True,cyber_dev
23042,19,CWE-338,0.3,0.16,0.5101,0.16,0.0,0.0988,False,cyber_dev
16816,19,CWE-338,0.2982,0.2,0.4456,0.2,0.2,0.0022,True,cyber_dev
32643,19,CWE-338,0.2979,0.2,0.4448,0.2,0.2,0.006,True,cyber_dev
26687,19,CWE-338,0.2973,0.2,0.4433,0.2,0.2,0.0,True,cyber_dev
607,19,CWE-338,0.2962,0.2,0.4404,0.2,0.2,0.0007,True,cyber_dev
14949,19,CWE-338,0.2957,0.2,0.4392,0.2,0.2,0.0022,True,cyber_dev
15331,19,CWE-338,0.2948,0.08,0.6169,0.08,0.0,0.0127,False,cyber_dev
25173,19,CWE-338,0.294,0.2,0.4349,0.2,0.2,0.0082,True,cyber_dev
10111,19,CWE-338,0.2924,0.16,0.4909,0.16,0.0,0.0509,False,cyber_dev
11462,19,CWE-338,0.2908,0.36,0.2669,0.2,0.4,0.2852,True,cyber_dev
23185,19,CWE-338,0.2907,0.2,0.4268,0.2,0.2,0.015,True,cyber_dev
524,19,CWE-338,0.29,0.2,0.4249,0.2,0.2,0.0037,True,cyber_dev
6898,19,CWE-338,0.2833,0.12,0.5283,0.12,0.0,0.021,False,cyber_dev
10107,19,CWE-338,0.2807,0.2,0.4016,0.2,0.2,0.0022,True,cyber_dev
4949,19,CWE-338,0.2801,0.2,0.4003,0.2,0.2,0.021,True,cyber_dev
4312,19,CWE-338,0.2797,0.16,0.4594,0.16,0.0,0.2545,False,cyber_dev
15311,19,CWE-338,0.2797,0.16,0.4393,0.2,0.2,0.0591,True,cyber_dev
19008,19,CWE-338,0.2756,0.24,0.3689,0.16,0.4,0.1939,True,cyber_dev
32012,19,CWE-338,0.2754,0.08,0.5685,0.08,0.0,0.0419,False,cyber_dev
19984,19,CWE-338,0.2738,0.12,0.5044,0.12,0.0,0.0337,False,cyber_dev
8221,19,CWE-338,0.2714,0.04,0.6186,0.04,0.0,0.0322,False,cyber_dev
13913,19,CWE-338,0.2697,0.16,0.4342,0.16,0.0,0.0509,False,cyber_dev
12824,19,CWE-338,0.2695,0.2,0.3938,0.16,0.2,0.0838,True,cyber_dev
29026,19,CWE-338,0.2612,0.32,0.2729,0.12,0.2,0.2829,True,cyber_dev
10988,19,CWE-338,0.261,0.08,0.5325,0.08,0.0,0.0756,False,cyber_dev
29383,19,CWE-338,0.2599,0.2,0.3697,0.16,0.2,0.0187,True,cyber_dev
8559,19,CWE-338,0.2519,0.12,0.4497,0.12,0.0,0.0172,False,cyber_dev
24340,19,CWE-338,0.2466,0.12,0.4365,0.12,0.0,0.0165,False,cyber_dev
10777,19,CWE-338,0.2458,0.12,0.4344,0.12,0.0,0.0202,False,cyber_dev
19922,19,CWE-338,0.2456,0.08,0.494,0.08,0.0,0.0127,False,cyber_dev
3674,19,CWE-338,0.2425,0.24,0.3064,0.12,0.2,0.3174,True,cyber_dev
26893,19,CWE-338,0.241,0.04,0.5426,0.04,0.0,0.0457,False,cyber_dev
22439,19,CWE-338,0.237,0.12,0.4126,0.12,0.0,0.0876,False,cyber_dev
10176,19,CWE-338,0.2285,0.08,0.4513,0.08,0.0,0.0576,False,cyber_dev
816,19,CWE-338,0.2243,0.2,0.2806,0.16,0.2,0.0898,True,cyber_dev
791,19,CWE-338,0.2219,0.08,0.4348,0.08,0.0,0.0112,False,cyber_dev
30742,19,CWE-338,0.221,0.2,0.2725,0.16,0.2,0.0846,True,cyber_dev
7889,19,CWE-338,0.2199,0.16,0.2898,0.2,0.2,0.0576,True,cyber_dev
12568,19,CWE-338,0.2155,0.12,0.3588,0.12,0.0,0.0112,False,cyber_dev
28608,19,CWE-338,0.2146,0.12,0.3565,0.12,0.0,0.0202,False,cyber_dev
27220,19,CWE-338,0.2109,0.08,0.4073,0.08,0.0,0.0187,False,cyber_dev
1854,19,CWE-338,0.2109,0.12,0.3472,0.12,0.0,0.0105,False,cyber_dev
18483,19,CWE-338,0.2098,0.12,0.3444,0.12,0.0,0.1811,False,cyber_dev
512,19,CWE-338,0.2016,0.2,0.2239,0.16,0.2,0.0247,True,cyber_dev
21776,19,CWE-338,0.2001,0.12,0.3203,0.12,0.0,0.0367,False,cyber_dev
1748,19,CWE-338,0.1971,0.12,0.3128,0.12,0.0,0.104,False,cyber_dev
12906,19,CWE-338,0.1917,0.08,0.3591,0.08,0.0,0.128,False,cyber_dev
31800,19,CWE-338,0.1906,0.12,0.2965,0.12,0.0,0.143,False,cyber_dev
7611,19,CWE-338,0.1897,0.08,0.3542,0.08,0.0,0.0082,False,cyber_dev
367,19,CWE-338,0.1889,0.08,0.3523,0.08,0.0,0.0524,False,cyber_dev
9257,19,CWE-338,0.188,0.04,0.41,0.04,0.0,0.0007,False,cyber_dev
28740,19,CWE-338,0.1824,0.08,0.3359,0.08,0.0,0.0015,False,cyber_dev
22032,19,CWE-338,0.1808,0.04,0.3919,0.04,0.0,0.003,False,cyber_dev
14842,19,CWE-338,0.1716,0.16,0.1691,0.2,0.2,0.1415,True,cyber_dev
8108,19,CWE-338,0.1687,0.2,0.1419,0.16,0.2,0.0075,True,cyber_dev
3413,19,CWE-338,0.1667,0.16,0.1967,0.12,0.2,0.0404,True,cyber_dev
2189,19,CWE-338,0.1661,0.04,0.3552,0.04,0.0,0.0105,False,cyber_dev
3594,19,CWE-338,0.1659,0.04,0.3547,0.04,0.0,0.0022,False,cyber_dev
26678,19,CWE-338,0.1638,0.08,0.2894,0.08,0.0,0.0075,False,cyber_dev
1533,19,CWE-338,0.1637,0.04,0.3492,0.04,0.0,0.0022,False,cyber_dev
6379,19,CWE-338,0.1628,0.04,0.347,0.04,0.0,0.0015,False,cyber_dev
10690,19,CWE-338,0.1624,0.08,0.286,0.08,0.0,0.0374,False,cyber_dev
12186,19,CWE-338,0.16,0.24,0.0801,0.16,0.4,0.4259,True,cyber_dev
9176,19,CWE-338,0.1572,0.04,0.3329,0.04,0.0,0.0007,False,cyber_dev
206,19,CWE-338,0.154,0.04,0.3249,0.04,0.0,0.006,False,cyber_dev
6603,19,CWE-338,0.1534,0.08,0.2635,0.08,0.0,0.0472,False,cyber_dev
21211,19,CWE-338,0.153,0.08,0.2624,0.08,0.0,0.0052,False,cyber_dev
29810,19,CWE-338,0.1513,0.2,0.1183,0.12,0.2,0.1145,True,cyber_dev
19392,19,CWE-338,0.1507,0.08,0.2568,0.08,0.0,0.0142,False,cyber_dev
1768,19,CWE-338,0.1483,0.08,0.2508,0.08,0.0,0.0269,False,cyber_dev
1609,19,CWE-338,0.1461,0.04,0.3052,0.04,0.0,0.0037,False,cyber_dev
10178,19,CWE-338,0.1459,0.04,0.3049,0.04,0.0,0.003,False,cyber_dev
3127,19,CWE-338,0.1458,0.04,0.3044,0.04,0.0,0.0052,False,cyber_dev
30808,19,CWE-338,0.1455,0.08,0.2438,0.08,0.0,0.024,False,cyber_dev
29918,19,CWE-338,0.1449,0.04,0.3023,0.04,0.0,0.0037,False,cyber_dev
9403,19,CWE-338,0.1446,0.08,0.2414,0.08,0.0,0.003,False,cyber_dev
9936,19,CWE-338,0.143,0.08,0.2375,0.08,0.0,0.0172,False,cyber_dev
17430,19,CWE-338,0.1428,0.08,0.2369,0.08,0.0,0.0479,False,cyber_dev
28548,19,CWE-338,0.1421,0.04,0.2952,0.04,0.0,0.0015,False,cyber_dev
28706,19,CWE-338,0.1416,0.2,0.094,0.12,0.2,0.0292,False,cyber_dev
18210,19,CWE-338,0.1402,0.04,0.2904,0.04,0.0,0.0022,False,cyber_dev
4627,19,CWE-338,0.1398,0.04,0.2895,0.04,0.0,0.0037,False,cyber_dev
29486,19,CWE-338,0.1395,0.08,0.2288,0.08,0.0,0.021,False,cyber_dev
10076,19,CWE-338,0.1382,0.08,0.2255,0.08,0.0,0.006,False,cyber_dev
21314,19,CWE-338,0.1378,0.04,0.2846,0.04,0.0,0.0007,False,cyber_dev
19674,19,CWE-338,0.1371,0.08,0.2228,0.08,0.0,0.0247,False,cyber_dev
25667,19,CWE-338,0.1338,0.08,0.2145,0.08,0.0,0.0389,False,cyber_dev
7012,19,CWE-338,0.133,0.08,0.2124,0.08,0.0,0.0808,False,cyber_dev
6808,19,CWE-338,0.1318,0.04,0.2696,0.04,0.0,0.0292,False,cyber_dev
7213,19,CWE-338,0.1316,0.04,0.269,0.04,0.0,0.003,False,cyber_dev
4603,19,CWE-338,0.1314,0.08,0.2084,0.08,0.0,0.0591,False,cyber_dev
11129,19,CWE-338,0.13,0.08,0.205,0.08,0.0,0.0352,False,cyber_dev
13244,19,CWE-338,0.1299,0.08,0.2048,0.08,0.0,0.0172,False,cyber_dev
9586,19,CWE-338,0.1298,0.08,0.2046,0.08,0.0,0.0165,False,cyber_dev
30056,19,CWE-338,0.1295,0.08,0.2036,0.08,0.0,0.0225,False,cyber_dev
27769,19,CWE-338,0.1293,0.08,0.2034,0.08,0.0,0.0307,False,cyber_dev
32019,19,CWE-338,0.129,0.08,0.2026,0.08,0.0,0.0344,False,cyber_dev
3934,19,CWE-338,0.128,0.04,0.26,0.04,0.0,0.0045,False,cyber_dev
1118,19,CWE-338,0.128,0.04,0.2599,0.04,0.0,0.0022,False,cyber_dev
3295,19,CWE-338,0.1263,0.04,0.2559,0.04,0.0,0.0037,False,cyber_dev
15298,19,CWE-338,0.1261,0.08,0.1952,0.08,0.0,0.0696,False,cyber_dev
29035,19,CWE-338,0.1253,0.04,0.2533,0.04,0.0,0.003,False,cyber_dev
5895,19,CWE-338,0.125,0.08,0.1924,0.08,0.0,0.0277,False,cyber_dev
10735,19,CWE-338,0.1249,0.08,0.1924,0.08,0.0,0.0307,False,cyber_dev
27760,19,CWE-338,0.1238,0.04,0.2495,0.04,0.0,0.0007,False,cyber_dev
19206,19,CWE-338,0.1238,0.04,0.2494,0.04,0.0,0.0135,False,cyber_dev
5588,19,CWE-338,0.1228,0.08,0.187,0.08,0.0,0.0771,False,cyber_dev
18477,19,CWE-338,0.1224,0.04,0.2461,0.04,0.0,0.003,False,cyber_dev
6494,19,CWE-338,0.1214,0.08,0.1834,0.08,0.0,0.0112,False,cyber_dev
11714,19,CWE-338,0.1212,0.08,0.1831,0.08,0.0,0.0269,False,cyber_dev
15271,19,CWE-338,0.1199,0.08,0.1797,0.08,0.0,0.006,False,cyber_dev
31411,19,CWE-338,0.1197,0.08,0.1792,0.08,0.0,0.0801,False,cyber_dev
27725,19,CWE-338,0.1193,0.04,0.2382,0.04,0.0,0.003,False,cyber_dev
2711,19,CWE-338,0.1192,0.04,0.2379,0.04,0.0,0.0112,False,cyber_dev
1908,19,CWE-338,0.1187,0.04,0.2367,0.04,0.0,0.0097,False,cyber_dev
3691,19,CWE-338,0.1181,0.08,0.1753,0.08,0.0,0.018,False,cyber_dev
2154,19,CWE-338,0.1178,0.08,0.1744,0.08,0.0,0.0015,False,cyber_dev
2798,19,CWE-338,0.1174,0.2,0.0335,0.12,0.2,0.0704,False,cyber_dev
24711,19,CWE-338,0.1169,0.08,0.1721,0.08,0.0,0.0359,False,cyber_dev
15993,19,CWE-338,0.1164,0.08,0.1711,0.08,0.0,0.0232,False,cyber_dev
26590,19,CWE-338,0.1146,0.04,0.2264,0.04,0.0,0.0067,False,cyber_dev
19934,19,CWE-338,0.1143,0.04,0.2257,0.04,0.0,0.0037,False,cyber_dev
1905,19,CWE-338,0.1139,0.04,0.2248,0.04,0.0,0.018,False,cyber_dev
23436,19,CWE-338,0.1138,0.08,0.1645,0.08,0.0,0.0494,False,cyber_dev
21553,19,CWE-338,0.1131,0.04,0.2228,0.04,0.0,0.012,False,cyber_dev
4361,19,CWE-338,0.1131,0.04,0.2227,0.04,0.0,0.0075,False,cyber_dev
27933,19,CWE-338,0.113,0.04,0.2224,0.04,0.0,0.003,False,cyber_dev
19425,19,CWE-338,0.1119,0.04,0.2197,0.04,0.0,0.003,False,cyber_dev
31558,19,CWE-338,0.1111,0.04,0.2178,0.04,0.0,0.0015,False,cyber_dev
6551,19,CWE-338,0.1104,0.04,0.2161,0.04,0.0,0.1175,False,cyber_dev
29661,19,CWE-338,0.1094,0.04,0.2135,0.04,0.0,0.0015,False,cyber_dev
13041,19,CWE-338,0.1094,0.04,0.2134,0.04,0.0,0.0082,False,cyber_dev
23048,19,CWE-338,0.1089,0.04,0.2123,0.04,0.0,0.018,False,cyber_dev
27801,19,CWE-338,0.1084,0.04,0.211,0.04,0.0,0.0232,False,cyber_dev
28122,19,CWE-338,0.1073,0.04,0.2083,0.04,0.0,0.0015,False,cyber_dev
16909,19,CWE-338,0.1071,0.04,0.2078,0.04,0.0,0.0045,False,cyber_dev
5850,19,CWE-338,0.1067,0.04,0.2066,0.04,0.0,0.0097,False,cyber_dev
28732,19,CWE-338,0.1047,0.2,0.0017,0.12,0.2,0.1302,False,cyber_dev
20402,19,CWE-338,0.1041,0.04,0.2002,0.04,0.0,0.0067,False,cyber_dev
26604,19,CWE-338,0.1031,0.04,0.1978,0.04,0.0,0.003,False,cyber_dev
8264,19,CWE-338,0.1027,0.04,0.1968,0.04,0.0,0.006,False,cyber_dev
30267,19,CWE-338,0.1016,0.04,0.1941,0.04,0.0,0.0045,False,cyber_dev
14932,19,CWE-338,0.1012,0.04,0.1931,0.04,0.0,0.0015,False,cyber_dev
31777,19,CWE-338,0.1009,0.04,0.1922,0.04,0.0,0.003,False,cyber_dev
25512,19,CWE-338,0.1003,0.04,0.1907,0.04,0.0,0.003,False,cyber_dev
16897,19,CWE-79,0.4428,0.1266,0.9362,0.0886,0.7595,0.7975,True,cve_pairs
17961,19,CWE-79,0.1602,0.1139,0.2487,0.0759,0.5949,0.5316,True,cve_pairs
17340,19,CWE-79,0.1323,0.038,0.2737,0.038,0.0633,0.0253,True,cve_pairs
10988,19,CWE-79,0.1304,0.0759,0.2183,0.0633,0.1139,0.1772,True,cve_pairs
13091,19,CWE-79,0.1083,0.1013,0.1505,0.038,0.3165,0.3544,True,cve_pairs
13827,19,CWE-79,0.1078,0.1013,0.1428,0.0506,0.3924,0.3797,True,cve_pairs
12186,19,CWE-79,0.1066,0.0759,0.1717,0.038,0.3797,0.3418,True,cve_pairs
3674,19,CWE-79,0.1053,0.0759,0.1619,0.0506,0.2785,0.2278,True,cve_pairs
16969,19,CWE-79,0.0955,0.0127,0.2197,0.0127,0.0127,0.0,False,cve_pairs
15298,19,CWE-79,0.089,0.0506,0.1402,0.0633,0.1646,0.1899,True,cve_pairs
11462,19,CWE-79,0.0869,0.0633,0.1288,0.0506,0.0759,0.0886,True,cve_pairs
25624,19,CWE-79,0.0826,0.038,0.1496,0.038,0.0506,0.0886,True,cve_pairs
23455,19,CWE-79,0.0815,0.038,0.1468,0.038,0.0506,0.0253,True,cve_pairs
15921,19,CWE-79,0.081,0.0127,0.1836,0.0127,0.0127,0.0253,False,cve_pairs
12155,19,CWE-79,0.0739,0.038,0.1277,0.038,0.038,0.0759,True,cve_pairs
1586,19,CWE-79,0.073,0.0253,0.1445,0.0253,0.0253,0.0506,True,cve_pairs
8108,19,CWE-79,0.0725,0.0127,0.1622,0.0127,0.0,0.0127,False,cve_pairs
15955,19,CWE-79,0.0711,0.0253,0.1399,0.0253,0.0253,0.0,True,cve_pairs
22429,19,CWE-79,0.0707,0.0127,0.1577,0.0127,0.0127,0.0,False,cve_pairs
2068,19,CWE-79,0.0689,0.0759,0.0773,0.038,0.4051,0.3797,True,cve_pairs
12543,19,CWE-79,0.0679,0.038,0.1128,0.038,0.0633,0.0253,True,cve_pairs
31861,19,CWE-79,0.0664,0.0253,0.128,0.0253,0.0506,0.0253,True,cve_pairs
14412,19,CWE-79,0.0663,0.0253,0.1277,0.0253,0.038,0.0127,True,cve_pairs
20111,19,CWE-79,0.066,0.0127,0.146,0.0127,0.0127,0.0253,False,cve_pairs
19946,19,CWE-79,0.0656,0.0506,0.1007,0.0253,0.2152,0.2278,True,cve_pairs
19483,19,CWE-79,0.0655,0.0506,0.1004,0.0253,0.1899,0.2152,True,cve_pairs
4940,19,CWE-79,0.065,0.038,0.1055,0.038,0.0886,0.0506,True,cve_pairs
27396,19,CWE-79,0.0647,0.0127,0.1429,0.0127,0.0,0.0127,False,cve_pairs
151,19,CWE-79,0.0645,0.038,0.1106,0.0253,0.1139,0.1392,True,cve_pairs
24208,19,CWE-79,0.0642,0.0127,0.1415,0.0127,0.0,0.0127,False,cve_pairs
18795,19,CWE-79,0.0639,0.0127,0.1408,0.0127,0.0253,0.0127,True,cve_pairs
6551,19,CWE-79,0.0638,0.0127,0.1406,0.0127,0.0253,0.0127,True,cve_pairs
9881,19,CWE-79,0.0622,0.038,0.0986,0.038,0.038,0.0,True,cve_pairs
6574,19,CWE-79,0.0607,0.0253,0.1139,0.0253,0.038,0.0127,True,cve_pairs
5403,19,CWE-79,0.0604,0.038,0.0941,0.038,0.2785,0.2911,True,cve_pairs
6898,19,CWE-79,0.0589,0.0253,0.1092,0.0253,0.0506,0.038,True,cve_pairs
28864,19,CWE-79,0.0587,0.038,0.0962,0.0253,0.0633,0.0886,True,cve_pairs
25954,19,CWE-79,0.0575,0.0506,0.0806,0.0253,0.2278,0.2025,True,cve_pairs
31711,19,CWE-79,0.0573,0.0127,0.1243,0.0127,0.0,0.0127,False,cve_pairs
18234,19,CWE-79,0.0566,0.0253,0.1036,0.0253,0.0253,0.0,True,cve_pairs
3927,19,CWE-79,0.056,0.0127,0.1211,0.0127,0.0,0.0127,False,cve_pairs
11611,19,CWE-79,0.0547,0.0253,0.0987,0.0253,0.0127,0.038,False,cve_pairs
5682,19,CWE-79,0.0546,0.0253,0.0986,0.0253,0.038,0.0127,True,cve_pairs
13750,19,CWE-79,0.0545,0.038,0.0792,0.038,0.0886,0.0633,True,cve_pairs
12306,19,CWE-79,0.0544,0.0253,0.0981,0.0253,0.0759,0.0506,True,cve_pairs
23436,19,CWE-79,0.0544,0.0633,0.0537,0.038,0.1519,0.1139,True,cve_pairs
24779,19,CWE-79,0.0543,0.0253,0.0978,0.0253,0.1519,0.1646,True,cve_pairs
6651,19,CWE-79,0.0543,0.0253,0.0977,0.0253,0.038,0.0127,True,cve_pairs
24211,19,CWE-79,0.0534,0.0127,0.1144,0.0127,0.0127,0.0,False,cve_pairs
16192,19,CWE-79,0.053,0.0253,0.0883,0.038,0.1646,0.1899,True,cve_pairs
18058,19,CWE-79,0.0528,0.0253,0.094,0.0253,0.0253,0.0,True,cve_pairs
2884,19,CWE-79,0.0527,0.0253,0.0939,0.0253,0.0,0.0253,False,cve_pairs
22150,19,CWE-79,0.0527,0.0127,0.1127,0.0127,0.0127,0.0,False,cve_pairs
1852,19,CWE-79,0.0523,0.0127,0.1118,0.0127,0.0127,0.0,False,cve_pairs
12068,19,CWE-79,0.0517,0.0506,0.0595,0.038,0.0886,0.0506,True,cve_pairs
29943,19,CWE-79,0.0516,0.0127,0.1101,0.0127,0.0253,0.0127,True,cve_pairs
27128,19,CWE-79,0.0514,0.0253,0.0906,0.0253,0.0633,0.038,True,cve_pairs
15849,19,CWE-79,0.0512,0.0633,0.0457,0.038,0.1646,0.2025,True,cve_pairs
15364,19,CWE-79,0.0511,0.0127,0.1087,0.0127,0.0633,0.0506,True,cve_pairs
31698,19,CWE-79,0.0506,0.0253,0.0885,0.0253,0.0506,0.0253,True,cve_pairs
9520,19,CWE-79,0.0504,0.038,0.0689,0.038,0.038,0.0127,True,cve_pairs
6508,19,CWE-79,0.0496,0.0127,0.1049,0.0127,0.0127,0.0,False,cve_pairs
24340,19,CWE-79,0.049,0.0253,0.0845,0.0253,0.0,0.0253,False,cve_pairs
9890,19,CWE-79,0.0484,0.0253,0.083,0.0253,0.0253,0.0,False,cve_pairs
23006,19,CWE-79,0.0483,0.0127,0.1018,0.0127,0.0,0.0127,False,cve_pairs
1748,19,CWE-79,0.0481,0.0759,0.0191,0.0506,0.7848,0.7722,False,cve_pairs
14440,19,CWE-79,0.0478,0.0253,0.0753,0.038,0.1013,0.0759,False,cve_pairs
25114,19,CWE-79,0.0477,0.0253,0.0812,0.0253,0.0253,0.0,False,cve_pairs
31628,19,CWE-79,0.0467,0.0127,0.0977,0.0127,0.0127,0.0,False,cve_pairs
32101,19,CWE-79,0.0465,0.0127,0.0971,0.0127,0.0633,0.0506,False,cve_pairs
27445,19,CWE-79,0.0464,0.0253,0.0781,0.0253,0.0253,0.0,False,cve_pairs
18408,19,CWE-79,0.046,0.0127,0.096,0.0127,0.0127,0.0,False,cve_pairs
10142,19,CWE-79,0.046,0.0253,0.0769,0.0253,0.0,0.0253,False,cve_pairs
10466,19,CWE-79,0.0457,0.038,0.0637,0.0253,0.2152,0.1899,False,cve_pairs
15898,19,CWE-79,0.0457,0.0253,0.0763,0.0253,0.0506,0.0253,False,cve_pairs
31081,19,CWE-79,0.0455,0.0253,0.0759,0.0253,0.0886,0.0633,False,cve_pairs
16063,19,CWE-79,0.0452,0.0127,0.0941,0.0127,0.0,0.0127,False,cve_pairs
28609,19,CWE-79,0.0449,0.0127,0.0933,0.0127,0.0253,0.038,False,cve_pairs
8229,19,CWE-79,0.0448,0.0127,0.093,0.0127,0.0,0.0127,False,cve_pairs
25081,19,CWE-79,0.0446,0.0127,0.0925,0.0127,0.0127,0.0,False,cve_pairs
18015,19,CWE-79,0.0446,0.0127,0.0925,0.0127,0.0253,0.0127,False,cve_pairs
9253,19,CWE-79,0.0445,0.0127,0.0922,0.0127,0.0,0.0127,False,cve_pairs
19247,19,CWE-79,0.0445,0.0127,0.0922,0.0127,0.0127,0.0,False,cve_pairs
16628,19,CWE-79,0.0444,0.0127,0.092,0.0127,0.0253,0.0253,False,cve_pairs
14597,19,CWE-79,0.0444,0.0127,0.092,0.0127,0.0,0.0127,False,cve_pairs
19738,19,CWE-79,0.0443,0.0253,0.0728,0.0253,0.038,0.0633,False,cve_pairs
414,19,CWE-79,0.0439,0.0127,0.0907,0.0127,0.0127,0.0253,False,cve_pairs
1816,19,CWE-79,0.0437,0.0127,0.0903,0.0127,0.0127,0.0253,False,cve_pairs
27030,19,CWE-79,0.0434,0.0253,0.0706,0.0253,0.0253,0.0,False,cve_pairs
29026,19,CWE-79,0.0425,0.0253,0.0683,0.0253,0.0886,0.1139,False,cve_pairs
29751,19,CWE-79,0.0418,0.0253,0.0666,0.0253,0.0253,0.0,False,cve_pairs
12824,19,CWE-79,0.0417,0.0127,0.0852,0.0127,0.038,0.0253,False,cve_pairs
13526,19,CWE-79,0.0416,0.0253,0.0659,0.0253,0.038,0.0127,False,cve_pairs
18804,19,CWE-79,0.0414,0.0253,0.0655,0.0253,0.038,0.0127,False,cve_pairs
8081,19,CWE-79,0.0414,0.0253,0.0654,0.0253,0.0633,0.038,False,cve_pairs
20776,19,CWE-79,0.0413,0.0253,0.0652,0.0253,0.0127,0.038,False,cve_pairs
12640,19,CWE-79,0.0409,0.0127,0.0833,0.0127,0.0,0.0127,False,cve_pairs
13289,19,CWE-79,0.0409,0.0253,0.0643,0.0253,0.0253,0.0,False,cve_pairs
30683,19,CWE-79,0.0407,0.0253,0.0638,0.0253,0.0127,0.038,False,cve_pairs
29636,19,CWE-79,0.0406,0.0127,0.0825,0.0127,0.0127,0.0253,False,cve_pairs
11961,19,CWE-79,0.0406,0.0127,0.0825,0.0127,0.0253,0.038,False,cve_pairs
5248,19,CWE-79,0.0405,0.0253,0.0632,0.0253,0.0633,0.038,False,cve_pairs
15374,19,CWE-79,0.0403,0.0127,0.0819,0.0127,0.0,0.0127,False,cve_pairs
6949,19,CWE-79,0.0403,0.0253,0.0628,0.0253,0.0,0.0253,False,cve_pairs
10474,19,CWE-79,0.0403,0.0127,0.0817,0.0127,0.0127,0.0,False,cve_pairs
3959,19,CWE-79,0.0403,0.0127,0.0817,0.0127,0.0,0.0127,False,cve_pairs
736,19,CWE-79,0.0398,0.0127,0.0806,0.0127,0.0127,0.0,False,cve_pairs
32247,19,CWE-79,0.0397,0.0127,0.0802,0.0127,0.0253,0.038,False,cve_pairs
2533,19,CWE-79,0.0394,0.0127,0.0795,0.0127,0.0127,0.0,False,cve_pairs
1230,19,CWE-79,0.039,0.0127,0.0786,0.0127,0.0127,0.0,False,cve_pairs
22287,19,CWE-79,0.039,0.0127,0.0786,0.0127,0.0,0.0127,False,cve_pairs
1392,19,CWE-79,0.0386,0.0127,0.0776,0.0127,0.0127,0.0253,False,cve_pairs
30308,19,CWE-79,0.0386,0.0253,0.0586,0.0253,0.0253,0.0,False,cve_pairs
6339,19,CWE-79,0.0386,0.0253,0.0586,0.0253,0.0886,0.0633,False,cve_pairs
5868,19,CWE-79,0.0384,0.0253,0.0581,0.0253,0.0506,0.0253,False,cve_pairs
19805,19,CWE-79,0.0383,0.0127,0.0769,0.0127,0.0127,0.0253,False,cve_pairs
29232,19,CWE-79,0.0382,0.0127,0.0764,0.0127,0.0127,0.0,False,cve_pairs
32126,19,CWE-79,0.0379,0.0253,0.0567,0.0253,0.0127,0.038,False,cve_pairs
115,19,CWE-79,0.0378,0.0253,0.0564,0.0253,0.0253,0.0506,False,cve_pairs
21163,19,CWE-79,0.0375,0.0253,0.0558,0.0253,0.038,0.0127,False,cve_pairs
12676,19,CWE-79,0.0371,0.0127,0.0738,0.0127,0.0127,0.0,False,cve_pairs
21629,19,CWE-79,0.037,0.0127,0.0736,0.0127,0.0127,0.0,False,cve_pairs
9672,19,CWE-79,0.037,0.0253,0.0608,0.0127,0.0253,0.038,False,cve_pairs
3017,19,CWE-79,0.0363,0.0127,0.0718,0.0127,0.0127,0.0,False,cve_pairs
6467,19,CWE-79,0.036,0.0127,0.071,0.0127,0.0127,0.0,False,cve_pairs
30978,19,CWE-79,0.036,0.0127,0.071,0.0127,0.0,0.0127,False,cve_pairs
1331,19,CWE-79,0.0359,0.0127,0.0707,0.0127,0.0127,0.0,False,cve_pairs
14206,19,CWE-79,0.0357,0.0253,0.0513,0.0253,0.0506,0.0633,False,cve_pairs
16775,19,CWE-79,0.035,0.0127,0.0685,0.0127,0.038,0.0506,False,cve_pairs
13987,19,CWE-79,0.0347,0.0127,0.0677,0.0127,0.0127,0.0,False,cve_pairs
4871,19,CWE-79,0.0345,0.0127,0.0673,0.0127,0.0253,0.0127,False,cve_pairs
1369,19,CWE-79,0.0345,0.0127,0.0673,0.0127,0.0127,0.0,False,cve_pairs
6273,19,CWE-79,0.0345,0.0253,0.0419,0.038,0.3418,0.3291,False,cve_pairs
29206,19,CWE-79,0.0344,0.0127,0.0669,0.0127,0.0127,0.0253,False,cve_pairs
20979,19,CWE-79,0.0343,0.0127,0.0668,0.0127,0.0,0.0127,False,cve_pairs
12906,19,CWE-79,0.0341,0.038,0.0345,0.0253,0.038,0.0633,False,cve_pairs
13712,19,CWE-79,0.034,0.0127,0.066,0.0127,0.0,0.0127,False,cve_pairs
31480,19,CWE-79,0.0337,0.0127,0.0652,0.0127,0.038,0.0253,False,cve_pairs
4246,19,CWE-79,0.0336,0.0127,0.065,0.0127,0.0633,0.0506,False,cve_pairs
1737,19,CWE-79,0.0335,0.0253,0.0522,0.0127,0.0253,0.038,False,cve_pairs
1092,19,CWE-79,0.0334,0.0127,0.0646,0.0127,0.0253,0.038,False,cve_pairs
13824,19,CWE-79,0.0334,0.0127,0.0644,0.0127,0.0127,0.0253,False,cve_pairs
5415,19,CWE-79,0.0332,0.0127,0.064,0.0127,0.0127,0.0253,False,cve_pairs
12103,19,CWE-79,0.0332,0.0253,0.0513,0.0127,0.038,0.0253,False,cve_pairs
19535,19,CWE-79,0.0331,0.0253,0.0511,0.0127,0.0506,0.038,False,cve_pairs
8905,19,CWE-79,0.0327,0.0127,0.0564,0.0253,0.038,0.0253,False,cve_pairs
1546,19,CWE-79,0.0325,0.0127,0.0623,0.0127,0.0127,0.0,False,cve_pairs
21893,19,CWE-79,0.0325,0.0127,0.0622,0.0127,0.0127,0.0,False,cve_pairs
17430,19,CWE-79,0.0322,0.0127,0.0614,0.0127,0.0127,0.0,False,cve_pairs
10441,19,CWE-79,0.032,0.0127,0.0611,0.0127,0.0127,0.0,False,cve_pairs
24747,19,CWE-79,0.032,0.0127,0.0609,0.0127,0.0253,0.0127,False,cve_pairs
31828,19,CWE-79,0.0317,0.0127,0.0603,0.0127,0.0,0.0127,False,cve_pairs
9455,19,CWE-79,0.0317,0.0127,0.0603,0.0127,0.0127,0.0,False,cve_pairs
27738,19,CWE-79,0.0315,0.0506,0.0091,0.038,0.2911,0.2785,False,cve_pairs
27084,19,CWE-79,0.0314,0.0127,0.0596,0.0127,0.0127,0.0,False,cve_pairs
25229,19,CWE-79,0.0312,0.0127,0.0589,0.0127,0.0127,0.0,False,cve_pairs
15534,19,CWE-79,0.0308,0.0127,0.0579,0.0127,0.0253,0.038,False,cve_pairs
30124,19,CWE-79,0.0304,0.0127,0.0571,0.0127,0.0127,0.0,False,cve_pairs
27825,19,CWE-79,0.0304,0.0127,0.057,0.0127,0.0127,0.0,False,cve_pairs
4852,19,CWE-79,0.0303,0.0127,0.0567,0.0127,0.0127,0.0,False,cve_pairs
15750,19,CWE-79,0.0302,0.0253,0.044,0.0127,0.1013,0.0886,False,cve_pairs
21608,19,CWE-79,0.0302,0.0127,0.0566,0.0127,0.0633,0.0506,False,cve_pairs
15433,19,CWE-79,0.0301,0.0127,0.0562,0.0127,0.0127,0.0,False,cve_pairs
6206,19,CWE-79,0.03,0.0127,0.0497,0.0253,0.038,0.0253,False,cve_pairs
8070,19,CWE-79,0.0299,0.0253,0.0431,0.0127,0.0506,0.038,False,cve_pairs
252,19,CWE-79,0.0298,0.0127,0.0555,0.0127,0.0253,0.0253,False,cve_pairs
8768,19,CWE-79,0.0296,0.0127,0.0549,0.0127,0.0633,0.0506,False,cve_pairs
13367,19,CWE-79,0.0295,0.0127,0.0548,0.0127,0.0,0.0127,False,cve_pairs
21840,19,CWE-79,0.0295,0.0127,0.0547,0.0127,0.0,0.0127,False,cve_pairs
7689,19,CWE-79,0.0294,0.0127,0.0545,0.0127,0.0127,0.0,False,cve_pairs
3925,19,CWE-79,0.0292,0.0127,0.0541,0.0127,0.0,0.0127,False,cve_pairs
27252,19,CWE-79,0.0292,0.0127,0.0539,0.0127,0.0633,0.0759,False,cve_pairs
24967,19,CWE-79,0.0291,0.0127,0.0539,0.0127,0.0,0.0127,False,cve_pairs
21137,19,CWE-79,0.0291,0.0253,0.0412,0.0127,0.038,0.0506,False,cve_pairs
24711,19,CWE-79,0.0291,0.0127,0.0537,0.0127,0.0,0.0127,False,cve_pairs
1222,19,CWE-79,0.0291,0.0127,0.0536,0.0127,0.0,0.0127,False,cve_pairs
6802,19,CWE-79,0.0287,0.0127,0.0528,0.0127,0.0,0.0127,False,cve_pairs
15012,19,CWE-79,0.0286,0.0127,0.0526,0.0127,0.0,0.0127,False,cve_pairs
6808,19,CWE-79,0.0286,0.0127,0.0525,0.0127,0.0127,0.0,False,cve_pairs
15915,19,CWE-79,0.0284,0.0127,0.0521,0.0127,0.0127,0.0,False,cve_pairs
16209,19,CWE-79,0.0283,0.0127,0.0517,0.0127,0.0,0.0127,False,cve_pairs
16139,19,CWE-79,0.0283,0.0127,0.0517,0.0127,0.0127,0.0253,False,cve_pairs
1186,19,CWE-79,0.0282,0.0127,0.0515,0.0127,0.0127,0.0,False,cve_pairs
29108,19,CWE-79,0.0281,0.0127,0.0513,0.0127,0.0,0.0127,False,cve_pairs
4400,19,CWE-79,0.028,0.0127,0.051,0.0127,0.0,0.0127,False,cve_pairs
20668,19,CWE-79,0.0278,0.0127,0.0506,0.0127,0.0,0.0127,False,cve_pairs
12917,19,CWE-79,0.0278,0.0127,0.0504,0.0127,0.0253,0.0127,False,cve_pairs
14347,19,CWE-79,0.0276,0.0127,0.05,0.0127,0.0253,0.038,False,cve_pairs
19998,19,CWE-79,0.0275,0.0127,0.0499,0.0127,0.0127,0.0,False,cve_pairs
354,19,CWE-79,0.0275,0.0127,0.0498,0.0127,0.0127,0.0127,False,cve_pairs
747,19,CWE-79,0.0274,0.0127,0.0496,0.0127,0.0127,0.0253,False,cve_pairs
5150,19,CWE-79,0.0274,0.0127,0.0495,0.0127,0.0127,0.0,False,cve_pairs
8350,19,CWE-79,0.0273,0.0127,0.0494,0.0127,0.0,0.0127,False,cve_pairs
27297,19,CWE-79,0.0273,0.0127,0.0493,0.0127,0.038,0.0253,False,cve_pairs
27562,19,CWE-79,0.0272,0.0127,0.049,0.0127,0.0127,0.0,False,cve_pairs
23375,19,CWE-79,0.0272,0.0127,0.049,0.0127,0.0,0.0127,False,cve_pairs
8486,19,CWE-79,0.0272,0.0127,0.049,0.0127,0.0127,0.0,False,cve_pairs
30524,19,CWE-79,0.0272,0.0127,0.0489,0.0127,0.0127,0.0,False,cve_pairs
20195,19,CWE-79,0.027,0.0127,0.0484,0.0127,0.0253,0.0127,False,cve_pairs
23042,19,CWE-79,0.0269,0.0253,0.0293,0.0253,0.0506,0.0506,False,cve_pairs
15849,19,CWE-125,0.132,0.0658,0.2312,0.0658,0.2368,0.2763,True,cve_pairs
12186,19,CWE-125,0.1303,0.0921,0.1941,0.0789,0.1974,0.1711,True,cve_pairs
16192,19,CWE-125,0.1207,0.0789,0.1964,0.0526,0.3158,0.3553,True,cve_pairs
1586,19,CWE-125,0.1192,0.0263,0.2586,0.0263,0.0526,0.0263,True,cve_pairs
17961,19,CWE-125,0.1144,0.0789,0.1742,0.0658,0.5395,0.5132,True,cve_pairs
5772,19,CWE-125,0.1083,0.0263,0.2312,0.0263,0.0,0.0263,False,cve_pairs
6273,19,CWE-125,0.1078,0.0921,0.1446,0.0658,0.1842,0.1447,True,cve_pairs
2124,19,CWE-125,0.1077,0.0789,0.164,0.0526,0.1842,0.1316,True,cve_pairs
5923,19,CWE-125,0.1012,0.0921,0.1345,0.0526,0.2895,0.2632,True,cve_pairs
15298,19,CWE-125,0.1011,0.0789,0.141,0.0658,0.1447,0.1842,True,cve_pairs
11966,19,CWE-125,0.1006,0.0395,0.1924,0.0395,0.0,0.0395,False,cve_pairs
13091,19,CWE-125,0.0994,0.0789,0.1367,0.0658,0.3026,0.3421,True,cve_pairs
12068,19,CWE-125,0.0984,0.0658,0.154,0.0526,0.1184,0.0658,True,cve_pairs
16897,19,CWE-125,0.0982,0.1316,0.081,0.0658,0.8289,0.8289,True,cve_pairs
15311,19,CWE-125,0.0976,0.0526,0.1651,0.0526,0.0921,0.1447,True,cve_pairs
4312,19,CWE-125,0.0972,0.0789,0.1313,0.0658,0.2895,0.3158,True,cve_pairs
23436,19,CWE-125,0.0972,0.0658,0.1443,0.0658,0.2237,0.1711,True,cve_pairs
11462,19,CWE-125,0.0967,0.0526,0.1629,0.0526,0.1316,0.0921,True,cve_pairs
16544,19,CWE-125,0.0956,0.0132,0.2192,0.0132,0.0,0.0132,False,cve_pairs
1116,19,CWE-125,0.0951,0.0263,0.1982,0.0263,0.0789,0.0526,True,cve_pairs
14440,19,CWE-125,0.0925,0.0789,0.1259,0.0526,0.1711,0.1184,True,cve_pairs
22736,19,CWE-125,0.0904,0.0395,0.1668,0.0395,0.0658,0.0395,True,cve_pairs
47,19,CWE-125,0.09,0.0132,0.2052,0.0132,0.0132,0.0,False,cve_pairs
19348,19,CWE-125,0.0897,0.0395,0.1715,0.0263,0.0658,0.0395,True,cve_pairs
661,19,CWE-125,0.089,0.0263,0.183,0.0263,0.0,0.0263,False,cve_pairs
25853,19,CWE-125,0.0877,0.0395,0.1601,0.0395,0.0526,0.0263,True,cve_pairs
151,19,CWE-125,0.0869,0.0789,0.112,0.0526,0.2763,0.3026,True,cve_pairs
15657,19,CWE-125,0.0856,0.0132,0.1943,0.0132,0.0,0.0132,False,cve_pairs
13913,19,CWE-125,0.0823,0.0526,0.1268,0.0526,0.0395,0.0921,True,cve_pairs
30036,19,CWE-125,0.0821,0.1053,0.0736,0.0526,0.1711,0.1447,True,cve_pairs
13827,19,CWE-125,0.0817,0.0921,0.0858,0.0526,0.3289,0.3421,True,cve_pairs
12518,19,CWE-125,0.0809,0.0395,0.143,0.0395,0.0,0.0395,False,cve_pairs
5774,19,CWE-125,0.0803,0.0132,0.181,0.0132,0.0132,0.0,False,cve_pairs
26531,19,CWE-125,0.0786,0.0132,0.1768,0.0132,0.0,0.0132,False,cve_pairs
21137,19,CWE-125,0.0779,0.0263,0.1553,0.0263,0.0526,0.0395,True,cve_pairs
28122,19,CWE-125,0.0757,0.0132,0.1696,0.0132,0.0132,0.0,False,cve_pairs
1515,19,CWE-125,0.0749,0.0395,0.1346,0.0263,0.1316,0.1184,True,cve_pairs
31956,19,CWE-125,0.0747,0.0658,0.1012,0.0395,0.0789,0.0921,True,cve_pairs
13703,19,CWE-125,0.0738,0.0395,0.1252,0.0395,0.0526,0.0132,True,cve_pairs
26306,19,CWE-125,0.0716,0.0132,0.1593,0.0132,0.0,0.0132,False,cve_pairs
4973,19,CWE-125,0.0698,0.0132,0.1549,0.0132,0.0,0.0132,False,cve_pairs
1913,19,CWE-125,0.0696,0.0658,0.0819,0.0526,0.2105,0.1842,True,cve_pairs
15534,19,CWE-125,0.0695,0.0395,0.121,0.0263,0.0526,0.0395,True,cve_pairs
19483,19,CWE-125,0.0679,0.0395,0.1105,0.0395,0.1974,0.1974,True,cve_pairs
32397,19,CWE-125,0.0677,0.0526,0.0968,0.0395,0.0263,0.0658,True,cve_pairs
424,19,CWE-125,0.0673,0.0132,0.1485,0.0132,0.0,0.0132,False,cve_pairs
23472,19,CWE-125,0.0663,0.0395,0.1066,0.0395,0.1974,0.1711,True,cve_pairs
10300,19,CWE-125,0.0651,0.0263,0.1233,0.0263,0.0263,0.0,True,cve_pairs
11159,19,CWE-125,0.0649,0.0263,0.1228,0.0263,0.0526,0.0789,True,cve_pairs
9226,19,CWE-125,0.0645,0.0263,0.1219,0.0263,0.0,0.0263,False,cve_pairs
14932,19,CWE-125,0.0637,0.0132,0.1394,0.0132,0.0,0.0132,False,cve_pairs
16580,19,CWE-125,0.0636,0.0132,0.1393,0.0132,0.0132,0.0,False,cve_pairs
3674,19,CWE-125,0.0629,0.0658,0.0782,0.0263,0.2632,0.2368,True,cve_pairs
3836,19,CWE-125,0.0628,0.0132,0.1373,0.0132,0.0132,0.0,False,cve_pairs
7447,19,CWE-125,0.0618,0.0263,0.1149,0.0263,0.0263,0.0,True,cve_pairs
29661,19,CWE-125,0.0613,0.0132,0.1336,0.0132,0.0,0.0132,False,cve_pairs
20051,19,CWE-125,0.0608,0.0263,0.1125,0.0263,0.1447,0.1316,True,cve_pairs
14693,19,CWE-125,0.0602,0.0132,0.1307,0.0132,0.0132,0.0132,False,cve_pairs
27228,19,CWE-125,0.0599,0.0132,0.13,0.0132,0.0,0.0132,False,cve_pairs
23253,19,CWE-125,0.0597,0.0263,0.1099,0.0263,0.0,0.0263,False,cve_pairs
27121,19,CWE-125,0.0592,0.0132,0.1283,0.0132,0.0,0.0132,False,cve_pairs
2068,19,CWE-125,0.0592,0.1053,0.023,0.0395,0.4211,0.4079,True,cve_pairs
29673,19,CWE-125,0.0583,0.0395,0.0865,0.0395,0.0,0.0395,False,cve_pairs
7904,19,CWE-125,0.0582,0.0132,0.1259,0.0132,0.0132,0.0,False,cve_pairs
32463,19,CWE-125,0.0581,0.0132,0.1256,0.0132,0.0132,0.0,False,cve_pairs
32196,19,CWE-125,0.0581,0.0395,0.086,0.0395,0.0789,0.0395,True,cve_pairs
12543,19,CWE-125,0.0577,0.0263,0.1048,0.0263,0.1053,0.0789,True,cve_pairs
19004,19,CWE-125,0.0577,0.0263,0.1047,0.0263,0.0263,0.0526,True,cve_pairs
470,19,CWE-125,0.0575,0.0263,0.1043,0.0263,0.0263,0.0,True,cve_pairs
15881,19,CWE-125,0.0569,0.0263,0.1027,0.0263,0.0,0.0263,False,cve_pairs
12906,19,CWE-125,0.0567,0.0395,0.0825,0.0395,0.0658,0.0526,True,cve_pairs
20937,19,CWE-125,0.0564,0.0395,0.0884,0.0263,0.0789,0.0658,True,cve_pairs
24234,19,CWE-125,0.0562,0.0132,0.1208,0.0132,0.0132,0.0,False,cve_pairs
28750,19,CWE-125,0.0559,0.0263,0.1002,0.0263,0.0132,0.0395,False,cve_pairs
10536,19,CWE-125,0.0558,0.0132,0.1199,0.0132,0.0132,0.0,False,cve_pairs
10988,19,CWE-125,0.0558,0.0395,0.0869,0.0263,0.0789,0.0921,True,cve_pairs
18837,19,CWE-125,0.0555,0.0395,0.0927,0.0132,0.1447,0.1447,True,cve_pairs
15946,19,CWE-125,0.0553,0.0263,0.0988,0.0263,0.0395,0.0658,True,cve_pairs
12277,19,CWE-125,0.0553,0.0132,0.1184,0.0132,0.0132,0.0,False,cve_pairs
22757,19,CWE-125,0.055,0.0263,0.0981,0.0263,0.0263,0.0395,True,cve_pairs
25564,19,CWE-125,0.0549,0.0132,0.1175,0.0132,0.0132,0.0,False,cve_pairs
12141,19,CWE-125,0.0539,0.0132,0.1151,0.0132,0.0395,0.0263,True,cve_pairs
14177,19,CWE-125,0.0537,0.0263,0.0949,0.0263,0.0132,0.0395,False,cve_pairs
1748,19,CWE-125,0.0537,0.0921,0.0093,0.0658,0.7237,0.7105,True,cve_pairs
6558,19,CWE-125,0.0536,0.0263,0.0946,0.0263,0.0395,0.0132,True,cve_pairs
747,19,CWE-125,0.0531,0.0263,0.0934,0.0263,0.0526,0.0263,True,cve_pairs
1908,19,CWE-125,0.053,0.0263,0.093,0.0263,0.0,0.0263,False,cve_pairs
15921,19,CWE-125,0.0524,0.0132,0.1114,0.0132,0.0132,0.0,False,cve_pairs
21507,19,CWE-125,0.0524,0.0132,0.1112,0.0132,0.0,0.0132,False,cve_pairs
31416,19,CWE-125,0.0522,0.0263,0.0911,0.0263,0.0,0.0263,False,cve_pairs
22994,19,CWE-125,0.0521,0.0132,0.1106,0.0132,0.0132,0.0,False,cve_pairs
29197,19,CWE-125,0.052,0.0132,0.1102,0.0132,0.0,0.0132,False,cve_pairs
8780,19,CWE-125,0.0518,0.0132,0.1098,0.0132,0.0,0.0132,False,cve_pairs
28002,19,CWE-125,0.0516,0.0132,0.1093,0.0132,0.0263,0.0395,True,cve_pairs
25954,19,CWE-125,0.0515,0.0263,0.0894,0.0263,0.2237,0.2237,True,cve_pairs
825,19,CWE-125,0.0514,0.0132,0.1089,0.0132,0.0132,0.0,False,cve_pairs
16209,19,CWE-125,0.0512,0.0263,0.0886,0.0263,0.0132,0.0395,False,cve_pairs
15809,19,CWE-125,0.0511,0.0132,0.1081,0.0132,0.0132,0.0,False,cve_pairs
23881,19,CWE-125,0.05,0.0132,0.1052,0.0132,0.0,0.0132,False,cve_pairs
6551,19,CWE-125,0.0498,0.0263,0.0851,0.0263,0.0395,0.0132,False,cve_pairs
1092,19,CWE-125,0.0497,0.0132,0.1046,0.0132,0.0132,0.0,False,cve_pairs
13747,19,CWE-125,0.0497,0.0263,0.0848,0.0263,0.0263,0.0,False,cve_pairs
11644,19,CWE-125,0.0494,0.0132,0.1039,0.0132,0.0132,0.0,False,cve_pairs
23115,19,CWE-125,0.0494,0.0263,0.0841,0.0263,0.0132,0.0395,False,cve_pairs
30696,19,CWE-125,0.0487,0.0132,0.102,0.0132,0.0132,0.0,False,cve_pairs
14842,19,CWE-125,0.0487,0.0658,0.0362,0.0395,0.1053,0.1447,False,cve_pairs
625,19,CWE-125,0.0487,0.0263,0.0822,0.0263,0.0395,0.0132,False,cve_pairs
15364,19,CWE-125,0.0486,0.0263,0.0821,0.0263,0.0395,0.0132,False,cve_pairs
21322,19,CWE-125,0.0486,0.0132,0.1017,0.0132,0.0,0.0132,False,cve_pairs
1533,19,CWE-125,0.0483,0.0132,0.1011,0.0132,0.0,0.0132,False,cve_pairs
4242,19,CWE-125,0.0482,0.0263,0.0811,0.0263,0.0263,0.0,False,cve_pairs
24779,19,CWE-125,0.0482,0.0658,0.0416,0.0263,0.2105,0.2237,False,cve_pairs
25488,19,CWE-125,0.048,0.0132,0.1004,0.0132,0.0526,0.0395,False,cve_pairs
27072,19,CWE-125,0.048,0.0132,0.1003,0.0132,0.0,0.0132,False,cve_pairs
1411,19,CWE-125,0.048,0.0132,0.1003,0.0132,0.0132,0.0,False,cve_pairs
13025,19,CWE-125,0.0477,0.0132,0.0994,0.0132,0.0789,0.0658,False,cve_pairs
3877,19,CWE-125,0.0474,0.0263,0.0789,0.0263,0.0395,0.0658,False,cve_pairs
10305,19,CWE-125,0.0473,0.0132,0.0986,0.0132,0.0132,0.0,False,cve_pairs
21694,19,CWE-125,0.0472,0.0132,0.0983,0.0132,0.0132,0.0,False,cve_pairs
25624,19,CWE-125,0.0472,0.0263,0.0785,0.0263,0.0658,0.0395,False,cve_pairs
4871,19,CWE-125,0.0468,0.0263,0.0775,0.0263,0.0263,0.0,False,cve_pairs
10014,19,CWE-125,0.046,0.0263,0.0756,0.0263,0.0789,0.0526,False,cve_pairs
30989,19,CWE-125,0.046,0.0263,0.0755,0.0263,0.0,0.0263,False,cve_pairs
5143,19,CWE-125,0.046,0.0395,0.0623,0.0263,0.0395,0.0132,False,cve_pairs
22840,19,CWE-125,0.0459,0.0132,0.0951,0.0132,0.0,0.0132,False,cve_pairs
6690,19,CWE-125,0.0459,0.0132,0.095,0.0132,0.0,0.0132,False,cve_pairs
32696,19,CWE-125,0.0458,0.0395,0.0619,0.0263,0.0921,0.1184,False,cve_pairs
29558,19,CWE-125,0.0458,0.0263,0.075,0.0263,0.0263,0.0,False,cve_pairs
19287,19,CWE-125,0.0458,0.0263,0.0749,0.0263,0.0,0.0263,False,cve_pairs
4940,19,CWE-125,0.0454,0.0263,0.074,0.0263,0.1053,0.0789,False,cve_pairs
12272,19,CWE-125,0.0454,0.0132,0.0937,0.0132,0.0,0.0132,False,cve_pairs
9981,19,CWE-125,0.0453,0.0263,0.0738,0.0263,0.0,0.0263,False,cve_pairs
13523,19,CWE-125,0.0452,0.0132,0.0932,0.0132,0.0132,0.0263,False,cve_pairs
30651,19,CWE-125,0.045,0.0132,0.0928,0.0132,0.0132,0.0,False,cve_pairs
20525,19,CWE-125,0.045,0.0263,0.073,0.0263,0.0,0.0263,False,cve_pairs
15860,19,CWE-125,0.0449,0.0132,0.0925,0.0132,0.0132,0.0,False,cve_pairs
11351,19,CWE-125,0.0448,0.0132,0.0923,0.0132,0.0132,0.0263,False,cve_pairs
27445,19,CWE-125,0.0446,0.0132,0.0918,0.0132,0.0263,0.0395,False,cve_pairs
1151,19,CWE-125,0.0443,0.0132,0.0844,0.0263,0.0395,0.0263,False,cve_pairs
13320,19,CWE-125,0.0442,0.0132,0.0907,0.0132,0.0132,0.0,False,cve_pairs
1053,19,CWE-125,0.044,0.0132,0.0903,0.0132,0.0,0.0132,False,cve_pairs
29128,19,CWE-125,0.044,0.0132,0.0903,0.0132,0.0132,0.0,False,cve_pairs
27782,19,CWE-125,0.044,0.0132,0.0902,0.0132,0.0132,0.0,False,cve_pairs
13663,19,CWE-125,0.0439,0.0132,0.0899,0.0132,0.0132,0.0,False,cve_pairs
27541,19,CWE-125,0.0438,0.0132,0.0896,0.0132,0.0,0.0132,False,cve_pairs
26893,19,CWE-125,0.0434,0.0395,0.0559,0.0263,0.2105,0.1974,False,cve_pairs
5435,19,CWE-125,0.0429,0.0263,0.0677,0.0263,0.0132,0.0263,False,cve_pairs
20571,19,CWE-125,0.0425,0.0132,0.0865,0.0132,0.0263,0.0132,False,cve_pairs
26830,19,CWE-125,0.0422,0.0263,0.066,0.0263,0.0,0.0263,False,cve_pairs
27684,19,CWE-125,0.0421,0.0263,0.0657,0.0263,0.0395,0.0132,False,cve_pairs
29026,19,CWE-125,0.0421,0.0395,0.0459,0.0395,0.1447,0.1579,False,cve_pairs
31643,19,CWE-125,0.042,0.0132,0.0787,0.0263,0.0395,0.0263,False,cve_pairs
3285,19,CWE-125,0.0419,0.0132,0.0851,0.0132,0.0132,0.0,False,cve_pairs
28412,19,CWE-125,0.0418,0.0132,0.0848,0.0132,0.0,0.0132,False,cve_pairs
20576,19,CWE-125,0.0417,0.0132,0.0845,0.0132,0.0,0.0132,False,cve_pairs
27017,19,CWE-125,0.0416,0.0132,0.0842,0.0132,0.0132,0.0263,False,cve_pairs
6735,19,CWE-125,0.0415,0.0263,0.0644,0.0263,0.0,0.0263,False,cve_pairs
8318,19,CWE-125,0.0415,0.0263,0.0643,0.0263,0.0132,0.0395,False,cve_pairs
21435,19,CWE-125,0.0414,0.0132,0.0838,0.0132,0.0,0.0132,False,cve_pairs
28864,19,CWE-125,0.0413,0.0263,0.0637,0.0263,0.0658,0.0395,False,cve_pairs
2189,19,CWE-125,0.0412,0.0263,0.0636,0.0263,0.0,0.0263,False,cve_pairs
19535,19,CWE-125,0.0412,0.0263,0.0636,0.0263,0.0,0.0263,False,cve_pairs
21514,19,CWE-125,0.0411,0.0132,0.0831,0.0132,0.0,0.0132,False,cve_pairs
25114,19,CWE-125,0.041,0.0395,0.0499,0.0263,0.0395,0.0658,False,cve_pairs
7149,19,CWE-125,0.0409,0.0132,0.0825,0.0132,0.0,0.0132,False,cve_pairs
2015,19,CWE-125,0.0407,0.0132,0.082,0.0132,0.0263,0.0132,False,cve_pairs
26816,19,CWE-125,0.0406,0.0132,0.0818,0.0132,0.0,0.0132,False,cve_pairs
26560,19,CWE-125,0.0405,0.0132,0.0815,0.0132,0.0132,0.0,False,cve_pairs
16101,19,CWE-125,0.0403,0.0132,0.081,0.0132,0.0132,0.0,False,cve_pairs
30485,19,CWE-125,0.0402,0.0132,0.0809,0.0132,0.0,0.0132,False,cve_pairs
28741,19,CWE-125,0.0402,0.0132,0.0807,0.0132,0.0,0.0132,False,cve_pairs
8081,19,CWE-125,0.0401,0.0263,0.0608,0.0263,0.0,0.0263,False,cve_pairs
6547,19,CWE-125,0.0399,0.0263,0.0669,0.0132,0.0526,0.0395,False,cve_pairs
5403,19,CWE-125,0.0398,0.0526,0.0337,0.0263,0.3289,0.3289,False,cve_pairs
488,19,CWE-125,0.0397,0.0263,0.0598,0.0263,0.0,0.0263,False,cve_pairs
983,19,CWE-125,0.0396,0.0132,0.0794,0.0132,0.0,0.0132,False,cve_pairs
20690,19,CWE-125,0.0395,0.0132,0.0791,0.0132,0.0132,0.0,False,cve_pairs
29486,19,CWE-125,0.0395,0.0263,0.0593,0.0263,0.0,0.0263,False,cve_pairs
1845,19,CWE-125,0.0394,0.0263,0.0656,0.0132,0.0263,0.0132,False,cve_pairs
28331,19,CWE-125,0.0393,0.0263,0.0587,0.0263,0.0263,0.0,False,cve_pairs
18535,19,CWE-125,0.0392,0.0132,0.0782,0.0132,0.0,0.0132,False,cve_pairs
32012,19,CWE-125,0.0391,0.0263,0.0583,0.0263,0.0395,0.0658,False,cve_pairs
16301,19,CWE-125,0.0391,0.0132,0.078,0.0132,0.0,0.0132,False,cve_pairs
4990,19,CWE-125,0.039,0.0132,0.0778,0.0132,0.0395,0.0263,False,cve_pairs
23145,19,CWE-125,0.0389,0.0263,0.0578,0.0263,0.0658,0.0526,False,cve_pairs
27564,19,CWE-125,0.0388,0.0263,0.064,0.0132,0.0132,0.0263,False,cve_pairs
20564,19,CWE-125,0.0387,0.0263,0.0572,0.0263,0.0526,0.0789,False,cve_pairs
30942,19,CWE-125,0.0386,0.0132,0.0767,0.0132,0.0263,0.0395,False,cve_pairs
7009,19,CWE-125,0.0385,0.0132,0.0764,0.0132,0.0,0.0132,False,cve_pairs
13851,19,CWE-125,0.0384,0.0132,0.0762,0.0132,0.0,0.0132,False,cve_pairs
5260,19,CWE-125,0.0384,0.0263,0.0565,0.0263,0.0132,0.0263,False,cve_pairs
25072,19,CWE-125,0.0383,0.0132,0.0759,0.0132,0.0132,0.0,False,cve_pairs
9169,19,CWE-125,0.0381,0.0132,0.0756,0.0132,0.0263,0.0132,False,cve_pairs
11547,19,CWE-125,0.0381,0.0132,0.0754,0.0132,0.0,0.0132,False,cve_pairs
19978,19,CWE-125,0.038,0.0395,0.0425,0.0263,0.0658,0.0395,False,cve_pairs
26044,19,CWE-125,0.038,0.0132,0.0753,0.0132,0.0132,0.0,False,cve_pairs
23185,19,CWE-125,0.0378,0.0132,0.0747,0.0132,0.0132,0.0,False,cve_pairs
7856,19,CWE-125,0.0378,0.0263,0.0549,0.0263,0.0263,0.0132,False,cve_pairs
26356,19,CWE-125,0.0377,0.0132,0.0744,0.0132,0.0132,0.0,False,cve_pairs
1816,19,CWE-125,0.0376,0.0263,0.0612,0.0132,0.0395,0.0263,False,cve_pairs
16897,19,CWE-787,0.2379,0.1077,0.464,0.0462,0.8154,0.8,True,cve_pairs
4312,19,CWE-787,0.1336,0.0923,0.2032,0.0769,0.2154,0.2769,True,cve_pairs
20051,19,CWE-787,0.1308,0.0462,0.2577,0.0462,0.1846,0.2154,True,cve_pairs
10925,19,CWE-787,0.1299,0.0308,0.2787,0.0308,0.0,0.0308,False,cve_pairs
151,19,CWE-787,0.1042,0.0769,0.1683,0.0308,0.2615,0.2769,True,cve_pairs
25954,19,CWE-787,0.0926,0.0462,0.1622,0.0462,0.1846,0.2,True,cve_pairs
28570,19,CWE-787,0.0896,0.0154,0.2009,0.0154,0.0154,0.0,False,cve_pairs
21122,19,CWE-787,0.0893,0.0154,0.2001,0.0154,0.0,0.0154,False,cve_pairs
1515,19,CWE-787,0.0892,0.0308,0.1769,0.0308,0.1231,0.1538,True,cve_pairs
14440,19,CWE-787,0.0884,0.0462,0.1517,0.0462,0.1077,0.1538,True,cve_pairs
6273,19,CWE-787,0.0869,0.0462,0.1404,0.0615,0.2769,0.2308,True,cve_pairs
1748,19,CWE-787,0.0864,0.0769,0.116,0.0462,0.8,0.7692,True,cve_pairs
5403,19,CWE-787,0.0847,0.0615,0.1272,0.0462,0.2615,0.2923,True,cve_pairs
26626,19,CWE-787,0.0829,0.0154,0.1841,0.0154,0.0154,0.0,False,cve_pairs
22218,19,CWE-787,0.0817,0.0308,0.1581,0.0308,0.0769,0.1077,True,cve_pairs
27738,19,CWE-787,0.0793,0.0462,0.1368,0.0308,0.3692,0.3385,True,cve_pairs
24123,19,CWE-787,0.0774,0.0308,0.1475,0.0308,0.0308,0.0,True,cve_pairs
11141,19,CWE-787,0.0766,0.0308,0.1453,0.0308,0.0,0.0308,False,cve_pairs
15298,19,CWE-787,0.0757,0.0615,0.1046,0.0462,0.1692,0.2154,True,cve_pairs
747,19,CWE-787,0.0741,0.0308,0.1392,0.0308,0.0308,0.0,True,cve_pairs
12543,19,CWE-787,0.0727,0.0462,0.1202,0.0308,0.0923,0.0615,True,cve_pairs
5690,19,CWE-787,0.0719,0.0154,0.1566,0.0154,0.0154,0.0,False,cve_pairs
6429,19,CWE-787,0.0711,0.0154,0.1547,0.0154,0.0,0.0154,False,cve_pairs
10478,19,CWE-787,0.0704,0.0154,0.1529,0.0154,0.0,0.0154,False,cve_pairs
32341,19,CWE-787,0.0673,0.0154,0.1451,0.0154,0.0154,0.0,False,cve_pairs
25225,19,CWE-787,0.0671,0.0154,0.1447,0.0154,0.0462,0.0308,True,cve_pairs
23329,19,CWE-787,0.0666,0.0308,0.1203,0.0308,0.0615,0.0769,True,cve_pairs
727,19,CWE-787,0.066,0.0308,0.1189,0.0308,0.0615,0.0308,True,cve_pairs
23879,19,CWE-787,0.0644,0.0154,0.1378,0.0154,0.0154,0.0,False,cve_pairs
12463,19,CWE-787,0.0641,0.0154,0.1371,0.0154,0.0,0.0154,False,cve_pairs
32114,19,CWE-787,0.064,0.0308,0.1139,0.0308,0.0462,0.0154,True,cve_pairs
22337,19,CWE-787,0.0619,0.0154,0.1317,0.0154,0.0154,0.0,False,cve_pairs
1151,19,CWE-787,0.0609,0.0308,0.1062,0.0308,0.0308,0.0,True,cve_pairs
3736,19,CWE-787,0.0608,0.0154,0.129,0.0154,0.0154,0.0,False,cve_pairs
24779,19,CWE-787,0.0586,0.0308,0.1003,0.0308,0.1538,0.1538,True,cve_pairs
19738,19,CWE-787,0.0582,0.0154,0.1224,0.0154,0.0154,0.0308,False,cve_pairs
17021,19,CWE-787,0.0572,0.0154,0.12,0.0154,0.0154,0.0308,False,cve_pairs
17855,19,CWE-787,0.0569,0.0154,0.1192,0.0154,0.0154,0.0,False,cve_pairs
17961,19,CWE-787,0.0565,0.0615,0.0644,0.0308,0.5846,0.5692,True,cve_pairs
19483,19,CWE-787,0.056,0.0462,0.0785,0.0308,0.1538,0.1692,True,cve_pairs
30440,19,CWE-787,0.0552,0.0154,0.1149,0.0154,0.0,0.0154,False,cve_pairs
28864,19,CWE-787,0.0551,0.0308,0.0916,0.0308,0.0923,0.0615,True,cve_pairs
6859,19,CWE-787,0.0549,0.0308,0.091,0.0308,0.0,0.0308,False,cve_pairs
12179,19,CWE-787,0.0543,0.0154,0.1128,0.0154,0.0,0.0154,False,cve_pairs
16646,19,CWE-787,0.054,0.0154,0.112,0.0154,0.0,0.0154,False,cve_pairs
5748,19,CWE-787,0.0537,0.0308,0.0881,0.0308,0.0,0.0308,False,cve_pairs
11462,19,CWE-787,0.0518,0.0308,0.0833,0.0308,0.0615,0.0923,True,cve_pairs
1784,19,CWE-787,0.0516,0.0308,0.0827,0.0308,0.0,0.0308,False,cve_pairs
1913,19,CWE-787,0.0515,0.0308,0.0827,0.0308,0.1692,0.1385,True,cve_pairs
23436,19,CWE-787,0.0514,0.0615,0.0516,0.0308,0.1231,0.1385,True,cve_pairs
20847,19,CWE-787,0.0509,0.0154,0.0965,0.0308,0.0615,0.0769,True,cve_pairs
5094,19,CWE-787,0.0502,0.0154,0.1024,0.0154,0.0154,0.0308,False,cve_pairs
11812,19,CWE-787,0.0496,0.0154,0.101,0.0154,0.0154,0.0154,False,cve_pairs
27158,19,CWE-787,0.0492,0.0154,0.1,0.0154,0.0154,0.0,False,cve_pairs
3674,19,CWE-787,0.049,0.0308,0.0765,0.0308,0.1077,0.1231,False,cve_pairs
30706,19,CWE-787,0.0488,0.0308,0.0759,0.0308,0.0,0.0308,False,cve_pairs
15712,19,CWE-787,0.0488,0.0154,0.0989,0.0154,0.0308,0.0308,False,cve_pairs
10014,19,CWE-787,0.0482,0.0308,0.0744,0.0308,0.0308,0.0,False,cve_pairs
252,19,CWE-787,0.0482,0.0308,0.0743,0.0308,0.0615,0.0308,False,cve_pairs
28460,19,CWE-787,0.048,0.0154,0.0969,0.0154,0.0154,0.0,False,cve_pairs
5868,19,CWE-787,0.0475,0.0462,0.0572,0.0308,0.0462,0.0769,False,cve_pairs
13324,19,CWE-787,0.0468,0.0154,0.0939,0.0154,0.0154,0.0154,False,cve_pairs
19348,19,CWE-787,0.0467,0.0154,0.0937,0.0154,0.0462,0.0308,False,cve_pairs
9226,19,CWE-787,0.0462,0.0154,0.0924,0.0154,0.0154,0.0,False,cve_pairs
23477,19,CWE-787,0.046,0.0154,0.092,0.0154,0.0,0.0154,False,cve_pairs
16166,19,CWE-787,0.0455,0.0308,0.0753,0.0154,0.0923,0.0769,False,cve_pairs
16192,19,CWE-787,0.0452,0.0462,0.0514,0.0308,0.1692,0.1538,False,cve_pairs
31956,19,CWE-787,0.045,0.0308,0.0741,0.0154,0.0923,0.0769,False,cve_pairs
4623,19,CWE-787,0.045,0.0154,0.0894,0.0154,0.0462,0.0308,False,cve_pairs
20864,19,CWE-787,0.045,0.0308,0.0663,0.0308,0.0308,0.0462,False,cve_pairs
15565,19,CWE-787,0.0445,0.0154,0.0882,0.0154,0.0154,0.0,False,cve_pairs
28163,19,CWE-787,0.0443,0.0154,0.0878,0.0154,0.0,0.0154,False,cve_pairs
18837,19,CWE-787,0.0433,0.0308,0.0621,0.0308,0.1077,0.1231,False,cve_pairs
30126,19,CWE-787,0.0427,0.0154,0.0837,0.0154,0.0,0.0154,False,cve_pairs
5130,19,CWE-787,0.0426,0.0154,0.0835,0.0154,0.0,0.0154,False,cve_pairs
24210,19,CWE-787,0.0425,0.0154,0.0833,0.0154,0.0615,0.0462,False,cve_pairs
24608,19,CWE-787,0.0425,0.0154,0.0832,0.0154,0.0154,0.0154,False,cve_pairs
13338,19,CWE-787,0.0424,0.0154,0.0829,0.0154,0.0,0.0154,False,cve_pairs
5617,19,CWE-787,0.0419,0.0154,0.0817,0.0154,0.0,0.0154,False,cve_pairs
5923,19,CWE-787,0.0415,0.0308,0.0576,0.0308,0.2308,0.2308,False,cve_pairs
19946,19,CWE-787,0.0413,0.0154,0.0725,0.0308,0.1231,0.1231,False,cve_pairs
5479,19,CWE-787,0.041,0.0154,0.0795,0.0154,0.0462,0.0615,False,cve_pairs
10940,19,CWE-787,0.0409,0.0154,0.0791,0.0154,0.0154,0.0,False,cve_pairs
8896,19,CWE-787,0.0408,0.0154,0.079,0.0154,0.0154,0.0308,False,cve_pairs
29383,19,CWE-787,0.0408,0.0154,0.079,0.0154,0.0308,0.0154,False,cve_pairs
6547,19,CWE-787,0.0407,0.0154,0.0787,0.0154,0.0308,0.0154,False,cve_pairs
78,19,CWE-787,0.0406,0.0154,0.0783,0.0154,0.0,0.0154,False,cve_pairs
18806,19,CWE-787,0.0404,0.0154,0.0778,0.0154,0.0154,0.0,False,cve_pairs
714,19,CWE-787,0.0401,0.0154,0.0771,0.0154,0.0154,0.0,False,cve_pairs
21610,19,CWE-787,0.04,0.0154,0.0769,0.0154,0.0462,0.0308,False,cve_pairs
16628,19,CWE-787,0.0398,0.0154,0.0765,0.0154,0.0462,0.0308,False,cve_pairs
13750,19,CWE-787,0.0398,0.0154,0.0686,0.0308,0.0615,0.0769,False,cve_pairs
20825,19,CWE-787,0.0394,0.0154,0.0754,0.0154,0.0154,0.0154,False,cve_pairs
1331,19,CWE-787,0.0392,0.0154,0.075,0.0154,0.0154,0.0308,False,cve_pairs
27801,19,CWE-787,0.0392,0.0154,0.0749,0.0154,0.0154,0.0,False,cve_pairs
26893,19,CWE-787,0.0391,0.0308,0.0594,0.0154,0.1385,0.1385,False,cve_pairs
24293,19,CWE-787,0.039,0.0154,0.0745,0.0154,0.0615,0.0769,False,cve_pairs
7149,19,CWE-787,0.039,0.0154,0.0744,0.0154,0.0308,0.0308,False,cve_pairs
31917,19,CWE-787,0.0388,0.0154,0.0738,0.0154,0.0308,0.0154,False,cve_pairs
32126,19,CWE-787,0.0387,0.0154,0.0736,0.0154,0.0308,0.0462,False,cve_pairs
30014,19,CWE-787,0.0385,0.0154,0.0733,0.0154,0.0154,0.0,False,cve_pairs
24678,19,CWE-787,0.0382,0.0154,0.0723,0.0154,0.0154,0.0,False,cve_pairs
23124,19,CWE-787,0.0379,0.0154,0.0717,0.0154,0.0,0.0154,False,cve_pairs
18219,19,CWE-787,0.0379,0.0154,0.0716,0.0154,0.0,0.0154,False,cve_pairs
17984,19,CWE-787,0.0376,0.0154,0.0709,0.0154,0.0,0.0154,False,cve_pairs
13091,19,CWE-787,0.0375,0.0769,0.0015,0.0308,0.3846,0.3538,False,cve_pairs
4246,19,CWE-787,0.0373,0.0154,0.0702,0.0154,0.0615,0.0462,False,cve_pairs
1137,19,CWE-787,0.0373,0.0154,0.0701,0.0154,0.0308,0.0154,False,cve_pairs
12444,19,CWE-787,0.0372,0.0154,0.07,0.0154,0.0,0.0154,False,cve_pairs
21435,19,CWE-787,0.037,0.0154,0.0695,0.0154,0.0154,0.0154,False,cve_pairs
31090,19,CWE-787,0.0368,0.0154,0.0689,0.0154,0.0154,0.0,False,cve_pairs
22482,19,CWE-787,0.0366,0.0154,0.0684,0.0154,0.0154,0.0,False,cve_pairs
29108,19,CWE-787,0.0363,0.0154,0.0676,0.0154,0.0,0.0154,False,cve_pairs
26433,19,CWE-787,0.0362,0.0154,0.0675,0.0154,0.0,0.0154,False,cve_pairs
10988,19,CWE-787,0.036,0.0154,0.067,0.0154,0.0769,0.0615,False,cve_pairs
10474,19,CWE-787,0.0359,0.0154,0.0668,0.0154,0.0,0.0154,False,cve_pairs
470,19,CWE-787,0.0359,0.0154,0.0667,0.0154,0.0154,0.0,False,cve_pairs
7904,19,CWE-787,0.0358,0.0154,0.0663,0.0154,0.0154,0.0308,False,cve_pairs
13599,19,CWE-787,0.0357,0.0154,0.0662,0.0154,0.0154,0.0,False,cve_pairs
6652,19,CWE-787,0.0357,0.0154,0.0661,0.0154,0.0154,0.0,False,cve_pairs
6398,19,CWE-787,0.0356,0.0154,0.0659,0.0154,0.0462,0.0308,False,cve_pairs
10419,19,CWE-787,0.0356,0.0154,0.0658,0.0154,0.0154,0.0,False,cve_pairs
32247,19,CWE-787,0.0355,0.0154,0.0656,0.0154,0.0308,0.0154,False,cve_pairs
18279,19,CWE-787,0.0349,0.0154,0.0642,0.0154,0.0154,0.0,False,cve_pairs
11340,19,CWE-787,0.0349,0.0154,0.0641,0.0154,0.0154,0.0308,False,cve_pairs
28115,19,CWE-787,0.0348,0.0154,0.0638,0.0154,0.0154,0.0,False,cve_pairs
10777,19,CWE-787,0.0347,0.0154,0.0637,0.0154,0.0154,0.0,False,cve_pairs
2217,19,CWE-787,0.0347,0.0154,0.0637,0.0154,0.0,0.0154,False,cve_pairs
1958,19,CWE-787,0.0346,0.0154,0.0635,0.0154,0.0,0.0154,False,cve_pairs
32733,19,CWE-787,0.0344,0.0154,0.0629,0.0154,0.0154,0.0,False,cve_pairs
32404,19,CWE-787,0.0343,0.0154,0.0627,0.0154,0.0154,0.0,False,cve_pairs
25441,19,CWE-787,0.034,0.0154,0.062,0.0154,0.0308,0.0154,False,cve_pairs
8409,19,CWE-787,0.034,0.0154,0.0619,0.0154,0.0154,0.0,False,cve_pairs
491,19,CWE-787,0.0339,0.0154,0.0617,0.0154,0.0308,0.0154,False,cve_pairs
31549,19,CWE-787,0.0337,0.0154,0.0612,0.0154,0.0154,0.0154,False,cve_pairs
25033,19,CWE-787,0.0336,0.0154,0.0608,0.0154,0.0,0.0154,False,cve_pairs
774,19,CWE-787,0.0335,0.0154,0.0606,0.0154,0.0,0.0154,False,cve_pairs
10300,19,CWE-787,0.0334,0.0154,0.0605,0.0154,0.0154,0.0,False,cve_pairs
11036,19,CWE-787,0.0334,0.0154,0.0605,0.0154,0.0154,0.0,False,cve_pairs
30945,19,CWE-787,0.0334,0.0154,0.0605,0.0154,0.0154,0.0154,False,cve_pairs
1752,19,CWE-787,0.0332,0.0154,0.0599,0.0154,0.0154,0.0,False,cve_pairs
21521,19,CWE-787,0.0331,0.0154,0.0597,0.0154,0.0308,0.0154,False,cve_pairs
19008,19,CWE-787,0.0331,0.0154,0.0596,0.0154,0.0308,0.0462,False,cve_pairs
11197,19,CWE-787,0.0331,0.0154,0.0596,0.0154,0.0308,0.0154,False,cve_pairs
20442,19,CWE-787,0.033,0.0154,0.0593,0.0154,0.0308,0.0154,False,cve_pairs
18754,19,CWE-787,0.0327,0.0154,0.0588,0.0154,0.0462,0.0308,False,cve_pairs
14592,19,CWE-787,0.0319,0.0154,0.0568,0.0154,0.0154,0.0308,False,cve_pairs
14861,19,CWE-787,0.0319,0.0154,0.0567,0.0154,0.0,0.0154,False,cve_pairs
9890,19,CWE-787,0.0319,0.0154,0.0567,0.0154,0.0154,0.0308,False,cve_pairs
27128,19,CWE-787,0.0319,0.0154,0.0566,0.0154,0.0154,0.0308,False,cve_pairs
31643,19,CWE-787,0.0318,0.0154,0.0564,0.0154,0.0308,0.0154,False,cve_pairs
18736,19,CWE-787,0.0317,0.0154,0.0563,0.0154,0.0462,0.0308,False,cve_pairs
2883,19,CWE-787,0.0316,0.0154,0.056,0.0154,0.0,0.0154,False,cve_pairs
8656,19,CWE-787,0.0314,0.0154,0.0555,0.0154,0.0154,0.0,False,cve_pairs
6021,19,CWE-787,0.0314,0.0154,0.0554,0.0154,0.0308,0.0154,False,cve_pairs
3877,19,CWE-787,0.0314,0.0154,0.0554,0.0154,0.0154,0.0,False,cve_pairs
806,19,CWE-787,0.0313,0.0154,0.0551,0.0154,0.0,0.0154,False,cve_pairs
337,19,CWE-787,0.0311,0.0154,0.0547,0.0154,0.0154,0.0,False,cve_pairs
29415,19,CWE-787,0.0311,0.0154,0.0546,0.0154,0.0,0.0154,False,cve_pairs
21592,19,CWE-787,0.031,0.0154,0.0545,0.0154,0.0154,0.0,False,cve_pairs
25434,19,CWE-787,0.0309,0.0154,0.0542,0.0154,0.0154,0.0,False,cve_pairs
13025,19,CWE-787,0.0309,0.0154,0.0542,0.0154,0.0308,0.0462,False,cve_pairs
20449,19,CWE-787,0.0308,0.0154,0.054,0.0154,0.0,0.0154,False,cve_pairs
2068,19,CWE-787,0.0307,0.0308,0.0306,0.0308,0.3538,0.3385,False,cve_pairs
11296,19,CWE-787,0.0307,0.0154,0.0536,0.0154,0.0154,0.0,False,cve_pairs
25655,19,CWE-787,0.0306,0.0154,0.0535,0.0154,0.0308,0.0154,False,cve_pairs
29557,19,CWE-787,0.0306,0.0154,0.0534,0.0154,0.0,0.0154,False,cve_pairs
9981,19,CWE-787,0.0305,0.0154,0.0531,0.0154,0.0308,0.0154,False,cve_pairs
15849,19,CWE-787,0.0303,0.0308,0.0374,0.0154,0.0923,0.1077,False,cve_pairs
12889,19,CWE-787,0.0303,0.0154,0.0527,0.0154,0.0,0.0154,False,cve_pairs
9996,19,CWE-787,0.0301,0.0154,0.0523,0.0154,0.0154,0.0,False,cve_pairs
23384,19,CWE-787,0.0301,0.0308,0.0367,0.0154,0.0769,0.0923,False,cve_pairs
7213,19,CWE-787,0.03,0.0154,0.052,0.0154,0.0,0.0154,False,cve_pairs
18483,19,CWE-787,0.03,0.0308,0.0364,0.0154,0.1231,0.1077,False,cve_pairs
26220,19,CWE-787,0.0299,0.0154,0.0518,0.0154,0.0,0.0154,False,cve_pairs
32196,19,CWE-787,0.0299,0.0154,0.0517,0.0154,0.0462,0.0308,False,cve_pairs
15173,19,CWE-787,0.0299,0.0154,0.0516,0.0154,0.0154,0.0,False,cve_pairs
23145,19,CWE-787,0.0298,0.0154,0.0514,0.0154,0.0154,0.0308,False,cve_pairs
19287,19,CWE-787,0.0297,0.0154,0.0512,0.0154,0.0154,0.0,False,cve_pairs
29486,19,CWE-787,0.0297,0.0154,0.0512,0.0154,0.0,0.0154,False,cve_pairs
6809,19,CWE-787,0.0297,0.0308,0.0358,0.0154,0.0615,0.0462,False,cve_pairs
10518,19,CWE-787,0.0297,0.0154,0.0511,0.0154,0.0154,0.0,False,cve_pairs
28706,19,CWE-787,0.0297,0.0154,0.0511,0.0154,0.0308,0.0154,False,cve_pairs
16703,19,CWE-787,0.0297,0.0154,0.0511,0.0154,0.0,0.0154,False,cve_pairs
20502,19,CWE-787,0.0296,0.0154,0.051,0.0154,0.0154,0.0,False,cve_pairs
7967,19,CWE-787,0.0292,0.0154,0.05,0.0154,0.0154,0.0,False,cve_pairs
3601,19,CWE-787,0.0292,0.0154,0.05,0.0154,0.0462,0.0308,False,cve_pairs
4210,19,CWE-787,0.0291,0.0154,0.0497,0.0154,0.0154,0.0,False,cve_pairs
26678,19,CWE-787,0.029,0.0154,0.0495,0.0154,0.0154,0.0,False,cve_pairs
28732,19,CWE-787,0.0289,0.0154,0.0491,0.0154,0.0462,0.0615,False,cve_pairs
12068,19,CWE-787,0.0288,0.0154,0.0412,0.0308,0.0769,0.0923,False,cve_pairs
12443,19,CWE-787,0.0287,0.0154,0.0487,0.0154,0.0,0.0154,False,cve_pairs
10663,19,CWE-787,0.0287,0.0154,0.0487,0.0154,0.0,0.0154,False,cve_pairs
25926,19,CWE-787,0.0286,0.0154,0.0483,0.0154,0.0308,0.0154,False,cve_pairs
3422,19,CWE-787,0.0285,0.0154,0.0483,0.0154,0.0154,0.0,False,cve_pairs
9244,19,CWE-787,0.0285,0.0154,0.0482,0.0154,0.0308,0.0462,False,cve_pairs
3243,19,CWE-787,0.0283,0.0154,0.0477,0.0154,0.0,0.0154,False,cve_pairs
25667,19,CWE-787,0.0282,0.0154,0.0475,0.0154,0.0154,0.0308,False,cve_pairs
26306,19,CWE-787,0.0281,0.0154,0.0472,0.0154,0.0154,0.0,False,cve_pairs
31294,19,CWE-787,0.0281,0.0154,0.0471,0.0154,0.0,0.0154,False,cve_pairs
16897,19,CWE-190,0.485,0.1529,1.0066,0.1059,0.7882,0.8,True,cve_pairs
5403,19,CWE-190,0.1302,0.1059,0.1844,0.0706,0.2706,0.3412,True,cve_pairs
5923,19,CWE-190,0.1235,0.0706,0.1969,0.0824,0.3294,0.3765,True,cve_pairs
6273,19,CWE-190,0.1219,0.0941,0.1813,0.0588,0.3529,0.2941,True,cve_pairs
15311,19,CWE-190,0.1181,0.0706,0.1892,0.0706,0.1294,0.0588,True,cve_pairs
17961,19,CWE-190,0.1165,0.0588,0.203,0.0588,0.4824,0.4588,True,cve_pairs
13827,19,CWE-190,0.1059,0.1176,0.1235,0.0471,0.2353,0.2824,True,cve_pairs
9350,19,CWE-190,0.105,0.0118,0.2448,0.0118,0.0118,0.0,False,cve_pairs
10111,19,CWE-190,0.1039,0.0471,0.1892,0.0471,0.0235,0.0706,True,cve_pairs
16192,19,CWE-190,0.0967,0.0588,0.1593,0.0471,0.2,0.1882,True,cve_pairs
2068,19,CWE-190,0.0931,0.0941,0.1034,0.0706,0.3294,0.3412,True,cve_pairs
12186,19,CWE-190,0.0923,0.0471,0.1602,0.0471,0.1294,0.1529,True,cve_pairs
19483,19,CWE-190,0.0914,0.0706,0.1343,0.0471,0.1647,0.1176,True,cve_pairs
25954,19,CWE-190,0.0887,0.0706,0.1276,0.0471,0.2118,0.2235,True,cve_pairs
24670,19,CWE-190,0.0822,0.0235,0.1703,0.0235,0.0235,0.0,True,cve_pairs
15529,19,CWE-190,0.0818,0.0353,0.1516,0.0353,0.1294,0.1529,True,cve_pairs
19738,19,CWE-190,0.0808,0.0471,0.1374,0.0353,0.0471,0.0118,True,cve_pairs
1748,19,CWE-190,0.0791,0.1647,0.0096,0.0471,0.7412,0.7412,True,cve_pairs
1441,19,CWE-190,0.0786,0.0353,0.1435,0.0353,0.0706,0.0353,True,cve_pairs
15946,19,CWE-190,0.0769,0.0235,0.1452,0.0471,0.0706,0.0471,True,cve_pairs
23579,19,CWE-190,0.0759,0.0235,0.1544,0.0235,0.0235,0.0,True,cve_pairs
4312,19,CWE-190,0.0752,0.0706,0.0996,0.0353,0.2235,0.2471,True,cve_pairs
12155,19,CWE-190,0.0743,0.0353,0.1327,0.0353,0.0588,0.0235,True,cve_pairs
18837,19,CWE-190,0.074,0.0471,0.1202,0.0353,0.1176,0.1176,True,cve_pairs
16445,19,CWE-190,0.0723,0.0118,0.163,0.0118,0.0118,0.0,False,cve_pairs
18058,19,CWE-190,0.0723,0.0353,0.1277,0.0353,0.0118,0.0471,False,cve_pairs
8603,19,CWE-190,0.0722,0.0118,0.163,0.0118,0.0,0.0118,False,cve_pairs
26232,19,CWE-190,0.0713,0.0118,0.1606,0.0118,0.0118,0.0,False,cve_pairs
151,19,CWE-190,0.0709,0.0353,0.1242,0.0353,0.2824,0.2824,True,cve_pairs
12906,19,CWE-190,0.0696,0.0353,0.121,0.0353,0.0941,0.1176,True,cve_pairs
29385,19,CWE-190,0.0676,0.0118,0.1514,0.0118,0.0,0.0118,False,cve_pairs
78,19,CWE-190,0.0671,0.0353,0.1149,0.0353,0.0471,0.0353,True,cve_pairs
14842,19,CWE-190,0.0664,0.0353,0.1189,0.0235,0.1059,0.0824,True,cve_pairs
21137,19,CWE-190,0.0664,0.0235,0.1306,0.0235,0.0235,0.0353,True,cve_pairs
19348,19,CWE-190,0.0663,0.0353,0.1128,0.0353,0.0588,0.0235,True,cve_pairs
23814,19,CWE-190,0.0653,0.0235,0.1281,0.0235,0.0235,0.0,True,cve_pairs
22840,19,CWE-190,0.0648,0.0118,0.1444,0.0118,0.0,0.0118,False,cve_pairs
27826,19,CWE-190,0.0647,0.0588,0.0854,0.0353,0.0824,0.0471,True,cve_pairs
32643,19,CWE-190,0.0647,0.0235,0.1264,0.0235,0.0235,0.0,True,cve_pairs
21269,19,CWE-190,0.0638,0.0118,0.1419,0.0118,0.0,0.0118,False,cve_pairs
13450,19,CWE-190,0.0633,0.0235,0.123,0.0235,0.0,0.0235,False,cve_pairs
31,19,CWE-190,0.0633,0.0235,0.123,0.0235,0.0353,0.0118,True,cve_pairs
32101,19,CWE-190,0.0631,0.0471,0.0931,0.0353,0.0588,0.0941,True,cve_pairs
17340,19,CWE-190,0.0622,0.0118,0.138,0.0118,0.0118,0.0,False,cve_pairs
3674,19,CWE-190,0.0613,0.0588,0.0767,0.0353,0.2,0.1765,True,cve_pairs
10518,19,CWE-190,0.0609,0.0118,0.1346,0.0118,0.0118,0.0118,False,cve_pairs
24660,19,CWE-190,0.0608,0.0235,0.1168,0.0235,0.0471,0.0235,True,cve_pairs
25232,19,CWE-190,0.0604,0.0118,0.1333,0.0118,0.0,0.0118,False,cve_pairs
8622,19,CWE-190,0.0604,0.0118,0.1333,0.0118,0.0118,0.0,False,cve_pairs
19780,19,CWE-190,0.0593,0.0235,0.1131,0.0235,0.0235,0.0,True,cve_pairs
5874,19,CWE-190,0.0562,0.0235,0.1053,0.0235,0.0235,0.0,True,cve_pairs
2124,19,CWE-190,0.0561,0.0588,0.0639,0.0353,0.0941,0.1294,True,cve_pairs
2540,19,CWE-190,0.0561,0.0235,0.105,0.0235,0.0235,0.0,True,cve_pairs
17573,19,CWE-190,0.0559,0.0118,0.1222,0.0118,0.0,0.0118,False,cve_pairs
9890,19,CWE-190,0.0558,0.0353,0.0865,0.0353,0.0353,0.0706,True,cve_pairs
12660,19,CWE-190,0.0554,0.0118,0.121,0.0118,0.0,0.0118,False,cve_pairs
20937,19,CWE-190,0.0553,0.0471,0.0737,0.0353,0.0824,0.0941,True,cve_pairs
14440,19,CWE-190,0.0553,0.0471,0.0793,0.0235,0.1059,0.0824,True,cve_pairs
3413,19,CWE-190,0.0548,0.0353,0.0841,0.0353,0.0235,0.0588,True,cve_pairs
24717,19,CWE-190,0.0544,0.0353,0.0831,0.0353,0.0471,0.0118,True,cve_pairs
12917,19,CWE-190,0.0544,0.0235,0.1007,0.0235,0.0,0.0235,False,cve_pairs
25229,19,CWE-190,0.0538,0.0118,0.1168,0.0118,0.0118,0.0,False,cve_pairs
9384,19,CWE-190,0.0535,0.0118,0.1162,0.0118,0.0118,0.0,False,cve_pairs
23879,19,CWE-190,0.0531,0.0118,0.115,0.0118,0.0118,0.0118,False,cve_pairs
8064,19,CWE-190,0.0529,0.0353,0.0851,0.0235,0.2118,0.2235,True,cve_pairs
22218,19,CWE-190,0.0527,0.0471,0.067,0.0353,0.0824,0.1059,True,cve_pairs
30357,19,CWE-190,0.0527,0.0235,0.0963,0.0235,0.0235,0.0,True,cve_pairs
32381,19,CWE-190,0.0526,0.0118,0.1137,0.0118,0.0118,0.0,False,cve_pairs
12628,19,CWE-190,0.052,0.0235,0.0946,0.0235,0.0235,0.0,True,cve_pairs
539,19,CWE-190,0.0518,0.0118,0.1119,0.0118,0.0118,0.0235,False,cve_pairs
811,19,CWE-190,0.0518,0.0118,0.1118,0.0118,0.0,0.0118,False,cve_pairs
4990,19,CWE-190,0.0515,0.0353,0.0817,0.0235,0.0353,0.0588,True,cve_pairs
29810,19,CWE-190,0.0514,0.0588,0.0521,0.0353,0.1176,0.0824,True,cve_pairs
22273,19,CWE-190,0.051,0.0118,0.1099,0.0118,0.0118,0.0,False,cve_pairs
31426,19,CWE-190,0.0508,0.0235,0.0917,0.0235,0.0353,0.0118,True,cve_pairs
20185,19,CWE-190,0.0507,0.0353,0.0738,0.0353,0.0706,0.0353,True,cve_pairs
26223,19,CWE-190,0.0507,0.0118,0.1091,0.0118,0.0118,0.0235,False,cve_pairs
25110,19,CWE-190,0.0507,0.0118,0.109,0.0118,0.0118,0.0,False,cve_pairs
6547,19,CWE-190,0.0502,0.0235,0.0903,0.0235,0.0471,0.0235,True,cve_pairs
7294,19,CWE-190,0.05,0.0118,0.1072,0.0118,0.0,0.0118,False,cve_pairs
10497,19,CWE-190,0.0494,0.0235,0.0881,0.0235,0.0235,0.0,False,cve_pairs
13962,19,CWE-190,0.0493,0.0235,0.0881,0.0235,0.0353,0.0118,False,cve_pairs
4400,19,CWE-190,0.0491,0.0235,0.0874,0.0235,0.0118,0.0353,False,cve_pairs
20731,19,CWE-190,0.049,0.0118,0.1049,0.0118,0.0118,0.0,False,cve_pairs
5143,19,CWE-190,0.0489,0.0235,0.087,0.0235,0.0353,0.0118,False,cve_pairs
29573,19,CWE-190,0.0487,0.0235,0.0864,0.0235,0.0,0.0235,False,cve_pairs
32678,19,CWE-190,0.048,0.0235,0.0846,0.0235,0.0,0.0235,False,cve_pairs
8896,19,CWE-190,0.0478,0.0235,0.0843,0.0235,0.0,0.0235,False,cve_pairs
17059,19,CWE-190,0.0478,0.0235,0.0841,0.0235,0.0235,0.0,False,cve_pairs
7118,19,CWE-190,0.0477,0.0235,0.0841,0.0235,0.0235,0.0,False,cve_pairs
22612,19,CWE-190,0.0469,0.0235,0.082,0.0235,0.0235,0.0,False,cve_pairs
14938,19,CWE-190,0.0468,0.0235,0.0818,0.0235,0.0235,0.0,False,cve_pairs
23156,19,CWE-190,0.046,0.0235,0.0796,0.0235,0.0,0.0235,False,cve_pairs
9583,19,CWE-190,0.0459,0.0118,0.097,0.0118,0.0235,0.0118,False,cve_pairs
25667,19,CWE-190,0.0458,0.0235,0.0791,0.0235,0.0235,0.0471,False,cve_pairs
24286,19,CWE-190,0.0456,0.0235,0.0788,0.0235,0.0235,0.0,False,cve_pairs
10769,19,CWE-190,0.0456,0.0118,0.0964,0.0118,0.0118,0.0,False,cve_pairs
17134,19,CWE-190,0.0455,0.0235,0.0784,0.0235,0.0824,0.1059,False,cve_pairs
22993,19,CWE-190,0.0453,0.0118,0.0957,0.0118,0.0118,0.0118,False,cve_pairs
4113,19,CWE-190,0.0446,0.0235,0.0761,0.0235,0.0353,0.0118,False,cve_pairs
17143,19,CWE-190,0.0446,0.0118,0.0938,0.0118,0.0118,0.0,False,cve_pairs
31055,19,CWE-190,0.0445,0.0235,0.0759,0.0235,0.0118,0.0353,False,cve_pairs
15422,19,CWE-190,0.0444,0.0118,0.0934,0.0118,0.0118,0.0,False,cve_pairs
12036,19,CWE-190,0.0443,0.0118,0.0931,0.0118,0.0,0.0118,False,cve_pairs
29481,19,CWE-190,0.0441,0.0235,0.0751,0.0235,0.0235,0.0471,False,cve_pairs
24412,19,CWE-190,0.044,0.0118,0.0923,0.0118,0.0,0.0118,False,cve_pairs
12956,19,CWE-190,0.0439,0.0118,0.092,0.0118,0.0118,0.0,False,cve_pairs
7336,19,CWE-190,0.0436,0.0118,0.0914,0.0118,0.0118,0.0,False,cve_pairs
10475,19,CWE-190,0.0435,0.0118,0.0912,0.0118,0.0,0.0118,False,cve_pairs
18234,19,CWE-190,0.0435,0.0235,0.0734,0.0235,0.0118,0.0353,False,cve_pairs
17927,19,CWE-190,0.0435,0.0118,0.091,0.0118,0.0,0.0118,False,cve_pairs
12443,19,CWE-190,0.0434,0.0118,0.0908,0.0118,0.0118,0.0235,False,cve_pairs
13998,19,CWE-190,0.0434,0.0118,0.0907,0.0118,0.0,0.0118,False,cve_pairs
27330,19,CWE-190,0.0433,0.0118,0.0906,0.0118,0.0,0.0118,False,cve_pairs
21919,19,CWE-190,0.0433,0.0235,0.0729,0.0235,0.0235,0.0,False,cve_pairs
472,19,CWE-190,0.0432,0.0118,0.0903,0.0118,0.0118,0.0,False,cve_pairs
8780,19,CWE-190,0.043,0.0118,0.0899,0.0118,0.0,0.0118,False,cve_pairs
21506,19,CWE-190,0.0429,0.0235,0.0719,0.0235,0.0235,0.0,False,cve_pairs
23667,19,CWE-190,0.0428,0.0118,0.0893,0.0118,0.0,0.0118,False,cve_pairs
1400,19,CWE-190,0.0427,0.0235,0.0714,0.0235,0.0353,0.0118,False,cve_pairs
26170,19,CWE-190,0.0424,0.0118,0.0884,0.0118,0.0,0.0118,False,cve_pairs
1913,19,CWE-190,0.0423,0.0353,0.0529,0.0353,0.0941,0.0824,False,cve_pairs
8409,19,CWE-190,0.0423,0.0118,0.0881,0.0118,0.0,0.0118,False,cve_pairs
1845,19,CWE-190,0.0421,0.0118,0.0876,0.0118,0.0,0.0118,False,cve_pairs
24210,19,CWE-190,0.0421,0.0235,0.0699,0.0235,0.0235,0.0118,False,cve_pairs
10830,19,CWE-190,0.0421,0.0118,0.0875,0.0118,0.0,0.0118,False,cve_pairs
26466,19,CWE-190,0.042,0.0118,0.0874,0.0118,0.0118,0.0,False,cve_pairs
15955,19,CWE-190,0.0419,0.0118,0.0872,0.0118,0.0118,0.0,False,cve_pairs
12011,19,CWE-190,0.0417,0.0118,0.0867,0.0118,0.0118,0.0,False,cve_pairs
19466,19,CWE-190,0.0417,0.0118,0.0867,0.0118,0.0,0.0118,False,cve_pairs
32094,19,CWE-190,0.0417,0.0235,0.069,0.0235,0.0235,0.0353,False,cve_pairs
31588,19,CWE-190,0.0416,0.0118,0.0864,0.0118,0.0,0.0118,False,cve_pairs
32673,19,CWE-190,0.0415,0.0118,0.0861,0.0118,0.0118,0.0,False,cve_pairs
19946,19,CWE-190,0.0411,0.0118,0.0852,0.0118,0.0588,0.0471,False,cve_pairs
30650,19,CWE-190,0.041,0.0118,0.0848,0.0118,0.0,0.0118,False,cve_pairs
23857,19,CWE-190,0.0408,0.0235,0.0668,0.0235,0.0235,0.0,False,cve_pairs
30147,19,CWE-190,0.0407,0.0118,0.0842,0.0118,0.0118,0.0,False,cve_pairs
18889,19,CWE-190,0.0407,0.0235,0.0664,0.0235,0.0353,0.0118,False,cve_pairs
26893,19,CWE-190,0.0405,0.0353,0.0541,0.0235,0.1412,0.1412,False,cve_pairs
312,19,CWE-190,0.0404,0.0118,0.0834,0.0118,0.0,0.0118,False,cve_pairs
252,19,CWE-190,0.0404,0.0353,0.0539,0.0235,0.0471,0.0706,False,cve_pairs
13811,19,CWE-190,0.0403,0.0235,0.0655,0.0235,0.0,0.0235,False,cve_pairs
22162,19,CWE-190,0.0403,0.0118,0.0831,0.0118,0.0,0.0118,False,cve_pairs
31381,19,CWE-190,0.0402,0.0118,0.0829,0.0118,0.0118,0.0,False,cve_pairs
16395,19,CWE-190,0.0402,0.0235,0.0652,0.0235,0.0353,0.0118,False,cve_pairs
2883,19,CWE-190,0.0401,0.0118,0.0825,0.0118,0.0353,0.0471,False,cve_pairs
30124,19,CWE-190,0.0401,0.0118,0.0825,0.0118,0.0118,0.0,False,cve_pairs
13060,19,CWE-190,0.0399,0.0235,0.0646,0.0235,0.0118,0.0235,False,cve_pairs
10288,19,CWE-190,0.0399,0.0118,0.0821,0.0118,0.0,0.0118,False,cve_pairs
26711,19,CWE-190,0.0399,0.0235,0.0644,0.0235,0.0235,0.0471,False,cve_pairs
8032,19,CWE-190,0.0398,0.0118,0.0819,0.0118,0.0,0.0118,False,cve_pairs
28732,19,CWE-190,0.0397,0.0235,0.0639,0.0235,0.0235,0.0,False,cve_pairs
4940,19,CWE-190,0.0395,0.0235,0.0634,0.0235,0.0706,0.0941,False,cve_pairs
9159,19,CWE-190,0.0393,0.0235,0.0628,0.0235,0.0,0.0235,False,cve_pairs
8905,19,CWE-190,0.0392,0.0235,0.0627,0.0235,0.0118,0.0353,False,cve_pairs
11129,19,CWE-190,0.0391,0.0353,0.0508,0.0235,0.0706,0.0471,False,cve_pairs
4361,19,CWE-190,0.0386,0.0235,0.0613,0.0235,0.0118,0.0353,False,cve_pairs
6033,19,CWE-190,0.0385,0.0118,0.0787,0.0118,0.0,0.0118,False,cve_pairs
7414,19,CWE-190,0.0385,0.0118,0.0786,0.0118,0.0118,0.0,False,cve_pairs
24779,19,CWE-190,0.0384,0.0353,0.0488,0.0235,0.1412,0.1529,False,cve_pairs
23273,19,CWE-190,0.0384,0.0235,0.0606,0.0235,0.0353,0.0118,False,cve_pairs
15534,19,CWE-190,0.0383,0.0235,0.0606,0.0235,0.0118,0.0235,False,cve_pairs
3779,19,CWE-190,0.0383,0.0235,0.0604,0.0235,0.0235,0.0,False,cve_pairs
10142,19,CWE-190,0.0382,0.0235,0.0603,0.0235,0.0,0.0235,False,cve_pairs
1737,19,CWE-190,0.0382,0.0235,0.0661,0.0118,0.0353,0.0235,False,cve_pairs
29314,19,CWE-190,0.0381,0.0118,0.0777,0.0118,0.0,0.0118,False,cve_pairs
19978,19,CWE-190,0.0381,0.0235,0.06,0.0235,0.0941,0.0824,False,cve_pairs
1092,19,CWE-190,0.0381,0.0235,0.0599,0.0235,0.0588,0.0353,False,cve_pairs
273,19,CWE-190,0.0381,0.0235,0.0598,0.0235,0.0353,0.0235,False,cve_pairs
22984,19,CWE-190,0.0379,0.0118,0.0771,0.0118,0.0,0.0118,False,cve_pairs
2148,19,CWE-190,0.0376,0.0118,0.0763,0.0118,0.0118,0.0,False,cve_pairs
20195,19,CWE-190,0.0375,0.0235,0.0586,0.0235,0.0,0.0235,False,cve_pairs
15224,19,CWE-190,0.0374,0.0235,0.0582,0.0235,0.0235,0.0235,False,cve_pairs
3730,19,CWE-190,0.0374,0.0235,0.0581,0.0235,0.0235,0.0,False,cve_pairs
806,19,CWE-190,0.0373,0.0235,0.058,0.0235,0.0353,0.0471,False,cve_pairs
15898,19,CWE-190,0.0369,0.0235,0.0571,0.0235,0.1529,0.1529,False,cve_pairs
32224,19,CWE-190,0.0369,0.0118,0.0745,0.0118,0.0588,0.0706,False,cve_pairs
31540,19,CWE-190,0.0367,0.0118,0.0742,0.0118,0.0118,0.0,False,cve_pairs
11197,19,CWE-190,0.0366,0.0235,0.0563,0.0235,0.0588,0.0471,False,cve_pairs
12404,19,CWE-190,0.0365,0.0235,0.056,0.0235,0.0353,0.0118,False,cve_pairs
15849,19,CWE-190,0.0364,0.0588,0.0204,0.0235,0.2,0.1882,False,cve_pairs
23307,19,CWE-190,0.0363,0.0118,0.0732,0.0118,0.0118,0.0,False,cve_pairs
1684,19,CWE-190,0.0361,0.0118,0.0727,0.0118,0.0235,0.0118,False,cve_pairs
31956,19,CWE-190,0.0361,0.0471,0.0315,0.0235,0.0824,0.0588,False,cve_pairs
5393,19,CWE-190,0.0361,0.0118,0.0726,0.0118,0.0118,0.0,False,cve_pairs
30268,19,CWE-190,0.0356,0.0118,0.0713,0.0118,0.0,0.0118,False,cve_pairs
32157,19,CWE-190,0.0354,0.0118,0.0709,0.0118,0.0,0.0118,False,cve_pairs
11986,19,CWE-190,0.0353,0.0118,0.0707,0.0118,0.0118,0.0235,False,cve_pairs
21007,19,CWE-190,0.0351,0.0118,0.0701,0.0118,0.0118,0.0118,False,cve_pairs
27220,19,CWE-190,0.035,0.0118,0.0698,0.0118,0.0118,0.0,False,cve_pairs
16714,19,CWE-190,0.035,0.0118,0.0698,0.0118,0.0,0.0118,False,cve_pairs
9898,19,CWE-190,0.0349,0.0118,0.0696,0.0118,0.0,0.0118,False,cve_pairs
20711,19,CWE-190,0.0348,0.0235,0.0516,0.0235,0.0235,0.0,False,cve_pairs
31687,19,CWE-190,0.0347,0.0118,0.069,0.0118,0.0118,0.0,False,cve_pairs
27977,19,CWE-190,0.0347,0.0235,0.0514,0.0235,0.0,0.0235,False,cve_pairs
13703,19,CWE-190,0.0345,0.0235,0.0508,0.0235,0.0118,0.0353,False,cve_pairs
24775,19,CWE-190,0.0344,0.0118,0.0684,0.0118,0.0,0.0118,False,cve_pairs
17986,19,CWE-190,0.0344,0.0118,0.0683,0.0118,0.0,0.0118,False,cve_pairs
18015,19,CWE-190,0.0343,0.0118,0.068,0.0118,0.0,0.0118,False,cve_pairs
6209,19,CWE-190,0.0342,0.0118,0.068,0.0118,0.0118,0.0118,False,cve_pairs
6273,19,CWE-476,0.1695,0.1067,0.2636,0.1067,0.2267,0.1867,True,cve_pairs
12463,19,CWE-476,0.1652,0.04,0.3529,0.04,0.0,0.04,False,cve_pairs
1748,19,CWE-476,0.1258,0.1333,0.1479,0.0667,0.6,0.6667,True,cve_pairs
31698,19,CWE-476,0.1159,0.04,0.2296,0.04,0.12,0.0933,True,cve_pairs
5923,19,CWE-476,0.1118,0.0933,0.1596,0.0533,0.2933,0.24,True,cve_pairs
14440,19,CWE-476,0.1104,0.0533,0.1959,0.0533,0.08,0.04,True,cve_pairs
6086,19,CWE-476,0.1025,0.0267,0.2161,0.0267,0.0267,0.0,True,cve_pairs
18408,19,CWE-476,0.1001,0.0267,0.2102,0.0267,0.0267,0.0,True,cve_pairs
15898,19,CWE-476,0.0981,0.0267,0.2053,0.0267,0.0667,0.04,True,cve_pairs
2068,19,CWE-476,0.0928,0.0667,0.1386,0.0533,0.3467,0.3867,True,cve_pairs
13690,19,CWE-476,0.0914,0.0533,0.1486,0.0533,0.0533,0.1067,True,cve_pairs
9015,19,CWE-476,0.0882,0.0133,0.2005,0.0133,0.0133,0.0,False,cve_pairs
12186,19,CWE-476,0.0871,0.04,0.1577,0.04,0.24,0.2,True,cve_pairs
4940,19,CWE-476,0.087,0.0533,0.1443,0.04,0.0533,0.0933,True,cve_pairs
21180,19,CWE-476,0.0857,0.0133,0.1943,0.0133,0.0133,0.0,False,cve_pairs
16192,19,CWE-476,0.0838,0.0533,0.136,0.04,0.2267,0.2133,True,cve_pairs
14015,19,CWE-476,0.0828,0.0133,0.187,0.0133,0.0133,0.0,False,cve_pairs
23436,19,CWE-476,0.0815,0.0533,0.1238,0.0533,0.2,0.1733,True,cve_pairs
27564,19,CWE-476,0.0791,0.0267,0.1579,0.0267,0.04,0.0133,True,cve_pairs
21429,19,CWE-476,0.0742,0.0133,0.1656,0.0133,0.0133,0.0,False,cve_pairs
18832,19,CWE-476,0.0737,0.0267,0.1441,0.0267,0.0,0.0267,False,cve_pairs
2883,19,CWE-476,0.0712,0.04,0.1179,0.04,0.0,0.04,False,cve_pairs
19539,19,CWE-476,0.0708,0.0133,0.157,0.0133,0.0,0.0133,False,cve_pairs
30318,19,CWE-476,0.0707,0.0133,0.1568,0.0133,0.0133,0.0,False,cve_pairs
16897,19,CWE-476,0.0702,0.12,0.0354,0.04,0.76,0.76,True,cve_pairs
18099,19,CWE-476,0.0702,0.0133,0.1554,0.0133,0.0,0.0133,False,cve_pairs
16580,19,CWE-476,0.0694,0.0267,0.1336,0.0267,0.0,0.0267,False,cve_pairs
1331,19,CWE-476,0.0691,0.0267,0.1326,0.0267,0.08,0.0533,True,cve_pairs
16371,19,CWE-476,0.0673,0.0133,0.1484,0.0133,0.0133,0.0,False,cve_pairs
4996,19,CWE-476,0.0666,0.0267,0.1332,0.0133,0.0267,0.0133,True,cve_pairs
11559,19,CWE-476,0.0663,0.0267,0.1258,0.0267,0.0,0.0267,False,cve_pairs
21954,19,CWE-476,0.0659,0.0133,0.1447,0.0133,0.0,0.0133,False,cve_pairs
23614,19,CWE-476,0.0654,0.0133,0.1436,0.0133,0.0267,0.0133,True,cve_pairs
610,19,CWE-476,0.065,0.0133,0.1424,0.0133,0.0133,0.0,False,cve_pairs
18483,19,CWE-476,0.0648,0.04,0.1019,0.04,0.1067,0.0667,True,cve_pairs
11142,19,CWE-476,0.0642,0.0133,0.1406,0.0133,0.0133,0.0,False,cve_pairs
25926,19,CWE-476,0.0639,0.04,0.0998,0.04,0.04,0.0,True,cve_pairs
22840,19,CWE-476,0.0635,0.0133,0.1387,0.0133,0.0,0.0133,False,cve_pairs
10111,19,CWE-476,0.0631,0.0267,0.1177,0.0267,0.04,0.0133,True,cve_pairs
14206,19,CWE-476,0.0625,0.0133,0.1362,0.0133,0.0533,0.0667,True,cve_pairs
5617,19,CWE-476,0.0622,0.0267,0.1156,0.0267,0.0,0.0267,False,cve_pairs
30683,19,CWE-476,0.0621,0.0133,0.1353,0.0133,0.0133,0.0267,False,cve_pairs
10268,19,CWE-476,0.0615,0.04,0.0937,0.04,0.0133,0.0533,False,cve_pairs
4095,19,CWE-476,0.0603,0.0133,0.1309,0.0133,0.0133,0.0,False,cve_pairs
17961,19,CWE-476,0.0602,0.0933,0.0306,0.0533,0.5067,0.48,True,cve_pairs
8565,19,CWE-476,0.0594,0.0133,0.1286,0.0133,0.0133,0.0267,False,cve_pairs
21322,19,CWE-476,0.0594,0.0133,0.1284,0.0133,0.0,0.0133,False,cve_pairs
10076,19,CWE-476,0.059,0.0133,0.1275,0.0133,0.0,0.0133,False,cve_pairs
15298,19,CWE-476,0.059,0.04,0.0875,0.04,0.1733,0.1867,True,cve_pairs
273,19,CWE-476,0.0578,0.04,0.0845,0.04,0.0,0.04,False,cve_pairs
12155,19,CWE-476,0.0576,0.0267,0.104,0.0267,0.0933,0.0667,True,cve_pairs
30036,19,CWE-476,0.0568,0.0667,0.062,0.0267,0.1067,0.1333,True,cve_pairs
11978,19,CWE-476,0.0567,0.0133,0.1218,0.0133,0.0,0.0133,False,cve_pairs
6753,19,CWE-476,0.0566,0.0133,0.1214,0.0133,0.0267,0.0133,True,cve_pairs
23899,19,CWE-476,0.0562,0.0267,0.1004,0.0267,0.0,0.0267,False,cve_pairs
16845,19,CWE-476,0.0561,0.0133,0.1202,0.0133,0.0133,0.0,False,cve_pairs
24683,19,CWE-476,0.0549,0.0133,0.1172,0.0133,0.0133,0.0,False,cve_pairs
727,19,CWE-476,0.0544,0.0133,0.1159,0.0133,0.0267,0.0133,True,cve_pairs
8850,19,CWE-476,0.054,0.0267,0.0951,0.0267,0.0267,0.0,True,cve_pairs
23879,19,CWE-476,0.0539,0.0133,0.1148,0.0133,0.0267,0.0133,True,cve_pairs
16628,19,CWE-476,0.0534,0.0133,0.1135,0.0133,0.0133,0.0267,False,cve_pairs
31861,19,CWE-476,0.0528,0.0267,0.092,0.0267,0.0533,0.0267,True,cve_pairs
20064,19,CWE-476,0.0528,0.0133,0.1119,0.0133,0.0133,0.0,False,cve_pairs
31828,19,CWE-476,0.0528,0.0133,0.1119,0.0133,0.0,0.0133,False,cve_pairs
17933,19,CWE-476,0.0524,0.0267,0.0909,0.0267,0.0267,0.0,True,cve_pairs
29026,19,CWE-476,0.052,0.04,0.07,0.04,0.08,0.0533,True,cve_pairs
10002,19,CWE-476,0.0518,0.0267,0.0895,0.0267,0.0,0.0267,False,cve_pairs
9465,19,CWE-476,0.0517,0.0133,0.1092,0.0133,0.0133,0.0,False,cve_pairs
18279,19,CWE-476,0.0517,0.0267,0.0892,0.0267,0.04,0.0133,True,cve_pairs
13786,19,CWE-476,0.0511,0.0267,0.0878,0.0267,0.0,0.0267,False,cve_pairs
31081,19,CWE-476,0.051,0.0267,0.0876,0.0267,0.0533,0.08,True,cve_pairs
5681,19,CWE-476,0.0507,0.0267,0.0868,0.0267,0.0533,0.0267,True,cve_pairs
27128,19,CWE-476,0.0505,0.0267,0.0864,0.0267,0.0533,0.0267,True,cve_pairs
10474,19,CWE-476,0.0503,0.0133,0.1057,0.0133,0.0133,0.0,False,cve_pairs
1954,19,CWE-476,0.0493,0.0267,0.0833,0.0267,0.04,0.0133,False,cve_pairs
2572,19,CWE-476,0.0491,0.0267,0.0829,0.0267,0.0,0.0267,False,cve_pairs
13289,19,CWE-476,0.0491,0.0133,0.1027,0.0133,0.0133,0.0133,False,cve_pairs
12906,19,CWE-476,0.049,0.0267,0.0825,0.0267,0.08,0.0667,False,cve_pairs
6580,19,CWE-476,0.0488,0.0133,0.1019,0.0133,0.0133,0.0,False,cve_pairs
14105,19,CWE-476,0.0487,0.0133,0.1019,0.0133,0.0,0.0133,False,cve_pairs
9890,19,CWE-476,0.0487,0.0267,0.0817,0.0267,0.0133,0.0267,False,cve_pairs
2164,19,CWE-476,0.0486,0.0133,0.1015,0.0133,0.0,0.0133,False,cve_pairs
16611,19,CWE-476,0.0482,0.0133,0.1005,0.0133,0.0,0.0133,False,cve_pairs
17021,19,CWE-476,0.0481,0.0267,0.0804,0.0267,0.04,0.0133,False,cve_pairs
13665,19,CWE-476,0.0477,0.0133,0.0993,0.0133,0.0133,0.0,False,cve_pairs
7005,19,CWE-476,0.0476,0.0267,0.0789,0.0267,0.0267,0.0,False,cve_pairs
16551,19,CWE-476,0.0475,0.0133,0.0988,0.0133,0.0,0.0133,False,cve_pairs
15311,19,CWE-476,0.0475,0.0267,0.0787,0.0267,0.04,0.0133,False,cve_pairs
15364,19,CWE-476,0.0471,0.0267,0.0778,0.0267,0.04,0.0267,False,cve_pairs
8179,19,CWE-476,0.0468,0.0267,0.077,0.0267,0.0,0.0267,False,cve_pairs
21163,19,CWE-476,0.0467,0.0133,0.0967,0.0133,0.0133,0.0,False,cve_pairs
14711,19,CWE-476,0.0466,0.0267,0.0766,0.0267,0.0,0.0267,False,cve_pairs
5079,19,CWE-476,0.0464,0.0267,0.0759,0.0267,0.0267,0.0,False,cve_pairs
1586,19,CWE-476,0.0462,0.0133,0.0956,0.0133,0.04,0.0533,False,cve_pairs
11960,19,CWE-476,0.0462,0.0267,0.0756,0.0267,0.0267,0.0,False,cve_pairs
28236,19,CWE-476,0.0462,0.0133,0.0955,0.0133,0.0,0.0133,False,cve_pairs
25500,19,CWE-476,0.046,0.0133,0.095,0.0133,0.0,0.0133,False,cve_pairs
13599,19,CWE-476,0.046,0.0133,0.095,0.0133,0.0,0.0133,False,cve_pairs
2384,19,CWE-476,0.0459,0.0133,0.0947,0.0133,0.0,0.0133,False,cve_pairs
17297,19,CWE-476,0.0458,0.0267,0.0746,0.0267,0.0267,0.0,False,cve_pairs
18452,19,CWE-476,0.0457,0.0133,0.0944,0.0133,0.0,0.0133,False,cve_pairs
1660,19,CWE-476,0.0456,0.0133,0.0939,0.0133,0.0267,0.04,False,cve_pairs
5130,19,CWE-476,0.0454,0.0133,0.0935,0.0133,0.0,0.0133,False,cve_pairs
10964,19,CWE-476,0.0452,0.0133,0.0929,0.0133,0.0,0.0133,False,cve_pairs
24888,19,CWE-476,0.0451,0.0267,0.0729,0.0267,0.0,0.0267,False,cve_pairs
18941,19,CWE-476,0.045,0.0133,0.0924,0.0133,0.0267,0.0133,False,cve_pairs
10777,19,CWE-476,0.0448,0.0133,0.0921,0.0133,0.0533,0.04,False,cve_pairs
661,19,CWE-476,0.0447,0.0133,0.0918,0.0133,0.0133,0.0,False,cve_pairs
13827,19,CWE-476,0.0447,0.08,0.0117,0.04,0.3067,0.28,False,cve_pairs
29950,19,CWE-476,0.0446,0.0133,0.0916,0.0133,0.0,0.0133,False,cve_pairs
10805,19,CWE-476,0.0444,0.0133,0.0911,0.0133,0.0,0.0133,False,cve_pairs
8409,19,CWE-476,0.0443,0.0133,0.0906,0.0133,0.0133,0.0,False,cve_pairs
10829,19,CWE-476,0.0442,0.0133,0.0906,0.0133,0.0,0.0133,False,cve_pairs
24210,19,CWE-476,0.0442,0.0133,0.0904,0.0133,0.0133,0.0,False,cve_pairs
21262,19,CWE-476,0.044,0.0267,0.0699,0.0267,0.0,0.0267,False,cve_pairs
14641,19,CWE-476,0.0439,0.0133,0.0898,0.0133,0.0133,0.0,False,cve_pairs
5342,19,CWE-476,0.0439,0.0267,0.0698,0.0267,0.0267,0.0,False,cve_pairs
3594,19,CWE-476,0.0439,0.0133,0.0897,0.0133,0.0133,0.0133,False,cve_pairs
20061,19,CWE-476,0.0438,0.0133,0.0894,0.0133,0.0,0.0133,False,cve_pairs
27470,19,CWE-476,0.0436,0.0133,0.089,0.0133,0.0133,0.0,False,cve_pairs
13367,19,CWE-476,0.0434,0.0267,0.0685,0.0267,0.0133,0.04,False,cve_pairs
32247,19,CWE-476,0.0431,0.0267,0.0678,0.0267,0.0133,0.04,False,cve_pairs
23145,19,CWE-476,0.0425,0.0267,0.0662,0.0267,0.0933,0.0667,False,cve_pairs
21097,19,CWE-476,0.0422,0.0267,0.0655,0.0267,0.0267,0.0,False,cve_pairs
24779,19,CWE-476,0.0418,0.0267,0.0644,0.0267,0.1333,0.1467,False,cve_pairs
17256,19,CWE-476,0.0417,0.0133,0.0841,0.0133,0.0133,0.0,False,cve_pairs
15438,19,CWE-476,0.0416,0.0133,0.0839,0.0133,0.0,0.0133,False,cve_pairs
27228,19,CWE-476,0.0416,0.0133,0.0839,0.0133,0.0133,0.0,False,cve_pairs
10830,19,CWE-476,0.0413,0.0133,0.0833,0.0133,0.0,0.0133,False,cve_pairs
29464,19,CWE-476,0.0413,0.0133,0.0832,0.0133,0.0,0.0133,False,cve_pairs
14821,19,CWE-476,0.0411,0.0133,0.0829,0.0133,0.0,0.0133,False,cve_pairs
24293,19,CWE-476,0.041,0.0133,0.0825,0.0133,0.0133,0.0267,False,cve_pairs
9924,19,CWE-476,0.0407,0.0267,0.0618,0.0267,0.0,0.0267,False,cve_pairs
32217,19,CWE-476,0.0404,0.0133,0.0811,0.0133,0.0,0.0133,False,cve_pairs
9590,19,CWE-476,0.0403,0.0133,0.0741,0.0267,0.0667,0.0533,False,cve_pairs
23253,19,CWE-476,0.0399,0.0133,0.0797,0.0133,0.0,0.0133,False,cve_pairs
30161,19,CWE-476,0.0399,0.0133,0.0796,0.0133,0.0133,0.0,False,cve_pairs
26068,19,CWE-476,0.0395,0.0133,0.0788,0.0133,0.0133,0.0,False,cve_pairs
30368,19,CWE-476,0.0395,0.0267,0.0587,0.0267,0.0,0.0267,False,cve_pairs
28442,19,CWE-476,0.0395,0.0133,0.0787,0.0133,0.0267,0.0133,False,cve_pairs
31227,19,CWE-476,0.0392,0.0133,0.078,0.0133,0.0267,0.0133,False,cve_pairs
16288,19,CWE-476,0.0388,0.0133,0.077,0.0133,0.0,0.0133,False,cve_pairs
16139,19,CWE-476,0.0387,0.0133,0.0769,0.0133,0.0133,0.0267,False,cve_pairs
18234,19,CWE-476,0.0386,0.0267,0.0564,0.0267,0.0267,0.0133,False,cve_pairs
24608,19,CWE-476,0.0384,0.0133,0.076,0.0133,0.0,0.0133,False,cve_pairs
539,19,CWE-476,0.0384,0.0133,0.0759,0.0133,0.0,0.0133,False,cve_pairs
2459,19,CWE-476,0.0383,0.0133,0.0758,0.0133,0.0,0.0133,False,cve_pairs
1845,19,CWE-476,0.0383,0.0133,0.0757,0.0133,0.0,0.0133,False,cve_pairs
29217,19,CWE-476,0.0382,0.0133,0.0754,0.0133,0.0,0.0133,False,cve_pairs
14011,19,CWE-476,0.0382,0.0133,0.0754,0.0133,0.0,0.0133,False,cve_pairs
30485,19,CWE-476,0.0381,0.0133,0.0752,0.0133,0.0133,0.0,False,cve_pairs
23157,19,CWE-476,0.038,0.0133,0.075,0.0133,0.0133,0.0,False,cve_pairs
3191,19,CWE-476,0.0379,0.0133,0.0749,0.0133,0.0,0.0133,False,cve_pairs
27445,19,CWE-476,0.0379,0.0133,0.0749,0.0133,0.0267,0.0133,False,cve_pairs
12518,19,CWE-476,0.0377,0.0133,0.0742,0.0133,0.0133,0.0,False,cve_pairs
3902,19,CWE-476,0.0375,0.0133,0.0737,0.0133,0.0,0.0133,False,cve_pairs
25954,19,CWE-476,0.0375,0.04,0.047,0.0133,0.1733,0.1733,False,cve_pairs
7890,19,CWE-476,0.0374,0.0133,0.0736,0.0133,0.0267,0.0133,False,cve_pairs
18781,19,CWE-476,0.0373,0.0133,0.0732,0.0133,0.0,0.0133,False,cve_pairs
27235,19,CWE-476,0.0371,0.0133,0.0727,0.0133,0.0133,0.0,False,cve_pairs
21355,19,CWE-476,0.0369,0.0133,0.0723,0.0133,0.0133,0.0,False,cve_pairs
4312,19,CWE-476,0.0366,0.0533,0.0248,0.0267,0.1867,0.2133,False,cve_pairs
13091,19,CWE-476,0.0364,0.0533,0.0176,0.04,0.28,0.2933,False,cve_pairs
8032,19,CWE-476,0.0361,0.0133,0.0704,0.0133,0.0267,0.0267,False,cve_pairs
8515,19,CWE-476,0.0359,0.0133,0.0697,0.0133,0.0133,0.0267,False,cve_pairs
10518,19,CWE-476,0.0357,0.0133,0.0694,0.0133,0.0133,0.0,False,cve_pairs
10598,19,CWE-476,0.0355,0.0133,0.0687,0.0133,0.0,0.0133,False,cve_pairs
23024,19,CWE-476,0.0355,0.0133,0.0686,0.0133,0.0267,0.04,False,cve_pairs
2610,19,CWE-476,0.0355,0.0133,0.0686,0.0133,0.0133,0.0,False,cve_pairs
1783,19,CWE-476,0.0354,0.0133,0.0685,0.0133,0.0,0.0133,False,cve_pairs
18535,19,CWE-476,0.0353,0.0133,0.0683,0.0133,0.0133,0.0,False,cve_pairs
31411,19,CWE-476,0.0353,0.0533,0.0283,0.0133,0.12,0.1333,False,cve_pairs
17368,19,CWE-476,0.0352,0.0133,0.068,0.0133,0.0133,0.0,False,cve_pairs
24340,19,CWE-476,0.035,0.0133,0.0676,0.0133,0.0133,0.0267,False,cve_pairs
10242,19,CWE-476,0.035,0.0133,0.0676,0.0133,0.0,0.0133,False,cve_pairs
31917,19,CWE-476,0.0349,0.0133,0.0673,0.0133,0.0133,0.0267,False,cve_pairs
15849,19,CWE-476,0.0349,0.0533,0.0205,0.0267,0.12,0.1467,False,cve_pairs
19483,19,CWE-476,0.0349,0.0267,0.0405,0.04,0.1467,0.1467,False,cve_pairs
2972,19,CWE-476,0.0348,0.0133,0.067,0.0133,0.0,0.0133,False,cve_pairs
22025,19,CWE-476,0.0346,0.0133,0.0666,0.0133,0.0133,0.0,False,cve_pairs
18314,19,CWE-476,0.0346,0.0133,0.0665,0.0133,0.0267,0.0133,False,cve_pairs
11159,19,CWE-476,0.0345,0.0133,0.0662,0.0133,0.0667,0.0533,False,cve_pairs
32643,19,CWE-476,0.0343,0.0133,0.0659,0.0133,0.0133,0.0267,False,cve_pairs
2189,19,CWE-476,0.0343,0.0133,0.0658,0.0133,0.0,0.0133,False,cve_pairs
10988,19,CWE-476,0.0343,0.0267,0.0457,0.0267,0.1333,0.1333,False,cve_pairs
22101,19,CWE-476,0.0342,0.0133,0.0654,0.0133,0.0133,0.0,False,cve_pairs
25465,19,CWE-476,0.034,0.0133,0.065,0.0133,0.0133,0.0,False,cve_pairs
31956,19,CWE-476,0.0339,0.0267,0.0446,0.0267,0.0667,0.0667,False,cve_pairs
19348,19,CWE-476,0.0338,0.0133,0.0645,0.0133,0.04,0.0533,False,cve_pairs
13433,19,CWE-476,0.0338,0.0133,0.0644,0.0133,0.0,0.0133,False,cve_pairs
12345,19,CWE-476,0.0338,0.0133,0.0644,0.0133,0.0133,0.0,False,cve_pairs
9672,19,CWE-476,0.0337,0.0133,0.0643,0.0133,0.04,0.0267,False,cve_pairs
28888,19,CWE-476,0.0334,0.0133,0.0634,0.0133,0.0133,0.0,False,cve_pairs
20675,19,CWE-476,0.0333,0.0133,0.0633,0.0133,0.0,0.0133,False,cve_pairs
9183,19,CWE-476,0.0332,0.0133,0.0629,0.0133,0.0133,0.0,False,cve_pairs
15514,19,CWE-476,0.0329,0.0133,0.0623,0.0133,0.0133,0.0,False,cve_pairs
12917,19,CWE-476,0.0328,0.0267,0.0419,0.0267,0.0133,0.0267,False,cve_pairs
3925,19,CWE-476,0.0327,0.0133,0.0551,0.0267,0.0133,0.0267,False,cve_pairs
16909,19,CWE-476,0.0326,0.0133,0.0615,0.0133,0.0133,0.0,False,cve_pairs
575,19,CWE-476,0.0324,0.0133,0.0611,0.0133,0.0133,0.0,False,cve_pairs
14909,23,CWE-120,0.6382,0.3429,1.1597,0.1857,0.6429,0.5998,True,cyber_dev
13276,23,CWE-120,0.615,0.3286,1.0732,0.2714,0.5,0.318,True,cyber_dev
17339,23,CWE-120,0.5914,0.5,0.8427,0.2714,0.5714,0.4883,True,cyber_dev
20296,23,CWE-120,0.5673,0.3,0.9968,0.2429,0.3571,0.1741,True,cyber_dev
26113,23,CWE-120,0.5542,0.1286,1.1926,0.1286,0.1429,0.0196,True,cyber_dev
7779,23,CWE-120,0.4259,0.1429,0.8505,0.1429,0.1429,0.0196,True,cyber_dev
14449,23,CWE-120,0.4256,0.2857,0.6639,0.2286,0.3571,0.2532,True,cyber_dev
27773,23,CWE-120,0.3888,0.3143,0.5863,0.1429,0.3571,0.2306,True,cyber_dev
25525,23,CWE-120,0.384,0.1429,0.7457,0.1429,0.1429,0.0151,True,cyber_dev
4492,23,CWE-120,0.3563,0.0714,0.7835,0.0714,0.0714,0.0,True,cyber_dev
25256,23,CWE-120,0.3475,0.2143,0.5616,0.1857,0.0714,0.2984,True,cyber_dev
10719,23,CWE-120,0.3458,0.0857,0.736,0.0857,0.0,0.0558,False,cyber_dev
5028,23,CWE-120,0.3434,0.3571,0.4084,0.1857,0.5714,0.4318,True,cyber_dev
7546,23,CWE-120,0.328,0.1429,0.6201,0.1143,0.0714,0.1537,True,cyber_dev
4837,23,CWE-120,0.3201,0.4714,0.2145,0.2286,1.0,0.9857,False,cyber_dev
7533,23,CWE-120,0.3059,0.2286,0.4433,0.1857,0.2857,0.3723,True,cyber_dev
2000,23,CWE-120,0.3039,0.1429,0.5527,0.1286,0.1429,0.0625,True,cyber_dev
12030,23,CWE-120,0.3002,0.1429,0.5361,0.1429,0.1429,0.0332,True,cyber_dev
13451,23,CWE-120,0.2978,0.1429,0.5303,0.1429,0.1429,0.0045,True,cyber_dev
13399,23,CWE-120,0.2957,0.2143,0.432,0.1857,0.2143,0.0867,True,cyber_dev
29484,23,CWE-120,0.2882,0.3857,0.2419,0.1857,0.5,0.3828,True,cyber_dev
22052,23,CWE-120,0.2869,0.2,0.4101,0.2143,0.2857,0.214,True,cyber_dev
30231,23,CWE-120,0.2863,0.1143,0.5444,0.1143,0.1429,0.1914,True,cyber_dev
10746,23,CWE-120,0.2788,0.1571,0.4614,0.1571,0.1429,0.2133,True,cyber_dev
4657,23,CWE-120,0.2692,0.1571,0.4374,0.1571,0.0,0.1183,False,cyber_dev
1082,23,CWE-120,0.2649,0.2429,0.3337,0.1714,0.2857,0.1537,True,cyber_dev
24712,23,CWE-120,0.2613,0.1714,0.4246,0.1143,0.0714,0.2095,True,cyber_dev
26426,23,CWE-120,0.2566,0.1143,0.47,0.1143,0.1429,0.1869,True,cyber_dev
32299,23,CWE-120,0.2526,0.0714,0.5243,0.0714,0.0714,0.0075,True,cyber_dev
25046,23,CWE-120,0.2467,0.0714,0.5096,0.0714,0.0714,0.0106,True,cyber_dev
3785,23,CWE-120,0.2426,0.1429,0.3922,0.1429,0.1429,0.0166,True,cyber_dev
31186,23,CWE-120,0.2417,0.1286,0.4115,0.1286,0.0,0.0882,False,cyber_dev
32202,23,CWE-120,0.2376,0.1429,0.3797,0.1429,0.1429,0.0038,True,cyber_dev
8400,23,CWE-120,0.2349,0.0714,0.4801,0.0714,0.0714,0.0023,True,cyber_dev
17522,23,CWE-120,0.2285,0.0714,0.464,0.0714,0.0714,0.0015,True,cyber_dev
17637,23,CWE-120,0.2268,0.0714,0.4598,0.0714,0.0714,0.0098,True,cyber_dev
24517,23,CWE-120,0.2258,0.0714,0.4573,0.0714,0.0714,0.003,True,cyber_dev
28822,23,CWE-120,0.224,0.0714,0.4528,0.0714,0.0714,0.0008,True,cyber_dev
8468,23,CWE-120,0.2212,0.1429,0.3388,0.1429,0.1429,0.0294,True,cyber_dev
8063,23,CWE-120,0.2203,0.0714,0.4437,0.0714,0.0714,0.0098,True,cyber_dev
22198,23,CWE-120,0.2197,0.1429,0.3565,0.1,0.1429,0.0595,True,cyber_dev
18979,23,CWE-120,0.2193,0.0714,0.441,0.0714,0.0714,0.0015,True,cyber_dev
30182,23,CWE-120,0.2173,0.1286,0.3433,0.1429,0.1429,0.0241,True,cyber_dev
6657,23,CWE-120,0.2171,0.1429,0.3285,0.1429,0.1429,0.0136,True,cyber_dev
19087,23,CWE-120,0.2167,0.1571,0.3489,0.0714,0.2857,0.3127,True,cyber_dev
20977,23,CWE-120,0.2161,0.1429,0.326,0.1429,0.1429,0.0234,True,cyber_dev
16109,23,CWE-120,0.213,0.1429,0.3253,0.1286,0.1429,0.0294,True,cyber_dev
10506,23,CWE-120,0.2088,0.2429,0.2006,0.1571,0.2857,0.2992,True,cyber_dev
9536,23,CWE-120,0.2057,0.1429,0.3001,0.1429,0.1429,0.052,True,cyber_dev
18076,23,CWE-120,0.2055,0.2571,0.1922,0.1286,0.4286,0.3225,True,cyber_dev
2761,23,CWE-120,0.2017,0.0714,0.3971,0.0714,0.0714,0.0075,True,cyber_dev
11168,23,CWE-120,0.2,0.1714,0.2857,0.0857,0.3571,0.2992,True,cyber_dev
28459,23,CWE-120,0.1992,0.1429,0.2908,0.1286,0.1429,0.0106,True,cyber_dev
19869,23,CWE-120,0.1986,0.1429,0.2821,0.1429,0.0714,0.1025,True,cyber_dev
18690,23,CWE-120,0.1969,0.0714,0.3852,0.0714,0.0714,0.0045,True,cyber_dev
13486,23,CWE-120,0.1961,0.1286,0.3047,0.1143,0.1429,0.0543,True,cyber_dev
23742,23,CWE-120,0.1951,0.0714,0.3806,0.0714,0.0714,0.0015,True,cyber_dev
23362,23,CWE-120,0.1946,0.1286,0.2864,0.1429,0.1429,0.0723,True,cyber_dev
7968,23,CWE-120,0.193,0.0714,0.3753,0.0714,0.0714,0.003,True,cyber_dev
31420,23,CWE-120,0.1901,0.0714,0.3681,0.0714,0.0714,0.0053,True,cyber_dev
2869,23,CWE-120,0.1901,0.0714,0.3681,0.0714,0.0714,0.0045,True,cyber_dev
1652,23,CWE-120,0.1878,0.2143,0.1908,0.1286,0.2857,0.3346,True,cyber_dev
17614,23,CWE-120,0.1872,0.1143,0.2965,0.1143,0.0,0.1025,False,cyber_dev
307,23,CWE-120,0.1801,0.1286,0.2645,0.1143,0.1429,0.0693,True,cyber_dev
31569,23,CWE-120,0.1798,0.0714,0.3424,0.0714,0.0714,0.0068,True,cyber_dev
2558,23,CWE-120,0.1797,0.1429,0.2421,0.1286,0.1429,0.0249,True,cyber_dev
12980,23,CWE-120,0.1779,0.0714,0.3377,0.0714,0.0714,0.003,True,cyber_dev
17464,23,CWE-120,0.1758,0.1143,0.268,0.1143,0.1429,0.2419,True,cyber_dev
6938,23,CWE-120,0.1752,0.0714,0.3309,0.0714,0.0714,0.0023,True,cyber_dev
23479,23,CWE-120,0.1734,0.1286,0.2406,0.1286,0.1429,0.0249,True,cyber_dev
4225,23,CWE-120,0.1721,0.1429,0.2303,0.1143,0.1429,0.0339,True,cyber_dev
24359,23,CWE-120,0.1679,0.0714,0.3126,0.0714,0.0714,0.0068,True,cyber_dev
27,23,CWE-120,0.1631,0.0714,0.3006,0.0714,0.0714,0.0203,True,cyber_dev
5324,23,CWE-120,0.1628,0.0714,0.3,0.0714,0.0714,0.0045,True,cyber_dev
9311,23,CWE-120,0.1619,0.1,0.2546,0.1,0.0,0.058,False,cyber_dev
20336,23,CWE-120,0.1618,0.0714,0.2973,0.0714,0.0714,0.0083,True,cyber_dev
24187,23,CWE-120,0.1612,0.0571,0.3174,0.0571,0.0,0.0271,False,cyber_dev
17368,23,CWE-120,0.1602,0.0714,0.2933,0.0714,0.0714,0.0,True,cyber_dev
4804,23,CWE-120,0.1596,0.0714,0.292,0.0714,0.0714,0.0015,True,cyber_dev
780,23,CWE-120,0.1592,0.0857,0.2693,0.0857,0.0,0.0799,False,cyber_dev
18885,23,CWE-120,0.159,0.0714,0.2904,0.0714,0.0714,0.0008,True,cyber_dev
28788,23,CWE-120,0.1586,0.0714,0.2893,0.0714,0.0714,0.0098,True,cyber_dev
24619,23,CWE-120,0.1586,0.0714,0.2893,0.0714,0.0714,0.0,True,cyber_dev
11770,23,CWE-120,0.1581,0.0714,0.2882,0.0714,0.0714,0.0264,True,cyber_dev
9232,23,CWE-120,0.1548,0.0714,0.2798,0.0714,0.0714,0.0249,True,cyber_dev
12228,23,CWE-120,0.1541,0.1143,0.221,0.1,0.0714,0.1206,True,cyber_dev
4093,23,CWE-120,0.1535,0.0714,0.2765,0.0714,0.0714,0.0053,True,cyber_dev
26322,23,CWE-120,0.1519,0.1286,0.1869,0.1286,0.1429,0.1266,True,cyber_dev
28917,23,CWE-120,0.1518,0.1143,0.2153,0.1,0.0714,0.0769,True,cyber_dev
24206,23,CWE-120,0.1515,0.0714,0.2715,0.0714,0.0714,0.0015,True,cyber_dev
13614,23,CWE-120,0.1508,0.0714,0.2698,0.0714,0.0714,0.0558,True,cyber_dev
21977,23,CWE-120,0.1495,0.0714,0.2665,0.0714,0.0714,0.0166,False,cyber_dev
13178,23,CWE-120,0.1495,0.0429,0.3094,0.0429,0.0,0.0241,False,cyber_dev
5581,23,CWE-120,0.1494,0.0714,0.2664,0.0714,0.0714,0.0038,False,cyber_dev
20866,23,CWE-120,0.1489,0.0714,0.2651,0.0714,0.0714,0.0294,False,cyber_dev
15116,23,CWE-120,0.1485,0.1,0.2212,0.1,0.1429,0.1801,False,cyber_dev
26493,23,CWE-120,0.1473,0.0714,0.2612,0.0714,0.0714,0.0166,False,cyber_dev
1298,23,CWE-120,0.1469,0.0714,0.26,0.0714,0.0714,0.0158,False,cyber_dev
9305,23,CWE-120,0.1465,0.0714,0.2592,0.0714,0.0714,0.003,False,cyber_dev
3034,23,CWE-120,0.1464,0.0714,0.2588,0.0714,0.0714,0.0015,False,cyber_dev
10557,23,CWE-120,0.1459,0.0714,0.2577,0.0714,0.0714,0.003,False,cyber_dev
18543,23,CWE-120,0.1444,0.0714,0.2539,0.0714,0.0714,0.0015,False,cyber_dev
1801,23,CWE-120,0.1435,0.0714,0.2517,0.0714,0.0714,0.0,False,cyber_dev
20862,23,CWE-120,0.1424,0.0714,0.249,0.0714,0.0714,0.006,False,cyber_dev
18882,23,CWE-120,0.1423,0.0714,0.2487,0.0714,0.0714,0.0256,False,cyber_dev
21175,23,CWE-120,0.1419,0.0714,0.2476,0.0714,0.0714,0.006,False,cyber_dev
3339,23,CWE-120,0.1407,0.0714,0.2446,0.0714,0.0714,0.0,False,cyber_dev
15336,23,CWE-120,0.1407,0.1,0.2017,0.1,0.1429,0.1854,False,cyber_dev
18116,23,CWE-120,0.1388,0.0714,0.2398,0.0714,0.0714,0.0038,False,cyber_dev
19787,23,CWE-120,0.1388,0.0714,0.2398,0.0714,0.0714,0.0053,False,cyber_dev
9257,23,CWE-120,0.1386,0.0714,0.2394,0.0714,0.0714,0.0038,False,cyber_dev
17159,23,CWE-120,0.1385,0.0714,0.239,0.0714,0.0714,0.0,False,cyber_dev
376,23,CWE-120,0.1383,0.0714,0.2386,0.0714,0.0714,0.0008,False,cyber_dev
25334,23,CWE-120,0.1379,0.0714,0.2377,0.0714,0.0714,0.0,False,cyber_dev
25814,23,CWE-120,0.1378,0.0714,0.2373,0.0714,0.0714,0.0234,False,cyber_dev
20682,23,CWE-120,0.1374,0.0714,0.2364,0.0714,0.0714,0.006,False,cyber_dev
9268,23,CWE-120,0.1367,0.0714,0.2347,0.0714,0.0714,0.0038,False,cyber_dev
20425,23,CWE-120,0.1361,0.0714,0.2331,0.0714,0.0714,0.0015,False,cyber_dev
8666,23,CWE-120,0.1355,0.0857,0.2102,0.0857,0.1429,0.1778,False,cyber_dev
26227,23,CWE-120,0.1355,0.0714,0.2317,0.0714,0.0714,0.0045,False,cyber_dev
16509,23,CWE-120,0.1355,0.0714,0.2316,0.0714,0.0714,0.0166,False,cyber_dev
9125,23,CWE-120,0.1348,0.0714,0.2298,0.0714,0.0714,0.0068,False,cyber_dev
9242,23,CWE-120,0.1333,0.0714,0.226,0.0714,0.0714,0.0008,False,cyber_dev
1511,23,CWE-120,0.1331,0.0714,0.2328,0.0571,0.0714,0.0166,False,cyber_dev
13921,23,CWE-120,0.1324,0.0429,0.2668,0.0429,0.0,0.0294,False,cyber_dev
28447,23,CWE-120,0.132,0.0714,0.2228,0.0714,0.0714,0.0264,False,cyber_dev
8851,23,CWE-120,0.1316,0.0714,0.2218,0.0714,0.0714,0.0,False,cyber_dev
19984,23,CWE-120,0.131,0.0714,0.2203,0.0714,0.0714,0.006,False,cyber_dev
21493,23,CWE-120,0.1304,0.0714,0.2189,0.0714,0.0714,0.0219,False,cyber_dev
26960,23,CWE-120,0.13,0.0714,0.218,0.0714,0.0714,0.0038,False,cyber_dev
17782,23,CWE-120,0.1289,0.0571,0.2436,0.0429,0.0714,0.0347,False,cyber_dev
29864,23,CWE-120,0.1287,0.0714,0.2146,0.0714,0.0714,0.0045,False,cyber_dev
18795,23,CWE-120,0.1281,0.0714,0.213,0.0714,0.0714,0.0,False,cyber_dev
14315,23,CWE-120,0.1278,0.0857,0.1908,0.0857,0.1429,0.1952,False,cyber_dev
31467,23,CWE-120,0.1271,0.0714,0.2105,0.0714,0.0714,0.0008,False,cyber_dev
16939,23,CWE-120,0.1267,0.0714,0.2096,0.0714,0.0714,0.0008,False,cyber_dev
13236,23,CWE-120,0.1266,0.0714,0.2094,0.0714,0.0714,0.0,False,cyber_dev
29978,23,CWE-120,0.1263,0.0714,0.2085,0.0714,0.0714,0.0098,False,cyber_dev
26125,23,CWE-120,0.126,0.0714,0.2078,0.0714,0.0714,0.0294,False,cyber_dev
15135,23,CWE-120,0.1257,0.0857,0.1858,0.0857,0.1429,0.1861,False,cyber_dev
3745,23,CWE-120,0.1254,0.0571,0.2278,0.0571,0.0,0.0678,False,cyber_dev
26726,23,CWE-120,0.1252,0.0571,0.2274,0.0571,0.0,0.0528,False,cyber_dev
19149,23,CWE-120,0.1244,0.0857,0.1825,0.0857,0.1429,0.1778,False,cyber_dev
24399,23,CWE-120,0.1241,0.0714,0.2031,0.0714,0.0,0.0279,False,cyber_dev
24469,23,CWE-120,0.1238,0.0714,0.2024,0.0714,0.0714,0.0,False,cyber_dev
29643,23,CWE-120,0.1238,0.0714,0.2024,0.0714,0.0714,0.0075,False,cyber_dev
15653,23,CWE-120,0.1233,0.0714,0.2012,0.0714,0.0714,0.0008,False,cyber_dev
9009,23,CWE-120,0.1233,0.0714,0.201,0.0714,0.0714,0.0015,False,cyber_dev
10588,23,CWE-120,0.1232,0.0714,0.2009,0.0714,0.0714,0.0015,False,cyber_dev
5606,23,CWE-120,0.1226,0.0857,0.1779,0.0857,0.1429,0.1824,False,cyber_dev
30026,23,CWE-120,0.1225,0.0714,0.199,0.0714,0.0714,0.0693,False,cyber_dev
8009,23,CWE-120,0.1217,0.0714,0.1972,0.0714,0.0714,0.0083,False,cyber_dev
22643,23,CWE-120,0.1215,0.0714,0.1966,0.0714,0.0714,0.0098,False,cyber_dev
27350,23,CWE-120,0.1215,0.0714,0.1965,0.0714,0.0714,0.0113,False,cyber_dev
18601,23,CWE-120,0.1196,0.0714,0.1919,0.0714,0.0,0.043,False,cyber_dev
30753,23,CWE-120,0.1196,0.0714,0.1989,0.0571,0.0714,0.0181,False,cyber_dev
22507,23,CWE-120,0.1194,0.0571,0.2127,0.0571,0.0,0.0377,False,cyber_dev
18075,23,CWE-120,0.119,0.0714,0.1905,0.0714,0.0714,0.0015,False,cyber_dev
11192,23,CWE-120,0.1186,0.0714,0.1895,0.0714,0.0714,0.0241,False,cyber_dev
7394,23,CWE-120,0.1186,0.0714,0.1895,0.0714,0.0714,0.0023,False,cyber_dev
9664,23,CWE-120,0.1185,0.0714,0.1892,0.0714,0.0714,0.0008,False,cyber_dev
24131,23,CWE-120,0.1184,0.0714,0.1889,0.0714,0.0714,0.0015,False,cyber_dev
19291,23,CWE-120,0.1183,0.1286,0.1314,0.0714,0.1429,0.0821,False,cyber_dev
2322,23,CWE-120,0.1179,0.0714,0.1876,0.0714,0.0714,0.0015,False,cyber_dev
19014,23,CWE-120,0.1178,0.0714,0.1874,0.0714,0.0714,0.0414,False,cyber_dev
5817,23,CWE-120,0.1168,0.0714,0.1848,0.0714,0.0714,0.0023,False,cyber_dev
15898,23,CWE-120,0.1162,0.0714,0.1833,0.0714,0.0714,0.0068,False,cyber_dev
28220,23,CWE-120,0.1161,0.0429,0.226,0.0429,0.0,0.0219,False,cyber_dev
30759,23,CWE-120,0.1161,0.0714,0.183,0.0714,0.0714,0.0008,False,cyber_dev
15338,23,CWE-120,0.1158,0.0857,0.161,0.0857,0.1429,0.1771,False,cyber_dev
6401,23,CWE-120,0.1157,0.0714,0.1822,0.0714,0.0714,0.0038,False,cyber_dev
28574,23,CWE-120,0.1157,0.0714,0.1821,0.0714,0.0714,0.0106,False,cyber_dev
3342,23,CWE-120,0.1154,0.0714,0.1814,0.0714,0.0714,0.0143,False,cyber_dev
23126,23,CWE-120,0.1152,0.0714,0.1808,0.0714,0.0714,0.0143,False,cyber_dev
11570,23,CWE-120,0.115,0.0714,0.1804,0.0714,0.0,0.0588,False,cyber_dev
31338,23,CWE-120,0.1149,0.0714,0.1801,0.0714,0.0714,0.0008,False,cyber_dev
15037,23,CWE-120,0.1148,0.0714,0.1798,0.0714,0.0714,0.0264,False,cyber_dev
19272,23,CWE-120,0.1146,0.0714,0.1794,0.0714,0.0714,0.0023,False,cyber_dev
24652,23,CWE-120,0.1144,0.0714,0.1789,0.0714,0.0714,0.0023,False,cyber_dev
12761,23,CWE-120,0.1144,0.0714,0.1789,0.0714,0.0714,0.0023,False,cyber_dev
4894,23,CWE-120,0.1143,0.0714,0.1787,0.0714,0.0714,0.0,False,cyber_dev
21438,23,CWE-120,0.1138,0.0429,0.2202,0.0429,0.0,0.006,False,cyber_dev
15660,23,CWE-120,0.1137,0.0714,0.177,0.0714,0.0714,0.0136,False,cyber_dev
13783,23,CWE-120,0.1136,0.0714,0.1769,0.0714,0.0714,0.0113,False,cyber_dev
15554,23,CWE-120,0.1135,0.0714,0.1766,0.0714,0.0714,0.006,False,cyber_dev
18843,23,CWE-120,0.1132,0.0714,0.1759,0.0714,0.0714,0.0407,False,cyber_dev
18813,23,CWE-120,0.113,0.0714,0.1753,0.0714,0.0714,0.0008,False,cyber_dev
26234,23,CWE-120,0.1125,0.0714,0.1742,0.0714,0.0714,0.0015,False,cyber_dev
6548,23,CWE-120,0.1124,0.1571,0.0809,0.0857,0.1429,0.1424,False,cyber_dev
4055,23,CWE-120,0.1122,0.1143,0.1305,0.0714,0.1429,0.0452,False,cyber_dev
13183,23,CWE-120,0.1121,0.0714,0.1731,0.0714,0.0714,0.0,False,cyber_dev
27783,23,CWE-120,0.1115,0.0714,0.1717,0.0714,0.0714,0.0121,False,cyber_dev
18468,23,CWE-120,0.1112,0.0714,0.1709,0.0714,0.0714,0.0,False,cyber_dev
19694,23,CWE-120,0.1112,0.0714,0.1709,0.0714,0.0714,0.0015,False,cyber_dev
10798,23,CWE-120,0.1111,0.0714,0.1706,0.0714,0.0714,0.0015,False,cyber_dev
26971,23,CWE-120,0.1106,0.0714,0.1694,0.0714,0.0714,0.0,False,cyber_dev
32286,23,CWE-120,0.1098,0.0714,0.1675,0.0714,0.0714,0.0015,False,cyber_dev
15475,23,CWE-120,0.1098,0.0714,0.1673,0.0714,0.0714,0.0045,False,cyber_dev
6915,23,CWE-120,0.1096,0.0714,0.1669,0.0714,0.0714,0.0158,False,cyber_dev
11340,23,CWE-120,0.1092,0.0714,0.1659,0.0714,0.0714,0.0008,False,cyber_dev
4837,23,CWE-327,0.7307,0.3143,1.4268,0.1714,1.0,0.9855,False,cyber_dev
29484,23,CWE-327,0.6235,0.3,1.1765,0.1643,0.5357,0.3808,True,cyber_dev
14449,23,CWE-327,0.5532,0.2786,0.9616,0.2857,0.4643,0.2498,True,cyber_dev
7546,23,CWE-327,0.4292,0.1786,0.823,0.1429,0.25,0.1508,True,cyber_dev
17339,23,CWE-327,0.4203,0.3786,0.5793,0.1857,0.6429,0.4859,True,cyber_dev
14909,23,CWE-327,0.3704,0.3214,0.5332,0.1429,0.6786,0.5986,True,cyber_dev
19087,23,CWE-327,0.3688,0.2571,0.5864,0.1571,0.4643,0.3092,True,cyber_dev
17464,23,CWE-327,0.3583,0.1857,0.6209,0.1786,0.3571,0.2384,True,cyber_dev
838,23,CWE-327,0.3268,0.1,0.667,0.1,0.1071,0.0221,True,cyber_dev
24082,23,CWE-327,0.2823,0.1071,0.5487,0.1,0.1071,0.0175,True,cyber_dev
30231,23,CWE-327,0.2764,0.1,0.541,0.1,0.1429,0.1919,True,cyber_dev
10506,23,CWE-327,0.26,0.2571,0.2999,0.1857,0.4643,0.2955,True,cyber_dev
6201,23,CWE-327,0.2596,0.1071,0.4883,0.1071,0.1071,0.0206,True,cyber_dev
7533,23,CWE-327,0.2579,0.2143,0.352,0.1571,0.4643,0.3694,True,cyber_dev
22764,23,CWE-327,0.2556,0.1071,0.4889,0.0857,0.1071,0.0548,True,cyber_dev
25528,23,CWE-327,0.2539,0.1571,0.4063,0.1429,0.1786,0.0449,True,cyber_dev
25256,23,CWE-327,0.2201,0.1857,0.2896,0.15,0.3214,0.2955,True,cyber_dev
11570,23,CWE-327,0.2191,0.1429,0.337,0.1357,0.1786,0.0556,True,cyber_dev
12228,23,CWE-327,0.2125,0.1429,0.3348,0.1071,0.1786,0.1188,True,cyber_dev
5028,23,CWE-327,0.2011,0.2,0.2277,0.15,0.4643,0.4326,True,cyber_dev
26426,23,CWE-327,0.1991,0.0929,0.3584,0.0929,0.1429,0.1874,True,cyber_dev
10035,23,CWE-327,0.1974,0.1071,0.3363,0.1,0.1071,0.0053,True,cyber_dev
2524,23,CWE-327,0.1928,0.0357,0.4285,0.0357,0.0357,0.0008,True,cyber_dev
8486,23,CWE-327,0.1893,0.1071,0.3126,0.1071,0.1071,0.0114,True,cyber_dev
15124,23,CWE-327,0.1866,0.0714,0.3593,0.0714,0.0714,0.0091,True,cyber_dev
13486,23,CWE-327,0.1861,0.1286,0.2867,0.1,0.1429,0.0533,True,cyber_dev
24527,23,CWE-327,0.1758,0.0714,0.3323,0.0714,0.0714,0.0076,True,cyber_dev
8816,23,CWE-327,0.1754,0.0357,0.3849,0.0357,0.0357,0.0076,True,cyber_dev
24712,23,CWE-327,0.1727,0.1357,0.239,0.1143,0.2143,0.2079,True,cyber_dev
20296,23,CWE-327,0.1702,0.1643,0.2075,0.1071,0.1071,0.1775,True,cyber_dev
10746,23,CWE-327,0.1694,0.0929,0.2699,0.1214,0.1786,0.2133,True,cyber_dev
14315,23,CWE-327,0.168,0.1071,0.2594,0.1071,0.1429,0.1957,True,cyber_dev
27773,23,CWE-327,0.1678,0.15,0.2196,0.1,0.25,0.2315,True,cyber_dev
7986,23,CWE-327,0.1672,0.1571,0.2215,0.0786,0.1786,0.2369,True,cyber_dev
1082,23,CWE-327,0.1665,0.1357,0.2413,0.0786,0.1071,0.1561,True,cyber_dev
27350,23,CWE-327,0.1656,0.0714,0.3068,0.0714,0.0714,0.0107,True,cyber_dev
32547,23,CWE-327,0.1604,0.1071,0.2403,0.1071,0.1071,0.0114,True,cyber_dev
28175,23,CWE-327,0.1585,0.0357,0.3427,0.0357,0.0357,0.0,True,cyber_dev
25940,23,CWE-327,0.1563,0.1071,0.23,0.1071,0.1071,0.0107,True,cyber_dev
21596,23,CWE-327,0.155,0.0714,0.2804,0.0714,0.0714,0.0023,True,cyber_dev
23190,23,CWE-327,0.1538,0.0714,0.2774,0.0714,0.0714,0.0175,True,cyber_dev
5606,23,CWE-327,0.1525,0.1071,0.2205,0.1071,0.1429,0.1828,True,cyber_dev
2691,23,CWE-327,0.1499,0.1,0.2247,0.1,0.1071,0.0327,False,cyber_dev
10719,23,CWE-327,0.1497,0.0714,0.2779,0.05,0.0357,0.0556,False,cyber_dev
4657,23,CWE-327,0.1497,0.1071,0.2207,0.0929,0.1786,0.1158,False,cyber_dev
9817,23,CWE-327,0.1497,0.0357,0.3207,0.0357,0.0357,0.0023,False,cyber_dev
20322,23,CWE-327,0.1497,0.0857,0.2599,0.0571,0.0357,0.0716,False,cyber_dev
3784,23,CWE-327,0.1481,0.1071,0.2239,0.0786,0.1071,0.0434,False,cyber_dev
8666,23,CWE-327,0.1468,0.0929,0.2277,0.0929,0.1429,0.1782,False,cyber_dev
30089,23,CWE-327,0.1436,0.0286,0.3126,0.0357,0.0357,0.0084,False,cyber_dev
13614,23,CWE-327,0.1423,0.1214,0.1844,0.1,0.1429,0.0541,False,cyber_dev
22962,23,CWE-327,0.14,0.1071,0.2072,0.0714,0.1071,0.0411,False,cyber_dev
25006,23,CWE-327,0.1395,0.1214,0.1844,0.0857,0.1786,0.0853,False,cyber_dev
13723,23,CWE-327,0.1393,0.0643,0.2518,0.0643,0.0714,0.019,False,cyber_dev
15116,23,CWE-327,0.1383,0.0929,0.2065,0.0929,0.1429,0.1805,False,cyber_dev
21053,23,CWE-327,0.1371,0.0357,0.2891,0.0357,0.0357,0.0023,False,cyber_dev
15135,23,CWE-327,0.1362,0.0929,0.2013,0.0929,0.1429,0.1866,False,cyber_dev
15397,23,CWE-327,0.1361,0.1,0.2082,0.0643,0.1071,0.0754,False,cyber_dev
13276,23,CWE-327,0.1357,0.2071,0.0786,0.1071,0.3214,0.3199,False,cyber_dev
15398,23,CWE-327,0.1356,0.0571,0.2532,0.0571,0.0714,0.0221,False,cyber_dev
20395,23,CWE-327,0.1353,0.1071,0.1883,0.0857,0.1071,0.0396,False,cyber_dev
4950,23,CWE-327,0.135,0.1,0.2055,0.0643,0.1071,0.0701,False,cyber_dev
23951,23,CWE-327,0.135,0.0357,0.284,0.0357,0.0357,0.0,False,cyber_dev
32433,23,CWE-327,0.135,0.0714,0.2302,0.0714,0.0714,0.0023,False,cyber_dev
19149,23,CWE-327,0.1348,0.0929,0.1977,0.0929,0.1429,0.1782,False,cyber_dev
15336,23,CWE-327,0.1314,0.0929,0.1892,0.0929,0.1429,0.1858,False,cyber_dev
26626,23,CWE-327,0.1309,0.0714,0.22,0.0714,0.0714,0.0091,False,cyber_dev
16965,23,CWE-327,0.1295,0.0357,0.2703,0.0357,0.0357,0.0053,False,cyber_dev
1367,23,CWE-327,0.1293,0.0643,0.2268,0.0643,0.0714,0.0099,False,cyber_dev
12437,23,CWE-327,0.1276,0.0357,0.2654,0.0357,0.0357,0.0,False,cyber_dev
12339,23,CWE-327,0.127,0.0357,0.2639,0.0357,0.0357,0.0008,False,cyber_dev
4402,23,CWE-327,0.1261,0.0643,0.2189,0.0643,0.0714,0.0168,False,cyber_dev
13843,23,CWE-327,0.1256,0.0714,0.2139,0.0571,0.0714,0.0213,False,cyber_dev
15338,23,CWE-327,0.1255,0.0929,0.1744,0.0929,0.1429,0.1775,False,cyber_dev
17614,23,CWE-327,0.1254,0.15,0.1278,0.0714,0.1786,0.0998,False,cyber_dev
19493,23,CWE-327,0.1241,0.0357,0.2566,0.0357,0.0357,0.0008,False,cyber_dev
13628,23,CWE-327,0.1223,0.0929,0.1736,0.0786,0.1429,0.096,False,cyber_dev
17327,23,CWE-327,0.1214,0.05,0.2284,0.05,0.0,0.032,False,cyber_dev
28917,23,CWE-327,0.121,0.1286,0.131,0.0857,0.1429,0.0754,False,cyber_dev
26322,23,CWE-327,0.1202,0.1714,0.079,0.1,0.1786,0.1257,False,cyber_dev
29780,23,CWE-327,0.1198,0.05,0.2244,0.05,0.0,0.0297,False,cyber_dev
17059,23,CWE-327,0.1195,0.0357,0.2452,0.0357,0.0357,0.003,False,cyber_dev
30185,23,CWE-327,0.1195,0.0714,0.1915,0.0714,0.0714,0.0038,False,cyber_dev
1063,23,CWE-327,0.1193,0.0357,0.2448,0.0357,0.0357,0.0008,False,cyber_dev
27990,23,CWE-327,0.1193,0.0714,0.1947,0.0643,0.0714,0.003,False,cyber_dev
7842,23,CWE-327,0.1176,0.0357,0.2404,0.0357,0.0357,0.0015,False,cyber_dev
17316,23,CWE-327,0.117,0.0357,0.239,0.0357,0.0357,0.0008,False,cyber_dev
28827,23,CWE-327,0.1169,0.0643,0.1958,0.0643,0.0714,0.0221,False,cyber_dev
23707,23,CWE-327,0.1138,0.0571,0.1952,0.0643,0.0714,0.0244,False,cyber_dev
3196,23,CWE-327,0.1132,0.0643,0.1866,0.0643,0.1786,0.1866,False,cyber_dev
18076,23,CWE-327,0.1131,0.1571,0.0935,0.0643,0.3214,0.3237,False,cyber_dev
31194,23,CWE-327,0.1122,0.0643,0.1842,0.0643,0.0357,0.0487,False,cyber_dev
27356,23,CWE-327,0.1117,0.0714,0.1758,0.0643,0.0714,0.0236,False,cyber_dev
24921,23,CWE-327,0.1107,0.0714,0.1767,0.0571,0.0714,0.0206,False,cyber_dev
30064,23,CWE-327,0.1092,0.0714,0.1695,0.0643,0.0714,0.0175,False,cyber_dev
29147,23,CWE-327,0.1091,0.0357,0.2191,0.0357,0.0357,0.0122,False,cyber_dev
1652,23,CWE-327,0.1079,0.1714,0.0591,0.0786,0.3214,0.3343,False,cyber_dev
6319,23,CWE-327,0.1079,0.0357,0.2161,0.0357,0.0357,0.0053,False,cyber_dev
18454,23,CWE-327,0.1061,0.0786,0.1582,0.0571,0.0357,0.0647,False,cyber_dev
23579,23,CWE-327,0.106,0.0714,0.1615,0.0643,0.0714,0.0282,False,cyber_dev
3745,23,CWE-327,0.1052,0.0643,0.1702,0.0571,0.0714,0.067,False,cyber_dev
20056,23,CWE-327,0.1048,0.0357,0.2085,0.0357,0.0357,0.0015,False,cyber_dev
7124,23,CWE-327,0.1041,0.0357,0.2101,0.0286,0.0357,0.0107,False,cyber_dev
12977,23,CWE-327,0.1035,0.0714,0.1552,0.0643,0.0714,0.0069,False,cyber_dev
13949,23,CWE-327,0.1034,0.0357,0.205,0.0357,0.0357,0.0084,False,cyber_dev
11168,23,CWE-327,0.1027,0.1,0.1245,0.0643,0.2143,0.3016,False,cyber_dev
349,23,CWE-327,0.1015,0.0714,0.1501,0.0643,0.0714,0.0152,False,cyber_dev
11376,23,CWE-327,0.1,0.0357,0.1999,0.0286,0.0357,0.0137,False,cyber_dev
12241,23,CWE-327,0.0997,0.0357,0.1992,0.0286,0.0357,0.0114,False,cyber_dev
30720,23,CWE-327,0.0989,0.0357,0.1937,0.0357,0.0357,0.0061,False,cyber_dev
9222,23,CWE-327,0.0983,0.0929,0.1315,0.0429,0.1071,0.0777,False,cyber_dev
780,23,CWE-327,0.0981,0.0786,0.1309,0.0714,0.0714,0.0792,False,cyber_dev
6067,23,CWE-327,0.0974,0.0714,0.14,0.0643,0.0714,0.0076,False,cyber_dev
4055,23,CWE-327,0.0954,0.0786,0.1384,0.0429,0.1071,0.0449,False,cyber_dev
2472,23,CWE-327,0.0952,0.0714,0.1379,0.0571,0.0714,0.0091,False,cyber_dev
25458,23,CWE-327,0.0949,0.0571,0.1516,0.0571,0.0,0.0442,False,cyber_dev
26493,23,CWE-327,0.0943,0.0429,0.1716,0.0429,0.0,0.0175,False,cyber_dev
23438,23,CWE-327,0.0929,0.0357,0.1787,0.0357,0.0357,0.0023,False,cyber_dev
17797,23,CWE-327,0.0926,0.0357,0.1779,0.0357,0.0357,0.0145,False,cyber_dev
11980,23,CWE-327,0.0924,0.0357,0.1774,0.0357,0.0357,0.0038,False,cyber_dev
18110,23,CWE-327,0.0918,0.0357,0.1758,0.0357,0.0357,0.0008,False,cyber_dev
8120,23,CWE-327,0.0911,0.0357,0.1742,0.0357,0.0357,0.0038,False,cyber_dev
29650,23,CWE-327,0.0907,0.0357,0.1731,0.0357,0.0357,0.0122,False,cyber_dev
1450,23,CWE-327,0.09,0.05,0.1392,0.0714,0.0357,0.0746,False,cyber_dev
8163,23,CWE-327,0.0899,0.0357,0.1712,0.0357,0.0357,0.0038,False,cyber_dev
307,23,CWE-327,0.0898,0.0786,0.1174,0.0571,0.1071,0.0693,False,cyber_dev
22052,23,CWE-327,0.0897,0.1143,0.0744,0.0714,0.1786,0.2155,False,cyber_dev
27813,23,CWE-327,0.0896,0.0714,0.1239,0.0571,0.0714,0.0625,False,cyber_dev
30026,23,CWE-327,0.0884,0.05,0.146,0.05,0.0357,0.0701,False,cyber_dev
19869,23,CWE-327,0.088,0.1143,0.0736,0.0643,0.1786,0.1005,False,cyber_dev
3174,23,CWE-327,0.0867,0.0357,0.1633,0.0357,0.0357,0.0,False,cyber_dev
31172,23,CWE-327,0.0862,0.0357,0.1619,0.0357,0.0357,0.0008,False,cyber_dev
147,23,CWE-327,0.0861,0.0786,0.1046,0.0643,0.1429,0.2094,False,cyber_dev
17639,23,CWE-327,0.0856,0.1,0.0854,0.0571,0.1429,0.096,False,cyber_dev
1362,23,CWE-327,0.0855,0.0357,0.1601,0.0357,0.0357,0.0038,False,cyber_dev
16588,23,CWE-327,0.0852,0.0643,0.1309,0.0357,0.0714,0.0518,False,cyber_dev
13946,23,CWE-327,0.0848,0.0214,0.1798,0.0214,0.0,0.0114,False,cyber_dev
3785,23,CWE-327,0.0839,0.0429,0.1454,0.0429,0.0,0.0183,False,cyber_dev
2145,23,CWE-327,0.0838,0.0357,0.1559,0.0357,0.0357,0.0015,False,cyber_dev
29978,23,CWE-327,0.0837,0.0357,0.1558,0.0357,0.0357,0.0099,False,cyber_dev
24187,23,CWE-327,0.0834,0.0357,0.1548,0.0357,0.0,0.0274,False,cyber_dev
12515,23,CWE-327,0.0831,0.0357,0.1542,0.0357,0.0357,0.0015,False,cyber_dev
16546,23,CWE-327,0.0822,0.0357,0.1518,0.0357,0.0357,0.0053,False,cyber_dev
7925,23,CWE-327,0.0821,0.0357,0.1516,0.0357,0.0357,0.003,False,cyber_dev
26339,23,CWE-327,0.0818,0.0357,0.1508,0.0357,0.0357,0.0008,False,cyber_dev
15037,23,CWE-327,0.0814,0.0357,0.15,0.0357,0.0,0.0274,False,cyber_dev
29827,23,CWE-327,0.0814,0.0357,0.1498,0.0357,0.0357,0.0069,False,cyber_dev
26264,23,CWE-327,0.0812,0.0357,0.1494,0.0357,0.0357,0.0,False,cyber_dev
13600,23,CWE-327,0.0808,0.0357,0.1486,0.0357,0.0357,0.0015,False,cyber_dev
10871,23,CWE-327,0.0808,0.0357,0.1484,0.0357,0.0357,0.0053,False,cyber_dev
42,23,CWE-327,0.0808,0.0357,0.1484,0.0357,0.0357,0.0015,False,cyber_dev
28316,23,CWE-327,0.0805,0.0214,0.1691,0.0214,0.0,0.0137,False,cyber_dev
17671,23,CWE-327,0.0804,0.0429,0.1368,0.0429,0.0,0.0449,False,cyber_dev
30652,23,CWE-327,0.0803,0.0357,0.1473,0.0357,0.0357,0.0076,False,cyber_dev
4988,23,CWE-327,0.0803,0.0357,0.1472,0.0357,0.0357,0.0061,False,cyber_dev
2784,23,CWE-327,0.0802,0.0357,0.1469,0.0357,0.0357,0.0099,False,cyber_dev
13178,23,CWE-327,0.0793,0.0357,0.1482,0.0286,0.0357,0.0236,False,cyber_dev
25781,23,CWE-327,0.0788,0.0429,0.1327,0.0429,0.0357,0.0267,False,cyber_dev
21044,23,CWE-327,0.0782,0.0714,0.0956,0.0571,0.0714,0.0038,False,cyber_dev
30357,23,CWE-327,0.078,0.0857,0.0807,0.0571,0.1071,0.0411,False,cyber_dev
18661,23,CWE-327,0.0777,0.05,0.1228,0.0429,0.0357,0.032,False,cyber_dev
19889,23,CWE-327,0.0775,0.0357,0.1401,0.0357,0.0357,0.0038,False,cyber_dev
20855,23,CWE-327,0.0775,0.0643,0.1008,0.0571,0.0714,0.0228,False,cyber_dev
16414,23,CWE-327,0.0774,0.05,0.1185,0.05,0.0,0.0305,False,cyber_dev
20336,23,CWE-327,0.0772,0.0286,0.1501,0.0286,0.0,0.0091,False,cyber_dev
11192,23,CWE-327,0.0767,0.0357,0.1382,0.0357,0.0357,0.0244,False,cyber_dev
25563,23,CWE-327,0.0766,0.0357,0.1379,0.0357,0.0357,0.0,False,cyber_dev
18776,23,CWE-327,0.0761,0.0357,0.1367,0.0357,0.0357,0.0008,False,cyber_dev
19603,23,CWE-327,0.0758,0.0357,0.136,0.0357,0.0357,0.0008,False,cyber_dev
23362,23,CWE-327,0.0757,0.0786,0.0785,0.0643,0.1071,0.0724,False,cyber_dev
8038,23,CWE-327,0.0753,0.0357,0.1346,0.0357,0.0357,0.0015,False,cyber_dev
11766,23,CWE-327,0.0746,0.0429,0.1221,0.0429,0.0,0.0221,False,cyber_dev
32583,23,CWE-327,0.0743,0.0357,0.1322,0.0357,0.0357,0.0015,False,cyber_dev
15915,23,CWE-327,0.0742,0.0357,0.1319,0.0357,0.0357,0.0023,False,cyber_dev
14532,23,CWE-327,0.074,0.0357,0.1314,0.0357,0.0357,0.0061,False,cyber_dev
304,23,CWE-327,0.0738,0.0357,0.1309,0.0357,0.0357,0.0,False,cyber_dev
28990,23,CWE-327,0.0737,0.0357,0.1306,0.0357,0.0357,0.0046,False,cyber_dev
15793,23,CWE-327,0.0733,0.0357,0.1297,0.0357,0.0357,0.0,False,cyber_dev
4225,23,CWE-327,0.0731,0.0714,0.0828,0.0571,0.0714,0.0343,False,cyber_dev
19475,23,CWE-327,0.0729,0.0357,0.1287,0.0357,0.0357,0.0099,False,cyber_dev
14639,23,CWE-327,0.0728,0.0357,0.1285,0.0357,0.0357,0.0198,False,cyber_dev
8503,23,CWE-327,0.0727,0.0286,0.1353,0.0357,0.0357,0.003,False,cyber_dev
12030,23,CWE-327,0.0726,0.0357,0.1279,0.0357,0.0,0.035,False,cyber_dev
16236,23,CWE-327,0.0724,0.0357,0.1275,0.0357,0.0357,0.0122,False,cyber_dev
25119,23,CWE-327,0.0719,0.0357,0.1261,0.0357,0.0357,0.0069,False,cyber_dev
21733,23,CWE-327,0.0716,0.0357,0.1255,0.0357,0.0357,0.0,False,cyber_dev
19643,23,CWE-327,0.0712,0.0357,0.1245,0.0357,0.0357,0.0015,False,cyber_dev
12657,23,CWE-327,0.071,0.0357,0.124,0.0357,0.0,0.0434,False,cyber_dev
5827,23,CWE-327,0.0709,0.0357,0.1237,0.0357,0.0357,0.0008,False,cyber_dev
18758,23,CWE-327,0.0707,0.0357,0.1232,0.0357,0.0357,0.0038,False,cyber_dev
28582,23,CWE-327,0.0705,0.0357,0.1227,0.0357,0.0357,0.0015,False,cyber_dev
1110,23,CWE-327,0.0703,0.0357,0.1221,0.0357,0.0357,0.003,False,cyber_dev
1298,23,CWE-327,0.0702,0.0357,0.1219,0.0357,0.0,0.0168,False,cyber_dev
4419,23,CWE-327,0.0701,0.0357,0.1217,0.0357,0.0357,0.0015,False,cyber_dev
16014,23,CWE-327,0.0696,0.0357,0.1204,0.0357,0.0357,0.0008,False,cyber_dev
27183,23,CWE-327,0.0694,0.0357,0.1199,0.0357,0.0357,0.0008,False,cyber_dev
2000,23,CWE-327,0.0694,0.0714,0.0841,0.0357,0.0714,0.0632,False,cyber_dev
25380,23,CWE-327,0.0692,0.0357,0.1193,0.0357,0.0357,0.0,False,cyber_dev
22730,23,CWE-327,0.0691,0.0786,0.0657,0.0571,0.1071,0.0586,False,cyber_dev
29471,23,CWE-327,0.0691,0.0929,0.0585,0.0429,0.1071,0.1363,False,cyber_dev
1652,23,CWE-89,0.7777,0.5429,1.2299,0.3429,0.5714,0.3328,True,cyber_dev
17339,23,CWE-89,0.728,0.5714,1.0629,0.3714,0.7143,0.488,True,cyber_dev
4657,23,CWE-89,0.7236,0.4571,1.1232,0.4571,0.5714,0.1147,True,cyber_dev
10506,23,CWE-89,0.6659,0.4571,1.0219,0.3714,0.5714,0.2976,True,cyber_dev
11168,23,CWE-89,0.6445,0.5143,0.9113,0.3714,0.5714,0.2984,True,cyber_dev
32664,23,CWE-89,0.6142,0.2857,1.107,0.2857,0.2857,0.0007,True,cyber_dev
10719,23,CWE-89,0.542,0.2857,0.9694,0.2,0.2857,0.054,True,cyber_dev
22548,23,CWE-89,0.5306,0.1429,1.1121,0.1429,0.1429,0.0015,True,cyber_dev
30846,23,CWE-89,0.5301,0.1429,1.1109,0.1429,0.1429,0.003,True,cyber_dev
5028,23,CWE-89,0.5144,0.5714,0.6146,0.2,0.7143,0.4318,True,cyber_dev
7533,23,CWE-89,0.5026,0.4286,0.685,0.2857,0.1429,0.3726,True,cyber_dev
18076,23,CWE-89,0.5021,0.2,0.9409,0.2286,0.1429,0.3246,True,cyber_dev
31128,23,CWE-89,0.4941,0.1429,1.021,0.1429,0.1429,0.0,True,cyber_dev
18384,23,CWE-89,0.4828,0.1429,0.9928,0.1429,0.1429,0.0007,True,cyber_dev
1173,23,CWE-89,0.4799,0.2857,0.7711,0.2857,0.2857,0.0397,True,cyber_dev
31296,23,CWE-89,0.4481,0.2857,0.7059,0.2571,0.2857,0.021,True,cyber_dev
25528,23,CWE-89,0.4474,0.1429,0.9043,0.1429,0.1429,0.0472,True,cyber_dev
10746,23,CWE-89,0.4314,0.2286,0.7357,0.2286,0.0,0.2136,False,cyber_dev
30810,23,CWE-89,0.4292,0.1429,0.8588,0.1429,0.1429,0.0022,True,cyber_dev
22630,23,CWE-89,0.4238,0.1429,0.8453,0.1429,0.1429,0.0045,True,cyber_dev
29650,23,CWE-89,0.4225,0.1429,0.842,0.1429,0.1429,0.012,True,cyber_dev
29484,23,CWE-89,0.4212,0.2857,0.6672,0.2,0.4286,0.3838,True,cyber_dev
16509,23,CWE-89,0.4073,0.1429,0.804,0.1429,0.1429,0.0165,True,cyber_dev
17327,23,CWE-89,0.4015,0.1429,0.7894,0.1429,0.1429,0.0307,True,cyber_dev
18215,23,CWE-89,0.4001,0.1429,0.7859,0.1429,0.1429,0.0015,True,cyber_dev
13836,23,CWE-89,0.3923,0.1429,0.7665,0.1429,0.1429,0.0022,True,cyber_dev
26113,23,CWE-89,0.3867,0.1429,0.7526,0.1429,0.1429,0.0202,True,cyber_dev
22617,23,CWE-89,0.3798,0.1429,0.7352,0.1429,0.1429,0.015,True,cyber_dev
30652,23,CWE-89,0.3795,0.1429,0.7345,0.1429,0.1429,0.0075,True,cyber_dev
17639,23,CWE-89,0.3719,0.2571,0.5727,0.2,0.2857,0.096,True,cyber_dev
19475,23,CWE-89,0.3669,0.1429,0.703,0.1429,0.1429,0.0097,True,cyber_dev
2165,23,CWE-89,0.3665,0.1429,0.7021,0.1429,0.1429,0.0007,True,cyber_dev
14909,23,CWE-89,0.3611,0.5429,0.2886,0.1429,0.7143,0.5997,True,cyber_dev
12248,23,CWE-89,0.3454,0.1429,0.6491,0.1429,0.1429,0.0105,True,cyber_dev
29471,23,CWE-89,0.3375,0.2571,0.5009,0.1714,0.2857,0.1349,True,cyber_dev
22198,23,CWE-89,0.3365,0.1429,0.627,0.1429,0.1429,0.06,True,cyber_dev
18929,23,CWE-89,0.333,0.2286,0.5181,0.1714,0.2857,0.081,True,cyber_dev
4837,23,CWE-89,0.332,0.7143,0.03,0.1714,1.0,0.9858,False,cyber_dev
16699,23,CWE-89,0.3174,0.1429,0.5791,0.1429,0.1429,0.0007,True,cyber_dev
5612,23,CWE-89,0.3114,0.1429,0.5643,0.1429,0.1429,0.0037,True,cyber_dev
9311,23,CWE-89,0.3113,0.1429,0.5639,0.1429,0.1429,0.057,True,cyber_dev
30089,23,CWE-89,0.3098,0.0571,0.6889,0.0571,0.0,0.009,False,cyber_dev
20322,23,CWE-89,0.3086,0.2857,0.3858,0.2,0.2857,0.0697,True,cyber_dev
26322,23,CWE-89,0.3078,0.2571,0.3981,0.2286,0.2857,0.1259,True,cyber_dev
30760,23,CWE-89,0.3072,0.1429,0.5537,0.1429,0.1429,0.0195,True,cyber_dev
26426,23,CWE-89,0.3063,0.1429,0.5514,0.1429,0.0,0.1874,False,cyber_dev
17614,23,CWE-89,0.3043,0.1714,0.5037,0.1714,0.0,0.1019,False,cyber_dev
28788,23,CWE-89,0.2983,0.1429,0.5314,0.1429,0.1429,0.0097,True,cyber_dev
30761,23,CWE-89,0.2977,0.1429,0.5299,0.1429,0.1429,0.009,True,cyber_dev
30232,23,CWE-89,0.295,0.1429,0.5233,0.1429,0.1429,0.003,True,cyber_dev
20507,23,CWE-89,0.2945,0.1429,0.5219,0.1429,0.1429,0.0232,True,cyber_dev
9509,23,CWE-89,0.2921,0.1429,0.5159,0.1429,0.1429,0.0172,True,cyber_dev
8486,23,CWE-89,0.2915,0.1429,0.5144,0.1429,0.1429,0.0127,True,cyber_dev
23293,23,CWE-89,0.2876,0.1429,0.5048,0.1429,0.1429,0.0045,True,cyber_dev
14449,23,CWE-89,0.2872,0.2857,0.3324,0.2,0.2857,0.2541,True,cyber_dev
7546,23,CWE-89,0.287,0.2,0.4746,0.0857,0.1429,0.1529,True,cyber_dev
10554,23,CWE-89,0.285,0.1429,0.4981,0.1429,0.1429,0.0075,True,cyber_dev
24127,23,CWE-89,0.2849,0.1429,0.498,0.1429,0.1429,0.018,True,cyber_dev
5821,23,CWE-89,0.2846,0.1429,0.4973,0.1429,0.1429,0.0007,True,cyber_dev
28705,23,CWE-89,0.2812,0.1429,0.4887,0.1429,0.1429,0.0022,True,cyber_dev
17738,23,CWE-89,0.2798,0.1429,0.4853,0.1429,0.1429,0.0037,True,cyber_dev
24680,23,CWE-89,0.2771,0.1429,0.4785,0.1429,0.1429,0.0037,True,cyber_dev
15648,23,CWE-89,0.2715,0.1429,0.4644,0.1429,0.1429,0.006,True,cyber_dev
19889,23,CWE-89,0.2703,0.1429,0.4614,0.1429,0.1429,0.0037,True,cyber_dev
4916,23,CWE-89,0.2696,0.1429,0.4596,0.1429,0.1429,0.0105,True,cyber_dev
3482,23,CWE-89,0.2649,0.1429,0.448,0.1429,0.1429,0.0022,True,cyber_dev
12228,23,CWE-89,0.2628,0.1429,0.4428,0.1429,0.0,0.1207,False,cyber_dev
19202,23,CWE-89,0.2609,0.1429,0.438,0.1429,0.1429,0.003,True,cyber_dev
7405,23,CWE-89,0.2608,0.1429,0.4377,0.1429,0.1429,0.0202,True,cyber_dev
30231,23,CWE-89,0.2593,0.1429,0.4338,0.1429,0.1429,0.1912,True,cyber_dev
3196,23,CWE-89,0.2582,0.1429,0.4311,0.1429,0.0,0.1874,False,cyber_dev
27576,23,CWE-89,0.257,0.1429,0.4282,0.1429,0.1429,0.0142,True,cyber_dev
9677,23,CWE-89,0.2528,0.1429,0.4177,0.1429,0.1429,0.0,True,cyber_dev
16236,23,CWE-89,0.2515,0.1429,0.4146,0.1429,0.1429,0.012,True,cyber_dev
16242,23,CWE-89,0.251,0.1429,0.4133,0.1429,0.1429,0.006,True,cyber_dev
25118,23,CWE-89,0.248,0.1429,0.4056,0.1429,0.1429,0.0,True,cyber_dev
27118,23,CWE-89,0.2479,0.1429,0.4055,0.1429,0.1429,0.0045,True,cyber_dev
307,23,CWE-89,0.247,0.1143,0.4462,0.1143,0.0,0.0705,False,cyber_dev
3518,23,CWE-89,0.2465,0.1429,0.4021,0.1429,0.1429,0.0045,True,cyber_dev
15336,23,CWE-89,0.2455,0.1714,0.3567,0.1714,0.0,0.1859,False,cyber_dev
17464,23,CWE-89,0.2454,0.1714,0.3563,0.1714,0.0,0.2421,False,cyber_dev
22907,23,CWE-89,0.2428,0.1429,0.3926,0.1429,0.1429,0.0112,True,cyber_dev
16109,23,CWE-89,0.2427,0.1429,0.3924,0.1429,0.1429,0.03,True,cyber_dev
27668,23,CWE-89,0.2386,0.1429,0.3823,0.1429,0.1429,0.0075,True,cyber_dev
18939,23,CWE-89,0.2373,0.1429,0.3789,0.1429,0.1429,0.0045,True,cyber_dev
26726,23,CWE-89,0.2355,0.1429,0.3745,0.1429,0.1429,0.0517,True,cyber_dev
20131,23,CWE-89,0.2347,0.1714,0.3296,0.1714,0.2857,0.0697,True,cyber_dev
12015,23,CWE-89,0.2341,0.1143,0.4137,0.1143,0.1429,0.003,True,cyber_dev
8317,23,CWE-89,0.2337,0.1429,0.3701,0.1429,0.1429,0.0,True,cyber_dev
28500,23,CWE-89,0.2332,0.1429,0.3688,0.1429,0.1429,0.0247,True,cyber_dev
19291,23,CWE-89,0.2326,0.1429,0.3672,0.1429,0.1429,0.0825,True,cyber_dev
994,23,CWE-89,0.2321,0.1429,0.3659,0.1429,0.1429,0.0007,True,cyber_dev
26493,23,CWE-89,0.2315,0.1429,0.3644,0.1429,0.1429,0.0165,True,cyber_dev
17671,23,CWE-89,0.2293,0.1143,0.4019,0.1143,0.0,0.0442,False,cyber_dev
21414,23,CWE-89,0.2293,0.1429,0.3588,0.1429,0.1429,0.0,True,cyber_dev
13965,23,CWE-89,0.2291,0.1429,0.3585,0.1429,0.1429,0.012,True,cyber_dev
32715,23,CWE-89,0.2277,0.1429,0.3549,0.1429,0.1429,0.0052,True,cyber_dev
7986,23,CWE-89,0.2272,0.2286,0.2536,0.1714,0.2857,0.2354,True,cyber_dev
8063,23,CWE-89,0.227,0.1429,0.3674,0.1143,0.1429,0.0097,True,cyber_dev
28273,23,CWE-89,0.226,0.1429,0.3507,0.1429,0.1429,0.0232,True,cyber_dev
8666,23,CWE-89,0.2259,0.1429,0.3504,0.1429,0.0,0.1784,False,cyber_dev
13465,23,CWE-89,0.2235,0.1429,0.3588,0.1143,0.1429,0.0172,True,cyber_dev
13764,23,CWE-89,0.2234,0.1429,0.3442,0.1429,0.1429,0.0,True,cyber_dev
24305,23,CWE-89,0.2227,0.1429,0.3424,0.1429,0.1429,0.0075,True,cyber_dev
11770,23,CWE-89,0.2219,0.1143,0.3692,0.1429,0.1429,0.0262,True,cyber_dev
2763,23,CWE-89,0.2219,0.1429,0.3406,0.1429,0.1429,0.0015,True,cyber_dev
12389,23,CWE-89,0.2218,0.1429,0.3402,0.1429,0.1429,0.0007,True,cyber_dev
13628,23,CWE-89,0.2214,0.1429,0.3391,0.1429,0.0,0.0975,False,cyber_dev
27173,23,CWE-89,0.2172,0.1429,0.3288,0.1429,0.1429,0.0112,True,cyber_dev
21977,23,CWE-89,0.2172,0.1429,0.3287,0.1429,0.1429,0.0165,True,cyber_dev
32547,23,CWE-89,0.2167,0.1429,0.3275,0.1429,0.1429,0.0127,True,cyber_dev
10426,23,CWE-89,0.2163,0.1429,0.3265,0.1429,0.1429,0.0052,True,cyber_dev
501,23,CWE-89,0.2159,0.1429,0.3254,0.1429,0.1429,0.0097,True,cyber_dev
30545,23,CWE-89,0.2147,0.1429,0.3224,0.1429,0.1429,0.0022,True,cyber_dev
20855,23,CWE-89,0.2134,0.1429,0.3193,0.1429,0.1429,0.0232,True,cyber_dev
14315,23,CWE-89,0.2129,0.1429,0.318,0.1429,0.0,0.1957,False,cyber_dev
3856,23,CWE-89,0.2117,0.1429,0.3149,0.1429,0.1429,0.0,True,cyber_dev
5044,23,CWE-89,0.2115,0.1429,0.3145,0.1429,0.1429,0.0,True,cyber_dev
1360,23,CWE-89,0.2113,0.0857,0.3996,0.0857,0.0,0.033,False,cyber_dev
11570,23,CWE-89,0.2102,0.1429,0.3111,0.1429,0.0,0.0585,False,cyber_dev
15135,23,CWE-89,0.2096,0.1429,0.3096,0.1429,0.0,0.1867,False,cyber_dev
780,23,CWE-89,0.2094,0.1143,0.3521,0.1143,0.0,0.0795,False,cyber_dev
1450,23,CWE-89,0.2085,0.1429,0.307,0.1429,0.1429,0.0735,True,cyber_dev
18465,23,CWE-89,0.2085,0.1429,0.3069,0.1429,0.1429,0.0195,True,cyber_dev
24337,23,CWE-89,0.2081,0.1429,0.306,0.1429,0.1429,0.0045,True,cyber_dev
19149,23,CWE-89,0.2074,0.1429,0.3042,0.1429,0.0,0.1784,False,cyber_dev
376,23,CWE-89,0.2071,0.1429,0.3034,0.1429,0.1429,0.0007,True,cyber_dev
469,23,CWE-89,0.2068,0.1143,0.3455,0.1143,0.0,0.0802,False,cyber_dev
30357,23,CWE-89,0.2067,0.0286,0.4738,0.0286,0.0,0.0427,False,cyber_dev
5606,23,CWE-89,0.2043,0.1429,0.2964,0.1429,0.0,0.1829,False,cyber_dev
16957,23,CWE-89,0.2024,0.1429,0.2917,0.1429,0.1429,0.0045,True,cyber_dev
9815,23,CWE-89,0.2003,0.1429,0.2865,0.1429,0.1429,0.0082,True,cyber_dev
27919,23,CWE-89,0.1979,0.1429,0.2805,0.1429,0.1429,0.0,True,cyber_dev
14385,23,CWE-89,0.1967,0.1429,0.2775,0.1429,0.1429,0.0045,True,cyber_dev
23479,23,CWE-89,0.1967,0.1429,0.2774,0.1429,0.1429,0.0255,True,cyber_dev
19169,23,CWE-89,0.1953,0.1429,0.2883,0.1143,0.1429,0.0045,True,cyber_dev
10548,23,CWE-89,0.1932,0.1429,0.2687,0.1429,0.1429,0.003,True,cyber_dev
13276,23,CWE-89,0.1931,0.3429,0.0828,0.1143,0.2857,0.3201,True,cyber_dev
15338,23,CWE-89,0.193,0.1429,0.2683,0.1429,0.0,0.1777,False,cyber_dev
1082,23,CWE-89,0.1921,0.2571,0.1804,0.0857,0.2857,0.1544,True,cyber_dev
147,23,CWE-89,0.1812,0.2857,0.0958,0.1429,0.1429,0.2084,True,cyber_dev
26719,23,CWE-89,0.1807,0.1429,0.2375,0.1429,0.1429,0.0097,True,cyber_dev
3745,23,CWE-89,0.1801,0.1429,0.2503,0.1143,0.1429,0.0667,True,cyber_dev
23362,23,CWE-89,0.1726,0.1143,0.2601,0.1143,0.0,0.0735,False,cyber_dev
25458,23,CWE-89,0.1713,0.1429,0.2282,0.1143,0.1429,0.0427,True,cyber_dev
16588,23,CWE-89,0.1672,0.1429,0.2181,0.1143,0.1429,0.0517,True,cyber_dev
11192,23,CWE-89,0.1652,0.1429,0.2131,0.1143,0.1429,0.024,True,cyber_dev
29780,23,CWE-89,0.1648,0.0571,0.3264,0.0571,0.0,0.0292,False,cyber_dev
31186,23,CWE-89,0.161,0.1143,0.231,0.1143,0.0,0.0877,False,cyber_dev
22860,23,CWE-89,0.1606,0.1429,0.2014,0.1143,0.1429,0.012,True,cyber_dev
6915,23,CWE-89,0.1595,0.1429,0.1987,0.1143,0.1429,0.0157,True,cyber_dev
25006,23,CWE-89,0.1576,0.1429,0.1798,0.1429,0.1429,0.087,True,cyber_dev
16949,23,CWE-89,0.1573,0.0571,0.3075,0.0571,0.0,0.0105,False,cyber_dev
19869,23,CWE-89,0.157,0.1143,0.2211,0.1143,0.1429,0.1019,True,cyber_dev
22730,23,CWE-89,0.1559,0.0857,0.2611,0.0857,0.0,0.06,False,cyber_dev
27773,23,CWE-89,0.1526,0.1143,0.2102,0.1143,0.1429,0.2324,True,cyber_dev
30026,23,CWE-89,0.152,0.0857,0.2515,0.0857,0.0,0.0697,False,cyber_dev
24712,23,CWE-89,0.1515,0.2286,0.0787,0.1429,0.1429,0.2084,True,cyber_dev
20243,23,CWE-89,0.1512,0.0857,0.2495,0.0857,0.0,0.0232,False,cyber_dev
28220,23,CWE-89,0.1507,0.1429,0.1767,0.1143,0.1429,0.021,True,cyber_dev
11483,23,CWE-89,0.1507,0.0571,0.291,0.0571,0.0,0.0195,False,cyber_dev
13791,23,CWE-89,0.1494,0.1429,0.1736,0.1143,0.1429,0.0375,False,cyber_dev
23707,23,CWE-89,0.149,0.1429,0.1725,0.1143,0.1429,0.0247,False,cyber_dev
6969,23,CWE-89,0.1469,0.0571,0.2815,0.0571,0.0,0.0067,False,cyber_dev
4950,23,CWE-89,0.1466,0.0571,0.2808,0.0571,0.0,0.0712,False,cyber_dev
3784,23,CWE-89,0.1452,0.1143,0.1916,0.1143,0.1429,0.0442,False,cyber_dev
10196,23,CWE-89,0.1431,0.1429,0.1578,0.1143,0.1429,0.0217,False,cyber_dev
19087,23,CWE-89,0.1429,0.2286,0.0716,0.1143,0.2857,0.3126,False,cyber_dev
22052,23,CWE-89,0.1403,0.1714,0.1364,0.0857,0.1429,0.2151,False,cyber_dev
24399,23,CWE-89,0.1399,0.1143,0.1784,0.1143,0.1429,0.027,False,cyber_dev
684,23,CWE-89,0.1375,0.1429,0.1437,0.1143,0.1429,0.015,False,cyber_dev
12030,23,CWE-89,0.1369,0.0857,0.2136,0.0857,0.0,0.0345,False,cyber_dev
30753,23,CWE-89,0.1358,0.0571,0.2539,0.0571,0.0,0.0187,False,cyber_dev
13399,23,CWE-89,0.1345,0.0857,0.2076,0.0857,0.0,0.0885,False,cyber_dev
18087,23,CWE-89,0.1334,0.0857,0.2049,0.0857,0.0,0.0187,False,cyber_dev
27023,23,CWE-89,0.1314,0.0857,0.2,0.0857,0.0,0.039,False,cyber_dev
20866,23,CWE-89,0.1313,0.0857,0.1997,0.0857,0.0,0.03,False,cyber_dev
10311,23,CWE-89,0.1312,0.0571,0.2422,0.0571,0.0,0.0165,False,cyber_dev
15397,23,CWE-89,0.1266,0.1429,0.1164,0.1143,0.1429,0.0757,False,cyber_dev
17485,23,CWE-89,0.1263,0.0857,0.1873,0.0857,0.0,0.006,False,cyber_dev
13849,23,CWE-89,0.1247,0.0571,0.226,0.0571,0.0,0.0255,False,cyber_dev
4132,23,CWE-89,0.1229,0.0571,0.2215,0.0571,0.0,0.0045,False,cyber_dev
349,23,CWE-89,0.1219,0.1429,0.119,0.0857,0.1429,0.0157,False,cyber_dev
1483,23,CWE-89,0.1216,0.0571,0.2182,0.0571,0.0,0.024,False,cyber_dev
13783,23,CWE-89,0.1214,0.0571,0.2179,0.0571,0.0,0.012,False,cyber_dev
21957,23,CWE-89,0.1213,0.0286,0.2605,0.0286,0.0,0.003,False,cyber_dev
20296,23,CWE-89,0.1211,0.1429,0.1171,0.0857,0.1429,0.1762,False,cyber_dev
11011,23,CWE-89,0.1206,0.0286,0.2586,0.0286,0.0,0.0067,False,cyber_dev
9536,23,CWE-89,0.1203,0.0857,0.1721,0.0857,0.0,0.0532,False,cyber_dev
13462,23,CWE-89,0.1196,0.0571,0.2134,0.0571,0.0,0.0217,False,cyber_dev
32230,23,CWE-89,0.1182,0.0286,0.2526,0.0286,0.0,0.0007,False,cyber_dev
31031,23,CWE-89,0.118,0.0571,0.2094,0.0571,0.0,0.0097,False,cyber_dev
26179,23,CWE-89,0.1158,0.0571,0.2039,0.0571,0.0,0.006,False,cyber_dev
27659,23,CWE-89,0.1151,0.0286,0.245,0.0286,0.0,0.0007,False,cyber_dev
8814,23,CWE-89,0.1122,0.0571,0.1948,0.0571,0.0,0.0067,False,cyber_dev
3822,23,CWE-89,0.1117,0.0571,0.1935,0.0571,0.0,0.0135,False,cyber_dev
16660,23,CWE-89,0.1115,0.0571,0.1932,0.0571,0.0,0.0172,False,cyber_dev
6548,23,CWE-89,0.1111,0.1714,0.0634,0.0857,0.1429,0.1424,False,cyber_dev
31067,23,CWE-89,0.1108,0.0571,0.1912,0.0571,0.0,0.0052,False,cyber_dev
2119,23,CWE-89,0.1107,0.0286,0.2338,0.0286,0.0,0.0075,False,cyber_dev
14909,23,CWE-338,1.211,0.44,2.4676,0.24,0.4,0.601,True,cyber_dev
30357,23,CWE-338,1.0611,0.2,2.3527,0.2,0.2,0.0419,True,cyber_dev
4837,23,CWE-338,1.0101,0.64,1.7252,0.32,1.0,0.9858,False,cyber_dev
19087,23,CWE-338,0.995,0.48,1.7675,0.48,0.0,0.3136,False,cyber_dev
5028,23,CWE-338,0.8042,0.36,1.4506,0.4,0.2,0.4341,True,cyber_dev
147,23,CWE-338,0.7705,0.4,1.3262,0.4,0.0,0.2088,False,cyber_dev
1652,23,CWE-338,0.7067,0.36,1.2266,0.36,0.0,0.3353,False,cyber_dev
15671,23,CWE-338,0.6999,0.2,1.4496,0.2,0.2,0.0142,True,cyber_dev
25525,23,CWE-338,0.6883,0.2,1.4207,0.2,0.2,0.0157,True,cyber_dev
30231,23,CWE-338,0.6551,0.24,1.2778,0.24,0.4,0.1901,True,cyber_dev
7533,23,CWE-338,0.6529,0.36,1.0722,0.4,0.6,0.3705,True,cyber_dev
5606,23,CWE-338,0.6366,0.44,0.9315,0.44,0.6,0.1804,True,cyber_dev
19291,23,CWE-338,0.6211,0.4,0.9527,0.4,0.4,0.0816,True,cyber_dev
780,23,CWE-338,0.6128,0.4,0.932,0.4,0.4,0.0778,True,cyber_dev
24712,23,CWE-338,0.584,0.32,0.9801,0.32,0.0,0.2088,False,cyber_dev
25256,23,CWE-338,0.5692,0.28,1.0031,0.28,0.0,0.2972,False,cyber_dev
4950,23,CWE-338,0.5636,0.4,0.8691,0.28,0.4,0.0696,True,cyber_dev
18690,23,CWE-338,0.5514,0.2,1.0786,0.2,0.2,0.0045,True,cyber_dev
7779,23,CWE-338,0.5463,0.2,1.0658,0.2,0.2,0.0202,True,cyber_dev
20296,23,CWE-338,0.5286,0.4,0.7415,0.36,0.4,0.1751,True,cyber_dev
11168,23,CWE-338,0.5252,0.24,0.9529,0.24,0.0,0.3009,False,cyber_dev
15397,23,CWE-338,0.52,0.4,0.7401,0.32,0.4,0.0749,True,cyber_dev
26426,23,CWE-338,0.5146,0.24,0.9264,0.24,0.4,0.1856,True,cyber_dev
9222,23,CWE-338,0.5013,0.2,0.9532,0.2,0.2,0.0778,True,cyber_dev
18076,23,CWE-338,0.5003,0.28,0.8307,0.28,0.2,0.3241,True,cyber_dev
10506,23,CWE-338,0.4791,0.32,0.7576,0.24,0.4,0.2987,True,cyber_dev
25814,23,CWE-338,0.4732,0.2,0.883,0.2,0.2,0.0232,True,cyber_dev
17339,23,CWE-338,0.4686,0.52,0.5314,0.24,0.6,0.4888,True,cyber_dev
469,23,CWE-338,0.4559,0.4,0.5797,0.32,0.4,0.0786,True,cyber_dev
3196,23,CWE-338,0.4337,0.24,0.7242,0.24,0.4,0.1856,True,cyber_dev
29484,23,CWE-338,0.4313,0.32,0.6383,0.24,0.4,0.384,True,cyber_dev
23867,23,CWE-338,0.4261,0.2,0.7653,0.2,0.2,0.003,True,cyber_dev
3034,23,CWE-338,0.4099,0.2,0.7247,0.2,0.2,0.0015,True,cyber_dev
13628,23,CWE-338,0.4071,0.24,0.6577,0.24,0.0,0.0973,False,cyber_dev
23375,23,CWE-338,0.3922,0.2,0.6804,0.2,0.2,0.015,True,cyber_dev
8666,23,CWE-338,0.3795,0.24,0.5886,0.24,0.4,0.1766,True,cyber_dev
2549,23,CWE-338,0.3792,0.2,0.648,0.2,0.2,0.0015,True,cyber_dev
7986,23,CWE-338,0.3735,0.2,0.6338,0.2,0.0,0.2365,False,cyber_dev
30830,23,CWE-338,0.3719,0.2,0.6299,0.2,0.2,0.0135,True,cyber_dev
14315,23,CWE-338,0.3577,0.24,0.5343,0.24,0.4,0.1939,True,cyber_dev
15116,23,CWE-338,0.3575,0.24,0.5338,0.24,0.4,0.1789,True,cyber_dev
32645,23,CWE-338,0.3522,0.2,0.5804,0.2,0.2,0.0007,True,cyber_dev
19149,23,CWE-338,0.3484,0.24,0.511,0.24,0.4,0.1766,True,cyber_dev
20395,23,CWE-338,0.344,0.2,0.5601,0.2,0.2,0.0404,True,cyber_dev
27773,23,CWE-338,0.3421,0.2,0.5551,0.2,0.0,0.2328,False,cyber_dev
15336,23,CWE-338,0.3396,0.24,0.489,0.24,0.4,0.1841,True,cyber_dev
30064,23,CWE-338,0.3375,0.2,0.5439,0.2,0.2,0.018,True,cyber_dev
14617,23,CWE-338,0.3293,0.2,0.5233,0.2,0.2,0.0,True,cyber_dev
22050,23,CWE-338,0.3258,0.2,0.5146,0.2,0.2,0.003,True,cyber_dev
15338,23,CWE-338,0.3243,0.24,0.4507,0.24,0.4,0.1759,True,cyber_dev
17327,23,CWE-338,0.324,0.2,0.5301,0.16,0.2,0.0307,True,cyber_dev
19035,23,CWE-338,0.3192,0.2,0.498,0.2,0.2,0.0007,True,cyber_dev
6548,23,CWE-338,0.3174,0.16,0.5534,0.16,0.0,0.143,False,cyber_dev
22052,23,CWE-338,0.3161,0.16,0.5501,0.16,0.0,0.2156,False,cyber_dev
13399,23,CWE-338,0.3155,0.2,0.4889,0.2,0.2,0.0876,True,cyber_dev
26029,23,CWE-338,0.3133,0.2,0.4833,0.2,0.2,0.006,True,cyber_dev
8271,23,CWE-338,0.3072,0.2,0.4679,0.2,0.2,0.0105,True,cyber_dev
30953,23,CWE-338,0.302,0.2,0.4549,0.2,0.2,0.0045,True,cyber_dev
9477,23,CWE-338,0.3002,0.2,0.4504,0.2,0.2,0.009,True,cyber_dev
7846,23,CWE-338,0.2964,0.12,0.5611,0.12,0.0,0.0127,False,cyber_dev
14256,23,CWE-338,0.2951,0.2,0.4377,0.2,0.2,0.0254,True,cyber_dev
15135,23,CWE-338,0.2926,0.2,0.4315,0.2,0.4,0.1849,True,cyber_dev
16503,23,CWE-338,0.2914,0.2,0.4284,0.2,0.2,0.0501,True,cyber_dev
16588,23,CWE-338,0.2885,0.2,0.4412,0.16,0.2,0.0516,True,cyber_dev
30760,23,CWE-338,0.2877,0.12,0.5393,0.12,0.0,0.0202,False,cyber_dev
1450,23,CWE-338,0.2809,0.16,0.4622,0.16,0.0,0.0741,False,cyber_dev
23828,23,CWE-338,0.2802,0.2,0.4005,0.2,0.2,0.0,True,cyber_dev
6657,23,CWE-338,0.2718,0.2,0.3796,0.2,0.2,0.0142,True,cyber_dev
21207,23,CWE-338,0.2698,0.2,0.3745,0.2,0.2,0.0075,True,cyber_dev
12228,23,CWE-338,0.2687,0.2,0.3718,0.2,0.2,0.1198,True,cyber_dev
6229,23,CWE-338,0.2634,0.08,0.5385,0.08,0.0,0.0142,False,cyber_dev
7653,23,CWE-338,0.2625,0.08,0.5362,0.08,0.0,0.003,False,cyber_dev
15398,23,CWE-338,0.2543,0.12,0.4557,0.12,0.0,0.0232,False,cyber_dev
10719,23,CWE-338,0.2537,0.08,0.5144,0.08,0.0,0.0554,False,cyber_dev
13921,23,CWE-338,0.2511,0.04,0.5677,0.04,0.0,0.0292,False,cyber_dev
29471,23,CWE-338,0.251,0.12,0.4475,0.12,0.0,0.1362,False,cyber_dev
1082,23,CWE-338,0.2482,0.12,0.4405,0.12,0.0,0.1557,False,cyber_dev
10746,23,CWE-338,0.2426,0.24,0.2866,0.16,0.4,0.2118,True,cyber_dev
13723,23,CWE-338,0.2284,0.2,0.2909,0.16,0.2,0.0195,True,cyber_dev
23281,23,CWE-338,0.2282,0.12,0.3906,0.12,0.0,0.015,False,cyber_dev
1386,23,CWE-338,0.2256,0.12,0.384,0.12,0.0,0.024,False,cyber_dev
20131,23,CWE-338,0.225,0.2,0.2825,0.16,0.2,0.0704,True,cyber_dev
18882,23,CWE-338,0.223,0.08,0.4375,0.08,0.0,0.0262,False,cyber_dev
15124,23,CWE-338,0.2179,0.08,0.4248,0.08,0.0,0.0105,False,cyber_dev
2524,23,CWE-338,0.216,0.04,0.48,0.04,0.0,0.0015,False,cyber_dev
9311,23,CWE-338,0.2123,0.12,0.3508,0.12,0.0,0.0576,False,cyber_dev
1490,23,CWE-338,0.2094,0.04,0.4634,0.04,0.0,0.0082,False,cyber_dev
26125,23,CWE-338,0.2059,0.12,0.3347,0.12,0.0,0.0299,False,cyber_dev
13276,23,CWE-338,0.203,0.2,0.2076,0.2,0.2,0.3204,True,cyber_dev
28316,23,CWE-338,0.201,0.04,0.4425,0.04,0.0,0.0135,False,cyber_dev
18843,23,CWE-338,0.2007,0.2,0.2217,0.16,0.2,0.0404,True,cyber_dev
27356,23,CWE-338,0.1983,0.2,0.2156,0.16,0.2,0.024,True,cyber_dev
19869,23,CWE-338,0.1978,0.2,0.1945,0.2,0.2,0.1018,True,cyber_dev
25119,23,CWE-338,0.1952,0.08,0.368,0.08,0.0,0.0075,False,cyber_dev
8515,23,CWE-338,0.1879,0.12,0.2898,0.12,0.0,0.0247,False,cyber_dev
22198,23,CWE-338,0.1838,0.2,0.1796,0.16,0.2,0.0599,True,cyber_dev
25006,23,CWE-338,0.1821,0.12,0.2752,0.12,0.0,0.0876,False,cyber_dev
25940,23,CWE-338,0.1812,0.08,0.333,0.08,0.0,0.0127,False,cyber_dev
17464,23,CWE-338,0.18,0.24,0.1099,0.2,0.4,0.2403,True,cyber_dev
7546,23,CWE-338,0.1784,0.08,0.326,0.08,0.0,0.1534,False,cyber_dev
21756,23,CWE-338,0.1743,0.08,0.3158,0.08,0.0,0.0187,False,cyber_dev
27813,23,CWE-338,0.1739,0.12,0.2547,0.12,0.0,0.0629,False,cyber_dev
4055,23,CWE-338,0.1694,0.12,0.2435,0.12,0.0,0.0464,False,cyber_dev
25781,23,CWE-338,0.1684,0.08,0.3011,0.08,0.0,0.0269,False,cyber_dev
14449,23,CWE-338,0.1653,0.28,0.0132,0.24,0.4,0.2537,True,cyber_dev
25528,23,CWE-338,0.1625,0.08,0.2863,0.08,0.0,0.0479,False,cyber_dev
24646,23,CWE-338,0.1595,0.04,0.3388,0.04,0.0,0.0015,False,cyber_dev
6173,23,CWE-338,0.1593,0.08,0.2782,0.08,0.0,0.0052,False,cyber_dev
11855,23,CWE-338,0.1573,0.04,0.3334,0.04,0.0,0.0052,False,cyber_dev
10159,23,CWE-338,0.1571,0.04,0.3328,0.04,0.0,0.0007,False,cyber_dev
13486,23,CWE-338,0.1563,0.16,0.1307,0.2,0.2,0.0546,True,cyber_dev
15038,23,CWE-338,0.1543,0.04,0.3257,0.04,0.0,0.0007,False,cyber_dev
4402,23,CWE-338,0.1538,0.08,0.2646,0.08,0.0,0.018,False,cyber_dev
19921,23,CWE-338,0.1537,0.04,0.3243,0.04,0.0,0.0007,False,cyber_dev
14476,23,CWE-338,0.1522,0.04,0.3204,0.04,0.0,0.0067,False,cyber_dev
17639,23,CWE-338,0.1518,0.08,0.2595,0.08,0.0,0.0973,False,cyber_dev
3357,23,CWE-338,0.15,0.08,0.2549,0.08,0.0,0.0225,False,cyber_dev
17671,23,CWE-338,0.1438,0.08,0.2395,0.08,0.0,0.0442,False,cyber_dev
30956,23,CWE-338,0.1436,0.04,0.299,0.04,0.0,0.0022,False,cyber_dev
1511,23,CWE-338,0.1432,0.04,0.2979,0.04,0.0,0.0172,False,cyber_dev
25161,23,CWE-338,0.1404,0.08,0.2309,0.08,0.0,0.0322,False,cyber_dev
15619,23,CWE-338,0.1394,0.04,0.2885,0.04,0.0,0.0037,False,cyber_dev
12977,23,CWE-338,0.1387,0.08,0.2268,0.08,0.0,0.0082,False,cyber_dev
28058,23,CWE-338,0.1381,0.08,0.2252,0.08,0.0,0.0097,False,cyber_dev
4897,23,CWE-338,0.1376,0.04,0.284,0.04,0.0,0.0217,False,cyber_dev
13614,23,CWE-338,0.1372,0.08,0.223,0.08,0.0,0.0561,False,cyber_dev
27183,23,CWE-338,0.1362,0.08,0.2205,0.08,0.0,0.0015,False,cyber_dev
20930,23,CWE-338,0.1343,0.08,0.2158,0.08,0.0,0.018,False,cyber_dev
6201,23,CWE-338,0.1343,0.2,0.0758,0.12,0.2,0.0217,False,cyber_dev
26517,23,CWE-338,0.1329,0.04,0.2722,0.04,0.0,0.0015,False,cyber_dev
21736,23,CWE-338,0.1307,0.04,0.2667,0.04,0.0,0.0015,False,cyber_dev
10311,23,CWE-338,0.1303,0.04,0.2657,0.04,0.0,0.0165,False,cyber_dev
19169,23,CWE-338,0.1301,0.04,0.2653,0.04,0.0,0.0052,False,cyber_dev
4657,23,CWE-338,0.1299,0.08,0.2048,0.08,0.0,0.1175,False,cyber_dev
18601,23,CWE-338,0.1297,0.08,0.2043,0.08,0.0,0.0427,False,cyber_dev
11570,23,CWE-338,0.1293,0.08,0.2032,0.08,0.0,0.0584,False,cyber_dev
28070,23,CWE-338,0.1257,0.08,0.1943,0.08,0.0,0.0097,False,cyber_dev
9468,23,CWE-338,0.1244,0.08,0.191,0.08,0.0,0.0067,False,cyber_dev
24241,23,CWE-338,0.1212,0.04,0.2431,0.04,0.0,0.003,False,cyber_dev
3745,23,CWE-338,0.1211,0.08,0.1827,0.08,0.0,0.0674,False,cyber_dev
5834,23,CWE-338,0.1202,0.08,0.1804,0.08,0.0,0.0449,False,cyber_dev
684,23,CWE-338,0.1195,0.08,0.1786,0.08,0.0,0.0157,False,cyber_dev
26322,23,CWE-338,0.1192,0.08,0.178,0.08,0.0,0.1272,False,cyber_dev
17402,23,CWE-338,0.1191,0.04,0.2378,0.04,0.0,0.0015,False,cyber_dev
14415,23,CWE-338,0.1184,0.08,0.1761,0.08,0.0,0.003,False,cyber_dev
29910,23,CWE-338,0.1176,0.04,0.2339,0.04,0.0,0.0127,False,cyber_dev
31186,23,CWE-338,0.1175,0.08,0.1738,0.08,0.0,0.0876,False,cyber_dev
3791,23,CWE-338,0.116,0.04,0.23,0.04,0.0,0.0015,False,cyber_dev
838,23,CWE-338,0.1157,0.04,0.2292,0.04,0.0,0.024,False,cyber_dev
19337,23,CWE-338,0.113,0.04,0.2226,0.04,0.0,0.0015,False,cyber_dev
2691,23,CWE-338,0.1126,0.08,0.1616,0.08,0.0,0.0344,False,cyber_dev
25245,23,CWE-338,0.1125,0.04,0.2213,0.04,0.0,0.003,False,cyber_dev
18454,23,CWE-338,0.1097,0.08,0.1543,0.08,0.0,0.0644,False,cyber_dev
10195,23,CWE-338,0.1096,0.04,0.2139,0.04,0.0,0.0165,False,cyber_dev
17139,23,CWE-338,0.1091,0.04,0.2128,0.04,0.0,0.0037,False,cyber_dev
25072,23,CWE-338,0.1087,0.04,0.2119,0.04,0.0,0.0015,False,cyber_dev
1138,23,CWE-338,0.1082,0.04,0.2106,0.04,0.0,0.0045,False,cyber_dev
3240,23,CWE-338,0.1062,0.04,0.2056,0.04,0.0,0.0187,False,cyber_dev
30226,23,CWE-338,0.1057,0.04,0.2042,0.04,0.0,0.003,False,cyber_dev
13849,23,CWE-338,0.1046,0.04,0.2014,0.04,0.0,0.0254,False,cyber_dev
12932,23,CWE-338,0.1043,0.04,0.2007,0.04,0.0,0.0037,False,cyber_dev
28883,23,CWE-338,0.1039,0.04,0.1996,0.04,0.0,0.0022,False,cyber_dev
29305,23,CWE-338,0.1033,0.04,0.1983,0.04,0.0,0.0022,False,cyber_dev
18110,23,CWE-338,0.1028,0.04,0.1969,0.04,0.0,0.0015,False,cyber_dev
21015,23,CWE-338,0.1022,0.04,0.1956,0.04,0.0,0.0075,False,cyber_dev
21609,23,CWE-338,0.1017,0.04,0.1942,0.04,0.0,0.0022,False,cyber_dev
9541,23,CWE-338,0.1014,0.04,0.1936,0.04,0.0,0.0045,False,cyber_dev
4446,23,CWE-338,0.1014,0.04,0.1934,0.04,0.0,0.0022,False,cyber_dev
30379,23,CWE-338,0.0999,0.04,0.1898,0.04,0.0,0.0052,False,cyber_dev
6062,23,CWE-338,0.099,0.04,0.1874,0.04,0.0,0.0172,False,cyber_dev
32711,23,CWE-338,0.098,0.04,0.1849,0.04,0.0,0.0022,False,cyber_dev
28220,23,CWE-338,0.0969,0.04,0.1822,0.04,0.0,0.0217,False,cyber_dev
23190,23,CWE-338,0.0968,0.04,0.1821,0.04,0.0,0.0187,False,cyber_dev
15018,23,CWE-338,0.0964,0.04,0.181,0.04,0.0,0.0097,False,cyber_dev
3629,23,CWE-338,0.0959,0.04,0.1798,0.04,0.0,0.0045,False,cyber_dev
1810,23,CWE-338,0.0955,0.04,0.1788,0.04,0.0,0.012,False,cyber_dev
11957,23,CWE-338,0.0943,0.04,0.1757,0.04,0.0,0.0112,False,cyber_dev
17756,23,CWE-338,0.0932,0.04,0.173,0.04,0.0,0.0165,False,cyber_dev
7475,23,CWE-338,0.093,0.04,0.1724,0.04,0.0,0.0007,False,cyber_dev
11376,23,CWE-338,0.0926,0.04,0.1714,0.04,0.0,0.0142,False,cyber_dev
9509,23,CWE-338,0.0923,0.04,0.1707,0.04,0.0,0.018,False,cyber_dev
15968,23,CWE-338,0.0921,0.04,0.1703,0.04,0.0,0.0075,False,cyber_dev
15524,23,CWE-338,0.0911,0.04,0.1678,0.04,0.0,0.0067,False,cyber_dev
21478,23,CWE-338,0.0903,0.04,0.1657,0.04,0.0,0.0007,False,cyber_dev
5581,23,CWE-338,0.09,0.04,0.165,0.04,0.0,0.0045,False,cyber_dev
2777,23,CWE-338,0.0896,0.04,0.1641,0.04,0.0,0.0052,False,cyber_dev
12657,23,CWE-338,0.0892,0.04,0.163,0.04,0.0,0.0427,False,cyber_dev
27007,23,CWE-338,0.0889,0.04,0.1624,0.04,0.0,0.0037,False,cyber_dev
23479,23,CWE-338,0.0881,0.04,0.1603,0.04,0.0,0.0262,False,cyber_dev
30026,23,CWE-338,0.0878,0.04,0.1594,0.04,0.0,0.0696,False,cyber_dev
14926,23,CWE-338,0.0874,0.04,0.1585,0.04,0.0,0.0247,False,cyber_dev
22943,23,CWE-338,0.0871,0.04,0.1577,0.04,0.0,0.0015,False,cyber_dev
23500,23,CWE-338,0.0867,0.04,0.1567,0.04,0.0,0.0037,False,cyber_dev
2361,23,CWE-338,0.0863,0.04,0.1556,0.04,0.0,0.0082,False,cyber_dev
14619,23,CWE-338,0.0862,0.04,0.1555,0.04,0.0,0.0052,False,cyber_dev
26979,23,CWE-338,0.0848,0.04,0.1521,0.04,0.0,0.0135,False,cyber_dev
23468,23,CWE-338,0.0846,0.04,0.1514,0.04,0.0,0.003,False,cyber_dev
1308,23,CWE-338,0.0838,0.04,0.1495,0.04,0.0,0.0097,False,cyber_dev
12439,23,CWE-338,0.0838,0.04,0.1495,0.04,0.0,0.003,False,cyber_dev
2694,23,CWE-338,0.0836,0.04,0.1491,0.04,0.0,0.0015,False,cyber_dev
4837,23,CWE-79,0.4829,0.1139,1.0552,0.0759,0.9114,0.9241,True,cve_pairs
21331,23,CWE-79,0.1104,0.0253,0.2379,0.0253,0.038,0.0127,True,cve_pairs
8117,23,CWE-79,0.1078,0.0127,0.2504,0.0127,0.0127,0.0,False,cve_pairs
14909,23,CWE-79,0.0998,0.0506,0.1798,0.038,0.1646,0.1899,True,cve_pairs
18869,23,CWE-79,0.0946,0.0506,0.1669,0.038,0.1772,0.2152,True,cve_pairs
29484,23,CWE-79,0.0876,0.0506,0.1494,0.038,0.0759,0.1139,True,cve_pairs
2324,23,CWE-79,0.0854,0.038,0.1564,0.038,0.038,0.0,True,cve_pairs
10506,23,CWE-79,0.0843,0.0886,0.0969,0.0506,0.3418,0.2911,True,cve_pairs
16109,23,CWE-79,0.0816,0.0506,0.1344,0.038,0.2532,0.2152,True,cve_pairs
18465,23,CWE-79,0.0785,0.038,0.1392,0.038,0.2025,0.1646,True,cve_pairs
30585,23,CWE-79,0.0737,0.0127,0.1653,0.0127,0.0,0.0127,False,cve_pairs
24712,23,CWE-79,0.0726,0.0886,0.074,0.038,0.7722,0.7468,True,cve_pairs
10541,23,CWE-79,0.0714,0.0253,0.1405,0.0253,0.0253,0.0506,True,cve_pairs
14315,23,CWE-79,0.0711,0.038,0.1209,0.038,0.1519,0.1139,True,cve_pairs
15398,23,CWE-79,0.0698,0.0253,0.1365,0.0253,0.038,0.0127,True,cve_pairs
4950,23,CWE-79,0.0686,0.038,0.1209,0.0253,0.0506,0.0633,True,cve_pairs
7573,23,CWE-79,0.067,0.0253,0.1296,0.0253,0.0253,0.0,True,cve_pairs
28303,23,CWE-79,0.0653,0.0127,0.1443,0.0127,0.0,0.0127,False,cve_pairs
13972,23,CWE-79,0.0647,0.0127,0.1426,0.0127,0.0127,0.0253,False,cve_pairs
16589,23,CWE-79,0.064,0.0253,0.122,0.0253,0.0253,0.0,True,cve_pairs
20866,23,CWE-79,0.0637,0.038,0.1024,0.038,0.0506,0.0886,True,cve_pairs
24473,23,CWE-79,0.0635,0.0127,0.1398,0.0127,0.0253,0.0127,True,cve_pairs
21516,23,CWE-79,0.063,0.0506,0.088,0.038,0.0633,0.038,True,cve_pairs
18454,23,CWE-79,0.063,0.038,0.1006,0.038,0.0759,0.038,True,cve_pairs
30760,23,CWE-79,0.0625,0.0253,0.1184,0.0253,0.0,0.0253,False,cve_pairs
29910,23,CWE-79,0.062,0.0253,0.117,0.0253,0.0253,0.0,True,cve_pairs
4594,23,CWE-79,0.0604,0.0127,0.1319,0.0127,0.0127,0.0,False,cve_pairs
3745,23,CWE-79,0.0598,0.038,0.0925,0.038,0.038,0.0759,True,cve_pairs
30185,23,CWE-79,0.0593,0.0127,0.1294,0.0127,0.0127,0.0,False,cve_pairs
1652,23,CWE-79,0.0586,0.038,0.0895,0.038,0.1392,0.1646,True,cve_pairs
18661,23,CWE-79,0.0582,0.0253,0.1074,0.0253,0.0127,0.038,False,cve_pairs
5790,23,CWE-79,0.0579,0.038,0.0879,0.038,0.0,0.038,False,cve_pairs
30405,23,CWE-79,0.0572,0.0253,0.1051,0.0253,0.0253,0.0,True,cve_pairs
31652,23,CWE-79,0.0566,0.0253,0.1036,0.0253,0.0,0.0253,False,cve_pairs
2000,23,CWE-79,0.0542,0.038,0.0785,0.038,0.2405,0.2532,True,cve_pairs
23638,23,CWE-79,0.0539,0.0127,0.1157,0.0127,0.0127,0.0253,False,cve_pairs
11855,23,CWE-79,0.0531,0.0127,0.1137,0.0127,0.0,0.0127,False,cve_pairs
27858,23,CWE-79,0.0523,0.0253,0.0929,0.0253,0.0253,0.0,True,cve_pairs
19087,23,CWE-79,0.0522,0.0506,0.0672,0.0253,0.1013,0.1266,True,cve_pairs
17485,23,CWE-79,0.0509,0.0253,0.0892,0.0253,0.0253,0.0,True,cve_pairs
13820,23,CWE-79,0.0508,0.0253,0.0891,0.0253,0.0,0.0253,False,cve_pairs
13249,23,CWE-79,0.0501,0.0253,0.0872,0.0253,0.0253,0.0,True,cve_pairs
20267,23,CWE-79,0.0495,0.0253,0.0858,0.0253,0.0127,0.038,False,cve_pairs
7405,23,CWE-79,0.0493,0.0253,0.0853,0.0253,0.0127,0.038,False,cve_pairs
30600,23,CWE-79,0.0486,0.0253,0.0834,0.0253,0.0759,0.0633,False,cve_pairs
16655,23,CWE-79,0.0482,0.038,0.0636,0.038,0.0253,0.038,False,cve_pairs
7546,23,CWE-79,0.0474,0.0253,0.0869,0.0127,0.0886,0.0886,False,cve_pairs
25331,23,CWE-79,0.0472,0.0127,0.0989,0.0127,0.0127,0.0,False,cve_pairs
6657,23,CWE-79,0.0461,0.0506,0.0519,0.0253,0.2152,0.1899,False,cve_pairs
21154,23,CWE-79,0.0453,0.0127,0.0942,0.0127,0.0127,0.0,False,cve_pairs
30640,23,CWE-79,0.0448,0.0127,0.0931,0.0127,0.0253,0.0127,False,cve_pairs
303,23,CWE-79,0.0442,0.0127,0.0916,0.0127,0.038,0.0253,False,cve_pairs
28569,23,CWE-79,0.0442,0.0253,0.0725,0.0253,0.0253,0.0506,False,cve_pairs
14639,23,CWE-79,0.0441,0.0253,0.0723,0.0253,0.038,0.0127,False,cve_pairs
27077,23,CWE-79,0.044,0.0253,0.0719,0.0253,0.0253,0.0127,False,cve_pairs
8689,23,CWE-79,0.0439,0.0127,0.0907,0.0127,0.0253,0.038,False,cve_pairs
4218,23,CWE-79,0.0436,0.0127,0.0899,0.0127,0.0127,0.0,False,cve_pairs
23981,23,CWE-79,0.0435,0.0127,0.0897,0.0127,0.0,0.0127,False,cve_pairs
18397,23,CWE-79,0.0435,0.0253,0.0707,0.0253,0.0506,0.0253,False,cve_pairs
21904,23,CWE-79,0.0433,0.0253,0.0703,0.0253,0.038,0.0127,False,cve_pairs
23281,23,CWE-79,0.0431,0.0253,0.0699,0.0253,0.038,0.0506,False,cve_pairs
2784,23,CWE-79,0.0425,0.0127,0.0872,0.0127,0.0127,0.0,False,cve_pairs
14186,23,CWE-79,0.0424,0.0253,0.0681,0.0253,0.038,0.0633,False,cve_pairs
21351,23,CWE-79,0.0422,0.038,0.0549,0.0253,0.0506,0.0759,False,cve_pairs
27773,23,CWE-79,0.0422,0.0506,0.0422,0.0253,0.1392,0.1139,False,cve_pairs
20688,23,CWE-79,0.0417,0.0127,0.0854,0.0127,0.0,0.0127,False,cve_pairs
16734,23,CWE-79,0.0413,0.0253,0.0652,0.0253,0.0253,0.0,False,cve_pairs
11168,23,CWE-79,0.0411,0.0633,0.0204,0.038,0.2152,0.2405,False,cve_pairs
5417,23,CWE-79,0.041,0.0253,0.0646,0.0253,0.0253,0.0,False,cve_pairs
20214,23,CWE-79,0.0409,0.0127,0.0833,0.0127,0.0,0.0127,False,cve_pairs
15251,23,CWE-79,0.0408,0.0253,0.0641,0.0253,0.038,0.0127,False,cve_pairs
7533,23,CWE-79,0.0404,0.0253,0.063,0.0253,0.1139,0.1392,False,cve_pairs
1450,23,CWE-79,0.0403,0.0253,0.0691,0.0127,0.0506,0.0633,False,cve_pairs
21605,23,CWE-79,0.0403,0.0127,0.0817,0.0127,0.0127,0.0,False,cve_pairs
7867,23,CWE-79,0.0398,0.0253,0.0616,0.0253,0.0127,0.038,False,cve_pairs
2186,23,CWE-79,0.0398,0.0127,0.0806,0.0127,0.0127,0.0,False,cve_pairs
17386,23,CWE-79,0.0398,0.0253,0.0614,0.0253,0.038,0.0127,False,cve_pairs
10673,23,CWE-79,0.0397,0.0253,0.0612,0.0253,0.038,0.0127,False,cve_pairs
1469,23,CWE-79,0.0397,0.0253,0.0612,0.0253,0.0253,0.0,False,cve_pairs
17489,23,CWE-79,0.0387,0.0253,0.0589,0.0253,0.0759,0.0506,False,cve_pairs
29830,23,CWE-79,0.0387,0.0127,0.0777,0.0127,0.0,0.0127,False,cve_pairs
7986,23,CWE-79,0.0385,0.038,0.0455,0.0253,0.1266,0.1519,False,cve_pairs
2246,23,CWE-79,0.0383,0.0253,0.0578,0.0253,0.0253,0.0,False,cve_pairs
15554,23,CWE-79,0.0383,0.038,0.0387,0.038,0.0506,0.038,False,cve_pairs
31778,23,CWE-79,0.0373,0.0127,0.0743,0.0127,0.0,0.0127,False,cve_pairs
28048,23,CWE-79,0.0373,0.0127,0.0742,0.0127,0.038,0.0506,False,cve_pairs
23650,23,CWE-79,0.0372,0.0253,0.055,0.0253,0.0,0.0253,False,cve_pairs
20170,23,CWE-79,0.0369,0.0127,0.0732,0.0127,0.0127,0.0,False,cve_pairs
27718,23,CWE-79,0.0368,0.0253,0.0541,0.0253,0.0253,0.0506,False,cve_pairs
17797,23,CWE-79,0.0367,0.0127,0.0728,0.0127,0.0127,0.0,False,cve_pairs
13628,23,CWE-79,0.0367,0.038,0.041,0.0253,0.0633,0.038,False,cve_pairs
16234,23,CWE-79,0.0363,0.0127,0.0718,0.0127,0.0127,0.0,False,cve_pairs
12657,23,CWE-79,0.036,0.0127,0.071,0.0127,0.1013,0.0886,False,cve_pairs
9125,23,CWE-79,0.0357,0.0253,0.0512,0.0253,0.1013,0.0886,False,cve_pairs
22730,23,CWE-79,0.0349,0.0253,0.0493,0.0253,0.0633,0.0886,False,cve_pairs
25613,23,CWE-79,0.0348,0.0127,0.0681,0.0127,0.0,0.0127,False,cve_pairs
25256,23,CWE-79,0.0339,0.0253,0.0467,0.0253,0.2405,0.2278,False,cve_pairs
9214,23,CWE-79,0.0335,0.0127,0.0648,0.0127,0.0,0.0127,False,cve_pairs
31186,23,CWE-79,0.0332,0.0127,0.064,0.0127,0.0506,0.0633,False,cve_pairs
31194,23,CWE-79,0.033,0.0253,0.0446,0.0253,0.0506,0.0633,False,cve_pairs
20243,23,CWE-79,0.0327,0.0127,0.0627,0.0127,0.0253,0.038,False,cve_pairs
15046,23,CWE-79,0.0325,0.0127,0.0624,0.0127,0.0506,0.038,False,cve_pairs
21561,23,CWE-79,0.0325,0.0127,0.0623,0.0127,0.0127,0.0,False,cve_pairs
16431,23,CWE-79,0.0324,0.0253,0.043,0.0253,0.1646,0.1646,False,cve_pairs
26322,23,CWE-79,0.0322,0.0633,0.0045,0.0253,0.1772,0.1519,False,cve_pairs
17499,23,CWE-79,0.0322,0.0127,0.0614,0.0127,0.0253,0.038,False,cve_pairs
13714,23,CWE-79,0.0321,0.0127,0.0613,0.0127,0.0127,0.0253,False,cve_pairs
15173,23,CWE-79,0.0321,0.0127,0.0612,0.0127,0.038,0.0253,False,cve_pairs
18087,23,CWE-79,0.0318,0.0127,0.0605,0.0127,0.0127,0.0253,False,cve_pairs
19356,23,CWE-79,0.0317,0.0127,0.0602,0.0127,0.0127,0.0,False,cve_pairs
17931,23,CWE-79,0.0317,0.0127,0.0601,0.0127,0.0127,0.0,False,cve_pairs
15591,23,CWE-79,0.0315,0.0127,0.0599,0.0127,0.0127,0.0,False,cve_pairs
25989,23,CWE-79,0.031,0.0127,0.0585,0.0127,0.0,0.0127,False,cve_pairs
5720,23,CWE-79,0.0309,0.0127,0.0582,0.0127,0.0506,0.038,False,cve_pairs
9765,23,CWE-79,0.0308,0.0127,0.0581,0.0127,0.0127,0.0,False,cve_pairs
3353,23,CWE-79,0.0308,0.0127,0.0579,0.0127,0.0,0.0127,False,cve_pairs
26345,23,CWE-79,0.0307,0.0127,0.0579,0.0127,0.0127,0.0,False,cve_pairs
19074,23,CWE-79,0.0307,0.0127,0.0577,0.0127,0.038,0.038,False,cve_pairs
23605,23,CWE-79,0.0305,0.0127,0.0573,0.0127,0.0253,0.0127,False,cve_pairs
32256,23,CWE-79,0.0305,0.0127,0.0572,0.0127,0.0,0.0127,False,cve_pairs
1173,23,CWE-79,0.0304,0.0253,0.0381,0.0253,0.0759,0.0633,False,cve_pairs
18076,23,CWE-79,0.0303,0.038,0.0315,0.0127,0.1013,0.0886,False,cve_pairs
9232,23,CWE-79,0.0296,0.0127,0.0549,0.0127,0.0253,0.0127,False,cve_pairs
30127,23,CWE-79,0.0293,0.0127,0.0543,0.0127,0.0,0.0127,False,cve_pairs
25594,23,CWE-79,0.0293,0.0253,0.0416,0.0127,0.1013,0.1139,False,cve_pairs
29954,23,CWE-79,0.0291,0.0127,0.0538,0.0127,0.0,0.0127,False,cve_pairs
10047,23,CWE-79,0.029,0.0127,0.0536,0.0127,0.0127,0.0253,False,cve_pairs
4230,23,CWE-79,0.029,0.0127,0.0535,0.0127,0.0127,0.0253,False,cve_pairs
5028,23,CWE-79,0.0289,0.0253,0.0344,0.0253,0.2152,0.2152,False,cve_pairs
22981,23,CWE-79,0.0289,0.0127,0.0533,0.0127,0.0,0.0127,False,cve_pairs
17014,23,CWE-79,0.0289,0.0127,0.0532,0.0127,0.0127,0.0,False,cve_pairs
2413,23,CWE-79,0.0287,0.0127,0.0528,0.0127,0.0127,0.0253,False,cve_pairs
30938,23,CWE-79,0.0287,0.0127,0.0527,0.0127,0.0,0.0127,False,cve_pairs
14926,23,CWE-79,0.0283,0.0127,0.0517,0.0127,0.0127,0.0253,False,cve_pairs
15273,23,CWE-79,0.0281,0.0127,0.0513,0.0127,0.038,0.0253,False,cve_pairs
1352,23,CWE-79,0.0278,0.0127,0.0506,0.0127,0.0127,0.0,False,cve_pairs
24451,23,CWE-79,0.0278,0.0127,0.0504,0.0127,0.0506,0.0506,False,cve_pairs
13986,23,CWE-79,0.0276,0.0253,0.0374,0.0127,0.0633,0.0759,False,cve_pairs
6683,23,CWE-79,0.0276,0.0127,0.0499,0.0127,0.0127,0.0,False,cve_pairs
13465,23,CWE-79,0.0274,0.0127,0.0496,0.0127,0.0253,0.038,False,cve_pairs
14619,23,CWE-79,0.0274,0.0127,0.0494,0.0127,0.0127,0.0,False,cve_pairs
448,23,CWE-79,0.0273,0.0127,0.0493,0.0127,0.0253,0.0127,False,cve_pairs
12850,23,CWE-79,0.0272,0.0127,0.0491,0.0127,0.0506,0.0506,False,cve_pairs
27760,23,CWE-79,0.0272,0.0127,0.049,0.0127,0.0,0.0127,False,cve_pairs
24082,23,CWE-79,0.0272,0.0253,0.0364,0.0127,0.0253,0.0253,False,cve_pairs
22507,23,CWE-79,0.0272,0.0127,0.049,0.0127,0.0633,0.0759,False,cve_pairs
30182,23,CWE-79,0.027,0.0253,0.036,0.0127,0.0506,0.038,False,cve_pairs
19881,23,CWE-79,0.027,0.0127,0.0486,0.0127,0.0127,0.0253,False,cve_pairs
9521,23,CWE-79,0.027,0.0127,0.0484,0.0127,0.0127,0.0,False,cve_pairs
10437,23,CWE-79,0.0269,0.0127,0.0483,0.0127,0.0127,0.0,False,cve_pairs
21544,23,CWE-79,0.0268,0.0127,0.0479,0.0127,0.0506,0.038,False,cve_pairs
26062,23,CWE-79,0.0268,0.0127,0.0479,0.0127,0.038,0.0253,False,cve_pairs
28447,23,CWE-79,0.0266,0.0127,0.0474,0.0127,0.038,0.0253,False,cve_pairs
2942,23,CWE-79,0.0265,0.0127,0.0472,0.0127,0.038,0.0506,False,cve_pairs
17339,23,CWE-79,0.0264,0.0506,0.0028,0.0253,0.4557,0.4557,False,cve_pairs
28280,23,CWE-79,0.0263,0.0127,0.0467,0.0127,0.0127,0.0,False,cve_pairs
26999,23,CWE-79,0.0262,0.0127,0.0466,0.0127,0.0253,0.038,False,cve_pairs
20502,23,CWE-79,0.0262,0.038,0.015,0.0253,0.038,0.0127,False,cve_pairs
26891,23,CWE-79,0.0262,0.0127,0.0464,0.0127,0.0,0.0127,False,cve_pairs
28980,23,CWE-79,0.0261,0.0127,0.0464,0.0127,0.0127,0.0,False,cve_pairs
2944,23,CWE-79,0.0261,0.0127,0.0462,0.0127,0.0127,0.0,False,cve_pairs
14005,23,CWE-79,0.026,0.0127,0.0461,0.0127,0.0127,0.0,False,cve_pairs
23479,23,CWE-79,0.026,0.0127,0.0461,0.0127,0.0253,0.038,False,cve_pairs
29780,23,CWE-79,0.0259,0.0127,0.0458,0.0127,0.0,0.0127,False,cve_pairs
14520,23,CWE-79,0.0259,0.0127,0.0458,0.0127,0.0127,0.0,False,cve_pairs
27961,23,CWE-79,0.0258,0.0127,0.0455,0.0127,0.0127,0.0,False,cve_pairs
20191,23,CWE-79,0.0258,0.0127,0.0455,0.0127,0.0,0.0127,False,cve_pairs
31462,23,CWE-79,0.0257,0.0127,0.0453,0.0127,0.0,0.0127,False,cve_pairs
29417,23,CWE-79,0.0255,0.0127,0.0448,0.0127,0.0127,0.0,False,cve_pairs
21990,23,CWE-79,0.0254,0.0127,0.0445,0.0127,0.0127,0.0253,False,cve_pairs
28424,23,CWE-79,0.0253,0.0127,0.0444,0.0127,0.0127,0.0127,False,cve_pairs
5859,23,CWE-79,0.0253,0.0127,0.0443,0.0127,0.0127,0.0,False,cve_pairs
1351,23,CWE-79,0.0251,0.0127,0.0437,0.0127,0.0127,0.0,False,cve_pairs
15671,23,CWE-79,0.0251,0.0127,0.0437,0.0127,0.0,0.0127,False,cve_pairs
1619,23,CWE-79,0.025,0.0127,0.0436,0.0127,0.038,0.0253,False,cve_pairs
5569,23,CWE-79,0.025,0.0127,0.0436,0.0127,0.0253,0.038,False,cve_pairs
30343,23,CWE-79,0.025,0.0127,0.0434,0.0127,0.0,0.0127,False,cve_pairs
2759,23,CWE-79,0.025,0.0127,0.0434,0.0127,0.0,0.0127,False,cve_pairs
15018,23,CWE-79,0.0249,0.0127,0.0434,0.0127,0.0,0.0127,False,cve_pairs
12606,23,CWE-79,0.0248,0.0127,0.043,0.0127,0.0127,0.0,False,cve_pairs
31509,23,CWE-79,0.0247,0.0127,0.0429,0.0127,0.0127,0.0,False,cve_pairs
11957,23,CWE-79,0.0247,0.0127,0.0428,0.0127,0.0127,0.0,False,cve_pairs
9887,23,CWE-79,0.0247,0.0127,0.0426,0.0127,0.0127,0.0,False,cve_pairs
19291,23,CWE-79,0.0245,0.0127,0.0423,0.0127,0.0253,0.0127,False,cve_pairs
24187,23,CWE-79,0.0244,0.0127,0.0421,0.0127,0.0127,0.0253,False,cve_pairs
3802,23,CWE-79,0.0244,0.0127,0.042,0.0127,0.0127,0.0,False,cve_pairs
5409,23,CWE-79,0.0244,0.0127,0.042,0.0127,0.0127,0.0253,False,cve_pairs
24457,23,CWE-79,0.0244,0.0127,0.0419,0.0127,0.0,0.0127,False,cve_pairs
21493,23,CWE-79,0.0243,0.0127,0.0418,0.0127,0.038,0.0506,False,cve_pairs
17771,23,CWE-79,0.0242,0.0127,0.0415,0.0127,0.0,0.0127,False,cve_pairs
18062,23,CWE-79,0.0242,0.0127,0.0415,0.0127,0.0127,0.0253,False,cve_pairs
28574,23,CWE-79,0.0239,0.0253,0.0218,0.0253,0.1392,0.1266,False,cve_pairs
16503,23,CWE-79,0.0237,0.0127,0.0401,0.0127,0.0253,0.0127,False,cve_pairs
25188,23,CWE-79,0.0236,0.0127,0.0401,0.0127,0.0,0.0127,False,cve_pairs
10503,23,CWE-79,0.0236,0.0127,0.0399,0.0127,0.0,0.0127,False,cve_pairs
1082,23,CWE-79,0.0236,0.0127,0.0399,0.0127,0.1013,0.1139,False,cve_pairs
30689,23,CWE-79,0.0235,0.0127,0.0398,0.0127,0.038,0.0253,False,cve_pairs
7242,23,CWE-79,0.0234,0.0127,0.0396,0.0127,0.0253,0.0127,False,cve_pairs
14595,23,CWE-79,0.0234,0.0127,0.0395,0.0127,0.0127,0.0,False,cve_pairs
30777,23,CWE-79,0.0233,0.0127,0.0393,0.0127,0.0,0.0127,False,cve_pairs
14909,23,CWE-125,0.1539,0.0921,0.2597,0.0658,0.2368,0.2895,True,cve_pairs
4837,23,CWE-125,0.1365,0.1579,0.157,0.0526,0.9079,0.8947,True,cve_pairs
18465,23,CWE-125,0.128,0.0658,0.2146,0.0789,0.2368,0.1711,True,cve_pairs
4950,23,CWE-125,0.125,0.0263,0.273,0.0263,0.0658,0.0395,True,cve_pairs
26125,23,CWE-125,0.1144,0.0658,0.1872,0.0658,0.0789,0.1447,True,cve_pairs
16109,23,CWE-125,0.1087,0.0658,0.1795,0.0526,0.2105,0.1711,True,cve_pairs
16655,23,CWE-125,0.1059,0.0658,0.166,0.0658,0.0921,0.0395,True,cve_pairs
17798,23,CWE-125,0.1055,0.0395,0.2046,0.0395,0.0,0.0395,False,cve_pairs
26322,23,CWE-125,0.1009,0.0789,0.1403,0.0658,0.2237,0.1711,True,cve_pairs
18695,23,CWE-125,0.0943,0.0526,0.1633,0.0395,0.0789,0.0395,True,cve_pairs
7533,23,CWE-125,0.0939,0.0526,0.1558,0.0526,0.0789,0.1184,True,cve_pairs
10541,23,CWE-125,0.0888,0.0526,0.1431,0.0526,0.1053,0.0658,True,cve_pairs
22052,23,CWE-125,0.0883,0.0395,0.1551,0.0526,0.1711,0.1316,True,cve_pairs
22555,23,CWE-125,0.0876,0.0263,0.1796,0.0263,0.0,0.0263,False,cve_pairs
893,23,CWE-125,0.0847,0.0132,0.1919,0.0132,0.0,0.0132,False,cve_pairs
18076,23,CWE-125,0.0843,0.0789,0.1122,0.0395,0.1447,0.1184,True,cve_pairs
2000,23,CWE-125,0.0837,0.0526,0.1435,0.0263,0.1316,0.1053,True,cve_pairs
23988,23,CWE-125,0.0836,0.0263,0.1695,0.0263,0.0,0.0263,False,cve_pairs
3011,23,CWE-125,0.077,0.0395,0.1334,0.0395,0.0,0.0395,False,cve_pairs
13946,23,CWE-125,0.0768,0.0395,0.1394,0.0263,0.1316,0.1053,True,cve_pairs
1652,23,CWE-125,0.0754,0.0789,0.0898,0.0395,0.1974,0.2105,True,cve_pairs
27773,23,CWE-125,0.0754,0.0526,0.1161,0.0395,0.1316,0.1711,True,cve_pairs
6915,23,CWE-125,0.0746,0.0263,0.1471,0.0263,0.0395,0.0132,True,cve_pairs
17740,23,CWE-125,0.0742,0.0132,0.1658,0.0132,0.0132,0.0,False,cve_pairs
4284,23,CWE-125,0.0737,0.0132,0.1644,0.0132,0.0132,0.0,False,cve_pairs
9600,23,CWE-125,0.0735,0.0132,0.1639,0.0132,0.0132,0.0,False,cve_pairs
19337,23,CWE-125,0.072,0.0132,0.1603,0.0132,0.0132,0.0,False,cve_pairs
9222,23,CWE-125,0.0695,0.0263,0.1342,0.0263,0.0658,0.0395,True,cve_pairs
14449,23,CWE-125,0.0693,0.0395,0.114,0.0395,0.0789,0.0395,True,cve_pairs
7580,23,CWE-125,0.0688,0.0263,0.1325,0.0263,0.0395,0.0132,True,cve_pairs
17509,23,CWE-125,0.0682,0.0132,0.1509,0.0132,0.0,0.0132,False,cve_pairs
9536,23,CWE-125,0.0656,0.0395,0.1049,0.0395,0.0526,0.0132,True,cve_pairs
13986,23,CWE-125,0.0653,0.0263,0.1238,0.0263,0.0395,0.0132,True,cve_pairs
11812,23,CWE-125,0.0645,0.0132,0.1415,0.0132,0.0,0.0132,False,cve_pairs
13467,23,CWE-125,0.0642,0.0132,0.1407,0.0132,0.0,0.0132,False,cve_pairs
15898,23,CWE-125,0.0614,0.0395,0.0943,0.0395,0.0132,0.0395,False,cve_pairs
147,23,CWE-125,0.0604,0.0395,0.0917,0.0395,0.0921,0.0658,True,cve_pairs
22687,23,CWE-125,0.0597,0.0132,0.1295,0.0132,0.0,0.0132,False,cve_pairs
25486,23,CWE-125,0.0596,0.0395,0.0963,0.0263,0.0526,0.0395,True,cve_pairs
9717,23,CWE-125,0.0589,0.0395,0.0881,0.0395,0.0395,0.0,True,cve_pairs
1173,23,CWE-125,0.0587,0.0395,0.0876,0.0395,0.0789,0.1053,True,cve_pairs
13872,23,CWE-125,0.0583,0.0132,0.1261,0.0132,0.0,0.0132,False,cve_pairs
10627,23,CWE-125,0.0582,0.0132,0.1258,0.0132,0.0,0.0132,False,cve_pairs
3802,23,CWE-125,0.0582,0.0263,0.1059,0.0263,0.0132,0.0395,False,cve_pairs
13399,23,CWE-125,0.0581,0.0263,0.0991,0.0395,0.1184,0.1447,True,cve_pairs
24921,23,CWE-125,0.0574,0.0263,0.104,0.0263,0.0526,0.0789,True,cve_pairs
9817,23,CWE-125,0.0568,0.0132,0.1222,0.0132,0.0,0.0132,False,cve_pairs
23281,23,CWE-125,0.0567,0.0395,0.0826,0.0395,0.0132,0.0526,False,cve_pairs
1148,23,CWE-125,0.0565,0.0132,0.1214,0.0132,0.0132,0.0,False,cve_pairs
21493,23,CWE-125,0.0563,0.0263,0.1014,0.0263,0.0,0.0263,False,cve_pairs
16204,23,CWE-125,0.0558,0.0263,0.0999,0.0263,0.0263,0.0526,True,cve_pairs
24652,23,CWE-125,0.0552,0.0263,0.0986,0.0263,0.0,0.0263,False,cve_pairs
15524,23,CWE-125,0.0549,0.0263,0.0977,0.0263,0.0658,0.0395,True,cve_pairs
30530,23,CWE-125,0.0548,0.0132,0.1173,0.0132,0.0,0.0132,False,cve_pairs
30231,23,CWE-125,0.0547,0.0263,0.0972,0.0263,0.0526,0.0263,True,cve_pairs
19087,23,CWE-125,0.0539,0.0658,0.0557,0.0263,0.1842,0.2105,True,cve_pairs
18751,23,CWE-125,0.0538,0.0263,0.095,0.0263,0.0,0.0263,False,cve_pairs
30832,23,CWE-125,0.0533,0.0263,0.0937,0.0263,0.0395,0.0132,True,cve_pairs
6657,23,CWE-125,0.0528,0.0263,0.0926,0.0263,0.2237,0.2105,True,cve_pairs
6962,23,CWE-125,0.0527,0.0132,0.1121,0.0132,0.0132,0.0,False,cve_pairs
25287,23,CWE-125,0.052,0.0132,0.1103,0.0132,0.0,0.0132,False,cve_pairs
5444,23,CWE-125,0.0516,0.0263,0.0895,0.0263,0.0,0.0263,False,cve_pairs
26943,23,CWE-125,0.0514,0.0263,0.0891,0.0263,0.0132,0.0395,False,cve_pairs
3479,23,CWE-125,0.0514,0.0263,0.0891,0.0263,0.0,0.0263,False,cve_pairs
17339,23,CWE-125,0.0513,0.0658,0.0493,0.0263,0.3289,0.3553,True,cve_pairs
13371,23,CWE-125,0.0512,0.0132,0.1082,0.0132,0.0132,0.0,False,cve_pairs
13628,23,CWE-125,0.0512,0.0526,0.0621,0.0263,0.0395,0.0658,True,cve_pairs
24712,23,CWE-125,0.051,0.0526,0.0617,0.0263,0.75,0.75,True,cve_pairs
28447,23,CWE-125,0.0509,0.0263,0.0812,0.0395,0.0263,0.0526,True,cve_pairs
8733,23,CWE-125,0.0508,0.0395,0.0743,0.0263,0.2237,0.2237,True,cve_pairs
20033,23,CWE-125,0.0501,0.0263,0.0859,0.0263,0.1053,0.1316,True,cve_pairs
5520,23,CWE-125,0.0501,0.0132,0.1056,0.0132,0.0,0.0132,False,cve_pairs
8176,23,CWE-125,0.0499,0.0132,0.1049,0.0132,0.0,0.0132,False,cve_pairs
25582,23,CWE-125,0.0495,0.0132,0.104,0.0132,0.0263,0.0395,False,cve_pairs
26375,23,CWE-125,0.0495,0.0263,0.0842,0.0263,0.0263,0.0,False,cve_pairs
26287,23,CWE-125,0.0495,0.0395,0.071,0.0263,0.0395,0.0132,False,cve_pairs
25286,23,CWE-125,0.0488,0.0263,0.0826,0.0263,0.0526,0.0263,False,cve_pairs
5028,23,CWE-125,0.0488,0.0921,0.0102,0.0395,0.2895,0.3158,False,cve_pairs
12757,23,CWE-125,0.0484,0.0263,0.0816,0.0263,0.0,0.0263,False,cve_pairs
20357,23,CWE-125,0.0482,0.0263,0.0811,0.0263,0.0132,0.0395,False,cve_pairs
3501,23,CWE-125,0.0477,0.0263,0.0798,0.0263,0.0263,0.0,False,cve_pairs
20644,23,CWE-125,0.0475,0.0132,0.0991,0.0132,0.0132,0.0,False,cve_pairs
18110,23,CWE-125,0.0475,0.0132,0.0989,0.0132,0.0,0.0132,False,cve_pairs
8163,23,CWE-125,0.0469,0.0132,0.0975,0.0132,0.0,0.0132,False,cve_pairs
20425,23,CWE-125,0.0469,0.0263,0.0777,0.0263,0.1316,0.1316,False,cve_pairs
25006,23,CWE-125,0.0467,0.0395,0.0642,0.0263,0.1053,0.0789,False,cve_pairs
13972,23,CWE-125,0.0465,0.0132,0.0966,0.0132,0.0132,0.0,False,cve_pairs
3946,23,CWE-125,0.0465,0.0132,0.0964,0.0132,0.0132,0.0,False,cve_pairs
23255,23,CWE-125,0.0463,0.0132,0.096,0.0132,0.0,0.0132,False,cve_pairs
8361,23,CWE-125,0.0463,0.0132,0.0959,0.0132,0.0,0.0132,False,cve_pairs
18843,23,CWE-125,0.0458,0.0263,0.0749,0.0263,0.0395,0.0132,False,cve_pairs
32556,23,CWE-125,0.0458,0.0132,0.0947,0.0132,0.0,0.0132,False,cve_pairs
14143,23,CWE-125,0.0457,0.0263,0.0749,0.0263,0.0263,0.0526,False,cve_pairs
1231,23,CWE-125,0.0457,0.0132,0.0945,0.0132,0.0,0.0132,False,cve_pairs
4326,23,CWE-125,0.0454,0.0263,0.074,0.0263,0.0263,0.0,False,cve_pairs
25214,23,CWE-125,0.0449,0.0263,0.0727,0.0263,0.0395,0.0132,False,cve_pairs
9481,23,CWE-125,0.0446,0.0132,0.0919,0.0132,0.0132,0.0,False,cve_pairs
22884,23,CWE-125,0.0443,0.0263,0.0712,0.0263,0.0,0.0263,False,cve_pairs
10506,23,CWE-125,0.0441,0.0658,0.0313,0.0263,0.3026,0.2895,False,cve_pairs
27589,23,CWE-125,0.0441,0.0132,0.0905,0.0132,0.0132,0.0,False,cve_pairs
23972,23,CWE-125,0.0438,0.0132,0.0898,0.0132,0.0132,0.0,False,cve_pairs
10311,23,CWE-125,0.0437,0.0263,0.0698,0.0263,0.0,0.0263,False,cve_pairs
24662,23,CWE-125,0.0437,0.0263,0.0697,0.0263,0.0132,0.0263,False,cve_pairs
9311,23,CWE-125,0.0435,0.0263,0.0692,0.0263,0.0263,0.0526,False,cve_pairs
18454,23,CWE-125,0.0434,0.0263,0.0691,0.0263,0.0395,0.0658,False,cve_pairs
307,23,CWE-125,0.0434,0.0132,0.0888,0.0132,0.0,0.0132,False,cve_pairs
14867,23,CWE-125,0.0431,0.0132,0.0881,0.0132,0.0132,0.0,False,cve_pairs
27933,23,CWE-125,0.0431,0.0263,0.0683,0.0263,0.0132,0.0395,False,cve_pairs
30953,23,CWE-125,0.0429,0.0263,0.0678,0.0263,0.0263,0.0,False,cve_pairs
15037,23,CWE-125,0.0428,0.0263,0.0675,0.0263,0.0658,0.0526,False,cve_pairs
9788,23,CWE-125,0.0427,0.0263,0.0673,0.0263,0.0395,0.0132,False,cve_pairs
21660,23,CWE-125,0.0427,0.0132,0.0869,0.0132,0.0,0.0132,False,cve_pairs
188,23,CWE-125,0.0425,0.0132,0.0864,0.0132,0.0,0.0132,False,cve_pairs
31194,23,CWE-125,0.0424,0.0263,0.0665,0.0263,0.0263,0.0,False,cve_pairs
20191,23,CWE-125,0.0424,0.0263,0.0665,0.0263,0.0395,0.0132,False,cve_pairs
8813,23,CWE-125,0.0423,0.0132,0.0861,0.0132,0.0658,0.0526,False,cve_pairs
26469,23,CWE-125,0.0423,0.0263,0.0662,0.0263,0.0395,0.0526,False,cve_pairs
18503,23,CWE-125,0.0422,0.0132,0.0857,0.0132,0.0,0.0132,False,cve_pairs
28696,23,CWE-125,0.0419,0.0263,0.0654,0.0263,0.0,0.0263,False,cve_pairs
21759,23,CWE-125,0.0418,0.0132,0.0848,0.0132,0.0,0.0132,False,cve_pairs
586,23,CWE-125,0.0417,0.0263,0.0647,0.0263,0.0263,0.0,False,cve_pairs
6793,23,CWE-125,0.0416,0.0263,0.0644,0.0263,0.0263,0.0395,False,cve_pairs
30731,23,CWE-125,0.0412,0.0132,0.0832,0.0132,0.0132,0.0,False,cve_pairs
23973,23,CWE-125,0.0408,0.0263,0.0626,0.0263,0.0,0.0263,False,cve_pairs
30026,23,CWE-125,0.0406,0.0263,0.0619,0.0263,0.0132,0.0395,False,cve_pairs
29471,23,CWE-125,0.0405,0.0132,0.0816,0.0132,0.0263,0.0395,False,cve_pairs
1126,23,CWE-125,0.0404,0.0263,0.0616,0.0263,0.0263,0.0,False,cve_pairs
20987,23,CWE-125,0.0404,0.0132,0.0813,0.0132,0.0132,0.0,False,cve_pairs
10760,23,CWE-125,0.0403,0.0263,0.0613,0.0263,0.0263,0.0526,False,cve_pairs
27281,23,CWE-125,0.0402,0.0132,0.0808,0.0132,0.0,0.0132,False,cve_pairs
9303,23,CWE-125,0.0401,0.0263,0.0607,0.0263,0.0,0.0263,False,cve_pairs
12015,23,CWE-125,0.0399,0.0132,0.0801,0.0132,0.0,0.0132,False,cve_pairs
32644,23,CWE-125,0.0398,0.0132,0.0797,0.0132,0.0132,0.0,False,cve_pairs
21236,23,CWE-125,0.0396,0.0132,0.0793,0.0132,0.0132,0.0,False,cve_pairs
6130,23,CWE-125,0.0395,0.0132,0.079,0.0132,0.0132,0.0263,False,cve_pairs
17193,23,CWE-125,0.0394,0.0132,0.0788,0.0132,0.0132,0.0132,False,cve_pairs
25046,23,CWE-125,0.0392,0.0132,0.0782,0.0132,0.0,0.0132,False,cve_pairs
11867,23,CWE-125,0.0385,0.0263,0.0633,0.0132,0.0263,0.0132,False,cve_pairs
8139,23,CWE-125,0.0384,0.0132,0.0763,0.0132,0.0,0.0132,False,cve_pairs
20296,23,CWE-125,0.0383,0.0526,0.03,0.0263,0.1447,0.1711,False,cve_pairs
30857,23,CWE-125,0.0383,0.0263,0.0562,0.0263,0.0,0.0263,False,cve_pairs
2602,23,CWE-125,0.0382,0.0132,0.0759,0.0132,0.0,0.0132,False,cve_pairs
29484,23,CWE-125,0.0382,0.0263,0.0561,0.0263,0.0789,0.0921,False,cve_pairs
12248,23,CWE-125,0.0379,0.0132,0.0749,0.0132,0.0395,0.0263,False,cve_pairs
18939,23,CWE-125,0.0378,0.0263,0.0551,0.0263,0.0,0.0263,False,cve_pairs
1578,23,CWE-125,0.0374,0.0132,0.0737,0.0132,0.0132,0.0263,False,cve_pairs
6062,23,CWE-125,0.0373,0.0263,0.0538,0.0263,0.0395,0.0263,False,cve_pairs
15173,23,CWE-125,0.0372,0.0132,0.0734,0.0132,0.0658,0.0526,False,cve_pairs
24724,23,CWE-125,0.0371,0.0132,0.073,0.0132,0.0,0.0132,False,cve_pairs
22576,23,CWE-125,0.0369,0.0263,0.0527,0.0263,0.0658,0.0395,False,cve_pairs
18167,23,CWE-125,0.0369,0.0132,0.0724,0.0132,0.0,0.0132,False,cve_pairs
21055,23,CWE-125,0.0368,0.0132,0.0723,0.0132,0.0,0.0132,False,cve_pairs
1267,23,CWE-125,0.0366,0.0132,0.0718,0.0132,0.0,0.0132,False,cve_pairs
7480,23,CWE-125,0.0365,0.0132,0.0716,0.0132,0.0132,0.0,False,cve_pairs
24971,23,CWE-125,0.0363,0.0132,0.0711,0.0132,0.0132,0.0,False,cve_pairs
30135,23,CWE-125,0.0363,0.0132,0.071,0.0132,0.0,0.0132,False,cve_pairs
15619,23,CWE-125,0.0363,0.0132,0.071,0.0132,0.0,0.0132,False,cve_pairs
27858,23,CWE-125,0.0361,0.0132,0.0705,0.0132,0.0395,0.0263,False,cve_pairs
25549,23,CWE-125,0.036,0.0132,0.0704,0.0132,0.0132,0.0,False,cve_pairs
2532,23,CWE-125,0.0359,0.0132,0.07,0.0132,0.0,0.0132,False,cve_pairs
25256,23,CWE-125,0.0359,0.0395,0.0305,0.0395,0.3289,0.3421,False,cve_pairs
17327,23,CWE-125,0.0359,0.0132,0.0699,0.0132,0.0395,0.0263,False,cve_pairs
20495,23,CWE-125,0.0358,0.0263,0.0566,0.0132,0.0263,0.0132,False,cve_pairs
26726,23,CWE-125,0.0358,0.0263,0.05,0.0263,0.0263,0.0395,False,cve_pairs
27,23,CWE-125,0.0357,0.0263,0.0499,0.0263,0.1316,0.1184,False,cve_pairs
9887,23,CWE-125,0.0355,0.0132,0.0689,0.0132,0.0132,0.0,False,cve_pairs
32194,23,CWE-125,0.0354,0.0132,0.0688,0.0132,0.0132,0.0263,False,cve_pairs
16976,23,CWE-125,0.0354,0.0132,0.0688,0.0132,0.0,0.0132,False,cve_pairs
13249,23,CWE-125,0.0352,0.0263,0.0552,0.0132,0.0921,0.0921,False,cve_pairs
7022,23,CWE-125,0.035,0.0132,0.0677,0.0132,0.0,0.0132,False,cve_pairs
3342,23,CWE-125,0.0349,0.0132,0.0676,0.0132,0.0,0.0132,False,cve_pairs
28928,23,CWE-125,0.0349,0.0132,0.0675,0.0132,0.0,0.0132,False,cve_pairs
17816,23,CWE-125,0.0349,0.0132,0.0674,0.0132,0.0132,0.0,False,cve_pairs
11094,23,CWE-125,0.0348,0.0132,0.0672,0.0132,0.0526,0.0395,False,cve_pairs
26371,23,CWE-125,0.0348,0.0132,0.0672,0.0132,0.0,0.0132,False,cve_pairs
7779,23,CWE-125,0.0347,0.0132,0.067,0.0132,0.0526,0.0395,False,cve_pairs
31157,23,CWE-125,0.0346,0.0132,0.0667,0.0132,0.0132,0.0,False,cve_pairs
28847,23,CWE-125,0.0346,0.0132,0.0667,0.0132,0.0132,0.0,False,cve_pairs
1082,23,CWE-125,0.0343,0.0395,0.0331,0.0263,0.0921,0.0921,False,cve_pairs
9982,23,CWE-125,0.0342,0.0132,0.0657,0.0132,0.0,0.0132,False,cve_pairs
24331,23,CWE-125,0.0341,0.0132,0.0655,0.0132,0.0263,0.0395,False,cve_pairs
13849,23,CWE-125,0.034,0.0263,0.0455,0.0263,0.0526,0.0395,False,cve_pairs
22867,23,CWE-125,0.034,0.0132,0.0653,0.0132,0.0,0.0132,False,cve_pairs
26406,23,CWE-125,0.0339,0.0132,0.0651,0.0132,0.0132,0.0,False,cve_pairs
24527,23,CWE-125,0.0339,0.0132,0.065,0.0132,0.0263,0.0132,False,cve_pairs
28589,23,CWE-125,0.0338,0.0132,0.0647,0.0132,0.0,0.0132,False,cve_pairs
31207,23,CWE-125,0.0338,0.0263,0.045,0.0263,0.0132,0.0263,False,cve_pairs
2324,23,CWE-125,0.0337,0.0132,0.0644,0.0132,0.0526,0.0526,False,cve_pairs
32203,23,CWE-125,0.0334,0.0395,0.0309,0.0263,0.0921,0.0789,False,cve_pairs
8814,23,CWE-125,0.0332,0.0263,0.0435,0.0263,0.0263,0.0132,False,cve_pairs
8769,23,CWE-125,0.033,0.0132,0.0626,0.0132,0.0132,0.0263,False,cve_pairs
10746,23,CWE-125,0.0327,0.0263,0.0487,0.0132,0.0658,0.0789,False,cve_pairs
16030,23,CWE-125,0.0326,0.0132,0.0619,0.0132,0.0132,0.0,False,cve_pairs
13843,23,CWE-125,0.0325,0.0132,0.0615,0.0132,0.0132,0.0263,False,cve_pairs
1436,23,CWE-125,0.0324,0.0132,0.0548,0.0263,0.0132,0.0263,False,cve_pairs
10904,23,CWE-125,0.0324,0.0132,0.0612,0.0132,0.0132,0.0,False,cve_pairs
2761,23,CWE-125,0.0323,0.0132,0.061,0.0132,0.0132,0.0,False,cve_pairs
9124,23,CWE-125,0.0323,0.0132,0.061,0.0132,0.0,0.0132,False,cve_pairs
29095,23,CWE-125,0.0322,0.0132,0.0541,0.0263,0.0263,0.0395,False,cve_pairs
10638,23,CWE-125,0.0321,0.0132,0.0606,0.0132,0.0,0.0132,False,cve_pairs
4837,23,CWE-787,0.2451,0.0923,0.4973,0.0462,0.8923,0.8923,True,cve_pairs
24712,23,CWE-787,0.1264,0.1077,0.1776,0.0615,0.7538,0.7077,True,cve_pairs
20425,23,CWE-787,0.0971,0.0462,0.1659,0.0615,0.1231,0.1692,True,cve_pairs
29719,23,CWE-787,0.0937,0.0308,0.1882,0.0308,0.0,0.0308,False,cve_pairs
13946,23,CWE-787,0.0852,0.0462,0.1515,0.0308,0.1231,0.1538,True,cve_pairs
6345,23,CWE-787,0.0837,0.0154,0.1861,0.0154,0.0154,0.0,False,cve_pairs
29484,23,CWE-787,0.0795,0.0308,0.1526,0.0308,0.0615,0.0923,True,cve_pairs
14909,23,CWE-787,0.0791,0.0462,0.1363,0.0308,0.2923,0.3077,True,cve_pairs
12248,23,CWE-787,0.0765,0.0308,0.1451,0.0308,0.0308,0.0,True,cve_pairs
28827,23,CWE-787,0.0757,0.0308,0.143,0.0308,0.0615,0.0308,True,cve_pairs
6672,23,CWE-787,0.0712,0.0154,0.1549,0.0154,0.0,0.0154,False,cve_pairs
1652,23,CWE-787,0.0698,0.0308,0.1208,0.0462,0.2,0.1692,True,cve_pairs
4617,23,CWE-787,0.0696,0.0154,0.151,0.0154,0.0,0.0154,False,cve_pairs
20971,23,CWE-787,0.0683,0.0308,0.1245,0.0308,0.0,0.0308,False,cve_pairs
1436,23,CWE-787,0.0665,0.0308,0.1202,0.0308,0.0615,0.0308,True,cve_pairs
7580,23,CWE-787,0.0662,0.0154,0.1424,0.0154,0.0308,0.0154,True,cve_pairs
11168,23,CWE-787,0.0662,0.0308,0.1192,0.0308,0.1692,0.2,True,cve_pairs
26322,23,CWE-787,0.0659,0.0615,0.0879,0.0308,0.1538,0.1846,True,cve_pairs
805,23,CWE-787,0.0651,0.0154,0.1396,0.0154,0.0,0.0154,False,cve_pairs
15593,23,CWE-787,0.0644,0.0154,0.1379,0.0154,0.0,0.0154,False,cve_pairs
30253,23,CWE-787,0.0639,0.0154,0.1366,0.0154,0.0154,0.0,False,cve_pairs
25258,23,CWE-787,0.0593,0.0154,0.1253,0.0154,0.0308,0.0154,True,cve_pairs
16109,23,CWE-787,0.059,0.0462,0.0783,0.0462,0.2,0.2,True,cve_pairs
13628,23,CWE-787,0.059,0.0308,0.1013,0.0308,0.1077,0.0923,True,cve_pairs
17339,23,CWE-787,0.0585,0.0462,0.0769,0.0462,0.4,0.3846,True,cve_pairs
22248,23,CWE-787,0.0581,0.0154,0.1221,0.0154,0.0154,0.0,False,cve_pairs
25256,23,CWE-787,0.0579,0.0769,0.0526,0.0308,0.3538,0.3538,True,cve_pairs
10554,23,CWE-787,0.0573,0.0308,0.0971,0.0308,0.0308,0.0,True,cve_pairs
21516,23,CWE-787,0.0571,0.0308,0.0966,0.0308,0.0923,0.0615,True,cve_pairs
28220,23,CWE-787,0.057,0.0308,0.0886,0.0462,0.0923,0.1077,True,cve_pairs
17464,23,CWE-787,0.0561,0.0308,0.0941,0.0308,0.1231,0.0923,True,cve_pairs
13732,23,CWE-787,0.0553,0.0154,0.1151,0.0154,0.0308,0.0462,True,cve_pairs
25781,23,CWE-787,0.0543,0.0154,0.1126,0.0154,0.0154,0.0308,False,cve_pairs
4504,23,CWE-787,0.0538,0.0154,0.1115,0.0154,0.0,0.0154,False,cve_pairs
31908,23,CWE-787,0.0536,0.0154,0.111,0.0154,0.0,0.0154,False,cve_pairs
1484,23,CWE-787,0.0525,0.0154,0.1083,0.0154,0.0154,0.0308,False,cve_pairs
7986,23,CWE-787,0.0514,0.0308,0.0823,0.0308,0.0462,0.0769,True,cve_pairs
26624,23,CWE-787,0.0512,0.0154,0.105,0.0154,0.0462,0.0462,True,cve_pairs
7583,23,CWE-787,0.0508,0.0154,0.104,0.0154,0.0,0.0154,False,cve_pairs
13276,23,CWE-787,0.0508,0.0308,0.0808,0.0308,0.0615,0.0923,True,cve_pairs
16431,23,CWE-787,0.0507,0.0308,0.0807,0.0308,0.1231,0.1077,True,cve_pairs
4502,23,CWE-787,0.0496,0.0154,0.101,0.0154,0.0154,0.0,False,cve_pairs
3505,23,CWE-787,0.0493,0.0308,0.077,0.0308,0.0,0.0308,False,cve_pairs
7973,23,CWE-787,0.0492,0.0154,0.0999,0.0154,0.0462,0.0308,False,cve_pairs
12980,23,CWE-787,0.0481,0.0154,0.0972,0.0154,0.0615,0.0769,False,cve_pairs
14256,23,CWE-787,0.0477,0.0308,0.0731,0.0308,0.0615,0.0308,False,cve_pairs
23311,23,CWE-787,0.0476,0.0154,0.096,0.0154,0.0154,0.0,False,cve_pairs
8482,23,CWE-787,0.0474,0.0308,0.0722,0.0308,0.0154,0.0462,False,cve_pairs
21350,23,CWE-787,0.0464,0.0154,0.093,0.0154,0.0769,0.0615,False,cve_pairs
16750,23,CWE-787,0.046,0.0154,0.092,0.0154,0.0,0.0154,False,cve_pairs
27,23,CWE-787,0.046,0.0308,0.0689,0.0308,0.1077,0.0923,False,cve_pairs
22764,23,CWE-787,0.0459,0.0154,0.0918,0.0154,0.0154,0.0308,False,cve_pairs
27762,23,CWE-787,0.0458,0.0154,0.0913,0.0154,0.0,0.0154,False,cve_pairs
30064,23,CWE-787,0.0457,0.0154,0.0911,0.0154,0.0154,0.0,False,cve_pairs
147,23,CWE-787,0.0454,0.0308,0.0749,0.0154,0.0615,0.0769,False,cve_pairs
4380,23,CWE-787,0.0451,0.0308,0.0666,0.0308,0.0308,0.0,False,cve_pairs
2337,23,CWE-787,0.0445,0.0154,0.0882,0.0154,0.0,0.0154,False,cve_pairs
25006,23,CWE-787,0.0445,0.0308,0.0651,0.0308,0.1385,0.1077,False,cve_pairs
27773,23,CWE-787,0.0444,0.0462,0.0495,0.0308,0.1538,0.1846,False,cve_pairs
30182,23,CWE-787,0.0441,0.0308,0.0642,0.0308,0.0615,0.0923,False,cve_pairs
13723,23,CWE-787,0.0439,0.0154,0.0868,0.0154,0.0308,0.0154,False,cve_pairs
9788,23,CWE-787,0.0437,0.0308,0.0631,0.0308,0.0308,0.0,False,cve_pairs
2987,23,CWE-787,0.0435,0.0308,0.0627,0.0308,0.0615,0.0308,False,cve_pairs
8733,23,CWE-787,0.0435,0.0308,0.0626,0.0308,0.1692,0.1692,False,cve_pairs
4326,23,CWE-787,0.0433,0.0308,0.0621,0.0308,0.0308,0.0462,False,cve_pairs
20296,23,CWE-787,0.0431,0.0308,0.0617,0.0308,0.1692,0.1385,False,cve_pairs
10746,23,CWE-787,0.043,0.0154,0.0844,0.0154,0.0462,0.0615,False,cve_pairs
25594,23,CWE-787,0.0421,0.0308,0.0591,0.0308,0.0769,0.0615,False,cve_pairs
19273,23,CWE-787,0.042,0.0154,0.0818,0.0154,0.0,0.0154,False,cve_pairs
3745,23,CWE-787,0.0419,0.0154,0.0818,0.0154,0.0462,0.0308,False,cve_pairs
26626,23,CWE-787,0.0417,0.0154,0.0811,0.0154,0.0308,0.0154,False,cve_pairs
27378,23,CWE-787,0.0412,0.0154,0.08,0.0154,0.0154,0.0,False,cve_pairs
10311,23,CWE-787,0.0399,0.0154,0.0767,0.0154,0.0154,0.0308,False,cve_pairs
18929,23,CWE-787,0.0397,0.0154,0.0763,0.0154,0.0154,0.0308,False,cve_pairs
12657,23,CWE-787,0.0396,0.0308,0.0606,0.0154,0.1538,0.1692,False,cve_pairs
21468,23,CWE-787,0.0393,0.0154,0.0753,0.0154,0.0615,0.0462,False,cve_pairs
30761,23,CWE-787,0.0386,0.0154,0.0734,0.0154,0.0154,0.0,False,cve_pairs
18543,23,CWE-787,0.0385,0.0154,0.0731,0.0154,0.0154,0.0,False,cve_pairs
30026,23,CWE-787,0.0384,0.0308,0.0499,0.0308,0.0462,0.0308,False,cve_pairs
13119,23,CWE-787,0.0382,0.0154,0.0725,0.0154,0.0308,0.0308,False,cve_pairs
21839,23,CWE-787,0.0382,0.0154,0.0723,0.0154,0.0154,0.0,False,cve_pairs
3187,23,CWE-787,0.0381,0.0154,0.0723,0.0154,0.0154,0.0,False,cve_pairs
24451,23,CWE-787,0.0381,0.0154,0.0721,0.0154,0.0615,0.0462,False,cve_pairs
18076,23,CWE-787,0.0379,0.0154,0.0717,0.0154,0.2,0.1846,False,cve_pairs
20044,23,CWE-787,0.0372,0.0154,0.0698,0.0154,0.0,0.0154,False,cve_pairs
24420,23,CWE-787,0.0366,0.0154,0.0685,0.0154,0.0154,0.0,False,cve_pairs
28743,23,CWE-787,0.0363,0.0154,0.0678,0.0154,0.0154,0.0,False,cve_pairs
30359,23,CWE-787,0.0358,0.0154,0.0665,0.0154,0.0462,0.0308,False,cve_pairs
12880,23,CWE-787,0.0358,0.0154,0.0663,0.0154,0.0154,0.0,False,cve_pairs
16976,23,CWE-787,0.0353,0.0154,0.0653,0.0154,0.0154,0.0,False,cve_pairs
29639,23,CWE-787,0.0353,0.0154,0.0652,0.0154,0.0,0.0154,False,cve_pairs
26493,23,CWE-787,0.035,0.0154,0.0645,0.0154,0.0462,0.0615,False,cve_pairs
6062,23,CWE-787,0.035,0.0154,0.0644,0.0154,0.0,0.0154,False,cve_pairs
14945,23,CWE-787,0.0349,0.0154,0.0643,0.0154,0.0154,0.0,False,cve_pairs
11413,23,CWE-787,0.0347,0.0154,0.0638,0.0154,0.0,0.0154,False,cve_pairs
5827,23,CWE-787,0.0346,0.0154,0.0635,0.0154,0.0,0.0154,False,cve_pairs
6555,23,CWE-787,0.0343,0.0154,0.0627,0.0154,0.0308,0.0154,False,cve_pairs
5028,23,CWE-787,0.0343,0.0462,0.0319,0.0154,0.1385,0.1231,False,cve_pairs
26509,23,CWE-787,0.0342,0.0154,0.0625,0.0154,0.0,0.0154,False,cve_pairs
18695,23,CWE-787,0.0342,0.0154,0.0624,0.0154,0.0462,0.0308,False,cve_pairs
31049,23,CWE-787,0.0342,0.0154,0.0624,0.0154,0.0154,0.0,False,cve_pairs
19881,23,CWE-787,0.0336,0.0154,0.0608,0.0154,0.0,0.0154,False,cve_pairs
21544,23,CWE-787,0.0336,0.0154,0.0608,0.0154,0.0154,0.0,False,cve_pairs
21380,23,CWE-787,0.0335,0.0154,0.0606,0.0154,0.0154,0.0154,False,cve_pairs
20436,23,CWE-787,0.0335,0.0154,0.0606,0.0154,0.0,0.0154,False,cve_pairs
19810,23,CWE-787,0.0332,0.0154,0.06,0.0154,0.0154,0.0,False,cve_pairs
17480,23,CWE-787,0.0332,0.0154,0.0599,0.0154,0.0,0.0154,False,cve_pairs
6390,23,CWE-787,0.0332,0.0154,0.0598,0.0154,0.0462,0.0308,False,cve_pairs
18751,23,CWE-787,0.033,0.0154,0.0595,0.0154,0.0154,0.0,False,cve_pairs
29978,23,CWE-787,0.0329,0.0154,0.0591,0.0154,0.0462,0.0308,False,cve_pairs
26029,23,CWE-787,0.0326,0.0154,0.0585,0.0154,0.0308,0.0154,False,cve_pairs
22240,23,CWE-787,0.0326,0.0154,0.0584,0.0154,0.0154,0.0,False,cve_pairs
7940,23,CWE-787,0.0325,0.0154,0.0582,0.0154,0.0154,0.0,False,cve_pairs
13614,23,CWE-787,0.0325,0.0154,0.0582,0.0154,0.0462,0.0308,False,cve_pairs
10446,23,CWE-787,0.0324,0.0154,0.058,0.0154,0.0154,0.0,False,cve_pairs
11535,23,CWE-787,0.0324,0.0154,0.058,0.0154,0.0154,0.0154,False,cve_pairs
8069,23,CWE-787,0.0324,0.0154,0.0579,0.0154,0.0154,0.0,False,cve_pairs
5601,23,CWE-787,0.0324,0.0154,0.0579,0.0154,0.0154,0.0,False,cve_pairs
32762,23,CWE-787,0.0323,0.0154,0.0576,0.0154,0.0308,0.0154,False,cve_pairs
12024,23,CWE-787,0.0322,0.0154,0.0575,0.0154,0.0,0.0154,False,cve_pairs
10300,23,CWE-787,0.0321,0.0154,0.0571,0.0154,0.0154,0.0,False,cve_pairs
15256,23,CWE-787,0.032,0.0154,0.057,0.0154,0.0154,0.0,False,cve_pairs
13923,23,CWE-787,0.032,0.0154,0.0569,0.0154,0.0462,0.0308,False,cve_pairs
7639,23,CWE-787,0.032,0.0154,0.0569,0.0154,0.0,0.0154,False,cve_pairs
18979,23,CWE-787,0.0317,0.0154,0.0563,0.0154,0.0154,0.0,False,cve_pairs
25910,23,CWE-787,0.0317,0.0154,0.0562,0.0154,0.0,0.0154,False,cve_pairs
6657,23,CWE-787,0.0316,0.0308,0.0405,0.0154,0.1846,0.2,False,cve_pairs
6201,23,CWE-787,0.0315,0.0154,0.0556,0.0154,0.0308,0.0154,False,cve_pairs
13852,23,CWE-787,0.0314,0.0154,0.0554,0.0154,0.0154,0.0,False,cve_pairs
11867,23,CWE-787,0.0313,0.0154,0.0551,0.0154,0.0308,0.0154,False,cve_pairs
24503,23,CWE-787,0.0308,0.0154,0.0539,0.0154,0.0308,0.0154,False,cve_pairs
1308,23,CWE-787,0.0305,0.0154,0.0532,0.0154,0.0,0.0154,False,cve_pairs
18943,23,CWE-787,0.0305,0.0154,0.0531,0.0154,0.0,0.0154,False,cve_pairs
29869,23,CWE-787,0.0304,0.0154,0.053,0.0154,0.0,0.0154,False,cve_pairs
1173,23,CWE-787,0.0303,0.0154,0.0527,0.0154,0.1077,0.0923,False,cve_pairs
17219,23,CWE-787,0.0302,0.0154,0.0523,0.0154,0.0462,0.0462,False,cve_pairs
30478,23,CWE-787,0.0301,0.0154,0.0522,0.0154,0.0,0.0154,False,cve_pairs
2324,23,CWE-787,0.03,0.0154,0.052,0.0154,0.0462,0.0308,False,cve_pairs
15831,23,CWE-787,0.03,0.0154,0.0519,0.0154,0.0,0.0154,False,cve_pairs
1469,23,CWE-787,0.0298,0.0154,0.0515,0.0154,0.0154,0.0308,False,cve_pairs
17932,23,CWE-787,0.0297,0.0154,0.0512,0.0154,0.0,0.0154,False,cve_pairs
12135,23,CWE-787,0.0293,0.0154,0.0503,0.0154,0.0,0.0154,False,cve_pairs
15992,23,CWE-787,0.0293,0.0154,0.0502,0.0154,0.0154,0.0,False,cve_pairs
2000,23,CWE-787,0.0293,0.0308,0.0348,0.0154,0.1077,0.1077,False,cve_pairs
28512,23,CWE-787,0.0292,0.0154,0.05,0.0154,0.0154,0.0,False,cve_pairs
19087,23,CWE-787,0.029,0.0154,0.0495,0.0154,0.0769,0.0769,False,cve_pairs
25261,23,CWE-787,0.029,0.0154,0.0494,0.0154,0.0154,0.0,False,cve_pairs
20293,23,CWE-787,0.0287,0.0308,0.0333,0.0154,0.0923,0.0769,False,cve_pairs
3640,23,CWE-787,0.0284,0.0154,0.0478,0.0154,0.0154,0.0,False,cve_pairs
3518,23,CWE-787,0.0283,0.0154,0.0476,0.0154,0.0154,0.0,False,cve_pairs
25795,23,CWE-787,0.0282,0.0154,0.0475,0.0154,0.0,0.0154,False,cve_pairs
2942,23,CWE-787,0.028,0.0154,0.0469,0.0154,0.0615,0.0462,False,cve_pairs
4083,23,CWE-787,0.028,0.0154,0.0469,0.0154,0.0154,0.0308,False,cve_pairs
17000,23,CWE-787,0.028,0.0154,0.0468,0.0154,0.0154,0.0,False,cve_pairs
23525,23,CWE-787,0.028,0.0154,0.0468,0.0154,0.0154,0.0308,False,cve_pairs
16589,23,CWE-787,0.0279,0.0154,0.0467,0.0154,0.0,0.0154,False,cve_pairs
23003,23,CWE-787,0.0279,0.0154,0.0466,0.0154,0.0154,0.0,False,cve_pairs
22726,23,CWE-787,0.0277,0.0154,0.0463,0.0154,0.0,0.0154,False,cve_pairs
17489,23,CWE-787,0.0277,0.0154,0.0461,0.0154,0.0308,0.0154,False,cve_pairs
31670,23,CWE-787,0.0277,0.0154,0.0461,0.0154,0.0308,0.0154,False,cve_pairs
1450,23,CWE-787,0.0276,0.0154,0.0458,0.0154,0.0154,0.0308,False,cve_pairs
13885,23,CWE-787,0.0275,0.0154,0.0456,0.0154,0.0308,0.0154,False,cve_pairs
12535,23,CWE-787,0.0275,0.0154,0.0456,0.0154,0.0154,0.0308,False,cve_pairs
26645,23,CWE-787,0.0274,0.0308,0.0301,0.0154,0.0308,0.0154,False,cve_pairs
25028,23,CWE-787,0.0274,0.0154,0.0454,0.0154,0.0,0.0154,False,cve_pairs
13849,23,CWE-787,0.0273,0.0154,0.0452,0.0154,0.0308,0.0154,False,cve_pairs
12932,23,CWE-787,0.0273,0.0154,0.0452,0.0154,0.0,0.0154,False,cve_pairs
13547,23,CWE-787,0.0272,0.0154,0.045,0.0154,0.0154,0.0,False,cve_pairs
23972,23,CWE-787,0.0272,0.0154,0.0448,0.0154,0.0154,0.0,False,cve_pairs
13714,23,CWE-787,0.0271,0.0154,0.0448,0.0154,0.0462,0.0308,False,cve_pairs
23973,23,CWE-787,0.0271,0.0154,0.0447,0.0154,0.0154,0.0,False,cve_pairs
32004,23,CWE-787,0.0271,0.0154,0.0446,0.0154,0.0154,0.0,False,cve_pairs
15135,23,CWE-787,0.027,0.0154,0.0444,0.0154,0.0462,0.0308,False,cve_pairs
5994,23,CWE-787,0.027,0.0154,0.0444,0.0154,0.0154,0.0154,False,cve_pairs
17159,23,CWE-787,0.0269,0.0308,0.0212,0.0308,0.1538,0.1692,False,cve_pairs
6527,23,CWE-787,0.0269,0.0154,0.0441,0.0154,0.0154,0.0,False,cve_pairs
19159,23,CWE-787,0.0268,0.0154,0.044,0.0154,0.0154,0.0,False,cve_pairs
26204,23,CWE-787,0.0268,0.0154,0.0438,0.0154,0.0154,0.0,False,cve_pairs
30677,23,CWE-787,0.0266,0.0154,0.0435,0.0154,0.0,0.0154,False,cve_pairs
22260,23,CWE-787,0.0266,0.0154,0.0434,0.0154,0.0,0.0154,False,cve_pairs
20300,23,CWE-787,0.0266,0.0154,0.0434,0.0154,0.0154,0.0,False,cve_pairs
18869,23,CWE-787,0.0265,0.0308,0.0277,0.0154,0.1231,0.1231,False,cve_pairs
10506,23,CWE-787,0.0265,0.0154,0.0354,0.0308,0.2308,0.2308,False,cve_pairs
2777,23,CWE-787,0.0264,0.0154,0.043,0.0154,0.0308,0.0154,False,cve_pairs
26415,23,CWE-787,0.0264,0.0308,0.0275,0.0154,0.0308,0.0154,False,cve_pairs
32482,23,CWE-787,0.0263,0.0154,0.0426,0.0154,0.0,0.0154,False,cve_pairs
4567,23,CWE-787,0.0262,0.0154,0.0425,0.0154,0.0,0.0154,False,cve_pairs
13462,23,CWE-787,0.0262,0.0154,0.0425,0.0154,0.0154,0.0,False,cve_pairs
9510,23,CWE-787,0.0262,0.0154,0.0425,0.0154,0.0308,0.0154,False,cve_pairs
29840,23,CWE-787,0.026,0.0154,0.042,0.0154,0.0,0.0154,False,cve_pairs
8813,23,CWE-787,0.026,0.0154,0.042,0.0154,0.0154,0.0308,False,cve_pairs
25528,23,CWE-787,0.026,0.0154,0.0419,0.0154,0.0154,0.0,False,cve_pairs
15604,23,CWE-787,0.026,0.0154,0.0419,0.0154,0.0154,0.0,False,cve_pairs
11770,23,CWE-787,0.026,0.0308,0.0264,0.0154,0.0308,0.0154,False,cve_pairs
8353,23,CWE-787,0.0259,0.0154,0.0417,0.0154,0.0154,0.0308,False,cve_pairs
18531,23,CWE-787,0.0259,0.0154,0.0417,0.0154,0.0154,0.0,False,cve_pairs
3387,23,CWE-787,0.0257,0.0154,0.0412,0.0154,0.0154,0.0,False,cve_pairs
20131,23,CWE-787,0.0257,0.0154,0.0411,0.0154,0.0923,0.0769,False,cve_pairs
17756,23,CWE-787,0.0257,0.0154,0.0411,0.0154,0.0154,0.0,False,cve_pairs
21756,23,CWE-787,0.0257,0.0154,0.0411,0.0154,0.0154,0.0308,False,cve_pairs
4837,23,CWE-190,0.7003,0.1529,1.539,0.1176,0.8941,0.9176,True,cve_pairs
10541,23,CWE-190,0.1436,0.0588,0.2707,0.0588,0.0118,0.0706,False,cve_pairs
13399,23,CWE-190,0.1196,0.0706,0.1932,0.0706,0.1176,0.0471,True,cve_pairs
19087,23,CWE-190,0.1038,0.0588,0.1713,0.0588,0.1294,0.0824,True,cve_pairs
17159,23,CWE-190,0.0946,0.0353,0.1836,0.0353,0.0941,0.1294,True,cve_pairs
1619,23,CWE-190,0.0905,0.0471,0.1556,0.0471,0.0706,0.0235,True,cve_pairs
29484,23,CWE-190,0.0882,0.0471,0.1558,0.0353,0.0588,0.0471,True,cve_pairs
18076,23,CWE-190,0.0854,0.0353,0.1546,0.0471,0.1765,0.1529,True,cve_pairs
18465,23,CWE-190,0.0823,0.0588,0.1235,0.0471,0.1412,0.1765,True,cve_pairs
24712,23,CWE-190,0.0823,0.1059,0.0763,0.0471,0.7412,0.7176,True,cve_pairs
15524,23,CWE-190,0.0814,0.0471,0.1329,0.0471,0.0824,0.0353,True,cve_pairs
15542,23,CWE-190,0.0791,0.0353,0.1447,0.0353,0.0,0.0353,False,cve_pairs
5028,23,CWE-190,0.0784,0.0588,0.1195,0.0353,0.2118,0.1765,True,cve_pairs
13628,23,CWE-190,0.0784,0.0471,0.1254,0.0471,0.0941,0.0471,True,cve_pairs
22156,23,CWE-190,0.0769,0.0235,0.157,0.0235,0.0235,0.0,True,cve_pairs
7986,23,CWE-190,0.0742,0.0706,0.0913,0.0471,0.0824,0.1059,True,cve_pairs
11168,23,CWE-190,0.0726,0.0471,0.1109,0.0471,0.1412,0.1765,True,cve_pairs
27,23,CWE-190,0.0711,0.0353,0.1248,0.0353,0.1529,0.1412,True,cve_pairs
25256,23,CWE-190,0.0709,0.0824,0.0714,0.0471,0.2941,0.3412,True,cve_pairs
21331,23,CWE-190,0.0707,0.0235,0.1414,0.0235,0.0235,0.0,True,cve_pairs
31420,23,CWE-190,0.0703,0.0235,0.1405,0.0235,0.0235,0.0,True,cve_pairs
20452,23,CWE-190,0.0679,0.0118,0.152,0.0118,0.0118,0.0,False,cve_pairs
14987,23,CWE-190,0.0678,0.0118,0.1519,0.0118,0.0118,0.0,False,cve_pairs
13986,23,CWE-190,0.0671,0.0353,0.1149,0.0353,0.0588,0.0235,True,cve_pairs
14006,23,CWE-190,0.065,0.0118,0.1447,0.0118,0.0,0.0118,False,cve_pairs
18087,23,CWE-190,0.0627,0.0353,0.1037,0.0353,0.0353,0.0,True,cve_pairs
15037,23,CWE-190,0.0622,0.0235,0.1203,0.0235,0.0353,0.0118,True,cve_pairs
12657,23,CWE-190,0.062,0.0588,0.0843,0.0235,0.2118,0.1882,True,cve_pairs
28830,23,CWE-190,0.0617,0.0235,0.1189,0.0235,0.0471,0.0235,True,cve_pairs
26469,23,CWE-190,0.0613,0.0235,0.1181,0.0235,0.0118,0.0353,False,cve_pairs
22764,23,CWE-190,0.0608,0.0235,0.1168,0.0235,0.0471,0.0353,True,cve_pairs
7867,23,CWE-190,0.0598,0.0353,0.0967,0.0353,0.0588,0.0235,True,cve_pairs
23614,23,CWE-190,0.0597,0.0118,0.1317,0.0118,0.0,0.0118,False,cve_pairs
16109,23,CWE-190,0.0584,0.0824,0.04,0.0471,0.2118,0.2471,True,cve_pairs
7942,23,CWE-190,0.0582,0.0118,0.1279,0.0118,0.0118,0.0,False,cve_pairs
15273,23,CWE-190,0.058,0.0353,0.0922,0.0353,0.0353,0.0706,True,cve_pairs
27913,23,CWE-190,0.0575,0.0118,0.1261,0.0118,0.0,0.0118,False,cve_pairs
13732,23,CWE-190,0.0562,0.0353,0.0876,0.0353,0.0,0.0353,False,cve_pairs
13249,23,CWE-190,0.056,0.0235,0.1047,0.0235,0.1059,0.0941,True,cve_pairs
25822,23,CWE-190,0.0559,0.0118,0.1221,0.0118,0.0,0.0118,False,cve_pairs
7890,23,CWE-190,0.0557,0.0235,0.104,0.0235,0.0235,0.0,True,cve_pairs
2246,23,CWE-190,0.0557,0.0235,0.1039,0.0235,0.0235,0.0,True,cve_pairs
1652,23,CWE-190,0.0548,0.0353,0.0841,0.0353,0.1294,0.1412,True,cve_pairs
469,23,CWE-190,0.0543,0.0353,0.0888,0.0235,0.0235,0.0471,True,cve_pairs
28754,23,CWE-190,0.0541,0.0235,0.0999,0.0235,0.0,0.0235,False,cve_pairs
7563,23,CWE-190,0.0536,0.0118,0.1163,0.0118,0.0,0.0118,False,cve_pairs
25525,23,CWE-190,0.0534,0.0471,0.0746,0.0235,0.0588,0.0353,True,cve_pairs
20946,23,CWE-190,0.0531,0.0235,0.0974,0.0235,0.0235,0.0,True,cve_pairs
8733,23,CWE-190,0.0518,0.0471,0.0707,0.0235,0.1882,0.2118,True,cve_pairs
25006,23,CWE-190,0.0515,0.0353,0.0816,0.0235,0.0941,0.0706,True,cve_pairs
3062,23,CWE-190,0.0511,0.0235,0.0926,0.0235,0.0235,0.0,True,cve_pairs
22161,23,CWE-190,0.0506,0.0118,0.1087,0.0118,0.0,0.0118,False,cve_pairs
20425,23,CWE-190,0.0505,0.0118,0.1026,0.0235,0.1059,0.0941,True,cve_pairs
4387,23,CWE-190,0.05,0.0235,0.0896,0.0235,0.0,0.0235,False,cve_pairs
28574,23,CWE-190,0.0498,0.0235,0.0893,0.0235,0.1412,0.1529,False,cve_pairs
7779,23,CWE-190,0.0497,0.0353,0.0772,0.0235,0.0588,0.0353,False,cve_pairs
1535,23,CWE-190,0.0493,0.0118,0.1057,0.0118,0.0118,0.0118,False,cve_pairs
30026,23,CWE-190,0.0493,0.0353,0.0762,0.0235,0.0706,0.0471,False,cve_pairs
11376,23,CWE-190,0.0493,0.0118,0.1055,0.0118,0.0118,0.0,False,cve_pairs
17782,23,CWE-190,0.0492,0.0353,0.0702,0.0353,0.0353,0.0,False,cve_pairs
28646,23,CWE-190,0.0486,0.0118,0.1038,0.0118,0.0118,0.0,False,cve_pairs
28280,23,CWE-190,0.0482,0.0118,0.1028,0.0118,0.0118,0.0,False,cve_pairs
26263,23,CWE-190,0.0482,0.0118,0.1027,0.0118,0.0,0.0118,False,cve_pairs
838,23,CWE-190,0.0474,0.0235,0.0832,0.0235,0.0,0.0235,False,cve_pairs
10292,23,CWE-190,0.0472,0.0118,0.1004,0.0118,0.0,0.0118,False,cve_pairs
1469,23,CWE-190,0.0467,0.0235,0.0814,0.0235,0.0235,0.0471,False,cve_pairs
32203,23,CWE-190,0.0465,0.0353,0.0692,0.0235,0.0235,0.0471,False,cve_pairs
15600,23,CWE-190,0.0462,0.0118,0.0977,0.0118,0.0118,0.0,False,cve_pairs
2324,23,CWE-190,0.0459,0.0118,0.097,0.0118,0.0118,0.0235,False,cve_pairs
21977,23,CWE-190,0.0458,0.0118,0.0968,0.0118,0.0118,0.0235,False,cve_pairs
9797,23,CWE-190,0.0456,0.0118,0.0964,0.0118,0.0,0.0118,False,cve_pairs
18034,23,CWE-190,0.0456,0.0118,0.0963,0.0118,0.0118,0.0,False,cve_pairs
27173,23,CWE-190,0.045,0.0235,0.0713,0.0353,0.0588,0.0824,False,cve_pairs
22052,23,CWE-190,0.0448,0.0471,0.0473,0.0353,0.0941,0.1176,False,cve_pairs
27602,23,CWE-190,0.0447,0.0118,0.0941,0.0118,0.0,0.0118,False,cve_pairs
21351,23,CWE-190,0.0446,0.0235,0.0761,0.0235,0.0235,0.0,False,cve_pairs
2784,23,CWE-190,0.0442,0.0118,0.0929,0.0118,0.0118,0.0,False,cve_pairs
11642,23,CWE-190,0.0439,0.0235,0.0746,0.0235,0.0118,0.0353,False,cve_pairs
10326,23,CWE-190,0.0439,0.0118,0.0922,0.0118,0.0,0.0118,False,cve_pairs
28743,23,CWE-190,0.0437,0.0118,0.0916,0.0118,0.0,0.0118,False,cve_pairs
29471,23,CWE-190,0.0437,0.0235,0.0739,0.0235,0.0235,0.0,False,cve_pairs
13462,23,CWE-190,0.0434,0.0353,0.0615,0.0235,0.0824,0.0588,False,cve_pairs
18397,23,CWE-190,0.0434,0.0471,0.0497,0.0235,0.0588,0.0471,False,cve_pairs
778,23,CWE-190,0.0434,0.0118,0.0907,0.0118,0.0118,0.0,False,cve_pairs
17339,23,CWE-190,0.0433,0.0824,0.0023,0.0471,0.3647,0.3765,False,cve_pairs
4887,23,CWE-190,0.043,0.0235,0.0723,0.0235,0.0235,0.0,False,cve_pairs
1436,23,CWE-190,0.043,0.0235,0.0722,0.0235,0.0824,0.0588,False,cve_pairs
29622,23,CWE-190,0.0429,0.0118,0.0895,0.0118,0.0,0.0118,False,cve_pairs
3629,23,CWE-190,0.0428,0.0235,0.0716,0.0235,0.0118,0.0235,False,cve_pairs
30182,23,CWE-190,0.0426,0.0353,0.0537,0.0353,0.0706,0.0471,False,cve_pairs
9815,23,CWE-190,0.0426,0.0353,0.0593,0.0235,0.0353,0.0235,False,cve_pairs
24344,23,CWE-190,0.042,0.0235,0.0698,0.0235,0.0353,0.0118,False,cve_pairs
7703,23,CWE-190,0.0418,0.0118,0.087,0.0118,0.0,0.0118,False,cve_pairs
5771,23,CWE-190,0.0418,0.0118,0.0869,0.0118,0.0,0.0118,False,cve_pairs
7480,23,CWE-190,0.0418,0.0235,0.0691,0.0235,0.0235,0.0,False,cve_pairs
24234,23,CWE-190,0.0417,0.0118,0.0865,0.0118,0.0118,0.0,False,cve_pairs
30643,23,CWE-190,0.0413,0.0118,0.0857,0.0118,0.0118,0.0235,False,cve_pairs
15591,23,CWE-190,0.0413,0.0235,0.0678,0.0235,0.0,0.0235,False,cve_pairs
10997,23,CWE-190,0.0412,0.0118,0.0853,0.0118,0.0,0.0118,False,cve_pairs
13171,23,CWE-190,0.0405,0.0118,0.0836,0.0118,0.0,0.0118,False,cve_pairs
10300,23,CWE-190,0.0405,0.0235,0.0659,0.0235,0.0118,0.0353,False,cve_pairs
31460,23,CWE-190,0.04,0.0235,0.0647,0.0235,0.0235,0.0,False,cve_pairs
5243,23,CWE-190,0.0397,0.0118,0.0817,0.0118,0.0235,0.0118,False,cve_pairs
26205,23,CWE-190,0.0393,0.0235,0.0628,0.0235,0.0706,0.0941,False,cve_pairs
21354,23,CWE-190,0.0388,0.0118,0.0794,0.0118,0.0118,0.0,False,cve_pairs
28453,23,CWE-190,0.0387,0.0235,0.0613,0.0235,0.0118,0.0353,False,cve_pairs
13849,23,CWE-190,0.0386,0.0118,0.0729,0.0235,0.0471,0.0353,False,cve_pairs
23403,23,CWE-190,0.0385,0.0235,0.0609,0.0235,0.0588,0.0353,False,cve_pairs
20170,23,CWE-190,0.0385,0.0118,0.0786,0.0118,0.0118,0.0,False,cve_pairs
7580,23,CWE-190,0.0383,0.0118,0.0781,0.0118,0.0118,0.0235,False,cve_pairs
13276,23,CWE-190,0.0382,0.0118,0.072,0.0235,0.0588,0.0471,False,cve_pairs
28179,23,CWE-190,0.0381,0.0118,0.0777,0.0118,0.0471,0.0588,False,cve_pairs
31432,23,CWE-190,0.0381,0.0235,0.0599,0.0235,0.0235,0.0,False,cve_pairs
7175,23,CWE-190,0.0381,0.0235,0.0599,0.0235,0.0,0.0235,False,cve_pairs
20033,23,CWE-190,0.0379,0.0235,0.0595,0.0235,0.1176,0.1412,False,cve_pairs
20400,23,CWE-190,0.0378,0.0118,0.077,0.0118,0.0,0.0118,False,cve_pairs
3784,23,CWE-190,0.0377,0.0235,0.059,0.0235,0.0,0.0235,False,cve_pairs
11856,23,CWE-190,0.0374,0.0118,0.076,0.0118,0.0,0.0118,False,cve_pairs
26999,23,CWE-190,0.0373,0.0235,0.058,0.0235,0.0471,0.0706,False,cve_pairs
9591,23,CWE-190,0.0372,0.0118,0.0753,0.0118,0.0118,0.0118,False,cve_pairs
12274,23,CWE-190,0.0371,0.0118,0.0752,0.0118,0.0,0.0118,False,cve_pairs
20131,23,CWE-190,0.037,0.0235,0.0571,0.0235,0.0588,0.0353,False,cve_pairs
24442,23,CWE-190,0.0368,0.0118,0.0744,0.0118,0.0,0.0118,False,cve_pairs
30876,23,CWE-190,0.0368,0.0235,0.0567,0.0235,0.0471,0.0588,False,cve_pairs
3745,23,CWE-190,0.0368,0.0353,0.0449,0.0235,0.0824,0.0824,False,cve_pairs
460,23,CWE-190,0.0368,0.0118,0.0743,0.0118,0.0,0.0118,False,cve_pairs
31049,23,CWE-190,0.0364,0.0235,0.0557,0.0235,0.0235,0.0235,False,cve_pairs
6462,23,CWE-190,0.0364,0.0235,0.0557,0.0235,0.0471,0.0706,False,cve_pairs
18869,23,CWE-190,0.0362,0.0118,0.0729,0.0118,0.0471,0.0353,False,cve_pairs
8428,23,CWE-190,0.0356,0.0118,0.0714,0.0118,0.0118,0.0,False,cve_pairs
1173,23,CWE-190,0.0356,0.0235,0.0536,0.0235,0.0353,0.0118,False,cve_pairs
18060,23,CWE-190,0.0354,0.0118,0.0709,0.0118,0.0,0.0118,False,cve_pairs
28220,23,CWE-190,0.0354,0.0235,0.0532,0.0235,0.1059,0.0941,False,cve_pairs
3518,23,CWE-190,0.0354,0.0235,0.0531,0.0235,0.0235,0.0,False,cve_pairs
28744,23,CWE-190,0.0353,0.0235,0.0529,0.0235,0.0,0.0235,False,cve_pairs
19154,23,CWE-190,0.0353,0.0235,0.0529,0.0235,0.0353,0.0118,False,cve_pairs
17485,23,CWE-190,0.0352,0.0118,0.0704,0.0118,0.0118,0.0,False,cve_pairs
26322,23,CWE-190,0.0351,0.0471,0.0289,0.0235,0.2235,0.2118,False,cve_pairs
26416,23,CWE-190,0.0349,0.0118,0.0697,0.0118,0.0,0.0118,False,cve_pairs
14143,23,CWE-190,0.0349,0.0235,0.0519,0.0235,0.0,0.0235,False,cve_pairs
16431,23,CWE-190,0.0349,0.0235,0.0519,0.0235,0.0706,0.0941,False,cve_pairs
7546,23,CWE-190,0.0348,0.0235,0.0518,0.0235,0.0353,0.0588,False,cve_pairs
21380,23,CWE-190,0.0348,0.0118,0.0692,0.0118,0.0118,0.0,False,cve_pairs
30617,23,CWE-190,0.0346,0.0118,0.0689,0.0118,0.0118,0.0,False,cve_pairs
26066,23,CWE-190,0.0346,0.0118,0.0688,0.0118,0.0,0.0118,False,cve_pairs
5859,23,CWE-190,0.0345,0.0118,0.0686,0.0118,0.0118,0.0,False,cve_pairs
25287,23,CWE-190,0.0345,0.0118,0.0686,0.0118,0.0118,0.0,False,cve_pairs
18695,23,CWE-190,0.0345,0.0235,0.0509,0.0235,0.0353,0.0235,False,cve_pairs
9765,23,CWE-190,0.0345,0.0118,0.0686,0.0118,0.0,0.0118,False,cve_pairs
23268,23,CWE-190,0.0343,0.0118,0.0682,0.0118,0.0,0.0118,False,cve_pairs
13465,23,CWE-190,0.0343,0.0118,0.0681,0.0118,0.0,0.0118,False,cve_pairs
25936,23,CWE-190,0.0342,0.0118,0.0679,0.0118,0.0118,0.0,False,cve_pairs
30127,23,CWE-190,0.0341,0.0118,0.0676,0.0118,0.0118,0.0118,False,cve_pairs
10746,23,CWE-190,0.034,0.0235,0.0498,0.0235,0.1176,0.1059,False,cve_pairs
21689,23,CWE-190,0.034,0.0235,0.0496,0.0235,0.0,0.0235,False,cve_pairs
8868,23,CWE-190,0.0339,0.0118,0.067,0.0118,0.0,0.0118,False,cve_pairs
22507,23,CWE-190,0.0337,0.0235,0.0489,0.0235,0.0235,0.0471,False,cve_pairs
31577,23,CWE-190,0.0336,0.0118,0.0664,0.0118,0.0,0.0118,False,cve_pairs
24971,23,CWE-190,0.0336,0.0118,0.0663,0.0118,0.0,0.0118,False,cve_pairs
30231,23,CWE-190,0.0336,0.0235,0.0486,0.0235,0.0706,0.0824,False,cve_pairs
18350,23,CWE-190,0.0334,0.0118,0.0659,0.0118,0.0118,0.0,False,cve_pairs
26624,23,CWE-190,0.0332,0.0235,0.0477,0.0235,0.0235,0.0353,False,cve_pairs
26375,23,CWE-190,0.0331,0.0118,0.0652,0.0118,0.0118,0.0235,False,cve_pairs
17008,23,CWE-190,0.033,0.0118,0.0649,0.0118,0.0118,0.0,False,cve_pairs
17614,23,CWE-190,0.0329,0.0235,0.0469,0.0235,0.0471,0.0235,False,cve_pairs
8451,23,CWE-190,0.0328,0.0118,0.0645,0.0118,0.0118,0.0,False,cve_pairs
11534,23,CWE-190,0.0327,0.0471,0.0229,0.0235,0.1882,0.2,False,cve_pairs
7973,23,CWE-190,0.0327,0.0118,0.064,0.0118,0.0118,0.0,False,cve_pairs
94,23,CWE-190,0.0325,0.0118,0.0637,0.0118,0.0,0.0118,False,cve_pairs
12030,23,CWE-190,0.0325,0.0118,0.0636,0.0118,0.0,0.0118,False,cve_pairs
11829,23,CWE-190,0.0325,0.0118,0.0635,0.0118,0.0118,0.0,False,cve_pairs
12015,23,CWE-190,0.0323,0.0118,0.0632,0.0118,0.0,0.0118,False,cve_pairs
15768,23,CWE-190,0.0323,0.0118,0.0632,0.0118,0.0118,0.0,False,cve_pairs
1534,23,CWE-190,0.0322,0.0118,0.0629,0.0118,0.0118,0.0,False,cve_pairs
32441,23,CWE-190,0.032,0.0118,0.0622,0.0118,0.0118,0.0,False,cve_pairs
2549,23,CWE-190,0.0318,0.0118,0.0619,0.0118,0.0118,0.0235,False,cve_pairs
26673,23,CWE-190,0.0318,0.0118,0.0618,0.0118,0.0118,0.0118,False,cve_pairs
15831,23,CWE-190,0.0318,0.0118,0.0618,0.0118,0.0235,0.0118,False,cve_pairs
21391,23,CWE-190,0.0315,0.0118,0.061,0.0118,0.0,0.0118,False,cve_pairs
5791,23,CWE-190,0.0314,0.0118,0.0609,0.0118,0.0,0.0118,False,cve_pairs
2499,23,CWE-190,0.0314,0.0118,0.0609,0.0118,0.0235,0.0118,False,cve_pairs
13367,23,CWE-190,0.0313,0.0118,0.0606,0.0118,0.0118,0.0235,False,cve_pairs
6759,23,CWE-190,0.031,0.0118,0.0598,0.0118,0.0118,0.0,False,cve_pairs
18915,23,CWE-190,0.031,0.0118,0.0598,0.0118,0.0235,0.0118,False,cve_pairs
7573,23,CWE-190,0.0309,0.0235,0.0478,0.0118,0.0235,0.0353,False,cve_pairs
29535,23,CWE-190,0.0308,0.0118,0.0593,0.0118,0.0118,0.0,False,cve_pairs
15535,23,CWE-190,0.0306,0.0118,0.0588,0.0118,0.0118,0.0,False,cve_pairs
27077,23,CWE-190,0.0306,0.0118,0.0588,0.0118,0.0235,0.0118,False,cve_pairs
29978,23,CWE-190,0.0305,0.0118,0.0585,0.0118,0.0,0.0118,False,cve_pairs
25245,23,CWE-190,0.0304,0.0118,0.0585,0.0118,0.0118,0.0235,False,cve_pairs
14219,23,CWE-190,0.0304,0.0118,0.0584,0.0118,0.0118,0.0,False,cve_pairs
27890,23,CWE-190,0.0303,0.0118,0.0581,0.0118,0.0118,0.0235,False,cve_pairs
4797,23,CWE-190,0.0301,0.0118,0.0576,0.0118,0.0118,0.0235,False,cve_pairs
14315,23,CWE-190,0.0297,0.0235,0.0388,0.0235,0.0588,0.0706,False,cve_pairs
14186,23,CWE-190,0.0296,0.0118,0.0564,0.0118,0.0118,0.0235,False,cve_pairs
5693,23,CWE-190,0.0296,0.0118,0.0563,0.0118,0.0235,0.0118,False,cve_pairs
13946,23,CWE-190,0.0295,0.0235,0.0384,0.0235,0.1176,0.1176,False,cve_pairs
20122,23,CWE-190,0.0293,0.0118,0.0557,0.0118,0.0118,0.0,False,cve_pairs
14909,23,CWE-190,0.0293,0.0353,0.0261,0.0235,0.3176,0.3294,False,cve_pairs
10719,23,CWE-190,0.0292,0.0353,0.0319,0.0118,0.1412,0.1412,False,cve_pairs
4837,23,CWE-476,0.2392,0.1067,0.4647,0.0533,0.8533,0.88,True,cve_pairs
10506,23,CWE-476,0.1304,0.08,0.2193,0.0533,0.24,0.2933,True,cve_pairs
13249,23,CWE-476,0.1197,0.04,0.2393,0.04,0.0667,0.0267,True,cve_pairs
16750,23,CWE-476,0.1092,0.04,0.213,0.04,0.0,0.04,False,cve_pairs
11266,23,CWE-476,0.1081,0.0133,0.2503,0.0133,0.0133,0.0,False,cve_pairs
20293,23,CWE-476,0.1045,0.0533,0.1813,0.0533,0.08,0.0267,True,cve_pairs
24712,23,CWE-476,0.1018,0.12,0.1079,0.0533,0.6667,0.6933,True,cve_pairs
17339,23,CWE-476,0.098,0.0533,0.1584,0.0667,0.4267,0.4133,True,cve_pairs
26062,23,CWE-476,0.0905,0.0133,0.2063,0.0133,0.0533,0.04,True,cve_pairs
23479,23,CWE-476,0.0871,0.0533,0.1379,0.0533,0.0267,0.08,True,cve_pairs
27601,23,CWE-476,0.0864,0.04,0.1561,0.04,0.0667,0.04,True,cve_pairs
18397,23,CWE-476,0.0841,0.04,0.1501,0.04,0.0933,0.0667,True,cve_pairs
12657,23,CWE-476,0.0834,0.0533,0.1353,0.04,0.0667,0.1067,True,cve_pairs
17797,23,CWE-476,0.0828,0.0267,0.167,0.0267,0.0267,0.0,True,cve_pairs
1652,23,CWE-476,0.0811,0.04,0.1427,0.04,0.1333,0.0933,True,cve_pairs
17798,23,CWE-476,0.0798,0.0267,0.1594,0.0267,0.0267,0.0,True,cve_pairs
26322,23,CWE-476,0.0791,0.0667,0.1112,0.04,0.24,0.2,True,cve_pairs
25256,23,CWE-476,0.0785,0.0533,0.123,0.04,0.3333,0.3733,True,cve_pairs
23403,23,CWE-476,0.0729,0.0267,0.1423,0.0267,0.0267,0.0,True,cve_pairs
17346,23,CWE-476,0.0723,0.0133,0.1607,0.0133,0.0133,0.0,False,cve_pairs
4504,23,CWE-476,0.0704,0.0133,0.1559,0.0133,0.0,0.0133,False,cve_pairs
7411,23,CWE-476,0.0699,0.0267,0.1348,0.0267,0.0,0.0267,False,cve_pairs
25511,23,CWE-476,0.0696,0.04,0.114,0.04,0.0,0.04,False,cve_pairs
11262,23,CWE-476,0.0686,0.0267,0.1316,0.0267,0.0267,0.0133,True,cve_pairs
1469,23,CWE-476,0.0675,0.0267,0.1287,0.0267,0.0267,0.0,True,cve_pairs
14538,23,CWE-476,0.067,0.0133,0.1476,0.0133,0.0133,0.0,False,cve_pairs
303,23,CWE-476,0.0665,0.0267,0.1263,0.0267,0.04,0.0133,True,cve_pairs
4419,23,CWE-476,0.0663,0.0133,0.1458,0.0133,0.0133,0.0,False,cve_pairs
24801,23,CWE-476,0.0657,0.0133,0.1443,0.0133,0.0133,0.0,False,cve_pairs
27718,23,CWE-476,0.0656,0.0267,0.1241,0.0267,0.04,0.0667,True,cve_pairs
28179,23,CWE-476,0.0626,0.0267,0.1165,0.0267,0.0533,0.0267,True,cve_pairs
32320,23,CWE-476,0.0626,0.0267,0.1165,0.0267,0.0133,0.04,False,cve_pairs
18076,23,CWE-476,0.0614,0.04,0.0935,0.04,0.12,0.1067,True,cve_pairs
14069,23,CWE-476,0.06,0.0267,0.1034,0.04,0.04,0.0133,True,cve_pairs
2000,23,CWE-476,0.0594,0.0267,0.1085,0.0267,0.16,0.1333,True,cve_pairs
11168,23,CWE-476,0.0593,0.04,0.0882,0.04,0.1067,0.0933,True,cve_pairs
18299,23,CWE-476,0.0588,0.0133,0.1271,0.0133,0.0133,0.0,False,cve_pairs
15336,23,CWE-476,0.0588,0.04,0.087,0.04,0.04,0.08,True,cve_pairs
9207,23,CWE-476,0.0578,0.0133,0.1245,0.0133,0.0,0.0133,False,cve_pairs
2119,23,CWE-476,0.0568,0.0133,0.122,0.0133,0.0133,0.0,False,cve_pairs
19837,23,CWE-476,0.056,0.0133,0.1199,0.0133,0.0,0.0133,False,cve_pairs
23512,23,CWE-476,0.0555,0.0133,0.1188,0.0133,0.0267,0.0133,True,cve_pairs
11535,23,CWE-476,0.0552,0.0267,0.0979,0.0267,0.0267,0.0,True,cve_pairs
26235,23,CWE-476,0.0538,0.0133,0.1145,0.0133,0.0133,0.0,False,cve_pairs
24882,23,CWE-476,0.0536,0.0133,0.1141,0.0133,0.0133,0.0,False,cve_pairs
19606,23,CWE-476,0.0536,0.0133,0.1139,0.0133,0.0,0.0133,False,cve_pairs
23547,23,CWE-476,0.0535,0.0133,0.1138,0.0133,0.0,0.0133,False,cve_pairs
96,23,CWE-476,0.0523,0.0133,0.1108,0.0133,0.0133,0.0,False,cve_pairs
21660,23,CWE-476,0.0513,0.0133,0.1081,0.0133,0.0,0.0133,False,cve_pairs
7893,23,CWE-476,0.0511,0.0133,0.1079,0.0133,0.0,0.0133,False,cve_pairs
15046,23,CWE-476,0.0511,0.0267,0.0878,0.0267,0.04,0.0133,True,cve_pairs
984,23,CWE-476,0.0509,0.0133,0.1073,0.0133,0.0,0.0133,False,cve_pairs
25559,23,CWE-476,0.0508,0.0133,0.1071,0.0133,0.0,0.0133,False,cve_pairs
9593,23,CWE-476,0.0507,0.0267,0.0867,0.0267,0.08,0.0533,True,cve_pairs
16589,23,CWE-476,0.0505,0.0133,0.1062,0.0133,0.0133,0.0,False,cve_pairs
21321,23,CWE-476,0.0503,0.0133,0.1057,0.0133,0.0,0.0133,False,cve_pairs
15059,23,CWE-476,0.0501,0.0133,0.1053,0.0133,0.0133,0.0,False,cve_pairs
3062,23,CWE-476,0.0501,0.04,0.0719,0.0267,0.0667,0.04,True,cve_pairs
27438,23,CWE-476,0.05,0.0133,0.105,0.0133,0.0,0.0133,False,cve_pairs
23650,23,CWE-476,0.05,0.0133,0.105,0.0133,0.0,0.0133,False,cve_pairs
17830,23,CWE-476,0.0499,0.0133,0.1046,0.0133,0.0267,0.0133,False,cve_pairs
13289,23,CWE-476,0.0498,0.0133,0.1045,0.0133,0.0,0.0133,False,cve_pairs
30359,23,CWE-476,0.0496,0.0267,0.084,0.0267,0.0267,0.0,False,cve_pairs
15524,23,CWE-476,0.0488,0.0267,0.082,0.0267,0.1067,0.08,False,cve_pairs
9877,23,CWE-476,0.0487,0.0133,0.1018,0.0133,0.0,0.0133,False,cve_pairs
2549,23,CWE-476,0.0486,0.0133,0.1014,0.0133,0.0,0.0133,False,cve_pairs
26125,23,CWE-476,0.048,0.04,0.0667,0.0267,0.0667,0.04,False,cve_pairs
1436,23,CWE-476,0.048,0.0267,0.0799,0.0267,0.04,0.0133,False,cve_pairs
5028,23,CWE-476,0.0474,0.0533,0.0518,0.0267,0.16,0.1867,False,cve_pairs
4950,23,CWE-476,0.0473,0.0133,0.0982,0.0133,0.04,0.0533,False,cve_pairs
5628,23,CWE-476,0.047,0.0133,0.0975,0.0133,0.0,0.0133,False,cve_pairs
30760,23,CWE-476,0.0469,0.0133,0.0974,0.0133,0.0133,0.0267,False,cve_pairs
16388,23,CWE-476,0.0467,0.0133,0.0967,0.0133,0.0,0.0133,False,cve_pairs
22493,23,CWE-476,0.0466,0.0133,0.0966,0.0133,0.0133,0.0,False,cve_pairs
898,23,CWE-476,0.0464,0.0133,0.096,0.0133,0.0267,0.04,False,cve_pairs
9887,23,CWE-476,0.0462,0.0267,0.0755,0.0267,0.04,0.0133,False,cve_pairs
1752,23,CWE-476,0.0461,0.0133,0.0951,0.0133,0.0,0.0133,False,cve_pairs
13399,23,CWE-476,0.046,0.04,0.0616,0.0267,0.0933,0.0667,False,cve_pairs
4141,23,CWE-476,0.0459,0.0267,0.0747,0.0267,0.0267,0.0,False,cve_pairs
25901,23,CWE-476,0.0457,0.0133,0.0942,0.0133,0.0133,0.0,False,cve_pairs
15273,23,CWE-476,0.0454,0.0133,0.0934,0.0133,0.0,0.0133,False,cve_pairs
13171,23,CWE-476,0.0449,0.0133,0.0923,0.0133,0.0,0.0133,False,cve_pairs
8176,23,CWE-476,0.0448,0.0133,0.092,0.0133,0.0133,0.0,False,cve_pairs
7533,23,CWE-476,0.0445,0.04,0.0579,0.0267,0.1067,0.08,False,cve_pairs
30821,23,CWE-476,0.0445,0.0133,0.0912,0.0133,0.0133,0.0,False,cve_pairs
31419,23,CWE-476,0.0441,0.0267,0.0701,0.0267,0.0267,0.0,False,cve_pairs
32575,23,CWE-476,0.044,0.0133,0.09,0.0133,0.0133,0.0,False,cve_pairs
29588,23,CWE-476,0.0439,0.0133,0.0896,0.0133,0.0133,0.0,False,cve_pairs
10638,23,CWE-476,0.0437,0.0133,0.0893,0.0133,0.0133,0.0,False,cve_pairs
13343,23,CWE-476,0.0435,0.0267,0.0687,0.0267,0.0267,0.0,False,cve_pairs
26509,23,CWE-476,0.0434,0.04,0.0551,0.0267,0.04,0.0667,False,cve_pairs
14909,23,CWE-476,0.0427,0.08,0.0002,0.0533,0.2533,0.2,False,cve_pairs
24399,23,CWE-476,0.0425,0.0267,0.0663,0.0267,0.04,0.0133,False,cve_pairs
30405,23,CWE-476,0.0425,0.0267,0.0663,0.0267,0.04,0.0133,False,cve_pairs
8413,23,CWE-476,0.0424,0.0133,0.0794,0.0267,0.0267,0.0133,False,cve_pairs
22555,23,CWE-476,0.0423,0.0133,0.0858,0.0133,0.0133,0.0,False,cve_pairs
3342,23,CWE-476,0.0423,0.0133,0.0858,0.0133,0.0,0.0133,False,cve_pairs
10300,23,CWE-476,0.0423,0.0267,0.0657,0.0267,0.0,0.0267,False,cve_pairs
26493,23,CWE-476,0.0422,0.0133,0.0856,0.0133,0.0133,0.0267,False,cve_pairs
13628,23,CWE-476,0.0422,0.0267,0.0654,0.0267,0.04,0.0133,False,cve_pairs
18929,23,CWE-476,0.0421,0.0133,0.0851,0.0133,0.04,0.0533,False,cve_pairs
32765,23,CWE-476,0.042,0.0133,0.085,0.0133,0.0,0.0133,False,cve_pairs
7986,23,CWE-476,0.0414,0.0267,0.0634,0.0267,0.08,0.0667,False,cve_pairs
19184,23,CWE-476,0.0407,0.0133,0.0818,0.0133,0.0267,0.04,False,cve_pairs
18943,23,CWE-476,0.0405,0.0267,0.0613,0.0267,0.0,0.0267,False,cve_pairs
24971,23,CWE-476,0.0405,0.0267,0.0679,0.0133,0.0133,0.0267,False,cve_pairs
7867,23,CWE-476,0.0402,0.0267,0.0605,0.0267,0.0133,0.04,False,cve_pairs
23813,23,CWE-476,0.0402,0.0133,0.0805,0.0133,0.0133,0.0,False,cve_pairs
14449,23,CWE-476,0.0401,0.04,0.047,0.0267,0.08,0.0933,False,cve_pairs
27813,23,CWE-476,0.0401,0.0267,0.0602,0.0267,0.04,0.0133,False,cve_pairs
21990,23,CWE-476,0.0401,0.0267,0.0602,0.0267,0.0267,0.0,False,cve_pairs
25795,23,CWE-476,0.0396,0.0133,0.0789,0.0133,0.0,0.0133,False,cve_pairs
4055,23,CWE-476,0.0396,0.0267,0.0589,0.0267,0.0,0.0267,False,cve_pairs
9314,23,CWE-476,0.039,0.0133,0.0775,0.0133,0.0,0.0133,False,cve_pairs
6962,23,CWE-476,0.0389,0.0133,0.0772,0.0133,0.0,0.0133,False,cve_pairs
7583,23,CWE-476,0.0388,0.0267,0.0636,0.0133,0.0133,0.0267,False,cve_pairs
6657,23,CWE-476,0.0385,0.0267,0.0562,0.0267,0.0933,0.12,False,cve_pairs
8163,23,CWE-476,0.0384,0.0133,0.076,0.0133,0.0133,0.0,False,cve_pairs
21516,23,CWE-476,0.0384,0.04,0.036,0.04,0.0667,0.0533,False,cve_pairs
7779,23,CWE-476,0.0383,0.0133,0.0756,0.0133,0.04,0.0267,False,cve_pairs
1696,23,CWE-476,0.0382,0.0133,0.0756,0.0133,0.0,0.0133,False,cve_pairs
15656,23,CWE-476,0.0382,0.0133,0.0754,0.0133,0.0133,0.0,False,cve_pairs
10035,23,CWE-476,0.0379,0.0133,0.0748,0.0133,0.0,0.0133,False,cve_pairs
30600,23,CWE-476,0.0378,0.0133,0.0745,0.0133,0.04,0.04,False,cve_pairs
12612,23,CWE-476,0.0378,0.0267,0.0611,0.0133,0.0133,0.0267,False,cve_pairs
12761,23,CWE-476,0.0376,0.0133,0.074,0.0133,0.04,0.04,False,cve_pairs
7264,23,CWE-476,0.0374,0.0267,0.0535,0.0267,0.0667,0.08,False,cve_pairs
24082,23,CWE-476,0.0371,0.0133,0.0727,0.0133,0.0133,0.0,False,cve_pairs
19881,23,CWE-476,0.0368,0.0133,0.072,0.0133,0.0,0.0133,False,cve_pairs
29780,23,CWE-476,0.0368,0.0133,0.0719,0.0133,0.0133,0.0267,False,cve_pairs
26626,23,CWE-476,0.0365,0.0133,0.0712,0.0133,0.0267,0.0133,False,cve_pairs
30527,23,CWE-476,0.0365,0.0133,0.0711,0.0133,0.0,0.0133,False,cve_pairs
14487,23,CWE-476,0.0362,0.0133,0.0706,0.0133,0.0267,0.0133,False,cve_pairs
23818,23,CWE-476,0.0362,0.0133,0.0704,0.0133,0.0,0.0133,False,cve_pairs
7973,23,CWE-476,0.0361,0.0133,0.0704,0.0133,0.0133,0.0,False,cve_pairs
22507,23,CWE-476,0.036,0.0267,0.0499,0.0267,0.04,0.0533,False,cve_pairs
25940,23,CWE-476,0.0359,0.0133,0.0698,0.0133,0.0267,0.0133,False,cve_pairs
21350,23,CWE-476,0.0359,0.0133,0.0698,0.0133,0.0133,0.0267,False,cve_pairs
26564,23,CWE-476,0.0359,0.0133,0.0698,0.0133,0.0,0.0133,False,cve_pairs
25520,23,CWE-476,0.0355,0.0133,0.0689,0.0133,0.0,0.0133,False,cve_pairs
8038,23,CWE-476,0.0353,0.0133,0.0682,0.0133,0.0133,0.0267,False,cve_pairs
10682,23,CWE-476,0.0353,0.0133,0.0682,0.0133,0.0,0.0133,False,cve_pairs
31533,23,CWE-476,0.035,0.0133,0.0676,0.0133,0.0,0.0133,False,cve_pairs
14242,23,CWE-476,0.035,0.0133,0.0675,0.0133,0.0267,0.0133,False,cve_pairs
21380,23,CWE-476,0.0346,0.0133,0.0664,0.0133,0.0133,0.0,False,cve_pairs
22103,23,CWE-476,0.0345,0.0133,0.0663,0.0133,0.0,0.0133,False,cve_pairs
27281,23,CWE-476,0.0345,0.0133,0.0662,0.0133,0.0,0.0133,False,cve_pairs
16655,23,CWE-476,0.0345,0.04,0.0329,0.0267,0.08,0.0533,False,cve_pairs
14463,23,CWE-476,0.0345,0.0133,0.0662,0.0133,0.0,0.0133,False,cve_pairs
13732,23,CWE-476,0.034,0.0133,0.0649,0.0133,0.0267,0.0133,False,cve_pairs
19087,23,CWE-476,0.0338,0.0533,0.0177,0.0267,0.1067,0.12,False,cve_pairs
27,23,CWE-476,0.0334,0.0267,0.0435,0.0267,0.1333,0.1333,False,cve_pairs
23795,23,CWE-476,0.0331,0.0133,0.0627,0.0133,0.0,0.0133,False,cve_pairs
31885,23,CWE-476,0.0331,0.0133,0.0627,0.0133,0.0133,0.0,False,cve_pairs
5076,23,CWE-476,0.0331,0.0133,0.0627,0.0133,0.0,0.0133,False,cve_pairs
3196,23,CWE-476,0.0331,0.0267,0.0426,0.0267,0.0667,0.08,False,cve_pairs
27858,23,CWE-476,0.033,0.0133,0.0625,0.0133,0.0,0.0133,False,cve_pairs
14855,23,CWE-476,0.0329,0.0133,0.0623,0.0133,0.0133,0.0,False,cve_pairs
9232,23,CWE-476,0.0329,0.0133,0.0623,0.0133,0.04,0.0267,False,cve_pairs
26175,23,CWE-476,0.0327,0.0133,0.0618,0.0133,0.0,0.0133,False,cve_pairs
15024,23,CWE-476,0.0326,0.0133,0.0616,0.0133,0.0,0.0133,False,cve_pairs
10311,23,CWE-476,0.0326,0.0133,0.0615,0.0133,0.0,0.0133,False,cve_pairs
31684,23,CWE-476,0.0325,0.0133,0.0613,0.0133,0.0,0.0133,False,cve_pairs
11271,23,CWE-476,0.0325,0.0133,0.0611,0.0133,0.0267,0.04,False,cve_pairs
22570,23,CWE-476,0.0325,0.0133,0.0611,0.0133,0.0,0.0133,False,cve_pairs
14632,23,CWE-476,0.0324,0.0267,0.041,0.0267,0.04,0.0533,False,cve_pairs
3829,23,CWE-476,0.0322,0.0133,0.0604,0.0133,0.0133,0.0,False,cve_pairs
5916,23,CWE-476,0.032,0.0133,0.0601,0.0133,0.0133,0.0,False,cve_pairs
3823,23,CWE-476,0.032,0.0133,0.06,0.0133,0.0133,0.0,False,cve_pairs
11570,23,CWE-476,0.0319,0.0267,0.0398,0.0267,0.04,0.0267,False,cve_pairs
11810,23,CWE-476,0.0319,0.0133,0.0597,0.0133,0.0267,0.0133,False,cve_pairs
8241,23,CWE-476,0.0318,0.0133,0.0594,0.0133,0.0133,0.0,False,cve_pairs
11435,23,CWE-476,0.0317,0.0133,0.0592,0.0133,0.0,0.0133,False,cve_pairs
20586,23,CWE-476,0.0317,0.0133,0.0591,0.0133,0.0133,0.0133,False,cve_pairs
18695,23,CWE-476,0.0315,0.0133,0.0589,0.0133,0.0267,0.04,False,cve_pairs
3518,23,CWE-476,0.0315,0.0133,0.0587,0.0133,0.0133,0.0,False,cve_pairs
24234,23,CWE-476,0.0315,0.0133,0.0587,0.0133,0.0133,0.0,False,cve_pairs
28743,23,CWE-476,0.0314,0.0133,0.0586,0.0133,0.0133,0.0,False,cve_pairs
22156,23,CWE-476,0.0313,0.0133,0.0584,0.0133,0.0267,0.0133,False,cve_pairs
2518,23,CWE-476,0.0312,0.0133,0.0579,0.0133,0.0267,0.0133,False,cve_pairs
28829,23,CWE-476,0.0311,0.0133,0.0579,0.0133,0.0133,0.0,False,cve_pairs
5242,23,CWE-476,0.031,0.0133,0.0575,0.0133,0.0133,0.0133,False,cve_pairs
11856,23,CWE-476,0.031,0.0133,0.0575,0.0133,0.0,0.0133,False,cve_pairs
5754,23,CWE-476,0.0309,0.0133,0.0572,0.0133,0.0133,0.0,False,cve_pairs
26585,23,CWE-476,0.0309,0.0133,0.0572,0.0133,0.0,0.0133,False,cve_pairs
5349,23,CWE-476,0.0308,0.0133,0.0571,0.0133,0.0,0.0133,False,cve_pairs
18039,23,CWE-476,0.0308,0.0133,0.057,0.0133,0.0133,0.0,False,cve_pairs
30135,23,CWE-476,0.0305,0.0133,0.0562,0.0133,0.0,0.0133,False,cve_pairs
30677,23,CWE-476,0.0304,0.0133,0.0559,0.0133,0.0133,0.0,False,cve_pairs
307,23,CWE-476,0.0303,0.0133,0.0558,0.0133,0.0133,0.0267,False,cve_pairs
17480,23,CWE-476,0.0303,0.0133,0.0557,0.0133,0.0,0.0133,False,cve_pairs
16732,23,CWE-476,0.0301,0.0133,0.0553,0.0133,0.0,0.0133,False,cve_pairs
20872,23,CWE-476,0.03,0.0133,0.0551,0.0133,0.0133,0.0,False,cve_pairs
11072,23,CWE-476,0.0299,0.0133,0.0547,0.0133,0.0,0.0133,False,cve_pairs
10695,23,CWE-476,0.0298,0.0133,0.0546,0.0133,0.0133,0.0133,False,cve_pairs
2907,23,CWE-476,0.0298,0.0133,0.0546,0.0133,0.0133,0.0133,False,cve_pairs
5130,23,CWE-476,0.0298,0.0133,0.0544,0.0133,0.0,0.0133,False,cve_pairs
29622,23,CWE-476,0.0296,0.0133,0.054,0.0133,0.0,0.0133,False,cve_pairs
23357,23,CWE-476,0.0294,0.0133,0.0535,0.0133,0.0133,0.0,False,cve_pairs
27164,23,CWE-476,0.0292,0.0133,0.053,0.0133,0.0,0.0133,False,cve_pairs
