split,source_order,pair_id,cve_id,cwe_id,language,source,is_augmented,seed_cve_id,role,vulnerable_code_sha256,fixed_code_sha256,code_pair_sha256
train,0,382ed97c3fa255af70a35478fbb8adbe,CVE-2018-14359,CWE-120,C,cvefixes,False,CVE-2018-14359,derivation,73db2d327d5948f09e7ef0fa2d7355f74adf55faf76a812f02b126e73e3d511a,73db2d327d5948f09e7ef0fa2d7355f74adf55faf76a812f02b126e73e3d511a,f9b2881e1673d91c9511e59c69da385a0e737c543fd382eeb4729a510f7b32c7
train,1,faf273014e3787a87a91e534f4f1049d,CVE-2022-29210,CWE-120,Python,cvefixes,False,CVE-2022-29210,derivation,4b7e2e0234db2c41a56b1c848979955b323161e08e2e1c67a2ad4a0d75571149,4b7e2e0234db2c41a56b1c848979955b323161e08e2e1c67a2ad4a0d75571149,a529c0d277f8c582510743738c74cf6599d3a67f815799043c35a639a69c58d3
train,2,6256cf309977eb548d6d2242a4208711,CVE-2022-26490,CWE-120,C,cvefixes,False,CVE-2022-26490,derivation,3959b5036abe253ee11d094efa34bc1cd28f8372dc6bd9617d82ff52dd6a0ef0,3959b5036abe253ee11d094efa34bc1cd28f8372dc6bd9617d82ff52dd6a0ef0,464dde6efaeef04b222acdc6479a9c08954cf82116325612735abc6f8a5bb32a
train,3,b7a96ade6ff09c84c3a7ffff4fb0b2e6,CVE-2020-5209,CWE-120,C,cvefixes,False,CVE-2020-5209,derivation,0f352de85623e4933c914edd82cb47569d9942b3d59934417baac3c001ef9a3d,0f352de85623e4933c914edd82cb47569d9942b3d59934417baac3c001ef9a3d,2586820c4dc9d8820c5d020a6578af4da337f6f8a1ce42d47e35882ee743fc61
train,4,53f8e26b176df51f93eb453218a0c223,CVE-2020-8955,CWE-120,C,cvefixes,False,CVE-2020-8955,derivation,a242a1b57a46981792370d208af7d2e941bfb77dc762c6f83ac0641c1db04504,a242a1b57a46981792370d208af7d2e941bfb77dc762c6f83ac0641c1db04504,dfd4cfb1522ca3b1f7d8ffe2d39c2a00e0e23fc46817e5dbe590230ca84a07cb
train,5,08d39c31369f4c189c7bb883bd1b8efd,CVE-2020-11068,CWE-120,C++,cvefixes,False,CVE-2020-11068,derivation,59ac799e4c30b8187c8fd106753a45f52e0fb5938ddc662a263f5fe120729819,59ac799e4c30b8187c8fd106753a45f52e0fb5938ddc662a263f5fe120729819,9b412502f829795112bce7d96c38609b9c0dae553993055920dcafcbe0e9e4db
train,6,17e1ad9a57823ba9a0d087748343cde6,CVE-2022-24754,CWE-120,C,cvefixes,False,CVE-2022-24754,derivation,7e76e1b6bf9717456d5a55f8488a07fcfa54b5ae50e932ccd1ae8b1382fd4276,7e76e1b6bf9717456d5a55f8488a07fcfa54b5ae50e932ccd1ae8b1382fd4276,1fe786179c9d8805a37d6591f57402245c787efa6db41d45e7c2d58d4a24b354
train,7,9f01c58f60f72ffb80259883d382a33f,CVE-2010-3844,CWE-120,C,cvefixes,False,CVE-2010-3844,derivation,44ddb454b81d06fc78999feaf533de1dd8e75f342b907059b88277b26b92cd40,44ddb454b81d06fc78999feaf533de1dd8e75f342b907059b88277b26b92cd40,c0b690d2c660d61ebcade670f9b01fa7938b88b4994859dca7ac7d68951e1977
train,8,8e9206796e4e4f320748adc19cb7c84b,CVE-2018-14359,CWE-120,C,cvefixes,False,CVE-2018-14359,derivation,cf300109e4f03a970ffe36c8594119218b2a98764086d9a310006913027c8443,cf300109e4f03a970ffe36c8594119218b2a98764086d9a310006913027c8443,ac9e85d0519374ed98560dde3aa4fc72409d15035c28bf02627d201f154049fa
train,9,49bde82b83b1c49c79bf2e495866e1d3,CVE-2021-40818,CWE-120,C,cvefixes,False,CVE-2021-40818,derivation,ec0a3a7b420eed97a721391a28351a76e00403507f9e3bad58ee36713f621c92,ec0a3a7b420eed97a721391a28351a76e00403507f9e3bad58ee36713f621c92,bb906918ccf42efdddfecd1de02b1d4ba74e6f3c5234c4baa04a185d4a73e90d
train,10,caadafc85c8469c9f5f7f64742bfba4d,CVE-2020-11068,CWE-120,C,cvefixes,False,CVE-2020-11068,derivation,ab451cfea43157efd5f87ced03c0d5c7ed4149207455598fbcaac8f2de150fe2,ab451cfea43157efd5f87ced03c0d5c7ed4149207455598fbcaac8f2de150fe2,755e8d785d2937239f5ed270f5d54f210f942654308575957cf73d8206d9f935
train,11,36e1f44dedb042ea81aae65402e6aa2d,CVE-2010-3844,CWE-120,C,cvefixes,False,CVE-2010-3844,derivation,5f20ff97bdb4091012bf00d2f2f227aab470fb91ab0bb10dcf966890b9dbe665,5f20ff97bdb4091012bf00d2f2f227aab470fb91ab0bb10dcf966890b9dbe665,39577015b9ff811e9c2c60959eb52466f12b9e79cbf3ff8b08fb327f6fe24c93
train,12,129631086704d56b063ff1de81955521,CVE-2018-14359,CWE-120,C,cvefixes,False,CVE-2018-14359,derivation,8f22b9af26f62f70a0dd4668af632589bf86b442a943b43a555da7193724b836,a0c7dbd937640e82bbaccf6d89c6660300a11e7c90fb859927f8bea6e13133c6,7f2b04946eca2691c3ce865aae2b3bf298f8fdb23d4dcdeb9bb8567066eaef83
train,13,41946c2792f8850fff368a36e3c82fed,CVE-2022-24949,CWE-120,C++,cvefixes,False,CVE-2022-24949,derivation,f85f2488fc7eedfec5183a01a356b679f8fc3a2f150f4df86587f240324ba4ca,f85f2488fc7eedfec5183a01a356b679f8fc3a2f150f4df86587f240324ba4ca,9f0fe787dc0bd0695a5dc2a6ebc3b3b1616b913032dea964764c614df380759a
train,14,5c13052ebf6ef29aa22c943a3996fb7f,CVE-2020-36158,CWE-120,C,cvefixes,False,CVE-2020-36158,derivation,c8d8f7b2dbc2d32275d8e6d5427acd43ac9325bf6d4010c57edfdc7276d574a0,c8d8f7b2dbc2d32275d8e6d5427acd43ac9325bf6d4010c57edfdc7276d574a0,1ca653e347df904495eff9ae303d49358a61d1ea979433835822776fc84fcd83
train,15,8cb0d4c299cd2a7dbb274432a510ee32,CVE-2020-11068,CWE-120,C++,cvefixes,False,CVE-2020-11068,derivation,ba5de2213c593f4c438ad408c98b7c53a44c29138faa2929e3b899aba021d856,ba5de2213c593f4c438ad408c98b7c53a44c29138faa2929e3b899aba021d856,318afaafab0e4793831346176df6d49d386f657a6679207455afb0327bb0d759
train,16,0ae33c81b3147a9c6da0c37f59545023,CVE-2018-14359,CWE-120,C++,cvefixes,False,CVE-2018-14359,derivation,f6b11e77856ffb50e2d0a3559ec0c9800d3c44f251c53e011905b81c7b58a563,1a3aec369558b1de522856892f0e0a8e14e06d55c906ffc545a6423cbe1a57a7,81eae2f6615e53da16665d62d4b401698e87a4ae5fd2fa0d8d017122e7825f99
train,17,575ed5203fcf944fd053e8d8114a4b53,CVE-2018-12584,CWE-120,C++,cvefixes,False,CVE-2018-12584,derivation,2ecb98bb68c528aa8262f18b14f41e49d1b0af0aa9d12d2722efe0ec5a0ad3f0,2ecb98bb68c528aa8262f18b14f41e49d1b0af0aa9d12d2722efe0ec5a0ad3f0,3e5ae6da71f8618b34080c8c49008966b65e1b6f11012d470c6e453bde9f06a4
train,18,2206a6eeb9cdb8f510f3c2962c38a36a,CVE-2022-24754,CWE-120,C++,cvefixes,False,CVE-2022-24754,derivation,c4f41e54594eae7910e73c44584161da3b8680d5827aef18225e729a70b710e0,dac426ba528b8a44b3c3181b5a23be9f0944e667a63504572a1ee348db8c990c,482ac7d2f90d2064dcc32f46d1b75ca359cd9028f3fae8d9a2832f5e1decebbd
train,19,34cabee89008e7a365bad1142584f9c1,CVE-2018-14359,CWE-120,JavaScript,cvefixes,False,CVE-2018-14359,derivation,a6adb87fb523ed70b2085a2e33b10853818815e5dc3780cf1862abee1768fc4a,0439cee59586a10262001aedc833bd626f0720f53c50cd0092c4e61bae1c6646,385e828bf42d40819825e97305b12f1dcbb78217d0f30b9a992f8616926652d5
train,20,00bafa1f090f7c0fad0718032d4ce0ec,CVE-2015-5745,CWE-120,C,cvefixes,False,CVE-2015-5745,derivation,7bb8c96e9e134eabe8d21b0508cd6363cfc69dc401160309eaa7cabd1349c2e3,7bb8c96e9e134eabe8d21b0508cd6363cfc69dc401160309eaa7cabd1349c2e3,a6de33f58a3a333d930fe1edb4f2b9f061d5b8c93d8cb8ee0ac6a26beb1bf4b1
train,21,f957c0cf741ee71a1aa6ca69cc12cb9f,CVE-2022-24949,CWE-120,C++,cvefixes,False,CVE-2022-24949,derivation,dfa4e921e44922b2ae26463bc826f3e9d3ab4497f94c6684ff20f5dcc1258c2f,ed2bcb939c526de9faf198de47bf5e91ce725f872b6c2b30387854f2eb0ae946,1a7556c1a7e77154f211d3770a03b2f4972ce034bd87e4117c36bc36fa44820d
train,22,81295cd8a3d336068787f655431cc6e1,CVE-2020-5204,CWE-120,C,cvefixes,False,CVE-2020-5204,derivation,4197324b29ebf80b74819a0f1a8d0669d60ba658f876f6351423bfb0148321ab,4197324b29ebf80b74819a0f1a8d0669d60ba658f876f6351423bfb0148321ab,82e2090ef183f8ccd6735702c9ba986e61a30a1d340c816c6304935b3b16f93d
train,23,19cb32f3a2d248ecd3e5b911b167d9a2,CVE-2022-1735,CWE-120,C,cvefixes,False,CVE-2022-1735,derivation,f316ab8f2b89908042306da4695e10c955b237e800e67f5b05bd10b733d4caed,b739b9cf1eaa0238fe87da45dbed51dbb6f6800e63cab3add156b361a1dc8450,823fd03160e642544a8a2f7f3b0d559d5b3df178a38cb7e9164747814b658603
train,24,1e887f606f2ecc8c259523ac984ec3e5,CVE-2022-27008,CWE-120,C,cvefixes,False,CVE-2022-27008,derivation,0f5e937392e54bed2568a965e96569ae9948d693e9cbfcd61ea684456dba2446,0f5e937392e54bed2568a965e96569ae9948d693e9cbfcd61ea684456dba2446,21c2e8d04fec3372308ec78a9534459993da97367c9fb399923c6d78a617fadc
train,25,7c53fbdb7a6006bb1e22b4e6b5dd4a5d,CVE-2020-5209,CWE-120,C,cvefixes,False,CVE-2020-5209,derivation,bdba8e7350d7ef781b7f762c845a0c0024280541d19a50faf79d7fde1d5b840b,bdba8e7350d7ef781b7f762c845a0c0024280541d19a50faf79d7fde1d5b840b,2e5e584bd7b430f1a9f55792ed2354a4b2e0af95b528977b3120e30da8e7c087
train,26,110cb2fa95559164ce7f9b064ce71c00,CVE-2021-31255,CWE-120,C,cvefixes,False,CVE-2021-31255,derivation,b73914401807f0cec5aff8695b4432f8b7b6496f10eb548349c6e5ae4fd11012,b73914401807f0cec5aff8695b4432f8b7b6496f10eb548349c6e5ae4fd11012,3c374585a2e70fa49b201776f4410fa49f1d7637d41566d5393e1fd298da1f8c
train,27,3c7f3e4eb4b3537ec0ab4826ff3d18f2,CVE-2022-24754,CWE-120,C,cvefixes,False,CVE-2022-24754,derivation,0e6cc0bc80f0c35968a1ff82d604c55bb659ac8dc19aabe095a9d1b5b8629e71,dcc2ad6004afacfde022d62eece1a7bb6ee058da76784c7aa6b2ed2dfbe11fc2,d9b4aab0b998f76abcb990929683ac328ca6bb18b3349648ad6f45a11fd024db
train,28,75f7451cd94c85476b2e0fc5b83b51a5,CVE-2022-24949,CWE-120,C++,cvefixes,False,CVE-2022-24949,derivation,a628eaf16f7934fe94c1f5859af7ec9dd71fba43a76414194e1b59c1cda211a9,7eaeaf5b934c97ed8adb0bc70e0ecc69890baabbf484859dc7738bff1696dd03,6664b776bb7a39479a96ba7a90f1a77d0ca246b1817e31ed6be9e7867bbab40b
train,29,4eae73a3544ccf4a52688dfc4bb40169,CVE-2020-15173,CWE-120,C,cvefixes,False,CVE-2020-15173,derivation,fd7f0abb4b9ebb29ac8c6e6170c127caa812dbdb1598b747c28b97d5e7f2bd34,fd7f0abb4b9ebb29ac8c6e6170c127caa812dbdb1598b747c28b97d5e7f2bd34,78d6584006715ffeaa382f8d42e44bc361ca0975f4e1a4b0680d2c6d616a5e51
train,30,a8af8e542b956744eb218c0fcdd60f5f,CVE-2018-14359,CWE-120,C,cvefixes,False,CVE-2018-14359,derivation,0b832754c9465ea59e32f457e2f2060677cbca50deb16519314698a950c53fed,0b832754c9465ea59e32f457e2f2060677cbca50deb16519314698a950c53fed,22ffc8a1792568e26f7724ff00808e3ab0c5be6582640f35698bef13cab88a89
train,31,7f25971c569d23c57def062e03ec86eb,CVE-2014-9628,CWE-120,C,cvefixes,False,CVE-2014-9628,derivation,87fd740f6c60950269273da0de0fb74800527e1942cefb9256b5fad8a99179ed,87fd740f6c60950269273da0de0fb74800527e1942cefb9256b5fad8a99179ed,4dce90c2a069d07c2675ac9642f5444250b38ed3ece57892906500a292f0a4a6
train,32,40a3ba1b1b8185ce314bbf4126ef57df,CVE-2020-15007,CWE-120,C,cvefixes,False,CVE-2020-15007,derivation,67294ed289bab9118717990a96db6a0b33e5075b25656b56b8abff428795237f,67294ed289bab9118717990a96db6a0b33e5075b25656b56b8abff428795237f,1f00e6035e54af9446cb1a2dbd228924f64e053997e7d26ed58048a1220afe8f
train,33,415f0389f98407697602b3d9f7a4a219,CVE-2022-24949,CWE-120,C++,cvefixes,False,CVE-2022-24949,derivation,23e6f407e187b01fff5a4b0ad48a8588905f5450675708eead580d9474e83bc7,7795de49de71b134651e54a21e33a8d0bfd9b05096c384a3ec445d90af579e9e,fdd4af92e4feb93c0771fa1ad700cd93745f6d46bd9bd276a776c4ae84928006
train,34,d11d235794026ffd8aa6b5cfc0f521d2,CVE-2018-14359,CWE-120,C,cvefixes,False,CVE-2018-14359,derivation,d36d72a70f934684b8b1653cf17df31a43f1fb1887df20a2bd4fdee50aea90a1,396d42c453f6a27ff40d2bf1ef7758323e0092b26c4a684bc79957b46a86d592,34f1275563223d22400ab0e7dcead954b1ac37a2a0f5a36c02e68dcc97b508bc
train,35,039bc048f7cf39818670da34da824064,CVE-2022-24754,CWE-120,C,cvefixes,False,CVE-2022-24754,derivation,1f31e0d7cb3fd6a8ebaa80ecac80b7c4bcdaf70b5804fee6446f08dbfcd23cca,1f31e0d7cb3fd6a8ebaa80ecac80b7c4bcdaf70b5804fee6446f08dbfcd23cca,ce6081cc942a207c07964ce18c01a7423acf886c34cd0791e43bd4c6107973e1
train,36,4f12fdd112e977a0a04f6af869eebaa3,CVE-2020-15173,CWE-120,C,cvefixes,False,CVE-2020-15173,derivation,b622d684d5ddf1f84e5868f09a9f793935d7da6f5329dd1b6c9622844669e8c1,da3ba1e9892ef806581e4c68baf6ccdf897d72c272a59c5540ae66891b2f225d,eeb47bb64909f44379622bab60ffad0415e3a28e3218f7b94f20ed49226a8648
train,37,d6e1c78305f27bef4e89cbbec4b4b2d2,CVE-2022-1735,CWE-120,C,cvefixes,False,CVE-2022-1735,derivation,ab80137c37aa105a57c4dad39c12f2b034281a5e462c0ffec974671e0c54e210,ab80137c37aa105a57c4dad39c12f2b034281a5e462c0ffec974671e0c54e210,cf5329140e7f1c375097e71edb71162e6ae5e9877f734caad88db2bf6ac7a669
train,38,2850e9334bdb5b34c9d163cff74af867,CVE-2021-33909,CWE-120,C,cvefixes,False,CVE-2021-33909,derivation,47c7d32e5e2e93ffd2fce873b3dab9f9a295bfa0c0183d5e071920959f883093,47c7d32e5e2e93ffd2fce873b3dab9f9a295bfa0c0183d5e071920959f883093,db4900fce269558d6cab7036bfaa2e8fcc6e4d2e418c989f9c8c262516cb2a0c
train,39,2622d17082fa40ade76d86c0a28dfc81,CVE-2014-9625,CWE-120,C,cvefixes,False,CVE-2014-9625,derivation,8bdb3d1a7aee852a1c7277e726130faa54ae77ae1411c633f90684a4dbabdadc,8bdb3d1a7aee852a1c7277e726130faa54ae77ae1411c633f90684a4dbabdadc,413b3e5619654fb18852f7c59c5db7aaa2a0bb846f49809dd683ab01cde4d8ba
train,40,b1434d9a716c78d768c9e5138a605245,CVE-2018-14359,CWE-120,C,cvefixes,False,CVE-2018-14359,derivation,5787ae7391a6c177aebc2f40efe47e038347057bb2dc65223373bb8063381c77,5787ae7391a6c177aebc2f40efe47e038347057bb2dc65223373bb8063381c77,66abeccae9c4736c2c0ac08eca8b627ccae30673e6d2521ffdb039b41a46b56c
train,41,9d5f6fe119a29ce76ae363cebd7bbe1f,CVE-2022-29210,CWE-120,C++,cvefixes,False,CVE-2022-29210,derivation,12e9ad1d171f9b83b0c5f0a8136da8a5c6aab180708692d949416997db8b13be,d43bfe07eb92814050630479d6c99079a6c915719fe27df4192769e7a62e5b7d,0357cab1184aee743a344146407f4a4d070fa833c45aa410d94f16c36b9f8aa9
train,42,0939407d47818fa499b28ac1bb4a9eb3,CVE-2021-30045,CWE-120,C++,cvefixes,False,CVE-2021-30045,derivation,20d95cb20e156cb2d7595ff724c8414ceebd06c478667cfeeac0011af0c3ffca,20d95cb20e156cb2d7595ff724c8414ceebd06c478667cfeeac0011af0c3ffca,d02d03dbfe6f3b6628b0156669e45fd20a60c4c6ab2829f9311e66c6c125d62e
train,43,1bfdd5ea75c2a2e32ce93212fabc7e4d,CVE-2022-24949,CWE-120,C++,cvefixes,False,CVE-2022-24949,derivation,386df043ac689f9ff87046ed7def643138c576e4b0fb2d5f16aa7b2f91ed68cd,fe249e5c8d2f09fee6b26ac307b332e2bf5395748b0f5409fdc4729d95a13a6f,67dd5d067ec091fd3f0f31da60cf72cb686fb6cb5ad2ac3642fcaf87a4764d8c
train,44,645bb1f20d6a3d47719d1156c76ff49f,CVE-2018-14359,CWE-120,C,cvefixes,False,CVE-2018-14359,derivation,7b8e5b23c25b5a8d42acbc3e974ed0638cea114dbe3f5af2a463753c3536f7b6,7b8e5b23c25b5a8d42acbc3e974ed0638cea114dbe3f5af2a463753c3536f7b6,97a60f2d0f51f53d77c18c88b95a95a6786e56a142b1bc71094aad276ed164fc
train,45,f1eae01f2a7cf3d4ae07de29606c9d7b,CVE-2021-29612,CWE-120,C++,cvefixes,False,CVE-2021-29612,derivation,e9cd4955cea38afaf06912f1710ee0b7e385fa7551da8b19db41d0f281f930e9,e9cd4955cea38afaf06912f1710ee0b7e385fa7551da8b19db41d0f281f930e9,8b7c81f5a3ad41097f5b00f7832be8c8cf3b09c6bd50d5235ff6c5734ffc9950
train,46,4e17805adf6de4196e0de82225866652,CVE-2022-27008,CWE-120,JavaScript,cvefixes,False,CVE-2022-27008,derivation,a2329277c075a5f6cac82095a7dd22227bb587d99d8c0caad541572d8206adba,a2329277c075a5f6cac82095a7dd22227bb587d99d8c0caad541572d8206adba,f0ac67c19eda1cd4a5923343e8c6b3a0a250c613d2eeeb8bfdb9ae6185062eeb
train,47,62ea9ec585884c3df7888de815dfeb48,CVE-2020-5209,CWE-120,C,cvefixes,False,CVE-2020-5209,derivation,f9bde54edd61c9cb514579ce3bf0df03a057bee4efcd309194963a4e74bcf1b9,f9bde54edd61c9cb514579ce3bf0df03a057bee4efcd309194963a4e74bcf1b9,269e85a5749cbaceecb4dc63b20cf2621e395e13d1d909d93340b3c12801b85f
train,48,fb48cecd0cdaeb12405e8f1b90e7a559,CVE-2016-9583,CWE-125,C,cvefixes,False,CVE-2016-9583,derivation,197edf10c4d9ecf0d104bc4b8fd5e7f8952f8a515f20765ca3cb12fa0158dd4c,ef8b0ec7b27e9883735ad29c1e1d79925709701b95574add93454d897d7d68f9,6fd5a8e76b4585c6c678b0b522c54ee817c555531dc75141161c2c8d3e8ac31c
train,49,96a9cbb70cf4fc7db5bc9c418efa1bb4,CVE-2017-13023,CWE-125,C,cvefixes,False,CVE-2017-13023,derivation,1679c4c7b3c1a17706aa4653ad969a25979843f7c0c5bb348c69cff1a820403e,1679c4c7b3c1a17706aa4653ad969a25979843f7c0c5bb348c69cff1a820403e,c2c5d9b1ac1d94e3716b4fb65b8ef9d44c68f12a215e2214ca3cfa2eb1c9bbe9
train,50,d23720126211dc6ac3e6b9f976a782b5,CVE-2017-6801,CWE-125,C++,cvefixes,False,CVE-2017-6801,derivation,add96efef3ad809e6c5e7a6ef84ac607e6689dfc57bbbe931f6db3610ccd6463,add96efef3ad809e6c5e7a6ef84ac607e6689dfc57bbbe931f6db3610ccd6463,eb45156919130e4644688ed6890591c98c2a3a4e80806a37e42cecb9604ec83d
train,51,9e2a9f26e077a25304add8a9b0bb87b5,CVE-2016-8689,CWE-125,C,cvefixes,False,CVE-2016-8689,derivation,bd79e40dd6fc872e5bb3c5fd3dcd2e837acaa97f6f2a786fd47d483aaf829978,bd79e40dd6fc872e5bb3c5fd3dcd2e837acaa97f6f2a786fd47d483aaf829978,610c273c16d5616c837c9d81da4e9f8f3b8a699da24ad055c2072036ffce9462
train,52,f2d51eb111ceb2e27f8ed9ebdb85d214,CVE-2018-20175,CWE-125,C,cvefixes,False,CVE-2018-20175,derivation,9f5486f2fc8642109a6d784ce9c9aefc19f378d75600155fa06b706e2adae0c8,9f5486f2fc8642109a6d784ce9c9aefc19f378d75600155fa06b706e2adae0c8,f454ed33dafa06df12f703b8fd83943250366c02b18aa74dca7c3e4aba1251c5
train,53,f583ecd10597dfc62d17c20445c02d73,CVE-2022-21730,CWE-125,Python,cvefixes,False,CVE-2022-21730,derivation,186bf5d7f73d063108959b0e26cad60837fa9005730baca7d83f93f42ad66f48,186bf5d7f73d063108959b0e26cad60837fa9005730baca7d83f93f42ad66f48,d7469a21b257683d0820a5bd241fc08b0f97f7a0e2262be02c4958b1071f3c8d
train,54,e29c6f8fbd42773e68aec79ce3c48f90,CVE-2018-20174,CWE-125,C,cvefixes,False,CVE-2018-20174,derivation,8a63ae62a49b27d9cb68abaf1656aeb10e261cfbcb17e2c14ab5723177e8fd3f,8a63ae62a49b27d9cb68abaf1656aeb10e261cfbcb17e2c14ab5723177e8fd3f,a0fc0f7163a445f918763b0f64a7bec7cf9ffa3214ee3e83ae6d56cdb3bae620
train,55,2d4126b3a04eb5866ff862a2b6efb073,CVE-2018-8799,CWE-125,C,cvefixes,False,CVE-2018-8799,derivation,e0e64daa63791001074cc384104a05f7b056cdcc1a16bcefbb7b91d30e623ada,e0e64daa63791001074cc384104a05f7b056cdcc1a16bcefbb7b91d30e623ada,5fa64dc8a3f492396a961a0c965b30038e3c484f58edbd4e159c8b940ab9658f
train,56,23eaf0bfd7c9d1847f7acc6102390ec6,CVE-2018-8792,CWE-125,C++,cvefixes,False,CVE-2018-8792,derivation,82c44a63ac091504e512fdf886182639d500d6526313cab8d74ed7a9acd220ca,82c44a63ac091504e512fdf886182639d500d6526313cab8d74ed7a9acd220ca,c7f389cfc9d6abb8b75baecc810cec95f8a4d3ac5647b445ba83da636d3a164f
train,57,e2442719935a13101dc0e0c656b961f1,CVE-2019-14283,CWE-125,C,cvefixes,False,CVE-2019-14283,derivation,6f981d2e278209333deb9292f24e24ce012fe6be1d3faa734a2b5c60d62b8aad,6f981d2e278209333deb9292f24e24ce012fe6be1d3faa734a2b5c60d62b8aad,8a7506e96fd44d8a0994213e6ee380292e9be3a615cef6692657bc4a2b443e7d
train,58,b58fc018a9acc0cf23ade26b422c5117,CVE-2018-20174,CWE-125,C,cvefixes,False,CVE-2018-20174,derivation,04332e39891e7c76a6b6fe2fd7d4188504a9fdfa405dd14a4a1cb02139c5482f,04332e39891e7c76a6b6fe2fd7d4188504a9fdfa405dd14a4a1cb02139c5482f,6d141362054ad22c9ba7484a0e72adc78095effc0c10deda91f854b0b61d93c5
train,59,267d86af62e68c061889089470e09410,CVE-2019-19275,CWE-125,C,cvefixes,False,CVE-2019-19275,derivation,ef12ba3bc710bec4b99a649ace08f18d304d87d5724574074cc3c8a4dedbec70,ef12ba3bc710bec4b99a649ace08f18d304d87d5724574074cc3c8a4dedbec70,376ee4a89492976036df1898d52888ef35aae6f3448f6640f429c6d991621b6e
train,60,b4f11789d87a561334d16598811d1b36,CVE-2016-10269,CWE-125,C,cvefixes,False,CVE-2016-10269,derivation,32228b5d0e36c4fde71c5446dde2f3176dd04872773395b8b504405f1f7d67b3,32228b5d0e36c4fde71c5446dde2f3176dd04872773395b8b504405f1f7d67b3,7d8486f75effb563b13e45b6d8e0cde7b921f8179f06872e369c1ae4c268a9e5
train,61,ce434d19cdfcc85975da0daa7ea1919d,CVE-2017-12897,CWE-125,C,cvefixes,False,CVE-2017-12897,derivation,18fde49ba2b953f68868fabb6b8bae03000462d98dc58413554c16d7996f596e,18fde49ba2b953f68868fabb6b8bae03000462d98dc58413554c16d7996f596e,a3d748f6823b510b734c362a225db4864ee088ca02c90ef539c2d0a6312f0287
train,62,8f57441e3282e097b13a3c130be38e72,CVE-2017-13054,CWE-125,C,cvefixes,False,CVE-2017-13054,derivation,372d097f9609aeaf31dc6c046a408d9538d62e83ab76a90e1ade5e18b9148270,372d097f9609aeaf31dc6c046a408d9538d62e83ab76a90e1ade5e18b9148270,504f83ce327218a1e9ae927393ed559faf4dad0eba719d64fc0989a6fab2cbbe
train,63,141bd06a341b0f3ebdd9fc8d63f1ff6e,CVE-2017-8831,CWE-125,C,cvefixes,False,CVE-2017-8831,derivation,b1825523c03e41e3744399359a11c2bfb034351eaeb60528897c89b747d34535,958ad390865455892f7bd836666d408309b4448f20d2d31a58e852398ac9bdb4,b007b3ef5a7dd690e4f44cb770770e3bb84989e15293016d94052331b1690f3d
train,64,99c27823f68945f5844d94b238b0b54b,CVE-2017-11399,CWE-125,C,cvefixes,False,CVE-2017-11399,derivation,a1a3595a8ee49b26779baf611ed90148f9fe0c77d61f5b64e9f82b11abe4d029,a1a3595a8ee49b26779baf611ed90148f9fe0c77d61f5b64e9f82b11abe4d029,924d0db23b4bd7a7443d1cb7c9675dd5ce2ba21c8350ee7e7a4fed5af42ec00a
train,65,0396ca78b4d07a91fab8627a3b69c14e,CVE-2018-8792,CWE-125,C,cvefixes,False,CVE-2018-8792,derivation,54bdde767b84cea5690dfe8edd5e369c17614261559a4704a88968010e5c37e0,54bdde767b84cea5690dfe8edd5e369c17614261559a4704a88968010e5c37e0,0710e4e415a851d4989c05c5b92e2422fac020856d75a78063da6a7002b4b08d
train,66,c8e5e9dc39362f6fc9e31e8f40505c3e,CVE-2022-1052,CWE-125,C,cvefixes,False,CVE-2022-1052,derivation,6e3e8f3033354824f0ddcbd0a66a63ba19143fb1e50786f81767bcc01a143d34,6e3e8f3033354824f0ddcbd0a66a63ba19143fb1e50786f81767bcc01a143d34,7d6b49e1ae76c368aebda71f28bfd6a11402234dfb166966c1644cfaf0705cb1
train,67,79bb42df119a7bb8de7308fc849a16fa,CVE-2018-20178,CWE-125,C,cvefixes,False,CVE-2018-20178,derivation,6b169db4b3ac9af6efa84687274c1d9be7e5e6956a8ad9ab175edf17e699f76f,6b169db4b3ac9af6efa84687274c1d9be7e5e6956a8ad9ab175edf17e699f76f,3bf3f362e66b7dd13f578f6c0e8650b59177ca2d8de0bcf1233e929d4ce2fe6b
train,68,1332b793dfdaa41763c789fea13acdf5,CVE-2018-9989,CWE-125,C,cvefixes,False,CVE-2018-9989,derivation,73ffb9321dae2fee12e026587ff351c7616130b8e0c3944797a8bbc62e462079,73ffb9321dae2fee12e026587ff351c7616130b8e0c3944797a8bbc62e462079,64135094468afcf973228866b78152a0a919fc19564c77557c19da799f5c998a
train,69,870d0daff0067e99cbbba65d00d29ea6,CVE-2019-3557,CWE-125,C++,cvefixes,False,CVE-2019-3557,derivation,99a338ba7287ab5f8b6e6d44f44c80779eb413b6f0f24309536c1b58c09b5bc5,99a338ba7287ab5f8b6e6d44f44c80779eb413b6f0f24309536c1b58c09b5bc5,0fae4d4b4c89b62dfb366fa91877d5d5e0e10983937fd6683e7ca3e264430cbb
train,70,53e290de3dce534713afde1dfcf1d4c2,CVE-2017-13027,CWE-125,C,cvefixes,False,CVE-2017-13027,derivation,372d097f9609aeaf31dc6c046a408d9538d62e83ab76a90e1ade5e18b9148270,372d097f9609aeaf31dc6c046a408d9538d62e83ab76a90e1ade5e18b9148270,504f83ce327218a1e9ae927393ed559faf4dad0eba719d64fc0989a6fab2cbbe
train,71,46e52112b4d62df57acab16204d9d28e,CVE-2017-13010,CWE-125,C,cvefixes,False,CVE-2017-13010,derivation,5ae125f91a4a19496a4b7b04f14f16dae28addd4f0435784c12fde2ff6e0b1f1,f45bf7fdb466e5a77382d3fde45df9465d10848bb402b7449f86e82562721597,4833de1b63e5b6c009a15f56cbae9e977b034e26f1aad9f4fce29bb02fa536a5
train,72,aa5c05727eb7d74663c29fb21e9d8095,CVE-2017-13053,CWE-125,C++,cvefixes,False,CVE-2017-13053,derivation,2c761707a1675f80c593a1b163a2a5247ea0cf3f27f7fe97b20dbf9927b6f96e,2c761707a1675f80c593a1b163a2a5247ea0cf3f27f7fe97b20dbf9927b6f96e,abc99414215287a6f68e92ba53c918d423a3809d4087ff74190ce99d6626b095
train,73,8309dd3174296f7b93e12592f23227f1,CVE-2021-32434,CWE-125,C,cvefixes,False,CVE-2021-32434,derivation,a8e182c604b4de1a17ae2609bc64f7df9f54a071c5958e8279c6865526bbff44,a8e182c604b4de1a17ae2609bc64f7df9f54a071c5958e8279c6865526bbff44,4e5548a9e51a7482bb4818f5c538db3a464a124f12f861dcd99aec39ff551c15
train,74,c75652e2b7e6e9e5c58d04151c0dc8e7,CVE-2022-0393,CWE-125,C,cvefixes,False,CVE-2022-0393,derivation,abec161f347d74d3248d84e0b8a9adfeec3ad073d12b322625c04ed5381a212a,abec161f347d74d3248d84e0b8a9adfeec3ad073d12b322625c04ed5381a212a,bb8ad856666b6cf9646bad7070f9013125976c1d4e30547bd845d82b7a349889
train,75,2a4ff85ce2c5a13ac1a65d4d4d8aa91e,CVE-2018-8796,CWE-125,C,cvefixes,False,CVE-2018-8796,derivation,d13c501e3d7a4dcf870ef40611bb70e488e625bfa0212befe391abcc275df813,d13c501e3d7a4dcf870ef40611bb70e488e625bfa0212befe391abcc275df813,f20456c7d0a8f9b59f1b0e7c151ad26b00b9185660b7009ece47a037eb848c9c
train,76,1fba4f619c6e47774529b238cd5c209d,CVE-2017-6802,CWE-125,C++,cvefixes,False,CVE-2017-6802,derivation,add96efef3ad809e6c5e7a6ef84ac607e6689dfc57bbbe931f6db3610ccd6463,add96efef3ad809e6c5e7a6ef84ac607e6689dfc57bbbe931f6db3610ccd6463,eb45156919130e4644688ed6890591c98c2a3a4e80806a37e42cecb9604ec83d
train,77,9af2e67cc43eb0c8d2efec1a14483f49,CVE-2017-7277,CWE-125,C,cvefixes,False,CVE-2017-7277,derivation,cdb477e8518589004682ec0e4ce20e1a97c0d76fff9bb43d54300066214e9948,cdb477e8518589004682ec0e4ce20e1a97c0d76fff9bb43d54300066214e9948,ea835d2e374049d70a35659463f6632a6435a7e1fd28973bb91e21d92f85f7be
train,78,2356f98ff119686b8542d1cab9b5c7cb,CVE-2018-20178,CWE-125,C,cvefixes,False,CVE-2018-20178,derivation,190ba69c47c2ca83eec69d1f2f48acd13142aeab7e3e35a7eaac7ff777bb9215,ae25cbcba534ebc0965f081a185658f9f0f66465c19b88da47dd0500f0301cee,ec44cad3529ef92a06a829c675c1b4b87c898026323067260bfe315102f160c4
train,79,5faa6864cf2d30cfe1aa6628579fa941,CVE-2018-20175,CWE-125,C,cvefixes,False,CVE-2018-20175,derivation,54bdde767b84cea5690dfe8edd5e369c17614261559a4704a88968010e5c37e0,54bdde767b84cea5690dfe8edd5e369c17614261559a4704a88968010e5c37e0,0710e4e415a851d4989c05c5b92e2422fac020856d75a78063da6a7002b4b08d
train,80,70e0e0780857cc3a6cf876b0ff66bda4,CVE-2022-1987,CWE-125,C,cvefixes,False,CVE-2022-1987,derivation,9bf23b5df7f12c8687c5b62ed79da131d8928a133eb1121ae6c7aab7431a52f4,9bf23b5df7f12c8687c5b62ed79da131d8928a133eb1121ae6c7aab7431a52f4,6d38943b6568b64d222d46625e084907bc62e13f892bfce094962a13e74f20b8
train,81,40468ee4ae7ff39d139d496472863cb2,CVE-2020-19860,CWE-125,C,cvefixes,False,CVE-2020-19860,derivation,3918af1a17149cb27c1a96508b986b1fd8196d980ff9673c995832eed8fbd2f0,3918af1a17149cb27c1a96508b986b1fd8196d980ff9673c995832eed8fbd2f0,646382b26ade4ce23264b5de499760f59a4f26e9bba9a85b4d58961f28cfdcf3
train,82,306c9ab511a11b8aa3d2302c56b74aca,CVE-2022-0717,CWE-125,C,cvefixes,False,CVE-2022-0717,derivation,cd1706928ea584c349ac4da4147c2e97ebe630d784df552ae2e30f6a74ccbfa8,cd1706928ea584c349ac4da4147c2e97ebe630d784df552ae2e30f6a74ccbfa8,c5f2ed148e3b4f393c4eaf95c776593e678e933417da5c2d86f398c4a80fd6f8
train,83,28e2015f4dd4a240cd9cdbeb11a0482b,CVE-2021-29590,CWE-125,C++,cvefixes,False,CVE-2021-29590,derivation,075ef92575b02f08dcac301a138fe7c354e3a4f3e2e0d96196b44437f2e832bf,075ef92575b02f08dcac301a138fe7c354e3a4f3e2e0d96196b44437f2e832bf,88386f2751b68f5e4dc33091fecdf53f2ee6d5c338dd793405365b91bd728685
train,84,5b8c27457040ab7bde72ef36f7141fae,CVE-2020-11089,CWE-125,C,cvefixes,False,CVE-2020-11089,derivation,15c550858919250659956b11aa9feffd11c73adf22b725268bbabf37b3d9ebf9,15c550858919250659956b11aa9feffd11c73adf22b725268bbabf37b3d9ebf9,4ffda50df0442812161b26d1a08745916e58b01bf4c4cfb1b7115b6b79ae649c
train,85,b844bf6f6ebd80d386bab90c942bf05a,CVE-2017-13030,CWE-125,C,cvefixes,False,CVE-2017-13030,derivation,7610aa23e33d7fd8a43191c3c3ff966b51bdf066bb0e58a8068661f4ff725ecc,7610aa23e33d7fd8a43191c3c3ff966b51bdf066bb0e58a8068661f4ff725ecc,4b3f04b6de2546a6099631c150363b4520edd21316d8a001a0cf08ec6e62560f
train,86,032ca5148f90c72684d6e8f9cfec30d6,CVE-2018-20178,CWE-125,C,cvefixes,False,CVE-2018-20178,derivation,d13c501e3d7a4dcf870ef40611bb70e488e625bfa0212befe391abcc275df813,d13c501e3d7a4dcf870ef40611bb70e488e625bfa0212befe391abcc275df813,f20456c7d0a8f9b59f1b0e7c151ad26b00b9185660b7009ece47a037eb848c9c
train,87,e8170d4ca140d8e25c84b2f20093d445,CVE-2022-21728,CWE-125,C++,cvefixes,False,CVE-2022-21728,derivation,7668fef9cf3bf3bce68e71e2d0e9722a51999b56abe0361a97b9ad27a1512c2d,7668fef9cf3bf3bce68e71e2d0e9722a51999b56abe0361a97b9ad27a1512c2d,e0fb880c56fe39def8923df60b2f020ab7025b5c7d834acfd34c1b48c2baa914
train,88,4433a3518114ebe2972ec800a0f920a1,CVE-2022-23574,CWE-125,C++,cvefixes,False,CVE-2022-23574,derivation,847cac7b74b7fda78976eb492efd68e90e5ca7e2010bdb5f132790811c6a3ae0,847cac7b74b7fda78976eb492efd68e90e5ca7e2010bdb5f132790811c6a3ae0,bd1915eb8afc89802a0633bbf60fef4a1a28a4321c0be04a5d877798a693a313
train,89,8f87c67fc1b14766ffd471ced741331c,CVE-2014-8483,CWE-125,C++,cvefixes,False,CVE-2014-8483,derivation,37926db2e4ba2d51780bee2a27bbb2be41067e86dc36f7380f1875f313bb5a4a,37926db2e4ba2d51780bee2a27bbb2be41067e86dc36f7380f1875f313bb5a4a,bba91294837053b2b5d28d99c2b6a9e8fd0d8ec73eb3f73f6311d39498930fc2
train,90,77565dc8251bb2a5ac56e001330628ce,CVE-2017-13026,CWE-125,Python,cvefixes,False,CVE-2017-13026,derivation,7fb3bea3ae6ed98f335363a104db187179369566aee7d5a48cf73c82840c4fa9,d7154496fa10d68d2069f47895a97d67f958e6d55db2de5e28e84b87be502ae7,e192cbab9b8eee7d8c11855b878f7692e105f967224d52c6f4183907fe50e905
train,91,651b2718d30fd38e141f0cf49fc6d5b2,CVE-2020-1912,CWE-125,C++,cvefixes,False,CVE-2020-1912,derivation,b3482c2a04f41413687b1213fdfbf5f77b737aa755b5615320e956cb8051ea44,b3482c2a04f41413687b1213fdfbf5f77b737aa755b5615320e956cb8051ea44,89a2c023668da750d2b48c4638f1fd06f50e00246a1113cd41b2cddd3ae29f85
train,92,6d3935ca41e2d2fefb4ac8b3dfcb7873,CVE-2019-13615,CWE-125,C++,cvefixes,False,CVE-2019-13615,derivation,0433fa2ce26fb175a0142f0ba457a88dda3e9a95439e1ba7835ca1633270a024,0433fa2ce26fb175a0142f0ba457a88dda3e9a95439e1ba7835ca1633270a024,693cdab085e14db8fddc7b8f681317d3eb6a6686d9901cf0a635b7c450b1b0f8
train,93,a11cdde3b63d61ecf285fff1f8d99268,CVE-2017-5601,CWE-125,C,cvefixes,False,CVE-2017-5601,derivation,5a3c9cd11cf35fa19954995cc5e68683cdd0613e6c2e2caf79b8c70c2f48eeab,5a3c9cd11cf35fa19954995cc5e68683cdd0613e6c2e2caf79b8c70c2f48eeab,0bc4c2e321229e87f0efa73b0576941778b7e82c6513a42255c87c401ae06520
train,94,bed1cb036358ac58046f07d438dcf867,CVE-2017-12897,CWE-125,C,cvefixes,False,CVE-2017-12897,derivation,41eaae5cdb18052aa90f2a52374573950702d072fe4db3e9ab12c33322abf892,41eaae5cdb18052aa90f2a52374573950702d072fe4db3e9ab12c33322abf892,8984790145bdeb411cab188798835c495bd1a84677eec7de7552f3df8c4257bc
train,95,fcb9cf7def2c50fc78ef06ff5926bcc0,CVE-2017-12900,CWE-125,C,cvefixes,False,CVE-2017-12900,derivation,dbea999aa0e50f224fe66e65f3060201a644dbd9ea781eada341f21af24870c5,dbea999aa0e50f224fe66e65f3060201a644dbd9ea781eada341f21af24870c5,e7e6648c30cb5573d3acf444923b9592c9b664b2d32e7fa7e25097a008645170
train,96,83c486c8d6136affd09511531b3ea462,CVE-2016-7917,CWE-125,C,cvefixes,False,CVE-2016-7917,derivation,4dddc9190a1f2ea52a381d2568478db4e72d09ea364e40fc831827c90174fd89,4dddc9190a1f2ea52a381d2568478db4e72d09ea364e40fc831827c90174fd89,cbc8d16362611704d32e8d64c88022fcfc7eb10e116b82a498e7e5b9da111043
train,97,86692923eed61c4a0f762eb8ac6026d0,CVE-2020-26271,CWE-125,C++,cvefixes,False,CVE-2020-26271,derivation,773df5010b12ee7c20b56f0a2e28a60056a628ce3954a114f4d05e576fd29572,773df5010b12ee7c20b56f0a2e28a60056a628ce3954a114f4d05e576fd29572,b8cec2ef24a4d944ee1f20abf26a834eb5f317601153993545c4fcf52869fa1e
train,98,13d4370c51e73f29d8b0ff401c7ddd7f,CVE-2017-12899,CWE-125,C,cvefixes,False,CVE-2017-12899,derivation,ff1671a17cc5e3e11a3cd0b94049689379fddc8e8dbc03591d242f9601e0c3d8,ff1671a17cc5e3e11a3cd0b94049689379fddc8e8dbc03591d242f9601e0c3d8,1f5e88275e57ef501d36639d14818dce60bd313bbe5b0e7cad5f7245a88a7a65
train,99,5a1f63c6899c905bcd884766a55d1a9c,CVE-2018-18311,CWE-190,C,cvefixes,False,CVE-2018-18311,derivation,702342648736b925babaa9b51903ddc36ba8a6c6447bb629dbe65cbbccb4d6d2,702342648736b925babaa9b51903ddc36ba8a6c6447bb629dbe65cbbccb4d6d2,eab4194aa98639bd905cfab36236b5254c827be748b0481a657e80b075711ba0
train,100,30676fe5e4d1bef405d4e12cacd013e7,CVE-2016-9557,CWE-190,C,cvefixes,False,CVE-2016-9557,derivation,4858f1d5e0c64c8658cb3d210d35a3befb93c11fce25ef49a932f1584330b9a6,4858f1d5e0c64c8658cb3d210d35a3befb93c11fce25ef49a932f1584330b9a6,714fce14f37d8482d0c2b770e2c93f4e023647b83c9e2a40a07e56d4f2e21540
train,101,1f829e088e10aa5a6cec72ed39f3d1bb,CVE-2019-1010297,CWE-190,C,cvefixes,False,CVE-2019-1010297,derivation,ccad48407ae04476797decbf175c0927d841bcbf5ba3acf67286e555d75d4bf7,ccad48407ae04476797decbf175c0927d841bcbf5ba3acf67286e555d75d4bf7,bbde5e8a9c6343f256cd89804f7fa5eaa9e41bb1b6c26f713edb67bcd3dc2a7f
train,102,d1aa6037a2ee4d1e22b37fdb31ef9130,CVE-2021-24025,CWE-190,C,cvefixes,False,CVE-2021-24025,derivation,98fdf05befc5f0edcf6372655fb4fc6b0a07fc05d405e6efd3c37bcdaeb6f704,98fdf05befc5f0edcf6372655fb4fc6b0a07fc05d405e6efd3c37bcdaeb6f704,41d2149dbbbb5978f35853ccef159d5a1e23cdd7ca0b709558de2957aa3cd40e
train,103,16e2cd26bd0a859e96b9b78924c0c32b,CVE-2016-9557,CWE-190,C,cvefixes,False,CVE-2016-9557,derivation,c8015724e6398ba5c7fb61c3701a81f8728ed0555f4a803d7871ee55cf394e62,c8015724e6398ba5c7fb61c3701a81f8728ed0555f4a803d7871ee55cf394e62,a251f44a9a8f800ec4438d918297ecd0ee14fe6331d57cc91fc2c27229410af3
train,104,f03aceae58d4921373c4d9658adae0a4,CVE-2018-18928,CWE-190,Java,cvefixes,False,CVE-2018-18928,derivation,7fad5ce785f66a682e3507fa978bda7442aa7d6de698a661d3c4e152e8bdb043,7fad5ce785f66a682e3507fa978bda7442aa7d6de698a661d3c4e152e8bdb043,f82e17c78a727c9a2a92eb8fb5d35f4040b5dfcc0c5db6bbb9dd78f129b116ba
train,105,1a0334be009d9c2447d9e5e58825272d,CVE-2018-8795,CWE-190,C,cvefixes,False,CVE-2018-8795,derivation,e0e64daa63791001074cc384104a05f7b056cdcc1a16bcefbb7b91d30e623ada,e0e64daa63791001074cc384104a05f7b056cdcc1a16bcefbb7b91d30e623ada,5fa64dc8a3f492396a961a0c965b30038e3c484f58edbd4e159c8b940ab9658f
train,106,571988e5cc08bf3c0957fea9372ad3e1,CVE-2016-5766,CWE-190,C,cvefixes,False,CVE-2016-5766,derivation,f352be8e616ebc6efeb308a238ce010990f2e3f3f59109039ccd683b2a6b9459,f352be8e616ebc6efeb308a238ce010990f2e3f3f59109039ccd683b2a6b9459,55df701b7d321720aaeace53134dedf81c3153909a6590d7dafb39af64eb3730
train,107,4bb8ffc6bf7ee4005de98f80b0ca72ff,CVE-2016-9557,CWE-190,C++,cvefixes,False,CVE-2016-9557,derivation,fe55ff47f1ce90338a2e97c576050232701e62923a567aa31e609b5788182281,fe55ff47f1ce90338a2e97c576050232701e62923a567aa31e609b5788182281,7385773bf025f124c64fa7f48d4df80dea8bd7a5a7d5ae0e61aaca807caff784
train,108,a62e5aeac342febcf13f9386394e59a2,CVE-2021-24025,CWE-190,C++,cvefixes,False,CVE-2021-24025,derivation,5564ed594bec07584a408db94e50456ad7e0094c7c36c0d985f9ee37195a0f0e,5564ed594bec07584a408db94e50456ad7e0094c7c36c0d985f9ee37195a0f0e,4ef084554b1524c606d95ae55d801a2f94b91d3e53e056953d9a55b6c2a1756c
train,109,c744099137d2df81ae973e245e19fe75,CVE-2018-8795,CWE-190,C,cvefixes,False,CVE-2018-8795,derivation,00a01824194ac70bb63f607bf0888a0a5bb8c4db64cb8dbf7e08d7889c70e082,00a01824194ac70bb63f607bf0888a0a5bb8c4db64cb8dbf7e08d7889c70e082,cf4092e7da2eee7207d66e20587fa8e51dd2a1f30d808009cf9295d88a09e8b0
train,110,d55151c2dbb9b42073828bd09c32f815,CVE-2016-9557,CWE-190,C,cvefixes,False,CVE-2016-9557,derivation,8b037f86ab0d345aaa7df20536fb12cc1819121d2c6699cd2f08af8fa7add5aa,8b037f86ab0d345aaa7df20536fb12cc1819121d2c6699cd2f08af8fa7add5aa,bcf17451725a2f5b11e5b206297e3c19900ddbeb5ce864f0c9fec925dbbbb269
train,111,52553e3bd4ba2e9a0fb9bde2a06b1ae6,CVE-2021-24025,CWE-190,C++,cvefixes,False,CVE-2021-24025,derivation,46df061cab7d739644a906f2d614bf0e1fdcb96ab650e041a5892abc6fc231eb,931ea42c7777c8330eb83b7acdaaa49c51553ea04a71fc7e485bb16de05e118a,7c01840ee73207427d594b866afb22d78be16ee211071aaeb7d5c0b053269833
train,112,88fbdbec9eac7bb4b4f0bf80932fe88f,CVE-2016-7163,CWE-190,C,cvefixes,False,CVE-2016-7163,derivation,bc39b2ba6193a69405cfd6b08485bf59eb41cd52a0fd27b3e32d5078edf1ac6e,bc39b2ba6193a69405cfd6b08485bf59eb41cd52a0fd27b3e32d5078edf1ac6e,cd194447fcaa8f6e54e3772def9df420583e63053bd07a23baf848a5e7a69adf
train,113,d1478efb8cfb9bbf8f05a506a0211d42,CVE-2022-29203,CWE-190,Python,cvefixes,False,CVE-2022-29203,derivation,4d8d64935cfb6576747d36f28d521baa66dad30fc2353a0a6de6af6764c6702b,1f736a8069839584d54da182a036824609bdbc72fd64767759395bb260ef9808,4d4d33e7322d49f7562bcd8360f863a393a086419a981d92b9f75503c5202046
train,114,cc13c67f3f6d7c746b006b5b013d4929,CVE-2017-6839,CWE-190,C++,cvefixes,False,CVE-2017-6839,derivation,183f4bc09968bb0d92bff750fc62efa944b95424d70b268fc899948ddebcc433,183f4bc09968bb0d92bff750fc62efa944b95424d70b268fc899948ddebcc433,2e461391cee216a5db21b08e69d8a86e44703aff70e1195e8fab2e7e45d101da
train,115,3964669d3e09e3dd548d26ce266d43c5,CVE-2022-23559,CWE-190,C++,cvefixes,False,CVE-2022-23559,derivation,0e2520bc8c43e8e7f496e77a53e7c217391b2c3fe993f4bcd90681b00331df38,0e2520bc8c43e8e7f496e77a53e7c217391b2c3fe993f4bcd90681b00331df38,048e6babd75bec6c49e72a0f7ca83c43273bd56ecbf5607936dea26046b6db94
train,116,045930dbae0f11e0e68729171fded9bb,CVE-2021-32762,CWE-190,C,cvefixes,False,CVE-2021-32762,derivation,fef0eb30739362afbf2c8b31f03af0a435520f1280b4eb9412b2de3e3960b5c4,fef0eb30739362afbf2c8b31f03af0a435520f1280b4eb9412b2de3e3960b5c4,63615005bab1ac7ad79604428f065dcbaa8fa765d1cd269d38462eb7f9aa224d
train,117,8a520694ac4c5b7688bdcec20862a8b4,CVE-2018-11219,CWE-190,C,cvefixes,False,CVE-2018-11219,derivation,c76daebb478334c20d24d131c989577b533cf558c16619adb1b7c6f8003b7b4c,482fc4fc044e12d5b612df259ba36e56844d7662bd8fdd849f713347a8767b0e,ff22722456a6a51db7bbcc4b777145686f014b9d302c3a637bb4360de5ec6db0
train,118,0081fc2799c965c1d57c189b7e0ef979,CVE-2022-21727,CWE-190,C++,cvefixes,False,CVE-2022-21727,derivation,7668fef9cf3bf3bce68e71e2d0e9722a51999b56abe0361a97b9ad27a1512c2d,7668fef9cf3bf3bce68e71e2d0e9722a51999b56abe0361a97b9ad27a1512c2d,e0fb880c56fe39def8923df60b2f020ab7025b5c7d834acfd34c1b48c2baa914
train,119,9e3949b0768620d7d3dbc879c7e9da6a,CVE-2020-12135,CWE-190,C++,cvefixes,False,CVE-2020-12135,derivation,824445f5fa164afbf951b20df934e3bd5d504e6cee60d4d23e544182b61be452,824445f5fa164afbf951b20df934e3bd5d504e6cee60d4d23e544182b61be452,7a3c441b80f72b86858d7bbedba3c70d0da583144918f9e86c34388b918aa62b
train,120,cd2e6fb88cbe4d0da7fb5859f85faa8d,CVE-2016-10249,CWE-190,C++,cvefixes,False,CVE-2016-10249,derivation,1572d48fe37c5cad5176feb6c8d7b3f85d59416e7f60a5409186a6d0968e49cf,1572d48fe37c5cad5176feb6c8d7b3f85d59416e7f60a5409186a6d0968e49cf,a5e7a7daefdd698da0e5019b65170ce6faef105fafbda193183c7a44250a6a0f
train,121,ee887abfb660a434d67b52d582664217,CVE-2022-23559,CWE-190,C++,cvefixes,False,CVE-2022-23559,derivation,f20b2e11f1f0d20e1673dc6cb2f7de88938226ad19302820dd025ab9a72ee2c7,980f986390896f93bf724188efee29471eb43462456d37c1e77f10907198af7d,f2cdf3110ba6b114565f2a9fa27501782834e3fb9e4e9ac91283fb020ce39837
train,122,e13e3d0b64884e78c565f397d55edd0e,CVE-2016-9557,CWE-190,C,cvefixes,False,CVE-2016-9557,derivation,8fe36b41c5825ec514e184b91b138b09318fcccbb76ba4d9c99940bb2a900b0c,8fe36b41c5825ec514e184b91b138b09318fcccbb76ba4d9c99940bb2a900b0c,a3dfb54424a94d26b06108617d2d13f18fd208ae8137e66319d4cd0949a69933
train,123,4cc061462c3c4d1a9816d28a90df499b,CVE-2021-46389,CWE-190,C++,cvefixes,False,CVE-2021-46389,derivation,48f5c76a27e7aba38750de56777d8fc1c4381bd303f08e91e885c930f85957bc,c8e3a8032c35aebf5ac1713c138090fa176ff1662e72e222a04006701b6b5a03,b3c17b38d5c50fdb3ce79b6df48af85f0e2aa47a6bb457c711045825dd33a68f
train,124,9ee697b7ddae937973f7dbca3adc8d18,CVE-2018-8795,CWE-190,C,cvefixes,False,CVE-2018-8795,derivation,7b37a95b75d055e2a7f087f8b8c4fe98796c3246671851bba32807cf407d26e2,7b37a95b75d055e2a7f087f8b8c4fe98796c3246671851bba32807cf407d26e2,1871d06520ef849ea9c8f97669a84eff3106b970ca751dfec6d22dc0578a12f8
train,125,1a2deac33b6bdf7967e971d1665e5b0f,CVE-2016-9538,CWE-190,C,cvefixes,False,CVE-2016-9538,derivation,4d176153969ddc531f53bbf2a414cd9261050d14f264ac2df2ed3d8cd7fb7ecc,4d176153969ddc531f53bbf2a414cd9261050d14f264ac2df2ed3d8cd7fb7ecc,2ae517c162b6f2c94270ad9de8e37f70c3e14479e2352725c1038238f43a3870
train,126,83ee98bc5e62970f56ce6f902257da3e,CVE-2014-4656,CWE-190,C,cvefixes,False,CVE-2014-4656,derivation,d42403bb2aec5ae1a44eadcd274ef35463d91da7ad1f14df3b9e37c92e3a225f,d42403bb2aec5ae1a44eadcd274ef35463d91da7ad1f14df3b9e37c92e3a225f,8160d180db14a21496b9271c6fe04d957dc663a9369b92cc8ebd26c5dcd76b2f
train,127,413756332912d10ebcb9321d061017bf,CVE-2021-31572,CWE-190,C,cvefixes,False,CVE-2021-31572,derivation,c3480942db7a33d6199d4cf6d83251ff3c1b773adb3a4cbff4ffc9d591f2ac3f,c3480942db7a33d6199d4cf6d83251ff3c1b773adb3a4cbff4ffc9d591f2ac3f,fd98efa67c1c1b65245edb3dfef0e9f7c4fe4ea37de78badf6d7cb9bfebbba65
train,128,0c555fe80e46f405776caab5efe71de7,CVE-2016-9557,CWE-190,C,cvefixes,False,CVE-2016-9557,derivation,90b4ca7dc3db801e94eaafd0e52b2b8f9b3164f1b874efee09a0b8dd5d189bd4,90b4ca7dc3db801e94eaafd0e52b2b8f9b3164f1b874efee09a0b8dd5d189bd4,5a9c790b0d429acf143008de6936eb33b78b3465a0896671d2ae74fcdc32f7d3
train,129,7cf4295032abd917ea7808c64a47991e,CVE-2018-1000127,CWE-190,C,cvefixes,False,CVE-2018-1000127,derivation,1c57dd8d8df79d3d618860f9bc931d6d4c358f93b62f30726acdc146bd12995c,1c57dd8d8df79d3d618860f9bc931d6d4c358f93b62f30726acdc146bd12995c,ddf719945bbe343b75a3134536e0bd71146d976fdb03e51f368a7f2599021280
train,130,a58fca1e72e22d4e16e66ff2d869b177,CVE-2021-24025,CWE-190,C++,cvefixes,False,CVE-2021-24025,derivation,5458b513f7fae51e92de1c7286f8dfb7199106afe8529f1f3ada0dea28cf428b,5458b513f7fae51e92de1c7286f8dfb7199106afe8529f1f3ada0dea28cf428b,be3add995181027e3a49a23bf38b2e36bbc33cc1cc7945f2d1a38387d9098270
train,131,39df804a786af94a006647f6af63afff,CVE-2016-9557,CWE-190,C++,cvefixes,False,CVE-2016-9557,derivation,ac41547b8dd940dbfb94bfa440af11797c889b0ba5c5df2dd00fb5b414b39e48,ac41547b8dd940dbfb94bfa440af11797c889b0ba5c5df2dd00fb5b414b39e48,08cc6f2bafa300e27b17784d6feeb3a419f5c53440a5d86a4d3dcf74c5434d5d
train,132,d36f5f6a39cd03124cd800e9a7955e69,CVE-2018-20406,CWE-190,C,cvefixes,False,CVE-2018-20406,derivation,083750dfa7d41866266f1eef890c0f073ac29e06605fc9ea277ed9e1dcca30b7,083750dfa7d41866266f1eef890c0f073ac29e06605fc9ea277ed9e1dcca30b7,20c33fd7ed4a560f92ef2ccf910ac2054509540b56d6c1a17bcfae10f3f25870
train,133,39ec8877b81b1e0bb904da4829ad433b,CVE-2016-9557,CWE-190,C,cvefixes,False,CVE-2016-9557,derivation,646492a2e2e8dba4d16655d13d43d9af8c7da9c0c8f3baf569705769b02df007,646492a2e2e8dba4d16655d13d43d9af8c7da9c0c8f3baf569705769b02df007,74afe083ea878cf32203d90f780457d8bbac127e6b4bcdd0d844fc989a9b331c
train,134,6f9dee260d406d8fca2a12762d0e9797,CVE-2021-46389,CWE-190,C++,cvefixes,False,CVE-2021-46389,derivation,404d2751e22c33287073af7db2ddcc4200fdeb23657b67595342330d4ecfbc4c,404d2751e22c33287073af7db2ddcc4200fdeb23657b67595342330d4ecfbc4c,cfe8badbac27e115cfc205bc0baaf0e9dd77fcf2b04dab70f3556dfdb0533403
train,135,5a6f5cfb1fd1421a65c5453ad085affc,CVE-2021-32765,CWE-190,C,cvefixes,False,CVE-2021-32765,derivation,fc91af285d61771bf733f9dec2f227b0ab7041671745106f6ac8415c0319c6fc,fc91af285d61771bf733f9dec2f227b0ab7041671745106f6ac8415c0319c6fc,d6b27209b56a8d7496c97341d5f6d12d7aa854aeaa542968d957597424abce5a
train,136,54203f5166f315cc95cde397970c7147,CVE-2016-9262,CWE-190,C,cvefixes,False,CVE-2016-9262,derivation,2416c3cf1849371aba450aca372e8a966ed0a80aef8ad6fdf013d8204ad21b71,4f87c896603776314a4a8963da8be245290f20153dc0320b1535ebc0656ed26f,8a91e2de9a68d4f99a6d8564a5d6a532850b4ed8cd0c8bcc33705aa9b82d3980
train,137,b2e1cc276c108502d814686562a71720,CVE-2022-1754,CWE-190,JavaScript,cvefixes,False,CVE-2022-1754,derivation,e55cae3359fe62c265e4176fdb5ea2d801494297d1b9473d9ee5fe2bf83578b1,e55cae3359fe62c265e4176fdb5ea2d801494297d1b9473d9ee5fe2bf83578b1,92bdbafa6e90fe6242030c6b9aae950199bddef37afc3a6d884aea725837ba4d
train,138,56702fecbcf37f98e1b62c8b1bf9a6c7,CVE-2022-23559,CWE-190,C++,cvefixes,False,CVE-2022-23559,derivation,61aee8f66f8931d9be59d89170e5be4a467d984d56b7709b84d2b95808224864,61aee8f66f8931d9be59d89170e5be4a467d984d56b7709b84d2b95808224864,a32edcde22451eef1a88d7bf7a78160266bf54d6310094468313fb733eb1eae2
train,139,f52f7b42e0c78a819dfe86ead0eae238,CVE-2020-11939,CWE-190,C,cvefixes,False,CVE-2020-11939,derivation,b9fa0637b40c177477787b1528a38d8879e6b9002f2d81a048d97632efc81eb7,b9fa0637b40c177477787b1528a38d8879e6b9002f2d81a048d97632efc81eb7,c023ebd50fa3c372470db5a697543a327458f07c07073a6cf7feb43305e13cab
train,140,aad97a216e8b7c8e35f15c8e819eb60a,CVE-2020-12135,CWE-190,C,cvefixes,False,CVE-2020-12135,derivation,81f5ec9996a1cf3086a4cb03c97b6abd748e589b8054c4c39d30e6546457d839,81f5ec9996a1cf3086a4cb03c97b6abd748e589b8054c4c39d30e6546457d839,33138d0ce53237f5c9c18d5ed74278f7f3f432f0232e40cf5f0f91f645470f4e
train,141,4de6074b6b037d707cac34792f4504f4,CVE-2021-37600,CWE-190,C,cvefixes,False,CVE-2021-37600,derivation,80228636f599026da9bc618a8e75075edcbe0a0d8a3c964b9c80828337989f7b,80228636f599026da9bc618a8e75075edcbe0a0d8a3c964b9c80828337989f7b,fcf73299a4da2837dd78f7b10ad415293048977dfbbf6c07368e0b6e28311c9c
train,142,92d57d48353ed764231cd4f4ba650a73,CVE-2016-9262,CWE-190,C++,cvefixes,False,CVE-2016-9262,derivation,4aa42d48b3fe93d6642c32f9e09c0676c692240f061f9ffe8e3a35f898b51a27,4aa42d48b3fe93d6642c32f9e09c0676c692240f061f9ffe8e3a35f898b51a27,88b3d39c6212a31f8a7be5e7f4a9b8099cfad352866dbd57bba8fb863a41ad0c
train,143,c944f2e2c87e8fbcb68a83cdccbc59c4,CVE-2022-29203,CWE-190,Python,cvefixes,False,CVE-2022-29203,derivation,c3396352924ab252381f605480bfeeacea9ca0550c824de51da328819b780807,c3396352924ab252381f605480bfeeacea9ca0550c824de51da328819b780807,8e11f29c8d93369d7c788a255d5bb5845e8f9d57e4d793deca12703428e1c6cf
train,144,a7f1434d47a2d5a3c411343c63d76cab,CVE-2022-23576,CWE-190,C++,cvefixes,False,CVE-2022-23576,derivation,c42b75fe731c78c5ad22b2fdd75815e1764a317b9a19fecb669103185f098351,c42b75fe731c78c5ad22b2fdd75815e1764a317b9a19fecb669103185f098351,13015576d74a8d26911d45b2340f4c6427d24eaf1c2376d07f55baaccacd2f40
train,145,b51b35001b2794a974ce71d1fcdf1aed,CVE-2016-9557,CWE-190,C,cvefixes,False,CVE-2016-9557,derivation,4d493b89cf72d7e1633b9f87bd14ebaa428fac1dffd4078f75f3b9498b9404bf,c4bb7caa89932883119599a7db0204d260b03e751f3f9ebb797eea470067c098,609eaa5b9f28d19122c0800d81b0a3ade114a94e004431a9a46c84de16d239a6
train,146,1fa0d2a573b674d6d5564b66744bb199,CVE-2022-24845,CWE-190,Python,cvefixes,False,CVE-2022-24845,derivation,a5cfe117dc88ec9788c42e1f58f5b84fb9913c1939ec6bcc90d6599dc653b655,1fd358842d1214a084a51d28679aeb6c27afb9c19b92adda0b552b7af7216a7e,c9167336f2cf951d77f7411fb4b5415675e2984eb21a10706637ab832b9f0981
train,147,3f492cef0b4e8e1b5f66b30b445588c8,CVE-2018-8795,CWE-190,C,cvefixes,False,CVE-2018-8795,derivation,a0a6158f574178f330d8952d55731489edd4c93990fe0298fb598b6c4fd337c4,d51559ed3d8026242e13837cb0324522074eddc47ca2dddc95f41e4a11399aa5,0c14f4526558da14c43e98a4010dfb75c8022f6d2a31527a0a09ecd2a232e0d9
train,148,d5a7282553ffe12f7e3b0803064a9933,CVE-2018-8795,CWE-190,C,cvefixes,False,CVE-2018-8795,derivation,8a63ae62a49b27d9cb68abaf1656aeb10e261cfbcb17e2c14ab5723177e8fd3f,8a63ae62a49b27d9cb68abaf1656aeb10e261cfbcb17e2c14ab5723177e8fd3f,a0fc0f7163a445f918763b0f64a7bec7cf9ffa3214ee3e83ae6d56cdb3bae620
train,149,95d5b8c4f9d1992eb33fae82be1367a4,CVE-2020-22874,CWE-190,C,cvefixes,False,CVE-2020-22874,derivation,364c382774fb62751de87d4b213ee208bcd655374a7b2ad6bcaf73bced6f381f,364c382774fb62751de87d4b213ee208bcd655374a7b2ad6bcaf73bced6f381f,e7a7075e0e1ffca88e1f06661694a1cb51335485da45449b94c83a9bc2d938c4
train,150,4dc0ebe155bf40fce1fb79724548e645,CVE-2018-8795,CWE-190,C,cvefixes,False,CVE-2018-8795,derivation,fb72bf54f8cf4c97e2b7d9a7f012bba500d27d8e8403a8676d8074b97fe2dc9c,fb72bf54f8cf4c97e2b7d9a7f012bba500d27d8e8403a8676d8074b97fe2dc9c,363303f8dff06a3d4e3a0ad34f9ea7b4f2cd9ff6640396d9f8ac93601531fe1d
train,151,9297facc923c0510045a086bfc54f803,CVE-2016-9387,CWE-190,C,cvefixes,False,CVE-2016-9387,derivation,58c6251d50625eb1beb806f18e9abf8aa61c46bae1300b534e12043dddd33cdc,58c6251d50625eb1beb806f18e9abf8aa61c46bae1300b534e12043dddd33cdc,3936b2e74484e87d065278b1a17102e97b2a048bc5b5b84644ca6fee61d06463
train,152,fb57a77d33cff859437baa8f26985371,CVE-2021-24025,CWE-190,C,cvefixes,False,CVE-2021-24025,derivation,0a54344ff34bb33afa00d22ec3136f8d93ffdad67bc376f56bbe2848f61307a4,0a54344ff34bb33afa00d22ec3136f8d93ffdad67bc376f56bbe2848f61307a4,b969b5097b1e7d7b6ccffb3eb9ba39eac285122f1e6c999f4368609cf3550eb4
train,153,0f9048c80b9d0a929d5b71021bf8351f,CVE-2016-9557,CWE-190,C,cvefixes,False,CVE-2016-9557,derivation,fd0f33fa7d8b85be42bb2140fea21101448af4bf9763d58141a5332f335dc4b5,3ffdecd1762a7aa715c8d5f1d0adea3747ad84d7825b37d39dbf61e437233d77,512e4d43bfc140d5399a0ecc62b6ba3cc5509f9a0605eefafe9aa47b1834de12
train,154,6eee5a0ad928b90c627262db20091019,CVE-2017-5576,CWE-190,C,cvefixes,False,CVE-2017-5576,derivation,a31b9b513d322292f13a7288d34263eb32d4747e5f720192462f9a218b5506ab,a31b9b513d322292f13a7288d34263eb32d4747e5f720192462f9a218b5506ab,03dc8c8daf0e848291f83df940f975629e553ea07b493adfdf62d7de7b84783f
train,155,7309503ad16d3d6e626000f2ccdcc044,CVE-2020-12135,CWE-190,C,cvefixes,False,CVE-2020-12135,derivation,ccf79eb1161262b1a4ff53c62944228be152db2883fb95940bceeb36b61981a7,50aa02841895a17763010bf261090f265dcd09c5f46ed3c1506f578dcdd01561,9013e6a814f85a313ad2d7421e34c94f720364d02b5c772c098d20ab7edc52c1
train,156,b1c741f66fb038d3811bf4e824155d68,CVE-2021-24025,CWE-190,C++,cvefixes,False,CVE-2021-24025,derivation,0f42697410b0663c83571288e6d5ff477f73b16127ad0b6baf2fca5bce6b5c3e,0f42697410b0663c83571288e6d5ff477f73b16127ad0b6baf2fca5bce6b5c3e,126f446621273c0ed4b75031d8a286f594b1557e35d9957dc5ef1e35342f336c
train,157,6215e0e03445fb54a6aab7ca8678e7f3,CVE-2020-22874,CWE-190,C,cvefixes,False,CVE-2020-22874,derivation,1465c9f159e6ee173950e61833d4ff861f074f1ea082396ac888ac9b0b79ac79,1465c9f159e6ee173950e61833d4ff861f074f1ea082396ac888ac9b0b79ac79,0fda67a7b33b9ca631380ce508ef38b5a1ca141b2bfa8174db03592a29c9f159
train,158,0e2022c06f1dd69ae72c07fea44990c2,CVE-2016-9557,CWE-190,C,cvefixes,False,CVE-2016-9557,derivation,123814fe2655733bab6954c2caac83dcc86d59d5d8b7badd2986ade858b5e29c,123814fe2655733bab6954c2caac83dcc86d59d5d8b7badd2986ade858b5e29c,2cb255a4d6239eb4586883799c76f2356434110ca898b97394b5748bfca04ba2
train,159,6218945d090b3b50416d0581befb1339,CVE-2022-29203,CWE-190,C,cvefixes,False,CVE-2022-29203,derivation,5b42f3ec42b219b9dd2dcb58a97680dbc25d1141eaa66a7dd3ff6a8cc68a41d1,5b42f3ec42b219b9dd2dcb58a97680dbc25d1141eaa66a7dd3ff6a8cc68a41d1,acc1ae7575f5831cc1ae4491ff096cac0374a4dd47dc6689d959c462846c5a66
train,160,7d843c7ca3ec254350e9062068d3a05c,CVE-2018-8795,CWE-190,C,cvefixes,False,CVE-2018-8795,derivation,9f5486f2fc8642109a6d784ce9c9aefc19f378d75600155fa06b706e2adae0c8,9f5486f2fc8642109a6d784ce9c9aefc19f378d75600155fa06b706e2adae0c8,f454ed33dafa06df12f703b8fd83943250366c02b18aa74dca7c3e4aba1251c5
train,161,9322e3f390776c59b6e759732598540c,CVE-2019-14459,CWE-190,C,cvefixes,False,CVE-2019-14459,derivation,024d10350bbdfde6b29d1a29ad7cb13cea8c258dedff3851f6cfaf356e4823fd,024d10350bbdfde6b29d1a29ad7cb13cea8c258dedff3851f6cfaf356e4823fd,6a0ef7e5b306dff60675a23a3b7f96d12e8cc4ad3c77e3286a9032ad6e9c6dc6
train,162,4132112c85af026c93967bd5956f11c4,CVE-2016-9557,CWE-190,C++,cvefixes,False,CVE-2016-9557,derivation,4f87c896603776314a4a8963da8be245290f20153dc0320b1535ebc0656ed26f,4f87c896603776314a4a8963da8be245290f20153dc0320b1535ebc0656ed26f,7701ddb73f54cb3e3c0ef327400fc11126d97dffeecca233b09ed031f8a635fd
train,163,f4c3546b36872e38646e75bfe9886fbc,CVE-2015-8895,CWE-190,C++,cvefixes,False,CVE-2015-8895,derivation,9f28c1048d85dd3d0d1e1b29dd73a829f81250187b14ff19ab22b3153466bb07,9f28c1048d85dd3d0d1e1b29dd73a829f81250187b14ff19ab22b3153466bb07,22d9e9567292c21797eb83218cded3835411d312a8b6c696b5b64c4ca6f40c18
train,164,296dbe89ae97c176cb5ad727479db27c,CVE-2016-9557,CWE-190,C,cvefixes,False,CVE-2016-9557,derivation,58c6251d50625eb1beb806f18e9abf8aa61c46bae1300b534e12043dddd33cdc,58c6251d50625eb1beb806f18e9abf8aa61c46bae1300b534e12043dddd33cdc,3936b2e74484e87d065278b1a17102e97b2a048bc5b5b84644ca6fee61d06463
train,165,73baedbc6ec439012934937ade37755d,CVE-2017-6889,CWE-190,C,cvefixes,False,CVE-2017-6889,derivation,53f4234517a5e8c3599331194a78adb608c0bebbefd1c10c51c389c2325fc101,53f4234517a5e8c3599331194a78adb608c0bebbefd1c10c51c389c2325fc101,f1183951f828e7a578f8dbe77373e64f2b1a317c0b8ed5d711e1414dca1307b8
train,166,71681bfde275e363accc6d184355f7d8,CVE-2017-6839,CWE-190,C++,cvefixes,False,CVE-2017-6839,derivation,d800638fe03ab3eaa4b44187b987c2e32f4aab0737e91b38c0fbaf0c57d3df5f,d800638fe03ab3eaa4b44187b987c2e32f4aab0737e91b38c0fbaf0c57d3df5f,fcc67b3c9bc8b7180a0e5e144a3fe05442508266c4d6b28d4bf432324da13c31
train,167,f5eae5baa86e953aaaf2c518d710b407,CVE-2016-9262,CWE-190,C++,cvefixes,False,CVE-2016-9262,derivation,ab003ac161062f378ab186f6f1689b0fddab3d4bbfbf313198c09c95b8c0e179,ab003ac161062f378ab186f6f1689b0fddab3d4bbfbf313198c09c95b8c0e179,70430ec57f58d0f147e422e99cc16b09f0c9b722562b80777fc6c53555928b33
train,168,8d636952af7c72dc543ed027330df63b,CVE-2018-20847,CWE-190,C,cvefixes,False,CVE-2018-20847,derivation,91e59693694a03bbbe7ac39f9afca28e0bc52e684fb680fe1b1be8f28a5d113d,91e59693694a03bbbe7ac39f9afca28e0bc52e684fb680fe1b1be8f28a5d113d,a05dfec13c388c6356bb6c5adfdbaea4d0fa132780f4b86da8e54d8de618062d
train,169,a8985cff8a97c6435b722ca9b2b016cd,CVE-2015-4645,CWE-190,C,cvefixes,False,CVE-2015-4645,derivation,124a404592dde10151906f1283c9a90ca2cf871fd484e686b25b18813410a2c5,124a404592dde10151906f1283c9a90ca2cf871fd484e686b25b18813410a2c5,476d774516697c6f73d154880756638e2a4be88838a8da681f1269ba55f647ba
train,170,7a3059081705c6bedaa671438a936dc7,CVE-2015-9235,CWE-327,JavaScript,cvefixes,False,CVE-2015-9235,derivation,129694974573aa6a22743b95f16b7fd19b3b45d318d4c301fb376544c19accb8,359aef604949a0180b705dd35bc97c27b5784e5b440a4d905d58d9cb2654fea3,e50480bfdc590ebb1d56de2ae82586293d838bfbdf48a22a835bb43d65e71a35
train,171,cc28235c9dcd0476f90810342bfb4a99,CVE-2015-9235,CWE-327,JavaScript,cvefixes,False,CVE-2015-9235,derivation,1b2204b825b9afc8156d345c66299ef943fe7a8d151636ae3ea5cf7cafffc1b4,1b2204b825b9afc8156d345c66299ef943fe7a8d151636ae3ea5cf7cafffc1b4,182c5d900d4ce7193c18f129607f646a5def854e9c21669b4ad1a57a48b417f2
train,172,9499678101f40fb7cf568d2d5355830f,CVE-2019-25052,CWE-327,C,cvefixes,False,CVE-2019-25052,derivation,94e5e2bca34b3a50a1072d1b93447ff126d3f40fc13bb90b97cc659b88d02329,94e5e2bca34b3a50a1072d1b93447ff126d3f40fc13bb90b97cc659b88d02329,19b90d776d731db13b768e1cd4570adedd5a7fc7b2adc1a713685c8b945f3d2c
train,173,bd4285cd3fc9c399fddc5ae4c9bd61c1,CVE-2019-15075,CWE-327,Python,cvefixes,False,CVE-2019-15075,derivation,3e5176bc7c98b1b5094c1c3b7084efeb819f72273d855ff2e289f6bae5bd7c78,b74ed743c95710c0ba9600ce45660992bda78001c4cb21d3b587e2e63434fb9f,08f22e98ed523ac79216e8a3f1dd68dbde889b228f60d571a804be3fb1b9aafa
train,174,d8def873b130a40561d288f400bfe75b,CVE-2019-20138,CWE-327,Python,cvefixes,False,CVE-2019-20138,derivation,d3b04f24df547822958e70639a6232a98446298ea172db7b66d5ff925d2fe0ca,d3b04f24df547822958e70639a6232a98446298ea172db7b66d5ff925d2fe0ca,6ea894730ad47d9574a980fc7da9af45639f65f86e7c8f6d1e0334990212ef2f
train,175,d56e9bb3a1c9462eebf1170dae10fa6f,CVE-2020-28498,CWE-327,JavaScript,cvefixes,False,CVE-2020-28498,derivation,8e62f68e783945d08276cfd5c5e84593fa931ccb15483fcf2eb596da376808a2,d3b0a78ea794c2b0875a9d2a1676a99467d95a101140efd11338ae8299a214fe,2413798ff91ae6325656e15c57a709b9f95d6220cf68fa021427a4f5a892dfcd
train,176,56226b07e45f4224cfcd0ff56eb19ad5,CVE-2020-36315,CWE-327,C,cvefixes,False,CVE-2020-36315,derivation,2cc88b0454dd39e1a3b621e18d5d749230e1ccc6dc472c78350ab2203b092e34,2cc88b0454dd39e1a3b621e18d5d749230e1ccc6dc472c78350ab2203b092e34,bdea4ee9576b5540c248fa60cdb5337772e33ceb501ae3be3eb20de95c558917
train,177,7bad4d38a5098f943d8ce4ec275f616b,CVE-2021-41096,CWE-327,Java,cvefixes,False,CVE-2021-41096,derivation,c9fd422c200fefae0fe5a12f67bd140ca3abadb1901ab3fb1ca69260f282cf68,c9fd422c200fefae0fe5a12f67bd140ca3abadb1901ab3fb1ca69260f282cf68,89de6b754599d1b89635ec0905a4915996ab6f8af42ee97886d2e0ff304d524e
train,178,57bed76a8c5ebd75e37642714afff553,CVE-2021-41096,CWE-327,Java,cvefixes,False,CVE-2021-41096,derivation,e07300b3d169d22fc8e80c031d9f7a59e939d6e9d72cb942e6ca45e034b6135b,e07300b3d169d22fc8e80c031d9f7a59e939d6e9d72cb942e6ca45e034b6135b,fab87815459bd92e0af37f2da1ae302dfcdce51a86ce11f0d245380d5d639537
train,179,008edb0bcbd0f2c6b7d0f4aaa7a6ec0e,CVE-2021-41096,CWE-327,Java,cvefixes,False,CVE-2021-41096,derivation,b396185daeb4c1f9375cf6e45fc2ffbf503968be109d9c00bf5412d6a846017e,4d4dc7cd291c2b3ae7a84ebfc1720bdd5e52ed2b1c7ad51150118c73b6ac54ae,89199182b1dd79d170597a6405ded6d2c1a39e58df000413f1e4ee75db6b2422
train,180,513b36d2369b5e4d9c53de2b3e1d50b5,CVE-2021-41168,CWE-327,C,cvefixes,False,CVE-2021-41168,derivation,02003735a7a096356235c5e3914f5ff1826a6ed96e990865ce70c8756a962aa1,105697436d7841273c071fb136ce5e16ae128795ed3a1bae35e4747465c59950,2fa48c2559b6f90f68b544d2a5d5296536e03d14f66f78f8ac9b0c24dcae9f3f
train,181,3a18668bbaa48edd57563803ed00d491,CVE-2021-41168,CWE-327,C,cvefixes,False,CVE-2021-41168,derivation,94afb83086074a9173b55fad3e9b236d9cfc144eb7fd77b0ace181e5ce4b3404,94afb83086074a9173b55fad3e9b236d9cfc144eb7fd77b0ace181e5ce4b3404,3f54d99ae2ece60c65b8ab0aa72af66769a535a31c02168046a70f47354d261d
train,182,aug_bb2d49acbadb,aug_bb2d49acbadb,CWE-327,Java,augmented,True,CVE-2021-41096,derivation,ed6dde371e68b8c1f52d90170a0eb01446cbeb2cfd442c2941c1aadc07edb51f,128c0cbe77b8d22d788bbdebc92460f67e39132981b74272995bbc1f15487c8a,7aec8b81fe35fa4740f3d7e626f56969fbac35756aa55d4e2f5e9507498bd8b9
train,183,aug_16b6e91a8cd8,aug_16b6e91a8cd8,CWE-327,Java,augmented,True,CVE-2021-41096,derivation,ed6dde371e68b8c1f52d90170a0eb01446cbeb2cfd442c2941c1aadc07edb51f,128c0cbe77b8d22d788bbdebc92460f67e39132981b74272995bbc1f15487c8a,7aec8b81fe35fa4740f3d7e626f56969fbac35756aa55d4e2f5e9507498bd8b9
train,184,aug_9dff7a848d84,aug_9dff7a848d84,CWE-327,Python,augmented,True,CVE-2015-9235,derivation,1a88f9e3d68cc95edf64ac46b5eb6182013fe10540c5eaa359b3682ae4c612e1,7b3620149c659825eb1afd076fc682c349c685673376757c4cfd327aa914fcbf,a26f25afcf700b614ae40d324ec358a5dbd3203641262c3aa5c81522771fa68b
train,185,aug_ca2ba105f22c,aug_ca2ba105f22c,CWE-327,Python,augmented,True,CVE-2015-9235,derivation,98396def71ddb9356c9cb434c4cd53a9f3039a3dc8004e1a4652b0ef39d842dd,7f4d7628a8c5ec6224e89be71efe6df91b329526a294074942e7442a65605a08,0ae386ccc2c2742eb3cba56ba427f00668be9a03c99c2b85ab61de1184852d45
train,186,aug_f6d7c3b0bd8e,aug_f6d7c3b0bd8e,CWE-327,Python,augmented,True,CVE-2015-9235,derivation,c94258197959aa204f7ddb949ba0cd9d2f8b44873df789dfdd0ca476d917cdbb,96a61056b533ef2e49e47e1d4f9119a986b1f6d94d50cf2909d60ece7db2d160,efcadcc2f12c349d15c1288af72a237eb5430ecdfa874ee7db20d6917a164356
train,187,aug_d16147b6cde7,aug_d16147b6cde7,CWE-327,Java,augmented,True,CVE-2015-9235,derivation,f91ea3910c3e4392778c59074295f04622cc72ed5b572f8d8f7449fa47a25f77,d2e51363b434d2fe15c04956ebda834efa7a0bfcb299732be422d35b00c5a6fa,18963e2947780c81ab9dc9433ffe2383e0530c1511c6c204680a0f61b40eb8b6
train,188,aug_6f39e7dafd69,aug_6f39e7dafd69,CWE-327,Java,augmented,True,CVE-2015-9235,derivation,70e17a4d61cccac05b963db8e659069c7d3d8a6f5863ad3e60010a6455f44d4a,adbe10bcbea6263e6cbdd2f07460977bf578cb6f548ec1427ad524a00df416da,c7448ab7fa4999fe4dd2de4306f6aeb3d62ad12256b526c8d1e333a289f7502a
train,189,aug_76e5cc3a50ce,aug_76e5cc3a50ce,CWE-327,Java,augmented,True,CVE-2015-9235,derivation,f97eb17feda0d5aaeefeb8565cdd82eba1c6f687efad3d31d723352a3f190ca9,eadc811d0587d5438e5d6cb04e7e6afd3ac46b52dc928e80228ed82ecc0d1f56,045a2302480141439ddc18cdca8636be14eaa15528d8bc2e023353fd4cfc2dfa
train,190,aug_cffa225bf404,aug_cffa225bf404,CWE-327,C,augmented,True,CVE-2015-9235,derivation,29a5f19e1eebdb37aa1cdaca9fd3ed2dda96577c3b9686edcaf12da40ab58d6c,6e818fd549dd840756adf0fd3d0f5751b2cae6c914e073937917abca602facfb,07debbc4dec2de6e9dfc5b450288f40837693a62328bf82c5dc3e43ef75ac4b4
train,191,aug_188048ec8d06,aug_188048ec8d06,CWE-327,C,augmented,True,CVE-2015-9235,derivation,025406e166818a7c462df9a4d36d70b85e4031421bd65c6bef4539691c56aa2f,4d4178f2dbbddb392c647c92fc3e012f822af07784450b489c32d86e42477b7c,c484b3c6598c652572b5cf1809650f53a41c382fe42fe8c45ef3c14b503a6c49
train,192,aug_1a2570746f3e,aug_1a2570746f3e,CWE-327,JavaScript,augmented,True,CVE-2015-9235,derivation,81f9bdcd892bdb305d551c421069ef9c461c3a339fc8423e960ab019c75d3801,d617ceabbc5e6b7d49728ac3e2febe43452ded2ea0c1ef9cff9909072c443e10,04341bbe85ce0a28bbc2e2d164a8961d3858dfa9eec32cec336f44cdcd3b327a
train,193,aug_31ea54f57066,aug_31ea54f57066,CWE-327,JavaScript,augmented,True,CVE-2015-9235,derivation,20b5cbeff43ddede85f75304251ce4271a70b2f02cbce2b9b0514195ebdeda80,618da041a413a9045a46e3936db454ff4a76b3f3df40b4a817fb7e6d127a0d3e,904fd3df201fca08eb6b6b1f4a2b66b158f770c2502373ceeac5ddb55188c9dd
train,194,ee1ba7b352966f25b5191a58369acce0,CVE-2016-9934,CWE-476,C,cvefixes,False,CVE-2016-9934,derivation,e8426d831a134a6196025e66ca5e2feae9dbe419eb86f6eef1876f097c0866ad,e8426d831a134a6196025e66ca5e2feae9dbe419eb86f6eef1876f097c0866ad,a3301f6ea7bdae2afe7b54f3b08ac39507130bd77090b35f71e41c27dd3ed3f8
train,195,05ad1664f13d6a3e682feb8738c41ddb,CVE-2018-1065,CWE-476,C,cvefixes,False,CVE-2018-1065,derivation,4454a022e70262ed74a3cd562461286c8fa5cf33de87c2dd37704c3b143424fd,4454a022e70262ed74a3cd562461286c8fa5cf33de87c2dd37704c3b143424fd,38e56f3528a530e0036631e68cd07caa9bbb53b80262b7127afc0f5aaea7ae9a
train,196,809b45f02bc7f0c7f1c24cf10425cff3,CVE-2016-10129,CWE-476,C,cvefixes,False,CVE-2016-10129,derivation,f7044acdea526c50a0fdcb39a13c9d52d234a3ff1abd7efc87d711a174caa1f6,f7044acdea526c50a0fdcb39a13c9d52d234a3ff1abd7efc87d711a174caa1f6,54e061ac6ead198d2047f40b53d18766b3dcd310ba05d1057bace4e5f295f3d2
train,197,53660ae3b6f14766480e968b22583628,CVE-2022-23589,CWE-476,C++,cvefixes,False,CVE-2022-23589,derivation,65e409b840cce694aad5bba23b01c0b8b2f7a2865dd762622513747e5c90f2e9,65e409b840cce694aad5bba23b01c0b8b2f7a2865dd762622513747e5c90f2e9,ba2be1a06b035591c238fcf22ce11b67c8b1d101e935687cbe89e2895cd961d0
train,198,4581cef39546bd06d769c0c221bb7022,CVE-2017-12476,CWE-476,C++,cvefixes,False,CVE-2017-12476,derivation,98194893bfc0defec6e13dc1ad1a3301baae5b0419203ff3e0c517e091cadc35,c047f5bb3b41964d5f26ee9ff8786f3cc9bab98c0bec70642190def9a80b7c3f,92643ba90d8edadee71ba7c2985dbdff0c9db6a9996a6329b83253e302a70b5f
train,199,a12e8b75c245ec76b1f9de6e6fcf3909,CVE-2017-12476,CWE-476,C++,cvefixes,False,CVE-2017-12476,derivation,75091bbe67d7e1c64dacd92b485f4fa363588f84d5df1ef56e53068026566d74,75091bbe67d7e1c64dacd92b485f4fa363588f84d5df1ef56e53068026566d74,cacf3d11a01d774fd95f05b4b9dd404dfd9f321feafadb60017fd9f2b186707c
train,200,3e3dc24a1c6504e8de8b1efdc9c09506,CVE-2022-25867,CWE-476,Java,cvefixes,False,CVE-2022-25867,derivation,17842bc7c3b81e9a61a1f1ffdfc854348fddff0ef23663523d07b8b8910bcd33,f4c63ca51397f0a0b35ffe44450fa39ae82834ece1cd69d7f4aa631f674d6871,8fe232f4e1d0f233438c710a5b025d035c19deb44180c2ff69c660bcb38133d3
train,201,436105de22749eb05d52c2fed775b25c,CVE-2020-23930,CWE-476,C,cvefixes,False,CVE-2020-23930,derivation,f9a603bd6df3e1f821d154971dea55b9deffddb251b2ad09edd1a6b5cbbfe481,f9a603bd6df3e1f821d154971dea55b9deffddb251b2ad09edd1a6b5cbbfe481,1e1864ef7419e97291fd521b6d4bc24f170b4e99d52d89fbac23327c0e27023a
train,202,6dbd8af05dd0ec5cfb4f698d41137c80,CVE-2013-2765,CWE-476,C,cvefixes,False,CVE-2013-2765,derivation,88ec237c8f372434ef77a6ad9c7b64effe697fe72610dde032411d46a1731073,88ec237c8f372434ef77a6ad9c7b64effe697fe72610dde032411d46a1731073,e65099fc4a5a6f5284416912b957526f382447c2738abe44419af5df57eea91d
train,203,02d2a6246fcf21b095ea999a92b0b97c,CVE-2019-1010239,CWE-476,C,cvefixes,False,CVE-2019-1010239,derivation,285c5e100ee3d5a3be3141312efee91137512d3b20f1516c59fac050a43573ec,285c5e100ee3d5a3be3141312efee91137512d3b20f1516c59fac050a43573ec,71a1d312b07aa120ce8c253464405a3475c832554569784818b9653241181d39
train,204,bdeb42e0c8260bc1401513dd2f8bcf2a,CVE-2013-4119,CWE-476,C,cvefixes,False,CVE-2013-4119,derivation,8a55e4fc0433d17b4d071b7d52e0745f122afe7bd3e6f180170559e64c36edd3,8a55e4fc0433d17b4d071b7d52e0745f122afe7bd3e6f180170559e64c36edd3,1b82148b6479c5a404e4d040bfa226da4278887f599c13b35a0c16d743b11eda
train,205,571a6856a3b7dd04af503717c509a495,CVE-2022-0696,CWE-476,C,cvefixes,False,CVE-2022-0696,derivation,d8598d06c082fa76ed8f1d542b708d6d5e08e827f9de64bba3f85962754a7a59,d8598d06c082fa76ed8f1d542b708d6d5e08e827f9de64bba3f85962754a7a59,eac7f7485b049c336afa182bb49562623002f0146f33cc97c29d8651ec860126
train,206,b462cbddaf4f5a0ee33ff7398b2bc569,CVE-2022-0712,CWE-476,C,cvefixes,False,CVE-2022-0712,derivation,023fead9275fef2a542b1ba343e41a26dfe671cc729ab1c8b66f4800d7e68aa1,94802e2e577c65880034e205911a5f214ba5810a5de492510a5b7760216561cc,1124804747139e9b07ec0fda4d3d67141735296265807f1ca94ec7a88b7aa6a1
train,207,3119a320f6e847dcd86a3e588264c2cb,CVE-2019-19923,CWE-476,C,cvefixes,False,CVE-2019-19923,derivation,de63e590a1183d2983531de6c38b0ea44007e20c53a070aa94ee397bc4fec53b,de63e590a1183d2983531de6c38b0ea44007e20c53a070aa94ee397bc4fec53b,c7c4c2b04301fc3f2c37610ccc67fc86174eaefdb23cc537705528a5fed0bbb8
train,208,b3e097775afad829f25de8c3111ad711,CVE-2013-4119,CWE-476,C,cvefixes,False,CVE-2013-4119,derivation,8e94d075d73ec6515520bc7858beb1a2b11ee8d9669695e86fa676221943d960,8e94d075d73ec6515520bc7858beb1a2b11ee8d9669695e86fa676221943d960,f4d76b47dab73735c355d7b7ce22a841d6451bfd0f2b6c4df6af7d5e81247448
train,209,63172d2aa2fb8b718b459d2fafa9c2e5,CVE-2017-6850,CWE-476,C,cvefixes,False,CVE-2017-6850,derivation,520d16ef394e0b5f655ffcc2c613140553b01b503828cdaba5ba66b54cea17dc,520d16ef394e0b5f655ffcc2c613140553b01b503828cdaba5ba66b54cea17dc,e20fcbb4d1bfec6ed055deb2e87e36c9f50eb19ebe51f6543f41981ff87675b9
train,210,96544e3ae939285a4087b8dfd2fac918,CVE-2019-15922,CWE-476,C,cvefixes,False,CVE-2019-15922,derivation,b8de536d263e38e55142394c111e65a0925eefd6d055c3023abb93396e1bc7b1,4c62872d88262a67278619a374e5f003ae1cb4d5a36c55465673840a297bf5a9,6c9eb45f696952bf157c44ae7d9347ceea9ce1272d8143cb186aa097e185b079
train,211,a6732d46b82dc7f5d07febbf06bfe916,CVE-2020-13775,CWE-476,C++,cvefixes,False,CVE-2020-13775,derivation,a05de830e930991f66274356ca9066aef622a3f2a8656b4ddd9ae96fdb7cbc99,7be5e32f307f4c424bb6ff3597893d7a8d7f4f5ced9e324aff498d69442a568d,6fd79afd9db034b8d62bddf08df8f26960277620b7814eb7e8b8ac5b1fd2a16e
train,212,a31270b0e8806acbf9c9bb7797dd8ab3,CVE-2021-23191,CWE-476,C,cvefixes,False,CVE-2021-23191,derivation,00451001a186ed35bc8ff7039c13bdfdba0cb297376911436617639f7a21df11,00451001a186ed35bc8ff7039c13bdfdba0cb297376911436617639f7a21df11,16c7463695a0c1e48d8673db7bde80fbe586b84fce01a3d566846eb7a5d8839f
train,213,bfc4484eb1131123943d38c09c2f18b4,CVE-2017-12474,CWE-476,C++,cvefixes,False,CVE-2017-12474,derivation,75091bbe67d7e1c64dacd92b485f4fa363588f84d5df1ef56e53068026566d74,75091bbe67d7e1c64dacd92b485f4fa363588f84d5df1ef56e53068026566d74,cacf3d11a01d774fd95f05b4b9dd404dfd9f321feafadb60017fd9f2b186707c
train,214,93863c142bb58a05734c4302f74e3ee4,CVE-2017-15116,CWE-476,C,cvefixes,False,CVE-2017-15116,derivation,95614ce23cfb949b05e2a78940773eac41da06abfda2b3a19684c120db047a38,19684402c47be312541006b03f5a5cf1ded739384812e9a5a105a6b04e210bd9,d51d6f94ed04072003ec2378035cb069d88ce26fed35e6c580fb81b6a113f612
train,215,d3155905fa53622a94283b05356daf25,CVE-2018-5729,CWE-476,C,cvefixes,False,CVE-2018-5729,derivation,55bd5194f5b9872b7b76a432d19c70fbb03c3bad07843c13e28428ab644efc3f,55bd5194f5b9872b7b76a432d19c70fbb03c3bad07843c13e28428ab644efc3f,9c6b2b4936978ca858ea980d656979b189b3a6e7bdbd5d557076f59c8800775d
train,216,fda5a9cf95cf7adafc8cfebf9134d977,CVE-2017-9229,CWE-476,C,cvefixes,False,CVE-2017-9229,derivation,70df46d1092914f039af4398515b54c2b774c2047ffc51171d48f278d97ec96e,70df46d1092914f039af4398515b54c2b774c2047ffc51171d48f278d97ec96e,030de120449e9562cf7f53b42edbc07a88f4b7c09d92945635546c9b55b57977
train,217,affbef3338e3cd764349f24493e3a64c,CVE-2022-2279,CWE-476,C,cvefixes,False,CVE-2022-2279,derivation,042cf8ebfa1844a3dc78928badd6380df07096b1a32c61296d65e84d569b0c6c,042cf8ebfa1844a3dc78928badd6380df07096b1a32c61296d65e84d569b0c6c,c959d170d4b94b966049e193ec7207997f27cfa1246e08d44d0cfeacf28613fb
train,218,c83d9ae620d7ccb64c8a8788deb0a092,CVE-2018-13094,CWE-476,C,cvefixes,False,CVE-2018-13094,derivation,34ffa5000d7ac5281dc6e60fb14ad5ebf4b99611330b2ada42b939a1fb2d5961,34ffa5000d7ac5281dc6e60fb14ad5ebf4b99611330b2ada42b939a1fb2d5961,8d1746b79b8a4cc57227e1367f901f84bd72c44071ff29a2a9f870026562b373
train,219,ada7eb95073bb8e3afd81e818becd12d,CVE-2022-1172,CWE-476,C,cvefixes,False,CVE-2022-1172,derivation,2f8945f4241b16384eba27bea9dd48245bf4febbb6c13479872dc743b2bce95a,2f8945f4241b16384eba27bea9dd48245bf4febbb6c13479872dc743b2bce95a,ac970ade6ab85dbbf6b787648dbfe6e29e17bbb09bdb2f7af0392d6c40636971
train,220,8e0112da9d469e530e1590e5e1b86625,CVE-2018-15854,CWE-476,C,cvefixes,False,CVE-2018-15854,derivation,4b2e33f614ff1ca8f32909d3a19db6ee330aaa35dc25a6cefbb673c9d1a96b1b,e263d890b7ae5f0021f18ba871419becd2498439ea20a2f692d244e87808b47e,769e8fbe9b88171def3f5ff87e8ea85d9c0b0a4ffc3fe723dfcbe4a3f5444bf5
train,221,0a91e1444b59553da7e35c4c2793f7e4,CVE-2021-3671,CWE-476,C,cvefixes,False,CVE-2021-3671,derivation,88ed7bd484b92fa993bf1e9b4465f5ec5ebcd5f5a73e0c31997f9be58a3703d3,88ed7bd484b92fa993bf1e9b4465f5ec5ebcd5f5a73e0c31997f9be58a3703d3,82779ba0ed491958d385a08a00eddad864896a1e5b0ee1f0786e0dba969b9cf7
train,222,168f94e760818230a28e2792d5793751,CVE-2022-2309,CWE-476,Python,cvefixes,False,CVE-2022-2309,derivation,be54a6dad01c3cfe56786dbbc6b637b2f85a31b8432d18631e9f7d791dfefba1,be54a6dad01c3cfe56786dbbc6b637b2f85a31b8432d18631e9f7d791dfefba1,f155de4a869be85802264de40932f28cac6816c8510d8221aa64d3d9d9a06531
train,223,581c0ef9ec789a3679da7f9bae7c11e2,CVE-2017-15306,CWE-476,C,cvefixes,False,CVE-2017-15306,derivation,4e9df4b8ec9f0f15c1453d283bbf8047b310ff121ee1525a52a255ba36a2421f,4e9df4b8ec9f0f15c1453d283bbf8047b310ff121ee1525a52a255ba36a2421f,a015c74d72feec4b50c14ebec61ef90d1f3326f31781020a5a8209a0abbb1114
train,224,58870f833dd4bff68aabed6cc6a9f3ff,CVE-2017-12474,CWE-476,C++,cvefixes,False,CVE-2017-12474,derivation,09b4851f2d138dbd69981095cb9bb94edf6bd6d66b950c88480eae0147ceb758,09b4851f2d138dbd69981095cb9bb94edf6bd6d66b950c88480eae0147ceb758,80d398e7621de22f271401ca243222df8e97cc18718a307f46df2c184c09b273
train,225,d7e12a86e5778de00b8b15560fd45bab,CVE-2021-31259,CWE-476,C,cvefixes,False,CVE-2021-31259,derivation,817b0c4a6ad359ad33e3badac900aeb014071ec5bb7145c96f032593e994b5eb,817b0c4a6ad359ad33e3badac900aeb014071ec5bb7145c96f032593e994b5eb,374c4223f4bd70c0f370d9a33c6787bbce5702cb3c45f89ce87e0284162dcd2d
train,226,afa31dd441862fe84c81e9349a0e3b0e,CVE-2020-14397,CWE-476,C,cvefixes,False,CVE-2020-14397,derivation,db3564cb88692fbb978e1f914a9086b8ca4b5f5bff064fe49ebc0d076789d7c6,db3564cb88692fbb978e1f914a9086b8ca4b5f5bff064fe49ebc0d076789d7c6,3ee1112379c2a5999de81e13bcad7fbcfe1695dbc42d4aa197adb7e88dedae7c
train,227,b25d26b42f9a70abd1c89202d2027cb5,CVE-2018-10074,CWE-476,C,cvefixes,False,CVE-2018-10074,derivation,39c42acf23b75982bee14619e747b469c19848850bc51005066b49368d403fb0,39c42acf23b75982bee14619e747b469c19848850bc51005066b49368d403fb0,53e45c79be3b3197a47e68dec4234a4f228e3c036baa5c82bebbc92ca682b0e3
train,228,deb2105ab4518339547509004217e19a,CVE-2021-31258,CWE-476,C,cvefixes,False,CVE-2021-31258,derivation,11f0a7e4e1ad8411931a6774125f53b622d0a44ee51000582b115c964e4dcfaf,11f0a7e4e1ad8411931a6774125f53b622d0a44ee51000582b115c964e4dcfaf,69a6dbda74716357410e941c30161cbd677a20655acbc2ef6e3a9f6f178ae482
train,229,80c25a85ba2f1c5dc629d345b0dc4645,CVE-2020-13848,CWE-476,C++,cvefixes,False,CVE-2020-13848,derivation,0752f0d63225c5f410eb365839c4104fc62faf21306ff534dee4379bf818d5aa,6d34456431a0a5808a226b72321064d47e3ccba6ce6245719faf8525f1ea175f,dea75e8188142838d83284b148e3fef59ae6c10dd13be05890526d8d6c463c1f
train,230,78e7134f34f9bd80308972b70f132c4b,CVE-2021-27815,CWE-476,C,cvefixes,False,CVE-2021-27815,derivation,290d39699e946f7182438fe8f621ac124797bc6d2455140b34fe8c41951d702d,290d39699e946f7182438fe8f621ac124797bc6d2455140b34fe8c41951d702d,5b34ef537fc1687ee273eda32f89c2beef01aa8c00b381fc088df4d761abd425
train,231,fa24cae2bad3ca202bcc8a5cabac2b98,CVE-2021-31260,CWE-476,C,cvefixes,False,CVE-2021-31260,derivation,12735775d4d5ca0fd1f0daba03ec4fcc123472a0dd003bae9b57d011eec011bc,12735775d4d5ca0fd1f0daba03ec4fcc123472a0dd003bae9b57d011eec011bc,87cc600ca94e9b76576ad51a69c58d447f77d31e89eb69ef22e1c75da5e38445
train,232,faaa2e7f338f6685678af465ca4a3867,CVE-2016-9934,CWE-476,C,cvefixes,False,CVE-2016-9934,derivation,2967145117bd3d7b0d29c025f499192811e5f057a730f5f03580631107407db5,2967145117bd3d7b0d29c025f499192811e5f057a730f5f03580631107407db5,4c55ee5251c000e8a0d886db4ce237891479b35b44ec39236e22991f196d90dd
train,233,48ea534553cb0a49027643aaf185cbe5,CVE-2018-5729,CWE-476,Python,cvefixes,False,CVE-2018-5729,derivation,8d056a7ac7b55c2352a86360436e5c8736ece0f310f1274daae63b957e949a45,8d056a7ac7b55c2352a86360436e5c8736ece0f310f1274daae63b957e949a45,1d42cc0032ec00c55772d95b5af1db0a47f407c684db3b412a42eeb310662d62
train,234,3f75fffe5ad18600858e5ea16a52c442,CVE-2022-2279,CWE-476,C,cvefixes,False,CVE-2022-2279,derivation,0db08bdab341fd53485a8c246f5479a3c0bc5b4986e18d0a10e3a3a9b8073ed6,0db08bdab341fd53485a8c246f5479a3c0bc5b4986e18d0a10e3a3a9b8073ed6,5c2ea8c208d9e31596176385e12326951442e43a4b88604f671ca08c8c0a483f
train,235,c8d37073c1091e9b0e89631113d518b0,CVE-2017-15116,CWE-476,C,cvefixes,False,CVE-2017-15116,derivation,afc36b08c83c5b0da6352c6ba1ef2c276b0e7cf4a91ea67780432786f4276c2f,40a026c673cfa426c16446107b92319f9b6bcf44b139409e781e5b14bfeb9696,1aa432970072fc37f8f98dd35bafcb26e4419cef92f884e505f5aa684d1ac7b0
train,236,8f4d5e5bb55c160f9c56c270537d3d2e,CVE-2017-9250,CWE-476,C,cvefixes,False,CVE-2017-9250,derivation,b733ad6b60bddfbd0d4e09bca3b6696ac24783b024a9cc82bbbc266cb70374bb,b733ad6b60bddfbd0d4e09bca3b6696ac24783b024a9cc82bbbc266cb70374bb,ae9dbded4f2d85b92266fbccff436080a3202bcff11a953ff8626e9f804dc126
train,237,2f91b902d5c7e929338c52c1111a506a,CVE-2022-29694,CWE-476,C,cvefixes,False,CVE-2022-29694,derivation,f41ad86cfd2b9725f4bcff2be2618b9107cbd1aa28c89fb6b2a8b5e626cfca45,f41ad86cfd2b9725f4bcff2be2618b9107cbd1aa28c89fb6b2a8b5e626cfca45,85849aba892a16ba9a042b1a9b722c59d568520c4400abb15854e9a36ad763c2
train,238,7ab294d6aae5261ae8628aa67cc0f0ec,CVE-2018-13303,CWE-476,C,cvefixes,False,CVE-2018-13303,derivation,b7dbc0e5e706d160530d12717a917e3d4ff9b27b18a6bac6c910ba9fa7ffe9d7,b7dbc0e5e706d160530d12717a917e3d4ff9b27b18a6bac6c910ba9fa7ffe9d7,7a1815ba5a844dedbd6afac400079f43c427e106e9b877aa1993feede6f30ac5
train,239,7ec919b88e616329f112ba33bee2a038,CVE-2020-11609,CWE-476,C,cvefixes,False,CVE-2020-11609,derivation,5043a7f56b95bc57c5bdb0be894cf6a1f4931bc5133ecc680d295335f618b38e,5043a7f56b95bc57c5bdb0be894cf6a1f4931bc5133ecc680d295335f618b38e,bb21706cdce5c245af93311b3d98a45a0447c9a025a7df19ce5c8c498f6397b9
train,240,ab7e52309f33361d15da0ddcda8ccab1,CVE-2019-13225,CWE-476,C,cvefixes,False,CVE-2019-13225,derivation,b056e1fb62589ba222981c496b9a9d7a522c34ad2be95dec65365de4732d41ad,b056e1fb62589ba222981c496b9a9d7a522c34ad2be95dec65365de4732d41ad,32415bf876c39083e34b9bc0ef00a45f459256d1f5743c6b02b0955038c597a9
train,241,8b55e896ea0a1717d1c93fc40e7eb7ea,CVE-2021-4043,CWE-476,C,cvefixes,False,CVE-2021-4043,derivation,a374b5678424c2b21fdc77df18b1c7f306c3015c119bb8a0f354411225a8d558,a374b5678424c2b21fdc77df18b1c7f306c3015c119bb8a0f354411225a8d558,43592c412a0a2e5c50f4510db4a40459680054eff8f2ee83a4e22c89689efe3d
train,242,1ec8b09bb5305ccf725486d3e1f65169,CVE-2022-25867,CWE-476,Java,cvefixes,False,CVE-2022-25867,derivation,8b603c6bcd19d45300f37ae8a01d35ee339b62f13794a45b4497dfd6af3ddfe7,8b603c6bcd19d45300f37ae8a01d35ee339b62f13794a45b4497dfd6af3ddfe7,7134e39cbe3a682d78c4f8e9d384a0343fca0486d0ae48beffd05cc8eab8d6cc
train,243,b456377031cd6d0e08c49bf0211c60a7,CVE-2021-32135,CWE-476,C,cvefixes,False,CVE-2021-32135,derivation,cec9df090dcec01975b62d5381ef0ecad21ed651c1f7ad026d930b6371a81fdd,cec9df090dcec01975b62d5381ef0ecad21ed651c1f7ad026d930b6371a81fdd,37b7bab87b35a0ff5237ba4696108690520a29cc19a67d369c7f4b7740baffe3
train,244,74188ef0c76bb4019b3156f4256b6458,CVE-2018-8800,CWE-787,C,cvefixes,False,CVE-2018-8800,derivation,04332e39891e7c76a6b6fe2fd7d4188504a9fdfa405dd14a4a1cb02139c5482f,04332e39891e7c76a6b6fe2fd7d4188504a9fdfa405dd14a4a1cb02139c5482f,6d141362054ad22c9ba7484a0e72adc78095effc0c10deda91f854b0b61d93c5
train,245,1b8558030ab61a4c547d54e809efcd8f,CVE-2018-8793,CWE-787,C++,cvefixes,False,CVE-2018-8793,derivation,82c44a63ac091504e512fdf886182639d500d6526313cab8d74ed7a9acd220ca,82c44a63ac091504e512fdf886182639d500d6526313cab8d74ed7a9acd220ca,c7f389cfc9d6abb8b75baecc810cec95f8a4d3ac5647b445ba83da636d3a164f
train,246,165cb55da7a9fc75717e84936f8401b3,CVE-2020-1921,CWE-787,C++,cvefixes,False,CVE-2020-1921,derivation,dd78899b73f1d0d1b42814d07a1e94f86c5630056c8c10b8a00fe2b1efd65561,dd78899b73f1d0d1b42814d07a1e94f86c5630056c8c10b8a00fe2b1efd65561,f91e8f5cba2e0ddea65754e9a43e29664ac7be8141c58987f7c78299913ac5d3
train,247,df7b8b5bf8781ceb615193bd1b8d907d,CVE-2018-25032,CWE-787,C,cvefixes,False,CVE-2018-25032,derivation,25d77b4968f655716e43a029575d0667ac1d0e8d4e6f69eb78c5b3c421e0d45c,a1aa1ddcc3d3aeb735ee4b813b5c974e5108668414a1cf6702d6cd9c67213316,fc1317c278d77bfd61f97069858e4f0c81705f15977b502194f2f821b5414416
train,248,a15da4339b59a7870594f3d87b3e688b,CVE-2019-15692,CWE-787,C++,cvefixes,False,CVE-2019-15692,derivation,7e2b8ca4e3c813f411c16c4fb4e600c285082f820653bad0f2549486c2623de6,7e2b8ca4e3c813f411c16c4fb4e600c285082f820653bad0f2549486c2623de6,c9b686b33005c53c63ed5f8530a2004ba670aeed4456ea88b5ef15ca34ee4638
train,249,04d52df4df492ff72862508d7642649f,CVE-2018-8800,CWE-787,C,cvefixes,False,CVE-2018-8800,derivation,fb72bf54f8cf4c97e2b7d9a7f012bba500d27d8e8403a8676d8074b97fe2dc9c,fb72bf54f8cf4c97e2b7d9a7f012bba500d27d8e8403a8676d8074b97fe2dc9c,363303f8dff06a3d4e3a0ad34f9ea7b4f2cd9ff6640396d9f8ac93601531fe1d
train,250,b89930ba1ca7056a6d3deab9e422e6c2,CVE-2021-26259,CWE-787,C,cvefixes,False,CVE-2021-26259,derivation,6250a7db7d6533639dcb4ccdf8b5e0f0a6947d396ea6512fa6c5f3ba90bd01a4,6250a7db7d6533639dcb4ccdf8b5e0f0a6947d396ea6512fa6c5f3ba90bd01a4,b835ebaac93f05530c86e177e449faa993776706104a931b739138774391bab0
train,251,891b67cde27a534c2d25df212860d071,CVE-2021-44109,CWE-787,C,cvefixes,False,CVE-2021-44109,derivation,4c6e3f07b7ac89561d0f414d3103b8151151f312569d2615f2939bffbca24f72,4c6e3f07b7ac89561d0f414d3103b8151151f312569d2615f2939bffbca24f72,0e10ee55e8ff50586f35dd4ed42529b9a53bdfaedab7e2be883ec26f5a9e92c5
train,252,64c259a744b6dcba68902ccbb19d6298,CVE-2020-14404,CWE-787,C,cvefixes,False,CVE-2020-14404,derivation,7e52aa3d6785b5c786acef2a636c93ab851d42d9831f7f5c2376e0656a5df9fb,7e52aa3d6785b5c786acef2a636c93ab851d42d9831f7f5c2376e0656a5df9fb,41a8cbeb2e66c13cff089b4d29c79f81934927a96b4615128d2ced03c59eca99
train,253,5849f95f5108b2a4c8e5e6144f3e591a,CVE-2017-9203,CWE-787,C,cvefixes,False,CVE-2017-9203,derivation,8ab8ed653cb8aa8835f6daf08c19f654925bc29ac76e6599c123dfeb19c7f68e,8ab8ed653cb8aa8835f6daf08c19f654925bc29ac76e6599c123dfeb19c7f68e,1ded0c10532f5aed05b690456eaee873e7c1d96fab4e8a520bab61f499fac351
train,254,888e57a4e9866a78402a892e419191f3,CVE-2018-8793,CWE-787,C,cvefixes,False,CVE-2018-8793,derivation,8a63ae62a49b27d9cb68abaf1656aeb10e261cfbcb17e2c14ab5723177e8fd3f,8a63ae62a49b27d9cb68abaf1656aeb10e261cfbcb17e2c14ab5723177e8fd3f,a0fc0f7163a445f918763b0f64a7bec7cf9ffa3214ee3e83ae6d56cdb3bae620
train,255,9a646b820d4aa7c1efa00804e34ad72e,CVE-2020-1916,CWE-787,C++,cvefixes,False,CVE-2020-1916,derivation,31f302265e7edf1b75985df15e51b7cdc0a165bbfbf8cbbffa917c13a8c61d2f,31f302265e7edf1b75985df15e51b7cdc0a165bbfbf8cbbffa917c13a8c61d2f,430ce4be6984c7ad01edcf09880d2af2523c057c12736693e73624377c91ae43
train,256,fd1e00675ef59ebccf401b8efcfe38b2,CVE-2022-28044,CWE-787,C,cvefixes,False,CVE-2022-28044,derivation,4b408e18b804130a41052053f2993e8a803759e884a2486381befc63883f743d,4b408e18b804130a41052053f2993e8a803759e884a2486381befc63883f743d,dc846cec7ace265fd99dbba567f5fcb4007c6f9c7b2e13cbae6525e7c1a6ea8c
train,257,6e695ce59a2e66e46dc4d81f854b4edc,CVE-2018-8793,CWE-787,C,cvefixes,False,CVE-2018-8793,derivation,4973bdd45f40373707579686a82e15266d26f302b613879a8e504330e08950fe,4973bdd45f40373707579686a82e15266d26f302b613879a8e504330e08950fe,8a0f9baab6433159e3e2aa380ac4b8df5991821281ad5147a81b31c81a84b1f5
train,258,2a46230c82d1cc331eab7b486953e686,CVE-2018-17942,CWE-787,C,cvefixes,False,CVE-2018-17942,derivation,85aee162cb40efa5887553fed88c57acfe57f438ab270ac2bf2db48de01933c1,85aee162cb40efa5887553fed88c57acfe57f438ab270ac2bf2db48de01933c1,0f38f6461740fe121845d606eb4b5c2a6c00e30696b7b244162204c0cae73c56
train,259,84cfeef932d5098dc3ec5b14a43ee503,CVE-2022-1714,CWE-787,C,cvefixes,False,CVE-2022-1714,derivation,267f814a647f9f56eccc4b35abcb0e8ce8461417dbf6516090f8d6a943ef42c5,267f814a647f9f56eccc4b35abcb0e8ce8461417dbf6516090f8d6a943ef42c5,0672ab1d20833e78ea39c694f6f4a78b71eff45498be45fca3ca1c63b28a4ddb
train,260,fc84efc2842c50ddb5d394fbc4e976b0,CVE-2018-13095,CWE-787,C,cvefixes,False,CVE-2018-13095,derivation,8fecaa8ee92f1650de88e60bf360e72145e801070edadc36efdf662b116a2229,8fecaa8ee92f1650de88e60bf360e72145e801070edadc36efdf662b116a2229,cd51f227d0a0748133182febbb45ed695934fd92199fd4ca7ee1d845a0f54269
train,261,249af6d362b6ab56a038a9dd2c98390d,CVE-2022-1897,CWE-787,C,cvefixes,False,CVE-2022-1897,derivation,969113aaf8c9bfb38f2340ddf5e9641dae304fbc11964db67860775a82cdcdde,969113aaf8c9bfb38f2340ddf5e9641dae304fbc11964db67860775a82cdcdde,6297f85ebb92bd0f8a0cc959486a923fa30fbfd7e6919e0ed085d94461c8eeec
train,262,cae3ea1a4b509814a8bc547992b65145,CVE-2022-0572,CWE-787,C,cvefixes,False,CVE-2022-0572,derivation,f8a44ae6c6fce23a41cccd4f9fb6d0e0ee5e4631dea3ada45a68429ae5172a08,f8a44ae6c6fce23a41cccd4f9fb6d0e0ee5e4631dea3ada45a68429ae5172a08,277547be5e44648474022906516b8adbf0e3a541915aa96d37f4123817dd485c
train,263,e830d17dc424707aa2a4bbaf4d107bf0,CVE-2018-8797,CWE-787,C,cvefixes,False,CVE-2018-8797,derivation,6b169db4b3ac9af6efa84687274c1d9be7e5e6956a8ad9ab175edf17e699f76f,6b169db4b3ac9af6efa84687274c1d9be7e5e6956a8ad9ab175edf17e699f76f,3bf3f362e66b7dd13f578f6c0e8650b59177ca2d8de0bcf1233e929d4ce2fe6b
train,264,13b71d1cbb1a8e7ee9830b39105bce57,CVE-2018-20742,CWE-787,C++,cvefixes,False,CVE-2018-20742,derivation,0b9adbc4c32c5e9e22b19ec0cc0e1dd161e3cf35bc6627e7fdcddd809e3ea131,f34ef6d44c5d62f0d89fabd3b76812609727a5b7c2328ac967607ee2f387b049,c49ec54586daa464e2e0ebfd855329fc018d9a82487ddf96e2f1f36bfed567ae
train,265,529529a1e200aadc56bdfc4b3d29c7fd,CVE-2020-1916,CWE-787,C++,cvefixes,False,CVE-2020-1916,derivation,8c5c4ba2adc7f5a702d3a8bded94d5bf42eac22c1463dfec513f876d846afafb,8c5c4ba2adc7f5a702d3a8bded94d5bf42eac22c1463dfec513f876d846afafb,af84ebd610c0ff41fa1ce22bfddb8321a77c59e9f8cf5a1ae5c1f832e44168bf
train,266,5f90ef99b6f970873bd0453370d8897f,CVE-2021-29558,CWE-787,C++,cvefixes,False,CVE-2021-29558,derivation,439d18adfd5234e14adbf7403a7258a82fade038de94e922d924e32a1dce867b,439d18adfd5234e14adbf7403a7258a82fade038de94e922d924e32a1dce867b,c80b94aacfdbfb7648862cca54b5652b4adcca4536df7528ac62bd4dd583a164
train,267,721f91580b742dd11f3ec02916da4372,CVE-2020-36429,CWE-787,C,cvefixes,False,CVE-2020-36429,derivation,cc19494fd1414b55034db5d6edc19fc1810c1c4a29f52ff2eb4afc6a291a0671,cc19494fd1414b55034db5d6edc19fc1810c1c4a29f52ff2eb4afc6a291a0671,28235a2111cfcc3a40221f80b08f4d72ee139fae44e5cf5b6cb134b48fe4d865
train,268,611c586ae872db684aba32d4ee64caa4,CVE-2018-10538,CWE-787,C,cvefixes,False,CVE-2018-10538,derivation,debd81c6507ea834f0c7b865c8cc801c0991819cea026f25664d607aa35dd271,debd81c6507ea834f0c7b865c8cc801c0991819cea026f25664d607aa35dd271,ccbe47a34a555a62d84925ede6b447a4a798d9062b469b69764130a4cb9eac77
train,269,76aa5ac4630f0dd3254497e039d1108b,CVE-2014-8322,CWE-787,C,cvefixes,False,CVE-2014-8322,derivation,16d2d8081dfa4633eb16f02fa90d4952adb56b80d864b89c3b2076c012fa3ce8,16d2d8081dfa4633eb16f02fa90d4952adb56b80d864b89c3b2076c012fa3ce8,dc6eacc27fbd78704bd48683d5d63d38cc97ce7bdeb6b97adb32ae4082e57e5c
train,270,fa5e3f06bce59ef4308dccce3deb45c7,CVE-2019-12951,CWE-787,C,cvefixes,False,CVE-2019-12951,derivation,4fb1bc589790e47bc9adf9e53afcee8e52c63668ef7be9575e8817753cfb6a74,4fb1bc589790e47bc9adf9e53afcee8e52c63668ef7be9575e8817753cfb6a74,5919a0f4d7607e89c378d476586e81e70f2882bfc6628f9eb5d915ea06eca521
train,271,44b65d3f77469549721d3dd7518be29a,CVE-2022-1621,CWE-787,C,cvefixes,False,CVE-2022-1621,derivation,0698a971e616ef99198c765f128e04b7d39985e637c8735492eaeec3f6eceb9d,0698a971e616ef99198c765f128e04b7d39985e637c8735492eaeec3f6eceb9d,16f14db2c66e77e5987465645e300a6353f77fa539a52b5bfbe9b5265e7be43b
train,272,aed772360c0205b6ee41474179ebb21c,CVE-2018-8905,CWE-787,C,cvefixes,False,CVE-2018-8905,derivation,3ff8146fa1d27331978c16a6cd5444f8a0d847e6f7fc17018eb09284a2eb84ae,3ff8146fa1d27331978c16a6cd5444f8a0d847e6f7fc17018eb09284a2eb84ae,fcb3fc8432075360613c7b3af833aa9320aa412610638cd7cd5ee58b6ef7a5cd
train,273,be6b88c0957593c3de051dcd22156ed6,CVE-2013-7491,CWE-787,C++,cvefixes,False,CVE-2013-7491,derivation,e93042f665fab00b05c5e0aae960c27036b7a7c5cb6bc783124df440502d968d,e93042f665fab00b05c5e0aae960c27036b7a7c5cb6bc783124df440502d968d,647e4f956a709899f7f60bd98321c1d34a814a0f35383d2b3bfd38ba43d40a73
train,274,b98db074ee31b053b7ed272effe56e3b,CVE-2022-34035,CWE-787,C,cvefixes,False,CVE-2022-34035,derivation,38f7821f82272e079d6b0cdcfdbb92a64c000495c4c28198cce3b307698c115a,38f7821f82272e079d6b0cdcfdbb92a64c000495c4c28198cce3b307698c115a,142f37fbc8b81faee26c05d70cceb67c64b7947f893cbf3fde89e330097e4b92
train,275,44dc14db09f44792a5695f2fbdc6816d,CVE-2020-1921,CWE-787,C++,cvefixes,False,CVE-2020-1921,derivation,0b9d17f71dfbba63d2557cc339a8a9778946916fbaabaf4520bdf031274e857c,88b2bff615fe657d4dba61da822b5b9473968d5ec8bdbc4b2bd3b41d835812c7,8588fe2dc54a504bf89b480e76c64c11030154db31431df4d8ed36d424e9ea1a
train,276,d3fff1db99e6b03a5a69b31438e23b1c,CVE-2020-1916,CWE-787,C++,cvefixes,False,CVE-2020-1916,derivation,ffbf818242831c3bb4bd6a11a0155e0904f0d455d2b7727b08b7a64891444592,ffbf818242831c3bb4bd6a11a0155e0904f0d455d2b7727b08b7a64891444592,8d500efeb8b76b74cc7e149d30983ada3f588fdcb331d035611a0694426c82aa
train,277,d5e326b8299c984dccce6b08de5cba03,CVE-2017-7866,CWE-787,C,cvefixes,False,CVE-2017-7866,derivation,a18e0abba2d1b32fd968f74fdc19920814f1a731618bd650f0e2764e47457ca6,a18e0abba2d1b32fd968f74fdc19920814f1a731618bd650f0e2764e47457ca6,8435ad1ec85e6ca447be0e8e9b0405cabd7f225e9619ce31cc779aa70a78b739
train,278,3feeb36aebeda47204ed0a8ea0cc4693,CVE-2020-14402,CWE-787,C,cvefixes,False,CVE-2020-14402,derivation,7e52aa3d6785b5c786acef2a636c93ab851d42d9831f7f5c2376e0656a5df9fb,7e52aa3d6785b5c786acef2a636c93ab851d42d9831f7f5c2376e0656a5df9fb,41a8cbeb2e66c13cff089b4d29c79f81934927a96b4615128d2ced03c59eca99
train,279,af160aef4cc5abc127afd2c14c505054,CVE-2019-25050,CWE-787,C++,cvefixes,False,CVE-2019-25050,derivation,40d783bb71b5ea69c25b34cc6d175831545b678a4aa33ba4b3b9aaf6ea840bbf,40d783bb71b5ea69c25b34cc6d175831545b678a4aa33ba4b3b9aaf6ea840bbf,56b143d055e47fb9e333466c400cb60ea88a7ae972b097c2408c2d596216c9f9
train,280,96fae2a8c2b2d0e058b4857f31781a86,CVE-2022-28044,CWE-787,C,cvefixes,False,CVE-2022-28044,derivation,53af7272657d19046dd72a3bcfdab5ff9b6893b49bd050efcdcea4d933587641,53af7272657d19046dd72a3bcfdab5ff9b6893b49bd050efcdcea4d933587641,a459380597a037942df5e49fb69a3e64dc9ed954492912258759215e31ce2b88
train,281,90395f25aa2f26535256245be5f939d5,CVE-2018-18584,CWE-787,C,cvefixes,False,CVE-2018-18584,derivation,0a80d4d623f9bb462d6ec1696e233fb44aacaa5f83c8a35b807a7c28eb506b9d,eeb9a633a5a292693869432d0fda0ad395b525c9b21646f83d60302e414aa896,a0034158791eee9faaa361bdf43d6e519e8a1c993886c529c1144e99edcfe638
train,282,0a89bd2a9f50ae99494626a9ede11c54,CVE-2017-7865,CWE-787,C,cvefixes,False,CVE-2017-7865,derivation,1a5918bf44e4387f5d728e8318bca82fe54d3e6dc89193e9eb9146511777afda,1a5918bf44e4387f5d728e8318bca82fe54d3e6dc89193e9eb9146511777afda,932085137544022dad4b1c9ab591cb413326199b18c91d2cfc5a88ac45d6a79e
train,283,d94060a81de227250c53bccde5612cc0,CVE-2020-15214,CWE-787,C++,cvefixes,False,CVE-2020-15214,derivation,9aa76299c49c1b0496db5a1295bc510c65d9f348640a3d3a0127bbcf69a3d5a3,5eb52cf30473985463f3bf7af8b02f0882fef8173b1c65f942e97cf1b3ee0b1f,57bda0d031eac932563becb1d35ff9731e581f8690818e6928797e26a95e34f3
train,284,d1af7c51991c79941cc31cf2df941311,CVE-2018-8793,CWE-787,C,cvefixes,False,CVE-2018-8793,derivation,9d6a922b6a92c2c578e23bc40a3d8a5e739d51ef4b320a73c222af0d5546dbd9,9d6a922b6a92c2c578e23bc40a3d8a5e739d51ef4b320a73c222af0d5546dbd9,7ed0585dcfdf50fca32821602bf3fb646db989cf1929dfd106c77663b7e1ba25
train,285,51528eb695431589eb6148b116ca8ebe,CVE-2017-17806,CWE-787,C,cvefixes,False,CVE-2017-17806,derivation,a70f8b6b5dcb4652b13c3716b85e73e49328af3ae7a221134071c499d457f604,a70f8b6b5dcb4652b13c3716b85e73e49328af3ae7a221134071c499d457f604,5a856d50a2155f6810ad6726d2b9bc4850d642a79cef34e9cf7fbc74070277ae
train,286,763fbecd730c03711ebf10b8f2e9d45a,CVE-2022-34035,CWE-787,C,cvefixes,False,CVE-2022-34035,derivation,d18c9d4a955983741bbafb4ec7965c2c84ab252a2db61585f235432a5748282f,d18c9d4a955983741bbafb4ec7965c2c84ab252a2db61585f235432a5748282f,79e422c8282366d99289cf91b159fd77b38803e21e3fd7838d2d73b4361023d4
train,287,22cee1ec0e84fb7a089fa28e22d1f2bf,CVE-2022-0204,CWE-787,C,cvefixes,False,CVE-2022-0204,derivation,6e2a0a8bf70fe22dc4008c7d9e675e2b647883f180a67c821c3a620089d07c37,6e2a0a8bf70fe22dc4008c7d9e675e2b647883f180a67c821c3a620089d07c37,8f4e05bbc7de509b3da2429e3cc3dc3fd5c263110880e66e9ef224a4a68a925c
train,288,2370898eafdcb4f27d54477ac6026aec,CVE-2017-17806,CWE-787,C,cvefixes,False,CVE-2017-17806,derivation,0434dbbafc717992319ab8cf3f9db45e4b4f4bb3967f5bb11b138e344b5c6ac6,0434dbbafc717992319ab8cf3f9db45e4b4f4bb3967f5bb11b138e344b5c6ac6,9fb5b377a149f4f6dab3cfd962c55e0867287d584fcba886597429094355e391
train,289,4f30dec1031a62f4f52be3e6cbfe1a48,CVE-2019-14814,CWE-787,C,cvefixes,False,CVE-2019-14814,derivation,6bd1188825b0dc006bd5bcc8193af35b81b3089e811cc28174564c3fcc901991,6bd1188825b0dc006bd5bcc8193af35b81b3089e811cc28174564c3fcc901991,51cf08c96707342a8f484c0adc4cdbeb665524c905d1ca8187f783795d8dfb71
train,290,131c5322d5eb687afd4bfd91d894d6a1,CVE-2022-1897,CWE-787,C,cvefixes,False,CVE-2022-1897,derivation,f0b96af5fd59807dba90b60bdf4717f2c24d71df07fae38ba76233be62826eed,f0b96af5fd59807dba90b60bdf4717f2c24d71df07fae38ba76233be62826eed,a1307152f469501c5cbba35ad51261cacf82cf742e9e8acce77fd9b1b770b63e
train,291,35be6c35e75bbe63790b55bf3bdc07f9,CVE-2019-3570,CWE-787,C++,cvefixes,False,CVE-2019-3570,derivation,e61d81268ee0a52a40c3c6d34fa2004aea63f378ecac7705f227644defe25ad5,a569036b47d4eec649e64920013457602dd6f025b57d5f8babd30ca8273234a2,1dffeccf8b5d98ce4fb54431441180c0b8af33ff094e7518bb831ea6045679c3
train,292,d8a13cdbae3fcf483c1b17c0cdd5d689,CVE-2020-15205,CWE-787,C++,cvefixes,False,CVE-2020-15205,derivation,c290b671eb86ff88b41bc0cbba13da0517d96eb790deef3adbd9fbacd0f2a3f1,c290b671eb86ff88b41bc0cbba13da0517d96eb790deef3adbd9fbacd0f2a3f1,1a30e98aece81f0f900905dc49359baa10b06eee481dc2f4f52edf217e7aae36
train,293,0375b3e9c978673b5a05e0989ec4bd51,CVE-2018-19198,CWE-787,C++,cvefixes,False,CVE-2018-19198,derivation,8be6439a72d16c44500a9ff923c5eea7fd9eef379a5b8e9661c37659dc04bb5c,8be6439a72d16c44500a9ff923c5eea7fd9eef379a5b8e9661c37659dc04bb5c,7095583e11f1e5014df621accf408dbd949adf7e8297c7a68f5ab3c5708cedb7
train,294,142e7970866e2674da1901a89d3398ba,CVE-2020-1921,CWE-787,C++,cvefixes,False,CVE-2020-1921,derivation,5a2e82e920a9930288341017b9581b0e70b0ce19c53a69e82872a483d25a29a9,405f267de8f20ace3333c835d461bd2d8040167612fb10cde7018d916c36c63b,e072a5bdb2a0382cf7bac01752558b1aad11fbc0cc8e32539cba1dbd37f39bf6
train,295,2da3541d63a2eda9c2b219a254441f4b,CVE-2021-25934,CWE-79,Java,cvefixes,False,CVE-2021-25934,derivation,752dae630c4b68f608e5ae3a957f5d10c04fd63796b8f76651bf963b695e85fd,752dae630c4b68f608e5ae3a957f5d10c04fd63796b8f76651bf963b695e85fd,caa8dea8cacef97431ba7a5955b11f7f485e2a6b077ee627520e8312fd80c973
train,296,9c81f98d1b79b2fcd2a1e68b14202776,CVE-2014-3994,CWE-79,Python,cvefixes,False,CVE-2014-3994,derivation,896d298964017e45aea024f575563f9167c97c12b3afaec4c8386070d161b960,b10a5081846fe06ce87b2a26cfa82de95deab43710fd33f159117783862732d6,817c8fd1a8702bece06729c912f74ba73477c8a3ec6f5ad39b2e128c4f4699ac
train,297,294a4ee752a45a6027bd37a2e2f4f140,CVE-2017-17714,CWE-79,Python,cvefixes,False,CVE-2017-17714,derivation,66868a1c6a4c547a13566b2cb5c06674a7c424262fb4f1afe22bc00fb33ff121,e11725f7f7a98497eb332cb0b3c54fd0804dc486b39bdc426ade56c0a82d7642,e96200a77598e327efd2d769625c22513f29cb71e1c2dac5fe8d087ef327cf6e
train,298,a93d23b1b2665d34414e9ee5ca37861c,CVE-2020-7642,CWE-79,JavaScript,cvefixes,False,CVE-2020-7642,derivation,7e7332834ba6229073d3d3f0348d986578f9cca6060d021b1e125ef0e1f0529a,478034ff3ac89f9abd713d70eb0ffc58c5238780230310ecf5278b4f05f96be1,c8d50cde23d983424a88f5cc7ce6e758729d0ee66712496a132841afa674b8b6
train,299,0c78b9f4bb19c7412c5b9174be33a260,CVE-2022-1290,CWE-79,JavaScript,cvefixes,False,CVE-2022-1290,derivation,e55cae3359fe62c265e4176fdb5ea2d801494297d1b9473d9ee5fe2bf83578b1,e55cae3359fe62c265e4176fdb5ea2d801494297d1b9473d9ee5fe2bf83578b1,92bdbafa6e90fe6242030c6b9aae950199bddef37afc3a6d884aea725837ba4d
train,300,aab658f2fd8bfd128ccdf63ea3da9a9a,CVE-2022-31059,CWE-79,JavaScript,cvefixes,False,CVE-2022-31059,derivation,80d86aee69ea493b3237068b6520fbab7f0936931f251d619c02db71db920946,72f68e992082331ca79d1b7918c0343c99c7da17deea8915ffaec97afadad8c1,9cf8a791a25ca6b89d878e28b9943715889dde7c514c1c1f3a6dcc614efbe069
train,301,96023d6716d3f014bada246ae744e757,CVE-2019-15810,CWE-79,JavaScript,cvefixes,False,CVE-2019-15810,derivation,f5118709a1bd6a6858c963771bca7b80ff4598241ed30011d150b4e557059faa,32360225ed5850dba0e0e6b671b66513f70cde2e04d87c6d7495c824155ad954,3bfcb2ebe7f49b1fe489c6709f76ffd751c5b089bd2727815b36765f98670f94
train,302,783c704ca59b0985bd59a210a26c8698,CVE-2022-0893,CWE-79,JavaScript,cvefixes,False,CVE-2022-0893,derivation,1c3f1c8cf2431c44d0c664a6007e7bcde8bc0db1fbf3a4bc0bc62f057a3bf6ab,1c3f1c8cf2431c44d0c664a6007e7bcde8bc0db1fbf3a4bc0bc62f057a3bf6ab,3f282fc075b3685a0b8633617990b9baee33f26dd4a5c0a01689b3a95b3f714d
train,303,92de1b9a5480afa941069541d70b35cf,CVE-2021-23784,CWE-79,JavaScript,cvefixes,False,CVE-2021-23784,derivation,204909e0f21a436240b0a0a4924a69d0f757d23aa463a4787dee3ae0ee960414,eba2463dafc757dd7b339feb5edec2e44d13a0f55ca8883799e83f299ea9025a,c85a7198e5b920b29576e6331890412cba25c3d1acfa244f157515a419d1a317
train,304,eaab49de9bc507eddec189dd77622484,CVE-2021-25929,CWE-79,JavaScript,cvefixes,False,CVE-2021-25929,derivation,029a0c6635d5b1d608e4e19132162cf515a7f88a3d22c152bb85dbe3899b0a71,029a0c6635d5b1d608e4e19132162cf515a7f88a3d22c152bb85dbe3899b0a71,600f5325d3a79d5822e254b9b0b7377dd6f69dc6522d8a0b90602c01990f6dc8
train,305,c6d21edaff7575a5ed476d7b46d934ab,CVE-2021-43785,CWE-79,Python,cvefixes,False,CVE-2021-43785,derivation,8a9a9202bab0626c03c740180f5ed88ae6401a6bd9c40bd2aa1c630eda7179ac,c26f9d0a7fa2b68f558b10f1f13c1943ac863dfd383d40c07d40739c0a965004,9afc1d454c3c0e7797534545b1679fcd7e0177e9818e55c0a7525313867c18e2
train,306,771915bdca638f95f631331cd38ecf3f,CVE-2022-0911,CWE-79,JavaScript,cvefixes,False,CVE-2022-0911,derivation,1c3f1c8cf2431c44d0c664a6007e7bcde8bc0db1fbf3a4bc0bc62f057a3bf6ab,1c3f1c8cf2431c44d0c664a6007e7bcde8bc0db1fbf3a4bc0bc62f057a3bf6ab,3f282fc075b3685a0b8633617990b9baee33f26dd4a5c0a01689b3a95b3f714d
train,307,96d5ea4ad8dd26062484a69a75ff9990,CVE-2021-41248,CWE-79,JavaScript,cvefixes,False,CVE-2021-41248,derivation,228684bfe9ab3107d9ea7d631d17c4d50c4a907cce7709e9dfd574a020ca9bc1,244b932591f67cd57d4ee486e3c59032c4affad013adf4b7da32608ec5d7666d,56b15a0c786a800ff93e030e9c6672415edffbaf9ee26770343e6a1772979ac7
train,308,230d5e2bad888d22ac1215931f91a03f,CVE-2015-8310,CWE-79,JavaScript,cvefixes,False,CVE-2015-8310,derivation,d6f91cd766479e09fe4f3da3e63fd8a8f823046eea5c6a04fd4acaf3c8b98b95,d6f91cd766479e09fe4f3da3e63fd8a8f823046eea5c6a04fd4acaf3c8b98b95,266dcb121e2fcb07dd698f19fc1e91075d49b11b46e8ac85f42160da7dcf8bd8
train,309,6b871f9ab90c95391672a134b4bbfbeb,CVE-2022-1290,CWE-79,JavaScript,cvefixes,False,CVE-2022-1290,derivation,0ca07eb367f9587ca95e77574734abdf335755b778d6d15dfb77433f9bec355d,cb3b8299cb2936718546ebd06baf561961df9b0edcdcc68384e5bd39f67fc869,86ccf7d2dd0aa4df4e7c184feb7681fcf2a9dd806de120a9c4c814e0471790f2
train,310,f6bcdb0581902042832df33f80b0dcde,CVE-2019-20376,CWE-79,C,cvefixes,False,CVE-2019-20376,derivation,241ca8d53ff566122c4614844ccf4fb08104d16961ed9c42a70cad34758648d4,241ca8d53ff566122c4614844ccf4fb08104d16961ed9c42a70cad34758648d4,2d17158c2ba0ff1ccf84c3c08c7ca9c859b9b6b1760e0b9986c55518e350642b
train,311,eecdd3ee5f90d14c935f34aec3e6f828,CVE-2020-36324,CWE-79,Python,cvefixes,False,CVE-2020-36324,derivation,e5da9aac33c3537c7e67402c5d364f4cb34a4f87513b040938930b84b4eb2aec,492b0f8789b6ce5db66c18548ff9e58d4bdfd7b7cf36b24fcee206849225c005,5aac9c38ecfa387508014ff7ed46a970080e79387c80a8f432613bf41127225d
train,312,f7f547de4adf1925b6311ae0a46fac52,CVE-2015-3296,CWE-79,JavaScript,cvefixes,False,CVE-2015-3296,derivation,153f0286f2e183050deaf5608ceb9440ec496044de57f6c0254389c3ef269e3e,15568f0c282ec5f992352e771f9be17dde830c71a8c52a5692cb8cd9ae245826,c06e010f65bdbd9c3d73e3805a14720d7f8410dda26ebd909544be4309285d51
train,313,782178c70cb32438b275940da80e297d,CVE-2019-15810,CWE-79,JavaScript,cvefixes,False,CVE-2019-15810,derivation,5c3d8a19d01d14063d87f3dff09137286e16ddb355a6f3e0312c616125fa99a5,689e46d935337ec75fe6de7894f575b7dd69e2a99e0c2d777dc887959192851d,d6c22a45c7cc78688c4156baf7dbb404a770beb8ccb949e42797e0127aec0754
train,314,f2960583cb957485cd2f0bc0c147a333,CVE-2016-6191,CWE-79,JavaScript,cvefixes,False,CVE-2016-6191,derivation,400ffe8cdb757ec3d825c9876e4b5eddf6cb008f8691a99f18ebe497fd8ba0c9,400ffe8cdb757ec3d825c9876e4b5eddf6cb008f8691a99f18ebe497fd8ba0c9,064516588d3ec71fd9d383859d5ec72335890947ff36eae364212f278f014492
train,315,3911103b7d193237a80dda43b5ced3bb,CVE-2020-28919,CWE-79,Python,cvefixes,False,CVE-2020-28919,derivation,501271c930f90877fec30c1ad11350ff825ff15974b519162925296014ceec84,1ac3f2f3963e5cd4325621c275665296b872da6a66b062c867c1755d6e4a95c7,2d2655e94697c34fc0c3055aaa9bbe796ae706c48b16a1eb6d23052bf77150a2
train,316,51b211402b14d6a7a6666a649ef08f0d,CVE-2022-1290,CWE-79,JavaScript,cvefixes,False,CVE-2022-1290,derivation,047e532ea98aeae2fe0734754c27cea996c58dff870fff6c5698207e9c885717,e007deed1a0bab94c2deeebf8a8f95d868789bb277419fdc3555c9cb8553faaa,9b1f7c3de5d19aa447fd6ce8761e2c5c244d26b272df35b7be97aa7b14f8dd7c
train,317,a310cd478cb40a3056fe8a8ef8fb84a1,CVE-2021-25934,CWE-79,Java,cvefixes,False,CVE-2021-25934,derivation,0c8630de81715099c8ceb9e3e51c7c63e29e36c85ba4002b28eafa9b3c5bbdc5,5f93471060615f9bb5d01a772624c93eb0fd42862b5b6506a010f798828c223b,f9e53514507529cc94bedb4bbd8c47ea8b82b2d10fa0cc0433c7d2874d435855
train,318,5ee176b9b8026704c2aa8da43863da99,CVE-2013-2023,CWE-79,JavaScript,cvefixes,False,CVE-2013-2023,derivation,6d6c10122dc0cb7556b7346d3765bdaa2fd2a2146ebe2c9a0a7a0cbbd02243aa,54779d356c8f7e56b9e737794fbdcc93fc6b72763bed8162c030dcd7029e70a1,9ff0dd19a53fb57c411da9a2cc1d5561e85c4c82d9079b91709447c70be8906c
train,319,2afe816716b100f443cb2dab9bab416f,CVE-2019-13970,CWE-79,JavaScript,cvefixes,False,CVE-2019-13970,derivation,7800de45b1a779060517503bb44f885c6199cef77d12ad20916f049b8cfff324,7800de45b1a779060517503bb44f885c6199cef77d12ad20916f049b8cfff324,d8697f44e8cb1c6845b3e58ed1bf63f74c88328b1a05aef91d67dc605dc5cfc1
train,320,ff4a0c467e3d176af0e6c8b45f58c5f3,CVE-2012-6662,CWE-79,JavaScript,cvefixes,False,CVE-2012-6662,derivation,4a2bda38c05c6c5c16153fac45e9d2a32b262dd37bc5e87d420637482761d6ca,c3598bd881ee686ac381b00ea723bfa003dfb4a2564a738db18a9d9c413fa21e,1ca6a8a25e581fad3e2df22fe5cca5f4d6744d2784e696a5b660a5a0f7f9229c
train,321,f62430d737b3b68f4a8fe55787502e2c,CVE-2017-7215,CWE-79,JavaScript,cvefixes,False,CVE-2017-7215,derivation,87bddb47c14e21d5e0caa5a938f5def72cff755bb2e7a2663d9739bf6d414b18,87bddb47c14e21d5e0caa5a938f5def72cff755bb2e7a2663d9739bf6d414b18,6a238375d3145e9523d756f9059f493625825afd19604bf9ca83c084aa0eb75f
train,322,e2d1ebe4a30db26c856d14a0bfada3fb,CVE-2017-2661,CWE-79,JavaScript,cvefixes,False,CVE-2017-2661,derivation,5b03ab2e594acb518b03d2cca986254b3e6aff0a5d124840d5586e4edaa6609d,5b03ab2e594acb518b03d2cca986254b3e6aff0a5d124840d5586e4edaa6609d,10795059b6dfe3db2f7be97154584ba1ccfd6569b614fd90a6ecde4c101624da
train,323,213feb9bd64034d1bf0523c70bf07e71,CVE-2019-15810,CWE-79,JavaScript,cvefixes,False,CVE-2019-15810,derivation,e00c430ac2ec3d17c87bc78ad5af7e89925238d10e837338875cf38930fbca1f,8640d4da5db98c4b6495c503b2472523df32f896da562ea0c76338dbd3909a96,2f36bcecfb2c04082b00501cfd83e8a7b1e0dadb072a40fdc569bd77c2fc129d
train,324,c782e2c869773542e4420e9d3f753abf,CVE-2020-26297,CWE-79,JavaScript,cvefixes,False,CVE-2020-26297,derivation,30402980ef760cbd1880f93943908b5d11096b8687e62c111fd703ab4c622ea9,30402980ef760cbd1880f93943908b5d11096b8687e62c111fd703ab4c622ea9,be9989d173e42ed553336ed5e8d72a5a07b2af941ccc532142d99863688d0605
train,325,49f6106e70bf224ee619c822338a32e2,CVE-2021-25929,CWE-79,Java,cvefixes,False,CVE-2021-25929,derivation,f04397da7becaa66d63fe28608bb3d2e6adb7c742b43805b3df394e3f07af311,f04397da7becaa66d63fe28608bb3d2e6adb7c742b43805b3df394e3f07af311,248366480771799398e13669a27d20c7e02c99f2384f5c94fd682eab2ee4750b
train,326,3edca1f9704866e5bd39da9db8186b88,CVE-2016-9910,CWE-79,Python,cvefixes,False,CVE-2016-9910,derivation,a64873d58918aecacedce7713c4398be5ccc91a3c6289c120b7542b201311c96,389303cc1b303bbbfac0a20d6c0708119e258245f4c15d6d8b42c89301b48ed4,5a8249ce910fd4e610ee0129f3bb1910a387b6411c01de6379c6350df2bb485a
train,327,8d22f994828c73fff315ddc8120b144b,CVE-2021-42134,CWE-79,Python,cvefixes,False,CVE-2021-42134,derivation,89ea09edc7a292f491271b9c9fb4ce7565b2228d73ac3306aec534b796215574,89ea09edc7a292f491271b9c9fb4ce7565b2228d73ac3306aec534b796215574,9a91c7e65cf2e1d1de04eec7ce469d55b0d13b31de847142bf2be3b45ec21f65
train,328,265d8b9a48788e2dd0751b9743747b36,CVE-2022-1290,CWE-79,JavaScript,cvefixes,False,CVE-2022-1290,derivation,43c69fa13ff81cf511daabc54be5b82c3f3178fa78487bc8f5762acc97cc1d2d,078703a9364866218dc6953e3ab832af712ee8c26d36e8a88a1f336ee62c9867,f274ae9d32c9022d084c4586d98e52293ac45567777f257aa3a45e9ea0e168c7
train,329,96e513837e807ccbfc88b141f3a1510f,CVE-2018-1999024,CWE-79,JavaScript,cvefixes,False,CVE-2018-1999024,derivation,1612229cf8fc40b9064230053e8a6ff3109bd2f083d6095e1e707e876d07db44,6cd7666f59081b85d786033146f5aee41019445a56fb89d083fa5c5e7918973a,dc3016fff436f4b4a7775719e36837e5662fb634c89a48b96add43584cc8a976
train,330,2fef25a571497d04e074660e7f01aacb,CVE-2012-4396,CWE-79,JavaScript,cvefixes,False,CVE-2012-4396,derivation,a2bac19c3e045b4ff0b50674bb2608cdd315f64d8d61e428190fa34dc0ae89a0,a2bac19c3e045b4ff0b50674bb2608cdd315f64d8d61e428190fa34dc0ae89a0,05a07b04aac52cc0e5593927a468d2f840eff5c9b7bcf07aa78c5fff12d39ff5
train,331,98954a3ce6afe64d37db155874f502ad,CVE-2021-25933,CWE-79,JavaScript,cvefixes,False,CVE-2021-25933,derivation,f25617bf50f318d1b509eb85b917cb2bd660265836db94e14206247e53bdfa90,f25617bf50f318d1b509eb85b917cb2bd660265836db94e14206247e53bdfa90,b3692a4c3b357eeaf30d15db657e179237ca771ad4a43a3f698b55316d4d7308
train,332,ed999a185e4b5b531c03d8027ce8f999,CVE-2021-43785,CWE-79,JavaScript,cvefixes,False,CVE-2021-43785,derivation,08a83631f40bcda1f92452ce86eced3128f0e99cc3075ad1f82b33427eec5552,965e20b411c3bceca2bba22d6f77d8a03a9e70a9d697ce82c806749487cb9a20,36927593d99635ffa1505e46d252847c03b83d95796c5183cfe8c9a289923ef6
train,333,a66d2b66f6986a5ca4caf28b033fb6b8,CVE-2021-25934,CWE-79,JavaScript,cvefixes,False,CVE-2021-25934,derivation,ff7557c171008abe7a34ea0bd28d93b43ab435e17838147aa64afa08fd1185da,ff7557c171008abe7a34ea0bd28d93b43ab435e17838147aa64afa08fd1185da,1c0b179ecc7aa5da8044f6fdae29ccb0b60af1ca3838465f16069b9a9e5f440d
train,334,70e6ef3c5715c07a3be19d97395818c3,CVE-2021-25963,CWE-79,Python,cvefixes,False,CVE-2021-25963,derivation,55aad94687533a7e8735e337a9cd10d04ef16d6b007785d4597ca22d6930a88e,94cd0dbdb3f5fcda34734e7fc7ea3e72925558de4e656cdc6f58784379e048d9,4f29646340f309ed97c2cb676e1a01753f7c10dde30fe493cc76d29814275613
train,335,819758d98d69d10d16c01188e70e9b18,CVE-2022-0894,CWE-79,JavaScript,cvefixes,False,CVE-2022-0894,derivation,1c3f1c8cf2431c44d0c664a6007e7bcde8bc0db1fbf3a4bc0bc62f057a3bf6ab,1c3f1c8cf2431c44d0c664a6007e7bcde8bc0db1fbf3a4bc0bc62f057a3bf6ab,3f282fc075b3685a0b8633617990b9baee33f26dd4a5c0a01689b3a95b3f714d
train,336,9cfabcb0ccc37e1de57bf625dc0f6ef7,CVE-2015-5282,CWE-79,JavaScript,cvefixes,False,CVE-2015-5282,derivation,61fa07eda32e8a5a608856057cb793149893df82dbb42719d1f1f57649f5e3e6,2db09110dad4c16bc67c9f6589448f49de0c71418621e00c1321bec5202d6d09,b9756d7172c47ebc64e5b0b1c906d3f7dbd0cea5627965662cd8c20e2d0e349e
train,337,df7eccffaada9416b068f6a9b2edc0b6,CVE-2021-37633,CWE-79,JavaScript,cvefixes,False,CVE-2021-37633,derivation,c00da53da0ba899b7be6f815fc0cc0d4d8c64505e2912c42a40a7fbf88ce1309,c00da53da0ba899b7be6f815fc0cc0d4d8c64505e2912c42a40a7fbf88ce1309,5b5eecdbcd90ad14d1b93e8cb81bcb133aa3d6f63e1389d7c053df7b79fad455
train,338,6d14e0464b6cbf7c6339647e14cb03e2,CVE-2022-0704,CWE-79,JavaScript,cvefixes,False,CVE-2022-0704,derivation,1c3f1c8cf2431c44d0c664a6007e7bcde8bc0db1fbf3a4bc0bc62f057a3bf6ab,1c3f1c8cf2431c44d0c664a6007e7bcde8bc0db1fbf3a4bc0bc62f057a3bf6ab,3f282fc075b3685a0b8633617990b9baee33f26dd4a5c0a01689b3a95b3f714d
train,339,bd3211b2755cabb998bdb9940ba2124c,CVE-2022-31160,CWE-79,JavaScript,cvefixes,False,CVE-2022-31160,derivation,e0419410e8634c84683dc5b4e5f969aba2c23e015a52daebd4777f9ae6f70f15,bf4f5ec54d2ae8b31e3defe1058a4471cc9227c50575faa054f46420df77718c,3dee8a3f4badea39ca02c429b935297a58690bdce02caccf0aafe81757994bcf
train,340,eb4edecf3ae0f6eb37e5a9d91bd154de,CVE-2022-29577,CWE-79,Java,cvefixes,False,CVE-2022-29577,derivation,b3e4d7bf2a750aaa906cf6edb8cb7191db850209577a0377ac9dca0b3e550d92,b3e4d7bf2a750aaa906cf6edb8cb7191db850209577a0377ac9dca0b3e550d92,f9e9dd52c8fb5e2c45e58c8ac3097e829b840ef017a0c16a5713ba85086189c5
train,341,845feb812be41c7577fa853603d6fffd,CVE-2021-25963,CWE-79,Python,cvefixes,False,CVE-2021-25963,derivation,9ece90e9df6610a328d55591f74cadb9448130b88bc16c2705d6820dab03cb67,7a2bc4074f987740b443341da0fc1eb5037ed21bdd54ebe1ca295d46648e2194,107eddcd37c3615edd1f3e20aafe6157b9a0fe94d25c7686d9f29a97a1c38319
train,342,23fd381f84621f11c5dcb7133f7ce8ce,CVE-2019-14548,CWE-79,JavaScript,cvefixes,False,CVE-2019-14548,derivation,e6323a40f47041e9d1d9f305f6f153c00bedb014d484244cc83ab684f1dca408,7f01a2943f175b468da6b7b2caca0e5b1e4e20785dd9d19e97a0f4e5475b0f61,6cc90cb6d8eeffec2797efd6837a1dc01c7bd07fbac4c1383196b58869e55c53
train,343,d58dc4d628fd17622eb6fda6016316c7,CVE-2017-15809,CWE-79,JavaScript,cvefixes,False,CVE-2017-15809,derivation,10f615b6adaa1f3118924e2beb4a20856fc988affa18d3404dfeea4fd96fd9e6,a4abe68c3854142e9b2583447566618de426fdc132deead33ac703997b43414a,89304a48b8754aef5cda47c50da136af97445781653841ea0934bb80511cf2ec
train,344,44a4d6b6ca1144568a9117e609ed8c53,CVE-2021-4084,CWE-79,JavaScript,cvefixes,False,CVE-2021-4084,derivation,1929bef2a861313eba477a94e30f3e53f64316bbd7d9473f62f6345240688d23,1929bef2a861313eba477a94e30f3e53f64316bbd7d9473f62f6345240688d23,0a93d68d1dab9416701f3cbb86ee4fb1e55b7d8069aeb1de11f8f484054cad64
train,345,1586a9d89e31acdbee69dc97168dbf4a,CVE-2021-25929,CWE-79,JavaScript,cvefixes,False,CVE-2021-25929,derivation,60f4e6d073582f3e59fb3f3466675fd8cb31b37fbcaa956f2714552ccb538587,2a5f8141d4138ce96e44386bc4b71c8e3463328990123910b54ecee64581f85d,669415bac9906ef9f56a1595bc047f0b41b5cb596621d731bd37d1f522c55e1b
train,346,e792c0db66a8f6686378c31841404186,CVE-2019-14331,CWE-79,JavaScript,cvefixes,False,CVE-2019-14331,derivation,765e45491783db3ed228b8e95cb2dbfd86f6aa2d037cf31a54ccb5f7919e07a2,d80e1098ea5d14c28219349a48769640073c48635151e8ef4d00b4308405f3c4,5dade4ca630e5f67839e333f7966b7be4b71f39d684ce35258490ba33d3d3aec
train,347,2ae6536f7e3a4cf3929c86955b2c1514,CVE-2021-25929,CWE-79,Java,cvefixes,False,CVE-2021-25929,derivation,acac988630efb095bca06825a74b6c468e1590a3725ed0775b4ac6709ecbc3c0,0264ce224018a8473bac720b7e89544c413c6cf546e0affbe064cc799429f8bd,36a7ceb1beee76d6bcd60eba07a7de87cab31e22de5dc4b2ed5cd5ea8e320fe9
train,348,8cc851048a73c4cf8461a2def9ef1142,CVE-2014-5273,CWE-79,JavaScript,cvefixes,False,CVE-2014-5273,derivation,0dc4ccdff3b6706a6f1fe01522dff124e5eb1c1f5be34da0f00bb2c2e4fa329c,0dc4ccdff3b6706a6f1fe01522dff124e5eb1c1f5be34da0f00bb2c2e4fa329c,5cd6fc452b2fdd39e5ff464eb0daa58e614dc0170d99f80e1f2a08b2d48a5531
train,349,1f0574d4c4a8b94bfa212ccbe2a62fc4,CVE-2021-33562,CWE-79,Java,cvefixes,False,CVE-2021-33562,derivation,fcd98d3ef884e37a47bdd0ada7b3bb9b27960ff5fffdfd210c1ba28fed331910,fcd98d3ef884e37a47bdd0ada7b3bb9b27960ff5fffdfd210c1ba28fed331910,bd287d75194dbf42cc0bb2fa2e5422290aefd726a8595e47d5bd2f25add693a4
train,350,4b92b806fc12a13058749d64ecd3f114,CVE-2022-1290,CWE-79,JavaScript,cvefixes,False,CVE-2022-1290,derivation,3ab692d686c777a56e1b50d6ca98af838e1e7bd404ef508bf71c1d799fd9f6e2,950f8856e2405f211edd65a59da2ad2e8627d4f3f82ddf26f655a1b9e961bc94,a832bbfab8107caf36501804209e814d5489e048e6d280fc66d48506bef79686
train,351,0bcdef86ef301d4e0149a61f2c70f5ad,CVE-2018-16406,CWE-79,Python,cvefixes,False,CVE-2018-16406,derivation,f2b187541fc92c467c6c3e27a5338d5a59ce50af4fbe5d1c133f1a9db4646d94,966871d1c023e96ead2e05f3ca324d27cb37005f78deb059c0954faa750ccf9a,6eb79e741fc2de21b804c750c20b954bd8afbaf6abda0300530583e10fa6cc1a
train,352,d1c072e4e67edb706ac8f59b9570d975,CVE-2019-15810,CWE-79,JavaScript,cvefixes,False,CVE-2019-15810,derivation,62dbd0615de13d69640787429d1813c3a9acd47d3a87e6c98a8232349769d83f,62dbd0615de13d69640787429d1813c3a9acd47d3a87e6c98a8232349769d83f,9b99cc8c74ac2b856077ac20df3088d0c358fab7884e2189727b63cfe440e49b
train,353,f4cf045ac70cbcb56f432e74be8aa8a0,CVE-2017-17714,CWE-79,Python,cvefixes,False,CVE-2017-17714,derivation,0fa65cfd6e015384f8a619e15f3cf60840394601bc590245907e352d96d82a3b,d24418aef17441d42cb0e17593a0f6337fd426e6be3e93630415e622e2d3ac4a,20d0a2c003a22cd1447011afeb9a9908f298207ecc4c373e20415f072c1413a9
train,354,c8aa4b49acce5a50bc0df8d2d0115445,CVE-2018-11245,CWE-79,JavaScript,cvefixes,False,CVE-2018-11245,derivation,8f0b18b72998172113da4aa880593cb3aa972d40ad20a930d163b4ab275abff8,8f0b18b72998172113da4aa880593cb3aa972d40ad20a930d163b4ab275abff8,f1b87ea9300718ce3594e7b4081acb4bd44a7632f376ff2904c4fb11065e343f
train,355,370903630b47aea64844c27e1f221537,CVE-2014-4986,CWE-79,JavaScript,cvefixes,False,CVE-2014-4986,derivation,c10dbe8222aa97b7045a809473c127513aab9f7f682f69007c4c2a36b7da354a,c10dbe8222aa97b7045a809473c127513aab9f7f682f69007c4c2a36b7da354a,de6fcbaa3b4d1990a8f5a72dfb6a4c8cb69eac817a16949b17720465f499a67c
train,356,b81cbd9d5cd3f6137ca2df27e97498a3,CVE-2019-15810,CWE-79,Python,cvefixes,False,CVE-2019-15810,derivation,c4a7993e3edbcba596316011a99638049e2173e59f6d510187fd4256925de2c2,ee768cdcdcdf1128ed6783a0836da7425f3c73afbf4498c90dd61ea5c416dece,358a7f3983617008df08c52d68b770320a0c463f0978d7ecb54d17dcd3642e3d
train,357,5b61412d494bed337be7ea8472a55723,CVE-2019-14331,CWE-79,JavaScript,cvefixes,False,CVE-2019-14331,derivation,0e6bdb82b6fec60dcf4dca4b0c7bcef3322c3d12475c7df78085020a276613f3,5f66b4c4f5d206d37d4f6e309a97bb6ef99d8c3ab27128fa76f8bcc109d0f6f7,c73c324b853fb47dadd0ef020f7cbf4b34d9fa3f0623f9cc6635dcc026619169
train,358,f03125aa37c4315a40b3aa847661d68c,CVE-2021-43785,CWE-79,JavaScript,cvefixes,False,CVE-2021-43785,derivation,969c25d6100a1137d1803b028afda69c59312c5f90738f6b0be145d0b222ae80,2c5424c04c25dd69db7f789c92869966e3dbc4cfb3a1799558b3cc224a48aa42,669a4268f752125bf88813ebb89732c9029219d804edb516fad51c8191d94a6a
train,359,3785a80a3403d3bf65e5e3dba72803a8,CVE-2021-4124,CWE-79,JavaScript,cvefixes,False,CVE-2021-4124,derivation,6790e7c47304f44edb425283618341e068ca60375f38813e707d13a04c51819a,6790e7c47304f44edb425283618341e068ca60375f38813e707d13a04c51819a,d5a3b48494ce6bfdc133ee1d91e3f08f18235fbdd0c4b7fcafba256992364446
train,360,0957cfe44d10dcbcf8fd9c739747f261,CVE-2012-0036,CWE-89,C,cvefixes,False,CVE-2012-0036,derivation,f822b396884ee6990222dc48e16d609008e6f4cc84902ae34e9c5190d4920de5,19211937365e81dc795f392c943ff7e82f14ecc3ed086c99377dcab591e0877b,ee017e81ee1190f31d5d09b96a3c37d516f7af15f13184413dabc0d2d4d0a932
train,361,85648404c0ed35d59e50aa54b7e4439e,CVE-2012-0036,CWE-89,C,cvefixes,False,CVE-2012-0036,derivation,53561e01def16b2dc3143525c934ffce02d08a6b976eab9172dfc9f56df59dfc,9bbc097a77554cdd77e58a84a4b1038ea36d5bc990ea09765081f4f2a34c2c58,fa2cca3905d973120e0aac1403c1f882f9d6ccef13b28864066f67b627b3dd1d
train,362,351968854161a5c019a49af74ad61441,CVE-2012-0036,CWE-89,C,cvefixes,False,CVE-2012-0036,derivation,c03fcedf66bd7a4518c403d9633852ddd81bcd9bed2ee4443cb2a96d7bf3b19b,c03fcedf66bd7a4518c403d9633852ddd81bcd9bed2ee4443cb2a96d7bf3b19b,fa6325e8b3956fdc15fbe73313cb887228685bafaf0e2b6c81e598a90f7cf62e
train,363,4a3d693a15a1ff3ebbe5f5347b25eede,CVE-2012-0036,CWE-89,C,cvefixes,False,CVE-2012-0036,derivation,86866400812f85705960a9847016c45ea284d52e5cdf882286fda9bb8cb6c716,86866400812f85705960a9847016c45ea284d52e5cdf882286fda9bb8cb6c716,6207b9f4713f39659e949ea8d6492327c3b63a65e9402c3ef1ccdb630285b8a9
train,364,f3ef5bc464226301b07e983494066c74,CVE-2012-0036,CWE-89,C,cvefixes,False,CVE-2012-0036,derivation,edb551a6781b9a7939971a618e2714c043e0a322f1637dc5bd9bd03485a3eaf3,edb551a6781b9a7939971a618e2714c043e0a322f1637dc5bd9bd03485a3eaf3,29364cbf9e4695fd3015dc632ab9b50100ef87dae70f30ded69dc0fe6963c04a
train,365,9548145206e8190008fd2e33bb9ed50c,CVE-2020-7471,CWE-89,Python,cvefixes,False,CVE-2020-7471,derivation,262967860d45cfdadff9b9beec838bf270b2d33151e9b35f7075a64c000ef8ff,f4cd804095fd4743d00d4073f11f0f5b93606f82100d1b390fb4dfd85d88970c,cd389aaf1523c1c61680b66657fd34509a4ec9984a5d0dde5590e46d32febb11
train,366,4f1d2d93bf7eec92a9a70fcb39ceb02f,CVE-2020-7471,CWE-89,Python,cvefixes,False,CVE-2020-7471,derivation,509665084a5f315a581063e30059977ba851123662ecdb3d26b49b5ec918cae0,f9f6f0c4a23fbef9a3489bf693c4d132693c17150ce8fd82389a070f27bfe499,165b0d23e62666a2ee8a9d0d73d374d65f83b64b5b27b2b0193eba94736f30cc
train,367,64adb2d6621955311a5bc112169fa1a2,CVE-2020-7471,CWE-89,Python,cvefixes,False,CVE-2020-7471,derivation,038b8ef2b8de20d3d7811ee6dc2c81eb3255f7c6b7bd8db1b09b868c2d37f00d,038b8ef2b8de20d3d7811ee6dc2c81eb3255f7c6b7bd8db1b09b868c2d37f00d,e0935dcbdca6169310cc74c1671027573067f4400427ab26e8a5d5afc7d74f64
train,368,2cf169156dd2ce890317c6ef5c0f4a02,CVE-2020-7471,CWE-89,Python,cvefixes,False,CVE-2020-7471,derivation,c33123f75a70f31731cb144a617984b97ec64169641be4828fd4276df2e2d0c0,c33123f75a70f31731cb144a617984b97ec64169641be4828fd4276df2e2d0c0,195654da0500eb0d1a25b221a8d824d23fbe90669bae4064fe005b27b064ec52
train,369,211ac9bfac0d8d62fbdc3f7825cde04a,CVE-2013-7262,CWE-89,C,cvefixes,False,CVE-2013-7262,derivation,24d99c26775b31aa510eba10a7fbc4568ee965dcf9fe2ec1fa241be0caa0f2e3,24d99c26775b31aa510eba10a7fbc4568ee965dcf9fe2ec1fa241be0caa0f2e3,cd88af9b1d50faea25d012bdb07ccbecc855edd1c109182ebdb34887cb4fc354
train,370,83d937d7a68e998a953580d510e4fa51,CVE-2014-3773,CWE-89,JavaScript,cvefixes,False,CVE-2014-3773,derivation,9f27034ecc0562c604ba5bc52034b5177a961c935af6197272795527bacf70e7,9874c8539172601c9b6c202a39984523b912155227226299a6812377c877122f,1c2dbf5cf8765d0ac04e96f03fa484892afdb1e2a2b83666ab460303f478f005
train,371,9a753e5667e4231fd9e9484210ffaf13,CVE-2014-8682,CWE-89,Python,cvefixes,False,CVE-2014-8682,derivation,571765b7a5824c6605d1b219844692669fae5621306b7cac2185d8cd12745272,571765b7a5824c6605d1b219844692669fae5621306b7cac2185d8cd12745272,a58e289150eea30ae847d5f610789a4d27b1b88ca3dbf00e915756f15db4af3d
train,372,2055dae5b7b88edc32feb5d0fc4678c1,CVE-2016-10554,CWE-89,JavaScript,cvefixes,False,CVE-2016-10554,derivation,68b9c16f8eebbc189a21840b5dbe22b8d6b1a78f26ffd5e0be5b90ace1810abf,68b9c16f8eebbc189a21840b5dbe22b8d6b1a78f26ffd5e0be5b90ace1810abf,63eb8729a95ca02f0e3e2f2f695562ec36e4621ae0feb6bc35b3c1d8e42f75c2
train,373,bed4f9cc7fb606f4a58d0f5871d738ea,CVE-2016-6652,CWE-89,Java,cvefixes,False,CVE-2016-6652,derivation,2594b4b5a07957b99792dc74d21ae714147ccff0add1eb415cbe455027f64536,a5065624d5c003aaed26e6f4e9dc309db4deb2f1160bee8271d3296a54cde096,9ed738fe5887b9eae882edf58a5b0808cbb6e5b2ebd937fea9de83e7add73853
train,374,4a4818aedad555c94759e2de5ac41c1e,CVE-2016-6652,CWE-89,Java,cvefixes,False,CVE-2016-6652,derivation,b593d10c442c0c0a83636da1fd765f391e2bd3c506a1cebf453b5dfe3bf9b8ab,2b8994ab9bf7775afc92fbfdd89a8bacb87fff6990b886c9f6a76871e57d146e,e08b53cc4f71b1a25541c1f0554edd0128e3d6c2357619092a0e36e46ce9f3d6
train,375,64d6cea58d319e56090aac348600285d,CVE-2016-6652,CWE-89,Java,cvefixes,False,CVE-2016-6652,derivation,8cd78e0ee042658fa055914be159fd8a271b6dfde71873a1a3c672333975a413,065fde65beb5ae31fdf64159b7999250f1ec3adf7a4e4117c88bd7d77e398d50,731329cfef8c5d6dc708a9ed8580732b2055975629278c23cd3b6e47f7d411e0
train,376,553271b2d4dc5f3bb0adf853eb200fa5,CVE-2016-6652,CWE-89,Java,cvefixes,False,CVE-2016-6652,derivation,5ce90907d237b7cccb9f6cf928f0349ed59b4e2f707f7439489a10e39d39d012,0a6b64832e3289de6316acdebd034f3bcbb184333a4c1ca3c3d11aae01e37e42,3ed0fb4cf7ed36273b66de26b8699483a4d027d160ad78ce2fa3cc09c2aad887
train,377,e14a5afeed3fd26da46aade6b25bdc9e,CVE-2019-10664,CWE-89,C++,cvefixes,False,CVE-2019-10664,derivation,0071d4400c90a2601edfb47eefaa187601abb1c7d90bf01a3d3225aac5824503,0071d4400c90a2601edfb47eefaa187601abb1c7d90bf01a3d3225aac5824503,3a81a982e8d2fac51fdcfc6c9914cd5ad9283daec9ab1a7e00ea8305ddd03451
train,378,9bdb005c7f7ad607a3bc9a3ad15a1c50,CVE-2019-19250,CWE-89,JavaScript,cvefixes,False,CVE-2019-19250,derivation,550bf5892a135bc5829da74bedf0266ea8262dbcaa0b54d4456bd5e20b9e9830,550bf5892a135bc5829da74bedf0266ea8262dbcaa0b54d4456bd5e20b9e9830,0e1f3d81f0a2545364b41ce6b5e2386acfaff90dfc80d9e4aa32dbd26002c566
train,379,58027a04db9a0c254d5ddfcbf4e9a6ab,CVE-2019-19250,CWE-89,JavaScript,cvefixes,False,CVE-2019-19250,derivation,2bba343b1755d16bf843a9c2d16be0dc0e9346bd17d954c9e9657e67b294bc31,a0f2714fab667251830bb694a24c8c4c37f739c85a00391c21b98cc5aa4664a9,10f7b1e627c24ad1f7c8114177a3f469d8a38afce8cadf562996fc6e47afa08b
train,380,08b3005c24608ddb5af758a721b265af,CVE-2020-11010,CWE-89,Python,cvefixes,False,CVE-2020-11010,derivation,b4e667bcf265b4803d3b1f262accfc7b1e5d5cf4415d693cb2f2d5cc09fcdce0,f56f1ded1da61eb20ab1c9910a1e262613c7a2eb65708c42398fd377bb519671,541665ff888b159d8cc5fc9bc967db70f08e48ea14d2c3b83b2037b369db973a
train,381,0287c7a050ec916175d28b42c4602645,CVE-2020-11010,CWE-89,Python,cvefixes,False,CVE-2020-11010,derivation,95a4d3d6f1b40850bd07a603b8b27d0057c12978a2b0e4229f8b1197708f90fb,e07c0907662dd881070ae87c4411324564400ce6bd5a48ffbc4d129fc08ed35a,b8894de191ba5d18340b4b774c5a5274e546227a71e87ba49a179b3555eec4df
train,382,d2a76ad850aef00de49664c0cb6c8d7b,CVE-2022-31197,CWE-89,Java,cvefixes,False,CVE-2022-31197,derivation,4506a281ea9df7115512adc4d9a512a8ad9937c736c968e4b1459908c0b04a77,4506a281ea9df7115512adc4d9a512a8ad9937c736c968e4b1459908c0b04a77,ccbc2325b2e57961556a2df22ece365790084be841a7816523759905ba14a822
train,383,bea51030c7165de6203ec5d62db9061f,CVE-2022-31197,CWE-89,Java,cvefixes,False,CVE-2022-31197,derivation,4d881313ae177f0191a20fdf908e5c07d3896a0962217e0eb8602a923bbb0ee4,4d881313ae177f0191a20fdf908e5c07d3896a0962217e0eb8602a923bbb0ee4,0ff25fabb1bd0c7a568c5f141e96e50d906361dfbe152dc2e0c06fb57792f759
train,384,1b7497513877e2ae8706ab08e71ede94,CVE-2021-23352,CWE-89,JavaScript,cvefixes,False,CVE-2021-23352,derivation,c685a38d204f40280f990d41bc8577704e3b08ed669f258f6d81ad984ef1586e,2a2343aa01621290a1eaa84c37ed219a71187f12d56ebe33ac3ab01d78bad4d9,8f469d3e7ad31cad465d0e0821799d468d9e61a79ef2971f92f0d295e1032070
train,385,53683e6e3ea385614bf37e01a51de74b,CVE-2021-23352,CWE-89,JavaScript,cvefixes,False,CVE-2021-23352,derivation,17228a9b78640d683e3cb0119650676c0709a27cd952b9a846f9175e2da75348,17228a9b78640d683e3cb0119650676c0709a27cd952b9a846f9175e2da75348,634f51fb982b6e0d0f9b17ec5ad70bc1470331eef82162f4d690d75fcf901505
train,386,4324cbf1e8ebabf4341d3af35988ab1a,CVE-2022-1531,CWE-89,Python,cvefixes,False,CVE-2022-1531,derivation,5b036ac7b04d4c68c62b1ee63e3b3125fd89e84c9d42f6f5a9a975190d9bd6f3,5b036ac7b04d4c68c62b1ee63e3b3125fd89e84c9d42f6f5a9a975190d9bd6f3,f92b317d747e24eb17191de49e78e2817ebbad02f567deeb1db108f285f0ba19
train,387,097fa938c51ec277781d72dda19b27e2,CVE-2021-43799,CWE-338,Python,cvefixes,False,CVE-2021-43799,exploratory,37eda47d2ee592d8bd0d72eb8f7e1b8177497861b4f62f93f37ef924fe1f47f5,5d82036f16e3e25c56b2f198cec4cf41186edad1a5b072a097f6529576528e0c,e1290d0f7dd77a993874b24b678473610df0bc2537879c6387310e5708ed4706
train,388,7b711ceff11ce0ef853a026cb5841cb7,CVE-2019-16303,CWE-338,Java,cvefixes,False,CVE-2019-16303,exploratory,00a8e0f00db34f4d9ceabb233e9cf8cee2deeeb1e5dd5a15cae40080e80de8bc,45568626b3efe4f695168825dca1b662767bea97a4b91514834e52d2525a541d,0c701674b08da96d4e03449d456b730c92d875e10bce85c16a2947589b71d9e2
train,389,aug_11d752474e40,aug_11d752474e40,CWE-338,Java,augmented,True,CVE-2021-43799,exploratory,c69377d96d4801f0828cc08f2c80385bd4832cc9f6dfae0e8bbb5bdf07cf941b,fa870b8eddbe73ed4700dd411bba31bb043832bdf0120f1752f2ef8cf2e422eb,a971baa7785106aa9a2cedc1242e65aee30091c5ab906921cd75110fcf404492
train,390,aug_eb094446002e,aug_eb094446002e,CWE-338,Java,augmented,True,CVE-2021-43799,exploratory,ee0bcec280548cf554cb2be24faad564f6f9a85dbaf09ad651439fc0fd39b56a,97304ff7a4daec51bc9ab2121b205f600116984b12adf86f7b6f8815c8ef2450,d304b3cebc45efc8ae385f5eb4206cf0f409f071be10348b5d5674de18fd8e1e
validation,0,ef34f8db27d98bfbef9cd079f8d844cc,CVE-2015-8011,CWE-120,C,cvefixes,False,CVE-2015-8011,derivation,06fb961910d78bdf974650797f3f866e5f9ac10328ecb6867f8b7735f0e007ae,06fb961910d78bdf974650797f3f866e5f9ac10328ecb6867f8b7735f0e007ae,abfb3d35c76d5b8d4261fc580a66c0226c93aa43bf2114cb3b6db1462be0e2e5
validation,1,c86b312d422a7e99ee0f98cfaf33e35f,CVE-2021-46225,CWE-120,C,cvefixes,False,CVE-2021-46225,derivation,c59bb0773e835ece095e1bc66917b39ce616f9a130f96a0718ac4102abcd9348,d676250a4df2185c6748afddbcbd42e1f67ff36c30cbd12ffa249a84cd22c7b7,00c086535415c060e3332f42adbcb22a359951a0c85d7112621b241de9763c76
validation,2,4deb2229988134017ab9ca1fb933ca1a,CVE-2014-9629,CWE-120,C,cvefixes,False,CVE-2014-9629,derivation,87e154b4daab153280a67954205f9d2aeb1f212b2c728c4a04aca3889db4d4be,87e154b4daab153280a67954205f9d2aeb1f212b2c728c4a04aca3889db4d4be,29dc6b928876abffadb07e8787e8bb20683ee63115e6f905a49267e9017dddc9
validation,3,1cd03eaccf2c7fef7bfd5df6837afda2,CVE-2020-5210,CWE-120,C,cvefixes,False,CVE-2020-5210,derivation,0f352de85623e4933c914edd82cb47569d9942b3d59934417baac3c001ef9a3d,0f352de85623e4933c914edd82cb47569d9942b3d59934417baac3c001ef9a3d,2586820c4dc9d8820c5d020a6578af4da337f6f8a1ce42d47e35882ee743fc61
validation,4,1c03f2dc09618d15007593efd24e46d1,CVE-2019-20839,CWE-120,C,cvefixes,False,CVE-2019-20839,derivation,096b4eba47bd5b4e081d890e53f57d03300b03c352f0b38b7e2eacd37e491b9e,096b4eba47bd5b4e081d890e53f57d03300b03c352f0b38b7e2eacd37e491b9e,5ac174bebbc1f0ea5c9a79d01416070b6f21b4b65cd215362362cca01abf73f7
validation,5,1a74b7d7000c4d28e944ffd4f62c720f,CVE-2022-29242,CWE-120,C,cvefixes,False,CVE-2022-29242,derivation,f268dab9b171c8c688502f564bd4e81462f49f9885cde4f08e4cafdb9bbe4202,f268dab9b171c8c688502f564bd4e81462f49f9885cde4f08e4cafdb9bbe4202,ed2263c99d7b2286da982efe27011f50abb91e7003c25b1ddf6d54481f494449
validation,6,f8a032c1c7e42169fa49ce345608d489,CVE-2020-10931,CWE-120,C,cvefixes,False,CVE-2020-10931,derivation,f9768081a56a2572371369118208f93f3872a43a3ea9c2ddafb7e86009c3d198,f9768081a56a2572371369118208f93f3872a43a3ea9c2ddafb7e86009c3d198,f63d4ead77039580fa85ad8203db97020c74551ead3d7bfa4d023738fbb59205
validation,7,ac879b597b77a38d9c3fa6332d75474f,CVE-2014-0049,CWE-120,C,cvefixes,False,CVE-2014-0049,derivation,9bbecb7ba36d42713d543356beb15cf738a2b1f2b155f84ed60b20b047bd632a,9bbecb7ba36d42713d543356beb15cf738a2b1f2b155f84ed60b20b047bd632a,557f0f9db9c7b0ee1fee6d9fb6f750375ef9912a815b34dfd83f41b123678826
validation,8,5781d04b3773d603f8361206d3379157,CVE-2020-36316,CWE-120,C,cvefixes,False,CVE-2020-36316,derivation,2cc88b0454dd39e1a3b621e18d5d749230e1ccc6dc472c78350ab2203b092e34,2cc88b0454dd39e1a3b621e18d5d749230e1ccc6dc472c78350ab2203b092e34,bdea4ee9576b5540c248fa60cdb5337772e33ceb501ae3be3eb20de95c558917
validation,9,10af5c0b11f58eb36c25551232c47d22,CVE-2020-5210,CWE-120,C,cvefixes,False,CVE-2020-5210,derivation,bdba8e7350d7ef781b7f762c845a0c0024280541d19a50faf79d7fde1d5b840b,bdba8e7350d7ef781b7f762c845a0c0024280541d19a50faf79d7fde1d5b840b,2e5e584bd7b430f1a9f55792ed2354a4b2e0af95b528977b3120e30da8e7c087
validation,10,bed9a21ef01ea551ba21837aa3d8c579,CVE-2021-36148,CWE-120,C,cvefixes,False,CVE-2021-36148,derivation,434467aab14d19ed38503c243a81c25d70a112cb55c41eae81ec7694a93aec23,434467aab14d19ed38503c243a81c25d70a112cb55c41eae81ec7694a93aec23,07d328588ee65f7c3971d6da99de03ecb4e745db24588ee366e3ae6607a9c904
validation,11,151a1ee5a816da676d780a5e8fbfca5e,CVE-2020-5210,CWE-120,C,cvefixes,False,CVE-2020-5210,derivation,f9bde54edd61c9cb514579ce3bf0df03a057bee4efcd309194963a4e74bcf1b9,f9bde54edd61c9cb514579ce3bf0df03a057bee4efcd309194963a4e74bcf1b9,269e85a5749cbaceecb4dc63b20cf2621e395e13d1d909d93340b3c12801b85f
validation,12,3d344bd15595cf21982105949f7a4253,CVE-2018-11380,CWE-125,C,cvefixes,False,CVE-2018-11380,derivation,04bdd8a287e36e8cbc8da37852ac30b4b467320c499c73bf11e14dd203259251,04bdd8a287e36e8cbc8da37852ac30b4b467320c499c73bf11e14dd203259251,065dee9481f6d967861d1ea601933d0aca518036a14f4add3c110708909325fc
validation,13,cee14c76ea9eb3136f2c74367b1624f4,CVE-2019-14462,CWE-125,C,cvefixes,False,CVE-2019-14462,derivation,2edf328c26ba363ca891e89f8936d36b01eaf5ca06a81c2034c9f7a82d51c0b8,2edf328c26ba363ca891e89f8936d36b01eaf5ca06a81c2034c9f7a82d51c0b8,9c2b9c794a67bc5946a29d2891a426174e88c274e410e471856f6969bf0113ba
validation,14,61dc14304ef7886b68607b99344eb534,CVE-2017-13029,CWE-125,C,cvefixes,False,CVE-2017-13029,derivation,a00fa9c2db9574c8d971372ddd6039579b774c5483eafcc317c7cd57627183b2,a00fa9c2db9574c8d971372ddd6039579b774c5483eafcc317c7cd57627183b2,b9241f35097a8c75221ccf9f18243d86eac0cadfcb649bb41463fd757f325d74
validation,15,f835557a83e2e017067769fe3c2cdf59,CVE-2018-12321,CWE-125,C++,cvefixes,False,CVE-2018-12321,derivation,933d517709ddd61f85d922faa07add64f35d581ef21464e460b4020fe571e401,933d517709ddd61f85d922faa07add64f35d581ef21464e460b4020fe571e401,66e55eea884043a41adbf2fc7081eb001940df78da8687ccb17aa33310d7174a
validation,16,5963ee9a3d6eec18ada586325a831726,CVE-2020-1919,CWE-125,C++,cvefixes,False,CVE-2020-1919,derivation,46df061cab7d739644a906f2d614bf0e1fdcb96ab650e041a5892abc6fc231eb,931ea42c7777c8330eb83b7acdaaa49c51553ea04a71fc7e485bb16de05e118a,7c01840ee73207427d594b866afb22d78be16ee211071aaeb7d5c0b053269833
validation,17,7151197035c6c0b1fcf662b8cdd46db7,CVE-2020-12141,CWE-125,C++,cvefixes,False,CVE-2020-12141,derivation,d0002f6e3857d248095db2ee29d1ee874fa7644cd5c9fda7ae9035add9216788,bc329a0031d81222a07394c99f61cd1593be436c6d034d108db9e069518a72f1,b441fe761d0586e8789c8fc509bd069a17f36f6c28a9340c23a174d49ae47995
validation,18,51b70f6c8fb80e7abccd7562d3b260dd,CVE-2020-11045,CWE-125,C,cvefixes,False,CVE-2020-11045,derivation,a30a163ee7f2064525f12af3802bfea30b293e82d096ddc499d93eb73f066b6c,a30a163ee7f2064525f12af3802bfea30b293e82d096ddc499d93eb73f066b6c,8b814586eec517cc056e3f76f8dad5f5bfa8262cff1cabe146dbd3706cfefb7d
validation,19,cd5574276321414d4f54c7193e14f944,CVE-2018-20721,CWE-125,C++,cvefixes,False,CVE-2018-20721,derivation,dcd71c24e8be654557e3f01660524e40fb79d6f687ce164d0558f252d5f2dfd8,dcd71c24e8be654557e3f01660524e40fb79d6f687ce164d0558f252d5f2dfd8,ef6459c4c1111564f34efa03c8535aec096ea64403f1763acde35fa3e2ed45f6
validation,20,16a110634a2a2725df78f86fdeb70190,CVE-2020-1919,CWE-125,C,cvefixes,False,CVE-2020-1919,derivation,0a54344ff34bb33afa00d22ec3136f8d93ffdad67bc376f56bbe2848f61307a4,0a54344ff34bb33afa00d22ec3136f8d93ffdad67bc376f56bbe2848f61307a4,b969b5097b1e7d7b6ccffb3eb9ba39eac285122f1e6c999f4368609cf3550eb4
validation,21,74e6b9f188bd99ba4f080db2cc0c66f3,CVE-2018-8798,CWE-125,C,cvefixes,False,CVE-2018-8798,derivation,fb72bf54f8cf4c97e2b7d9a7f012bba500d27d8e8403a8676d8074b97fe2dc9c,fb72bf54f8cf4c97e2b7d9a7f012bba500d27d8e8403a8676d8074b97fe2dc9c,363303f8dff06a3d4e3a0ad34f9ea7b4f2cd9ff6640396d9f8ac93601531fe1d
validation,22,d1f94b0dc3dbd89ec20517d4d622ecbb,CVE-2016-10172,CWE-125,C,cvefixes,False,CVE-2016-10172,derivation,542d0dd3d136a3416690a3f8452221b81b3275ed5c3c8f59e6229c8eba53c63d,542d0dd3d136a3416690a3f8452221b81b3275ed5c3c8f59e6229c8eba53c63d,823fa774a143b2c1a892db7579db76a542223f2edf5215fe652107b14220e078
validation,23,041313781a04646ede34fa348b6e1c54,CVE-2018-14017,CWE-125,C++,cvefixes,False,CVE-2018-14017,derivation,cccd64979cf6a108aa7b8fd894ea59b476b603acf1e5c67cd7d6ca07633e1eff,cccd64979cf6a108aa7b8fd894ea59b476b603acf1e5c67cd7d6ca07633e1eff,3b4e5ab1d26d24d95315f87337d7146531e89946124a2294a317c40243d6439f
validation,24,a7e082065d322a6aa5a6fd793cd67e7a,CVE-2019-15147,CWE-125,C++,cvefixes,False,CVE-2019-15147,derivation,0bb49894e31bc60f4f31ef712ca56c91d91a5b9f045c0805aa3726beca1528ce,917284841b55a3c557fb44eb6037f06d40ed3efe01a65e63afc87fb9968e5469,41e5e970eb116c6e6904bc2b37cbcbf329dc1d7967e8416e09b1c5c0c41bd869
validation,25,98eac343fe89cda6fd86fe3632ba097f,CVE-2018-8798,CWE-125,C,cvefixes,False,CVE-2018-8798,derivation,9f5486f2fc8642109a6d784ce9c9aefc19f378d75600155fa06b706e2adae0c8,9f5486f2fc8642109a6d784ce9c9aefc19f378d75600155fa06b706e2adae0c8,f454ed33dafa06df12f703b8fd83943250366c02b18aa74dca7c3e4aba1251c5
validation,26,414ac73390046b5a9705284dd0e0f942,CVE-2020-15471,CWE-125,C,cvefixes,False,CVE-2020-15471,derivation,6b8366ca58ede2ed91a8310d3ff4ebf72ee3caf7eb394f09a266f379cc44c66d,6b8366ca58ede2ed91a8310d3ff4ebf72ee3caf7eb394f09a266f379cc44c66d,c22459339c2931f2bb652f2f56e7143ff7bb4e129f765bab4d3934699b2168f0
validation,27,c0e7d1efb9db57d9677ad85114771d4b,CVE-2022-24786,CWE-125,C,cvefixes,False,CVE-2022-24786,derivation,9c0b0dca539f3e63da6e08db8cc4ba2df8e94845c672515d1ddb3d42100d3fa4,9c0b0dca539f3e63da6e08db8cc4ba2df8e94845c672515d1ddb3d42100d3fa4,c556fcad7b58994f514989f866fbe98e0a476c952b49ab05d2f905fdb12b288b
validation,28,ed429cf15017505bb9d75e8d9543aab1,CVE-2020-1919,CWE-125,C++,cvefixes,False,CVE-2020-1919,derivation,5a2e82e920a9930288341017b9581b0e70b0ce19c53a69e82872a483d25a29a9,405f267de8f20ace3333c835d461bd2d8040167612fb10cde7018d916c36c63b,e072a5bdb2a0382cf7bac01752558b1aad11fbc0cc8e32539cba1dbd37f39bf6
validation,29,f50f2dfa3f7f3bf58c3744853dd96c1d,CVE-2020-15888,CWE-125,C,cvefixes,False,CVE-2020-15888,derivation,753a8590b60c559846ae3effa258a44400fa737b6a777c9afdd90e54dffe4383,753a8590b60c559846ae3effa258a44400fa737b6a777c9afdd90e54dffe4383,731106abc9e5bf5633f03629d73e02f1aea79d46c00b7101eb794973bec2569c
validation,30,e635da065c89b061ee345d87275abd94,CVE-2020-12141,CWE-125,C,cvefixes,False,CVE-2020-12141,derivation,7258959b81057ff461d6bd52b5086c90465298c5f68f17ba85b292e5bb2b491b,fa52ef1e08011e3821990b932ea5aaab206ea500dfea46318b85e33c49db7a1f,26a64655af70bf77931b646b3d7c39bcb65b30c2d595af792b5d12c095fb9ef3
validation,31,10ca6bd374ac59c5a0d8e16068257209,CVE-2014-3145,CWE-125,C,cvefixes,False,CVE-2014-3145,derivation,bd0c83fea598dcb0a294a636c03564930f0ab35be39eb0b62be72f9a2b84c3f8,bd0c83fea598dcb0a294a636c03564930f0ab35be39eb0b62be72f9a2b84c3f8,99e61a9969903c5217b9464a4e01e9332b7f8f64dc1956e0d96a8871558f1184
validation,32,7b662533cc4a195a80e1de2600da547f,CVE-2020-1892,CWE-125,C++,cvefixes,False,CVE-2020-1892,derivation,b338d3746603697a930bbe68384660ae127d0bc23606d4937f57f449bbbc56ca,b338d3746603697a930bbe68384660ae127d0bc23606d4937f57f449bbbc56ca,9a05821c04071f351798edf837713b517db1214eafc24e7e4bc4fa931219fb08
validation,33,bc90d083cde744d2d2a89fb33d448e1c,CVE-2018-11592,CWE-125,C++,cvefixes,False,CVE-2018-11592,derivation,b62019ebabffc243a45a2520c2c1cb328206a1716fbad5214cf0efab1cfac5ed,b62019ebabffc243a45a2520c2c1cb328206a1716fbad5214cf0efab1cfac5ed,94bbaa345bd21bc9ef8ec734b67c7b0e7676dbd32503348ea735aeda663dc371
validation,34,0e231ba16fa5a87300f072c48d3b2dd2,CVE-2021-29553,CWE-125,C++,cvefixes,False,CVE-2021-29553,derivation,222ca0f26f7172fba7897c6cc3996d00ace45e797214dcd3ab883771705a7013,858731905a1422d22b87b2a8933c23b001c2c9305527411cd0e2abfef30504e2,7f78bb421989cc927eacaf3b334866af86cdd5942fbbe5a6b9eebda3d43d195a
validation,35,0990bab7d8daa8c0d36c82229a242e66,CVE-2022-21711,CWE-125,C++,cvefixes,False,CVE-2022-21711,derivation,bdebc27a06406152e665a26dd5a4e6c5ddc5283464b3c1d58d3045730e227921,bdebc27a06406152e665a26dd5a4e6c5ddc5283464b3c1d58d3045730e227921,592b11ba0c8a50dd323d2ca100c8cebc87c51a41c752972be66eea6268ecb185
validation,36,a77db2571c5bc6f00f15e52a58035a6c,CVE-2018-8798,CWE-125,C,cvefixes,False,CVE-2018-8798,derivation,00a01824194ac70bb63f607bf0888a0a5bb8c4db64cb8dbf7e08d7889c70e082,00a01824194ac70bb63f607bf0888a0a5bb8c4db64cb8dbf7e08d7889c70e082,cf4092e7da2eee7207d66e20587fa8e51dd2a1f30d808009cf9295d88a09e8b0
validation,37,6aa0dec6344885baf8abc67cd01f833d,CVE-2018-20177,CWE-190,C,cvefixes,False,CVE-2018-20177,derivation,190ba69c47c2ca83eec69d1f2f48acd13142aeab7e3e35a7eaac7ff777bb9215,ae25cbcba534ebc0965f081a185658f9f0f66465c19b88da47dd0500f0301cee,ec44cad3529ef92a06a829c675c1b4b87c898026323067260bfe315102f160c4
validation,38,bc7c7d0683743e128051bb61b8c553c9,CVE-2017-18255,CWE-190,C,cvefixes,False,CVE-2017-18255,derivation,5ccd513b27f1d35951d90dee1612c1573c0494146a3c866cc1ab58b3f0b83d28,5ccd513b27f1d35951d90dee1612c1573c0494146a3c866cc1ab58b3f0b83d28,382746ba3dc24c0cf3dea0d6fb79c774d1b809b2fed8009e98cc99b48e9e62aa
validation,39,4f9b334f796adeb801e45e50f132bf80,CVE-2016-9084,CWE-190,C,cvefixes,False,CVE-2016-9084,derivation,c0026bd1097711ca5b4cecc07739a55b192c784959fb0a3864ca7a3f558ad51a,c0026bd1097711ca5b4cecc07739a55b192c784959fb0a3864ca7a3f558ad51a,d5d8623151685e01a7c93ce772cfc6f65f5c359e7d8e6edb3fb30e36d5e649d1
validation,40,70dfadef276cd8936ba46a3ed7f679c2,CVE-2018-20820,CWE-190,C++,cvefixes,False,CVE-2018-20820,derivation,59f18dcc5d8c5ff03d409bb037e79bdff7dc1c5b7be440f1ed4012b3c3efd3ea,59f18dcc5d8c5ff03d409bb037e79bdff7dc1c5b7be440f1ed4012b3c3efd3ea,d76e799b9fd113d4f485a6f999ed06cd70758862888710d9fbb65d479abb2a38
validation,41,d39cc2ef603f5846fafdd210898defd9,CVE-2016-10251,CWE-190,C,cvefixes,False,CVE-2016-10251,derivation,3a062686e148689c293a249830f09e7bf4af3a16d97265d3a1228acacc782a2f,3a062686e148689c293a249830f09e7bf4af3a16d97265d3a1228acacc782a2f,06134a074c77b5cb1e9b78333c920d47d5305d1ab45054f0352a765cf5e66f02
validation,42,1c8b31e99d5230fc3baa278a7aa7e663,CVE-2016-10251,CWE-190,C,cvefixes,False,CVE-2016-10251,derivation,7259424b5df25e44ea4f36adc732d2f0acf99f8234185b47d850fce50dc782be,7259424b5df25e44ea4f36adc732d2f0acf99f8234185b47d850fce50dc782be,4a706b86075c44d581dce5107e93025bffb94cc03411d7e83275cbb423e832fb
validation,43,8eefbf66a77571cdd9b5713d5ada386a,CVE-2016-8636,CWE-190,C,cvefixes,False,CVE-2016-8636,derivation,856b59dea3ef1fc19dd043ef4644648961825e70830e9185b653f3102541c270,856b59dea3ef1fc19dd043ef4644648961825e70830e9185b653f3102541c270,ca5dc28d1e7186a9423f25effbc99cff968ecd342a7b7db993d75d7b9477cf8c
validation,44,1e3cb955a21b1df59b5b1ef3165d8589,CVE-2018-20177,CWE-190,C,cvefixes,False,CVE-2018-20177,derivation,9d6a922b6a92c2c578e23bc40a3d8a5e739d51ef4b320a73c222af0d5546dbd9,9d6a922b6a92c2c578e23bc40a3d8a5e739d51ef4b320a73c222af0d5546dbd9,7ed0585dcfdf50fca32821602bf3fb646db989cf1929dfd106c77663b7e1ba25
validation,45,44b43c91c6bb96c181c8d8997402a560,CVE-2018-12896,CWE-190,C,cvefixes,False,CVE-2018-12896,derivation,b93a786e0c621df32c1e46a82489793e12da37ae6ffe7ffdda320115e0b06836,b93a786e0c621df32c1e46a82489793e12da37ae6ffe7ffdda320115e0b06836,d2df2a36ec7ebe7eadb0307838c0f023f653d1f0e1730f62e1cae2f85e5362ea
validation,46,ace81220fba470164356a039f733d03c,CVE-2018-20177,CWE-190,C,cvefixes,False,CVE-2018-20177,derivation,d4f5cd9cc47aa237448434abf03383054c949a5baddae539d6b9d8d0d00b22ec,d4f5cd9cc47aa237448434abf03383054c949a5baddae539d6b9d8d0d00b22ec,c5237ff035ca16d22e05b68b1b0fb8d7808e2c622033a93c0cbc6f93612d1fe0
validation,47,e843d76dc55315ff3f454412fbb8dca7,CVE-2018-20177,CWE-190,C,cvefixes,False,CVE-2018-20177,derivation,e0e64daa63791001074cc384104a05f7b056cdcc1a16bcefbb7b91d30e623ada,e0e64daa63791001074cc384104a05f7b056cdcc1a16bcefbb7b91d30e623ada,5fa64dc8a3f492396a961a0c965b30038e3c484f58edbd4e159c8b940ab9658f
validation,48,fb6cfcdac7263010af4e511d33d13a38,CVE-2018-20177,CWE-190,C,cvefixes,False,CVE-2018-20177,derivation,04332e39891e7c76a6b6fe2fd7d4188504a9fdfa405dd14a4a1cb02139c5482f,04332e39891e7c76a6b6fe2fd7d4188504a9fdfa405dd14a4a1cb02139c5482f,6d141362054ad22c9ba7484a0e72adc78095effc0c10deda91f854b0b61d93c5
validation,49,5e9204cf37cd993b38ebc7de350b2fc0,CVE-2015-5707,CWE-190,C,cvefixes,False,CVE-2015-5707,derivation,1dfa0ffb089379c1ad08cdba7ae06790313bbd6f8e0bafa07a5bbfae55b1d68d,1dfa0ffb089379c1ad08cdba7ae06790313bbd6f8e0bafa07a5bbfae55b1d68d,571e9b8ca612310960aa3dc7067b504471f163ee138b9118aecdb981477aaed9
validation,50,87d580f6479968b497385bb228575158,CVE-2020-19497,CWE-190,C,cvefixes,False,CVE-2020-19497,derivation,e4bfbee047ecdf236f7cb00ada9273a5c8706eb38191cc4db8b3dd82cd11ef1c,e4bfbee047ecdf236f7cb00ada9273a5c8706eb38191cc4db8b3dd82cd11ef1c,6b2d2286af8405b5f10872cbcb7e35651a31272461d0409f4a7ce97107d2cc49
validation,51,ace0b935628812ebe328e03a60e1b772,CVE-2020-5229,CWE-327,Java,cvefixes,False,CVE-2020-5229,derivation,347be7d67e7829f1a06ed7a17eee02a5013aedc5ae72753f7ed85a79e91e3330,347be7d67e7829f1a06ed7a17eee02a5013aedc5ae72753f7ed85a79e91e3330,94c42656824ecb5c43e88a8129101a12fc5385c10c72792c3c70147c7197c319
validation,52,86e26642f32aa30c0a0455bb153b392c,CVE-2020-5229,CWE-327,Java,cvefixes,False,CVE-2020-5229,derivation,8d5757c1849f185e193ff44947f715e72387221ad1c5c63b1708a5b6ea24ceab,8d5757c1849f185e193ff44947f715e72387221ad1c5c63b1708a5b6ea24ceab,cbfb7fa1df2eb0d1ea06edddfcafab92d0f494eb054ac81c1b9f7cce843ede26
validation,53,b4736d1d0d248840b17f12f965dd7706,CVE-2020-5229,CWE-327,Java,cvefixes,False,CVE-2020-5229,derivation,03620a73077f99145a243359fc5d8945aaa004194ac40dd27207d5fab806145f,03620a73077f99145a243359fc5d8945aaa004194ac40dd27207d5fab806145f,27ffbe2d3d90af0bbf8a8220b236e77bd1cfde48278a58bb35c50dcbfc6df2cb
validation,54,840578af09ffb38a9a41b1ad5098534e,CVE-2020-5229,CWE-327,Java,cvefixes,False,CVE-2020-5229,derivation,a7b586f658bac03e574db17f768522c6f59db6fdb32af100ef55cd8a54f20c7c,a7b586f658bac03e574db17f768522c6f59db6fdb32af100ef55cd8a54f20c7c,6ccae47272e1ab88d97d4e14b913748dafce56949dffbd892ac6aecb9cb36210
validation,55,2d6e4f3966fa85da5f5faefb2077f59f,CVE-2021-39182,CWE-327,Python,cvefixes,False,CVE-2021-39182,derivation,0b5826ec748bb7207957961b1fbfcf2f9c7ff8977f820177d8de819d3af4e59f,8128a8b1f049c916492c7f436d9c44c00d4c7148e7259cb372a254f5e4bfb377,8f9d5b14eb20bfd242e968bcb0c76eda562eff3ea3684398c3263017e30b5de3
validation,56,aug_3867cf558a33,aug_3867cf558a33,CWE-327,Python,augmented,True,CVE-2021-39182,derivation,6de61a858a0c474f26ca87be982fd0fc2defcad6b52745548dbb78e0a332a17f,97f679745ac830d03a37079311f5257c80ec3121f0e080097fa2e522a0c1aed0,2323ba4b006ace7021a9edb2477ce3a857a405212998345bed9c4101084bb886
validation,57,a3b117374c70199682f8175d8d586177,CVE-2021-32134,CWE-476,C,cvefixes,False,CVE-2021-32134,derivation,cec9df090dcec01975b62d5381ef0ecad21ed651c1f7ad026d930b6371a81fdd,cec9df090dcec01975b62d5381ef0ecad21ed651c1f7ad026d930b6371a81fdd,37b7bab87b35a0ff5237ba4696108690520a29cc19a67d369c7f4b7740baffe3
validation,58,84170552159e977429c80c206a5c47ed,CVE-2013-4118,CWE-476,C,cvefixes,False,CVE-2013-4118,derivation,99556e2193a740ca262d2edbcc394d52766b5cea1db1d33f5bc10d8426cbdcef,99556e2193a740ca262d2edbcc394d52766b5cea1db1d33f5bc10d8426cbdcef,27d535f0bceeb25606c5b5d484224a086ae166b0ebd94bdc535cbda5e24df64f
validation,59,7da2ea34d06d8c869a94540eee06ce47,CVE-2017-9211,CWE-476,C,cvefixes,False,CVE-2017-9211,derivation,4fc2bfcc48ca9efd1391ed9abf092b81c7c1d67791e12ef22b070323767d1f76,4fc2bfcc48ca9efd1391ed9abf092b81c7c1d67791e12ef22b070323767d1f76,11364ce7efeb22638bc9fccf18451a9e9f2290fd0630fb8df79b940a8addacf7
validation,60,132f6705896921733d45040863b8f1f1,CVE-2021-29564,CWE-476,C++,cvefixes,False,CVE-2021-29564,derivation,24fbc5f09eff91d85d370c20233086b467665b435706b2362b86a4f69cc0a5bd,24fbc5f09eff91d85d370c20233086b467665b435706b2362b86a4f69cc0a5bd,fa75a8216f134397cf1783007b5ae37ecb0d724e4e88b06dd156a8773f22dbdd
validation,61,d92a16dfd624579632ec05049450998a,CVE-2020-35680,CWE-476,C,cvefixes,False,CVE-2020-35680,derivation,2b64cc399ccddef79bc86bd9f3dd7412f6f5c3346cfa5e76b14d0ad4972dcd7f,420dbcb8edf4f71915aecf05118e3a99f09c552bd6a8e106c5f0c02892528998,6e98c1923aa49d2e8e43a6e932f89b3231f086b7fa7465a6c8d2d00f7afd09db
validation,62,0dcb6c2039a2bc47b9bfb201ef412dce,CVE-2016-8884,CWE-476,C++,cvefixes,False,CVE-2016-8884,derivation,5273212405e368944b0c7a75f19960e7387f16c59208fa9750e7108829280468,5273212405e368944b0c7a75f19960e7387f16c59208fa9750e7108829280468,182c1ebcaa8c5e4790e7d6b73e98aea72ba583b3b49e69b97cee923b8a4742c5
validation,63,17e8dc1911f0d50a92fdb654aeb7cfd2,CVE-2018-7492,CWE-476,C,cvefixes,False,CVE-2018-7492,derivation,0d23af42be56c9ddd97486ab18fa71737c37827a4099e773f402103e9db6fcb7,0d23af42be56c9ddd97486ab18fa71737c37827a4099e773f402103e9db6fcb7,03dbef4cfd80f45e3d6d48a4d211d9e076abff7bb0efaa60d7cf083fb59a1408
validation,64,402a81ae7ed9396658f0be2703734f96,CVE-2019-17539,CWE-476,C,cvefixes,False,CVE-2019-17539,derivation,27ee1ea8505cc6433b37c16be6319e14022a085deee671d7dab2c894f79bd8ae,27ee1ea8505cc6433b37c16be6319e14022a085deee671d7dab2c894f79bd8ae,6a0785bbfa54f05a3ea51662af48db0a391dc7bcd42b18199adcd36b63ff680f
validation,65,186add432a694946aafe034a70302141,CVE-2017-2647,CWE-476,C,cvefixes,False,CVE-2017-2647,derivation,9a6c6909fe0a26b027c99449e62ea2e4715be8c5429014fd3f494da2d0a8e5f0,9a6c6909fe0a26b027c99449e62ea2e4715be8c5429014fd3f494da2d0a8e5f0,78b10be81ec329797bf77f808632e805851c85cb769b74015bd4884a117234e1
validation,66,f57f4ece6bc78a869290215bfbaf920f,CVE-2021-41208,CWE-476,C++,cvefixes,False,CVE-2021-41208,derivation,9f63294d51937f7ce3d94fd5f969577b98c0c9728600470a97006ed84dff30a2,9f63294d51937f7ce3d94fd5f969577b98c0c9728600470a97006ed84dff30a2,fc7cc826d97dd27036ef92061871857396c3bf1f04938fc6a3988b2eca4fc854
validation,67,5e729c629008c943ba5ee98664912cd6,CVE-2016-8646,CWE-476,C,cvefixes,False,CVE-2016-8646,derivation,c7c92092b6c096151d604d41a9c2007607f011f26f3928d04f32ea01eccfa887,c7c92092b6c096151d604d41a9c2007607f011f26f3928d04f32ea01eccfa887,d5a1a8c438ddd7db994466f8d0570fc04dc9f5c994583ffe31b715bb3a72be78
validation,68,59e5f2ae68482397093299943099f652,CVE-2017-2647,CWE-476,C,cvefixes,False,CVE-2017-2647,derivation,92e3bc6a16c309433125d46e296a5b80a465807e0d54ec88c58e22ff09588f1f,92e3bc6a16c309433125d46e296a5b80a465807e0d54ec88c58e22ff09588f1f,b5b39fa47c87fbe1061113929338acf865fe58ceb4122b797f4d7545175ed3b9
validation,69,b979b453110f7ef6add3dd8eeb68d705,CVE-2017-2647,CWE-476,C,cvefixes,False,CVE-2017-2647,derivation,1364dd7fd37f4f4f0b8cb21341d1a56b0e398090d5fc49c6b322d85bc1f2784d,1364dd7fd37f4f4f0b8cb21341d1a56b0e398090d5fc49c6b322d85bc1f2784d,680688ff6b74c46a5aa9e9cee3f1ce0fb46a16c2d634b8be7c6e1c837e31cf08
validation,70,ce8d3ac09acff91edb18a5239ac37e76,CVE-2017-6197,CWE-476,C,cvefixes,False,CVE-2017-6197,derivation,a52ada012fecc1a605f5885d85d0086e3cfacddf4e632506f6296c1c77a7fa38,a52ada012fecc1a605f5885d85d0086e3cfacddf4e632506f6296c1c77a7fa38,b2298016749d93526a11a01e932a9a1a69bfb71b1978d9fe44522d1b34f484ef
validation,71,119c4fe87ca31a318c7f0cc4fcd3d0c0,CVE-2017-2647,CWE-476,C,cvefixes,False,CVE-2017-2647,derivation,600ad6ed15172ad1ee910d7a041305b1cd3fe55c5a57ade585e15067a21b5632,600ad6ed15172ad1ee910d7a041305b1cd3fe55c5a57ade585e15067a21b5632,b11117d527ae384c21a1f7e831ea5152e6b3027390cdbeafc17aafe1e0376a6f
validation,72,69c8d7525d29ea30c19d0281c1feb152,CVE-2017-2647,CWE-476,C,cvefixes,False,CVE-2017-2647,derivation,525a20372e5d324f44de6fb4b74976d7f4dc98354db5b134cd4fc5b700f8287e,525a20372e5d324f44de6fb4b74976d7f4dc98354db5b134cd4fc5b700f8287e,9318191a3f5555d7084e7f22c532b636b95d32be6bdfa38059a6468a9ba2c920
validation,73,e18277d67d0cb3e4cf2e4ee01d3a9d77,CVE-2016-3070,CWE-476,C,cvefixes,False,CVE-2016-3070,derivation,c13af54e83a1648a36c08d736e4f475777d8557e4466eaa5d17a588b0f542f71,c13af54e83a1648a36c08d736e4f475777d8557e4466eaa5d17a588b0f542f71,1a8fcd1356ff9bf7c9093f34869814dce10a0a102075bb04a71e8a7fafb47977
validation,74,995b32b781ed995de7a8f2df73a0a5cd,CVE-2017-2647,CWE-476,C,cvefixes,False,CVE-2017-2647,derivation,c9ee82bad083ed4703fc99ed295d1c00c21c67a1381b0468cdb5cecacd1cb9c7,c9ee82bad083ed4703fc99ed295d1c00c21c67a1381b0468cdb5cecacd1cb9c7,ebd94d3eb5e39863537b67003727da84b6f2abd7a20aa986afefa8bc59632ac3
validation,75,f8447ccd0fa1517712c135f87489060d,CVE-2016-10248,CWE-476,C,cvefixes,False,CVE-2016-10248,derivation,58c6251d50625eb1beb806f18e9abf8aa61c46bae1300b534e12043dddd33cdc,58c6251d50625eb1beb806f18e9abf8aa61c46bae1300b534e12043dddd33cdc,3936b2e74484e87d065278b1a17102e97b2a048bc5b5b84644ca6fee61d06463
validation,76,8e05011fb98228e235c6e75d5c06dc71,CVE-2019-19926,CWE-476,C,cvefixes,False,CVE-2019-19926,derivation,de63e590a1183d2983531de6c38b0ea44007e20c53a070aa94ee397bc4fec53b,de63e590a1183d2983531de6c38b0ea44007e20c53a070aa94ee397bc4fec53b,c7c4c2b04301fc3f2c37610ccc67fc86174eaefdb23cc537705528a5fed0bbb8
validation,77,f9f5e7069a624a41ee87a2404c0ffc1a,CVE-2019-19242,CWE-476,C++,cvefixes,False,CVE-2019-19242,derivation,29d31b4633b3d82dd28ac3edb9699cee0f57c1a1c109d117da1d734632a3add7,29d31b4633b3d82dd28ac3edb9699cee0f57c1a1c109d117da1d734632a3add7,a63f4b3d9917206bb63899a863aff091c3fce82bd9b805fc117cd8283dedc2de
validation,78,b3e3a63b3f41cd0d3a546905d5a58c8c,CVE-2021-30219,CWE-476,C,cvefixes,False,CVE-2021-30219,derivation,7e93a6fe4426b64173bb8f991ed5228fa307fedf459cac30750930033eb97c45,7e93a6fe4426b64173bb8f991ed5228fa307fedf459cac30750930033eb97c45,2405a54f8d32829763110772f599085c242fcbfeb38e2848fa564bc6df7ff93b
validation,79,6adc59f69f087c3dc20005e136c76bf0,CVE-2017-2647,CWE-476,C,cvefixes,False,CVE-2017-2647,derivation,a27b3eaeed1a6d36b1d367ed6ce6616d9cd569e914ffab19c9a8cfba4edc2287,a27b3eaeed1a6d36b1d367ed6ce6616d9cd569e914ffab19c9a8cfba4edc2287,0214e39b7f0c39395a0fd0e4968518a976b4517807fec0c3e2ac366e02258aca
validation,80,2b68314afeb245a3f7c55fdfdc91afea,CVE-2021-32134,CWE-476,C,cvefixes,False,CVE-2021-32134,derivation,9b760e1bd3e9994040347c71574fe190db2853fc833a41550f57b09bddd8d1aa,9b760e1bd3e9994040347c71574fe190db2853fc833a41550f57b09bddd8d1aa,1ad27e7da6b168995324dbd9d1ce50b9d81e66e5b7153feb96a4e78a8d6ac4a2
validation,81,03d11589dab395c9e6303d7244cd2f09,CVE-2022-29205,CWE-476,C++,cvefixes,False,CVE-2022-29205,derivation,9ecdc0e25df5dc9fe505f14876ea3467294b21babc892e981858d2ffef1c5294,9ecdc0e25df5dc9fe505f14876ea3467294b21babc892e981858d2ffef1c5294,114771ddf2720d22c6282832667011a95d780f227956a1f9d54d8d724b0b9f47
validation,82,8a39eed98bdb31c96bffd2ff0e094e22,CVE-2017-7862,CWE-787,C,cvefixes,False,CVE-2017-7862,derivation,861f422af99de9301118b160b896d44fce0935da153165e0e8c6e2c213879b0c,861f422af99de9301118b160b896d44fce0935da153165e0e8c6e2c213879b0c,9a71eb43f71fa6ec386e65a42d37d491a7c7f32dbf88c7d1dd69c9afeee9d449
validation,83,0d36e775fff5defaf2086d0671b47300,CVE-2018-8788,CWE-787,C,cvefixes,False,CVE-2018-8788,derivation,538335b69f50374ac74c28e11dfa6663d6439be374ab1e8caf9f864cbe412b83,bc009b75ce2b0debe6e3ee155b59f69dc7d6e6d0d9d748c949f3dec3e04e7fd5,2c4a8625f97fef826bea46b5ee6d7d18dce669187fb45b029ca6decd9c1e74f0
validation,84,b94f7dd26d12247a117925bf72947e87,CVE-2021-37650,CWE-787,C++,cvefixes,False,CVE-2021-37650,derivation,21a73a84f5b77cd448dc38a7ceed2708e046d65973fdc93df4b43e4f8b0b5b1d,21a73a84f5b77cd448dc38a7ceed2708e046d65973fdc93df4b43e4f8b0b5b1d,3e4812b3492efea8806d8e5168e9a0269f9b1b6abd65bd1455f1257fa40e04fe
validation,85,a0b62f9ff62174572f55298b1bf7acd5,CVE-2021-31254,CWE-787,C,cvefixes,False,CVE-2021-31254,derivation,dae315191acfc4dc22ae7f959b10ea7454eac7c0cde31d984e3800e3a8a3a883,dae315191acfc4dc22ae7f959b10ea7454eac7c0cde31d984e3800e3a8a3a883,c5eeced985f5cf03124977c4d4b45b40ca289682231708b921ee3d6bf1e2fef3
validation,86,97a799f489655c574862ebcfb988657a,CVE-2020-15210,CWE-787,C++,cvefixes,False,CVE-2020-15210,derivation,300c7f1d00346fd11432ad18c92f03010cbc9732d514d159706cff163ea3eee6,300c7f1d00346fd11432ad18c92f03010cbc9732d514d159706cff163ea3eee6,1edbe2575515f7fc379754d9c051fb1ee13c04b98ad3383c9fe2c47ff12b3aca
validation,87,a0548590992c5bd35967d7564befae7b,CVE-2018-20455,CWE-787,C++,cvefixes,False,CVE-2018-20455,derivation,60cacba0fd0fe44729e6f21e3bbfd0f2067e16afb1e48c8a4a711ba56d388afc,60cacba0fd0fe44729e6f21e3bbfd0f2067e16afb1e48c8a4a711ba56d388afc,e76e6da7b4ef963bc23a1873d2205b210700563046ea7b2b500944c10ba011ee
validation,88,2b34c704033d0b12fe5f0cf975d80276,CVE-2020-12654,CWE-787,C,cvefixes,False,CVE-2020-12654,derivation,cefd11c2c4e9b1e44925ba4050242823cda50d3ccbdcd9d11f91c97a9d2cf3e9,cefd11c2c4e9b1e44925ba4050242823cda50d3ccbdcd9d11f91c97a9d2cf3e9,a7aff2195d700f8c28b9a7e3ba5119604f414da6ea940967b40e9ce7a30ebf34
validation,89,f098d81668f3606664f5d7c0bee05fc1,CVE-2018-10540,CWE-787,C,cvefixes,False,CVE-2018-10540,derivation,debd81c6507ea834f0c7b865c8cc801c0991819cea026f25664d607aa35dd271,debd81c6507ea834f0c7b865c8cc801c0991819cea026f25664d607aa35dd271,ccbe47a34a555a62d84925ede6b447a4a798d9062b469b69764130a4cb9eac77
validation,90,56f7aafa94b73e3bbea322126ac93cc6,CVE-2021-45937,CWE-787,C,cvefixes,False,CVE-2021-45937,derivation,27939d03579e35ffc3e77fda91fd1af6490f71075a07429ae64cc4f3f263821b,27939d03579e35ffc3e77fda91fd1af6490f71075a07429ae64cc4f3f263821b,c62f9bbe08b281cde41fa58ea386ef9c2d308f204abf05df89baabb319012b9b
validation,91,dbb075bd145db329f19eb7d8feacf2ff,CVE-2018-8788,CWE-787,C,cvefixes,False,CVE-2018-8788,derivation,75b3eb38ee61d72a2f5bb4da334b98842a1602fe377de42c0784361e403815bf,07343b414a50d2a0c8212486ae4706f4a927c4867fc5df1c962e4ab8b5669dc9,1ef52171c2eecba1bc04753caf8332982fa4e00b6623a4868a4f3f8bc007a6e8
validation,92,8bd02cfb8091a3e1eb0417a0fa28987e,CVE-2021-41221,CWE-787,C++,cvefixes,False,CVE-2021-41221,derivation,0250d703264e815f1cfcbaecf66531a56ec34a65d29f6b42a1d80746d3fbdef1,f9e9f42a0fca58253eb7485d6fd2c59b8762547faf3129bbf5fd242a82dd14c7,8dbc416f10d2e632b1ed8a34aa81e83ca7b2fa8fd16eb92328fdf6d22247c1c6
validation,93,e4080d7a5fea86bdb78d623c6e10f61e,CVE-2022-1437,CWE-787,C,cvefixes,False,CVE-2022-1437,derivation,cff080f906b3caa1544f9924b605d354a82d67e8907ad522c560eadadf511ff9,cff080f906b3caa1544f9924b605d354a82d67e8907ad522c560eadadf511ff9,0f2f5049166207a1b55b3d198b1799abebed9a205a15185037323d32b4b103fd
validation,94,bfab0ad52198f1fb98f7a6d4f77b364a,CVE-2019-25051,CWE-787,C++,cvefixes,False,CVE-2019-25051,derivation,5826bbb0a6d5444103219d35da979d3c922d87361eaba412d69d3d38b26e112b,bc8c942ba1ef52313eeab417a337c153217752fe6b21857879720d773f189c90,49167853ef249700fbce46fa2b4ef7b9f4e3e9483eb6fb629ec3cf798084c4ed
validation,95,2ae7eb47b9ad5b93975ca0189607ab14,CVE-2018-10539,CWE-787,C,cvefixes,False,CVE-2018-10539,derivation,3e9d29dccab522e3f9d04969b00d9bdd4072dbad489a42904ffc2fce1e0330f5,3e9d29dccab522e3f9d04969b00d9bdd4072dbad489a42904ffc2fce1e0330f5,906ed0d0e9626a2bd3bb0b6c357a15b0f0cb5707a95073efc03520059e1ff9f2
validation,96,c6d3cedbc47651e05e535beae63e4adb,CVE-2012-4668,CWE-79,JavaScript,cvefixes,False,CVE-2012-4668,derivation,a5b8a17a274a48a503e3fc7afe08d85bb8aeda02d84326b9c5664c516906a1be,a5b8a17a274a48a503e3fc7afe08d85bb8aeda02d84326b9c5664c516906a1be,e60a1e33cf4116ac461a3d1fb90f184c9b1789ae7d2d5a9fac0654091b07803e
validation,97,d755a2959da9c913ff22b908063e4ac1,CVE-2021-25932,CWE-79,JavaScript,cvefixes,False,CVE-2021-25932,derivation,1dad567f389087c9daad8d6d0f717a6c5b0986c76c97267b7ff25937603ac10e,1dad567f389087c9daad8d6d0f717a6c5b0986c76c97267b7ff25937603ac10e,18242e960bf9b376898e612ca221f768cc248f66d4f1f8721d725953c5b6dbfa
validation,98,1d85241f537ca76b44c5848e13bdba0d,CVE-2019-14329,CWE-79,JavaScript,cvefixes,False,CVE-2019-14329,derivation,765e45491783db3ed228b8e95cb2dbfd86f6aa2d037cf31a54ccb5f7919e07a2,d80e1098ea5d14c28219349a48769640073c48635151e8ef4d00b4308405f3c4,5dade4ca630e5f67839e333f7966b7be4b71f39d684ce35258490ba33d3d3aec
validation,99,53bb84e675a5a36fca257842cc38bb62,CVE-2022-2029,CWE-79,JavaScript,cvefixes,False,CVE-2022-2029,derivation,cc99024978dedb7191ea6fc709d04a35e1c148d408069ef44cadddcb102aab3d,cc99024978dedb7191ea6fc709d04a35e1c148d408069ef44cadddcb102aab3d,a9b9c8e4f2d0abdc21dbe7d2d37901e44945af20685f023da9cfbf41d1e29d82
validation,100,0981a5349ff68e2798010573173057bf,CVE-2014-9905,CWE-79,JavaScript,cvefixes,False,CVE-2014-9905,derivation,8d3a8b70b513057dc8ce0c46b65bbb7ee6955e573a26cc12627bdf69c986c66e,8d3a8b70b513057dc8ce0c46b65bbb7ee6955e573a26cc12627bdf69c986c66e,84739bec2c5e768020636946c76b2f5ac3551dfb6b18af3b33b9cce5e6ac7492
validation,101,d6ddeb1be4ae2e508ac102e57b026b89,CVE-2021-33561,CWE-79,Java,cvefixes,False,CVE-2021-33561,derivation,fcd98d3ef884e37a47bdd0ada7b3bb9b27960ff5fffdfd210c1ba28fed331910,fcd98d3ef884e37a47bdd0ada7b3bb9b27960ff5fffdfd210c1ba28fed331910,bd287d75194dbf42cc0bb2fa2e5422290aefd726a8595e47d5bd2f25add693a4
validation,102,311f8737376f23c77ca9a7442c35e4fb,CVE-2019-14329,CWE-79,JavaScript,cvefixes,False,CVE-2019-14329,derivation,e853da1bc8c2986305de0e31b26649d2977394f12251a3d82b24f812ca689a59,e853da1bc8c2986305de0e31b26649d2977394f12251a3d82b24f812ca689a59,c45aa4d68d2b1a8d8d59f8b8e6d03b1b364b9c289991285263ccadb22196a798
validation,103,7745f730896d392dd915ac162c3575d9,CVE-2019-14329,CWE-79,JavaScript,cvefixes,False,CVE-2019-14329,derivation,3c113acd4bc8a50461fae54ef7938eea22b7802fa5dd6dc0a55d7a19e32ef8a2,3c113acd4bc8a50461fae54ef7938eea22b7802fa5dd6dc0a55d7a19e32ef8a2,8f35d6ac2484dc1982ab4d2cf16f02f9644d73ba5023da7005cb95f53183f08d
validation,104,04b8122758fa641b15dd75ca86238a5b,CVE-2019-14329,CWE-79,JavaScript,cvefixes,False,CVE-2019-14329,derivation,0e6bdb82b6fec60dcf4dca4b0c7bcef3322c3d12475c7df78085020a276613f3,5f66b4c4f5d206d37d4f6e309a97bb6ef99d8c3ab27128fa76f8bcc109d0f6f7,c73c324b853fb47dadd0ef020f7cbf4b34d9fa3f0623f9cc6635dcc026619169
validation,105,d38baf66432374f91651088c8d612ece,CVE-2020-9038,CWE-79,JavaScript,cvefixes,False,CVE-2020-9038,derivation,591b977c69f3a09192f8816b6ec67f064e075071e68e120621e41283d1c7b25c,591b977c69f3a09192f8816b6ec67f064e075071e68e120621e41283d1c7b25c,525d1bc3db5811695dda28e5eaec744732a02767374b0078b3a6966139c8ad87
validation,106,cbcc9a9ba798f9cdf63e41bec8a084e0,CVE-2021-25932,CWE-79,JavaScript,cvefixes,False,CVE-2021-25932,derivation,8fa4888e6e65dbf24b300bd5184fda575a1529f1141ecd44473b13c677fe9963,8fa4888e6e65dbf24b300bd5184fda575a1529f1141ecd44473b13c677fe9963,2acef4805ab2395f602f3d269612657ada3eb81ca3a77f25de748cb4da9a3431
validation,107,84072f7c29fe1c1106d0430d9f108e1c,CVE-2021-3377,CWE-79,JavaScript,cvefixes,False,CVE-2021-3377,derivation,c00301a1251a3060b06d59c013ba7d78a691254182f84b36c71995d12f9a3444,40d80a190227d178a7e0e8c0fb97d32a95f594b3140e6bba9f280f66b8b10e8a,6d491549042455966c09623bc419895579f41a5bb8076ccd7671f3487fde409d
validation,108,5eb77d801d61e879173731c4807bec73,CVE-2020-9038,CWE-79,JavaScript,cvefixes,False,CVE-2020-9038,derivation,bbc35dc1eaf4c2907b0c6a77f15ac57fb41a0d61e576f4e31acec4f506c47e4b,bbc35dc1eaf4c2907b0c6a77f15ac57fb41a0d61e576f4e31acec4f506c47e4b,3151b13bc0a1b88edb03216f06ffe102acaf76ae061127dbd3997633ba57d49d
validation,109,3425084d0225895885b64e2b2d2ceecb,CVE-2019-18656,CWE-79,JavaScript,cvefixes,False,CVE-2019-18656,derivation,2586811349af594f9af4c5887429952417b3358bd1e9881b0df13b0b93584670,2586811349af594f9af4c5887429952417b3358bd1e9881b0df13b0b93584670,cd83850bbf84f806774e5ac793f0bf7d758344d9940f8863b37bd1824d90affc
validation,110,299e36c60c05db8a9238ecf0b211fb7c,CVE-2019-10752,CWE-89,JavaScript,cvefixes,False,CVE-2019-10752,derivation,29ef29e5432511a0eae459e7ccff570586c7215bf5914fa4be2cba7b287a05bd,29ef29e5432511a0eae459e7ccff570586c7215bf5914fa4be2cba7b287a05bd,2b27104c4a720d09cc5d35d0387df5846a7b394a94b73b5dc1b0b293666c1abf
validation,111,72a7be351f572dc2790a7fa588b5b1f1,CVE-2019-10752,CWE-89,JavaScript,cvefixes,False,CVE-2019-10752,derivation,ff50a3ec941120af1de58c52903681cbae8a0e1f79b89ff15bcfafd0970ef0c5,ff50a3ec941120af1de58c52903681cbae8a0e1f79b89ff15bcfafd0970ef0c5,0dc7e2c067b27f4ef33ae07d4d22a91d35c1d29a0975d9c571933bc043db1e69
validation,112,0c60a37363395b5dc81a06a7a0c9dd0c,CVE-2019-10752,CWE-89,JavaScript,cvefixes,False,CVE-2019-10752,derivation,f0d5f05c3af55c20a3e13943fed570481f944e0c51f01353aa67969664355215,b190fa32c5120504287604fcba59324f55e26949b2b89664009a07f458632aa1,07889ba2a0d8fb6f43cc1cb8386329c889708de29098695ab75e432f5de5bddc
validation,113,1b4fa7062d5af6fc370bca093e17b997,CVE-2019-10752,CWE-89,JavaScript,cvefixes,False,CVE-2019-10752,derivation,f7ab98582037e07139e9adcd7c6eb66662f6621f636647a1beebe68e946748d7,f7ab98582037e07139e9adcd7c6eb66662f6621f636647a1beebe68e946748d7,d9b83445799cee3c0153cf54af87b596325bc8494a82be125631f5f1b55b790a
validation,114,e73297fe6b109e0718cdf2583dec388e,CVE-2019-10752,CWE-89,JavaScript,cvefixes,False,CVE-2019-10752,derivation,b5ffb62ebf212193f14230ea3889a11ecb8bb12ab25234be561cabcdf78a2ef7,b5ffb62ebf212193f14230ea3889a11ecb8bb12ab25234be561cabcdf78a2ef7,177ca39a86d02fef1aa20382c53bbca7e0c2ca9b0232efb7b8a12f648306e542
validation,115,f6901057c06cfeaae5af4217a725274f,CVE-2016-4999,CWE-89,Java,cvefixes,False,CVE-2016-4999,derivation,20e4942115155528101d6cbc1518abe8029a4f01f76bce0cbd102bc2aff28b86,20e4942115155528101d6cbc1518abe8029a4f01f76bce0cbd102bc2aff28b86,ce2d763c1ab2520fd196ab500ff4108cc6ed0ea48ba69ac63136f499c1822bd0
validation,116,3210ee5c56f3c4b73c08525799065c62,CVE-2016-4999,CWE-89,Java,cvefixes,False,CVE-2016-4999,derivation,ac1a285d2bc91ae75b4686b3a88a1b849af2cbedbd03f6c4ce963059be2b1ecc,d4af60d389af588c6392c3ddcc9154fcb574fe32d78f1e068ca53fed055a74f3,77780e56d4e18053c68cdbb6ec2775455454ad8f034e799a69ac1e77200686bd
validation,117,2db89d3d63d7ecd102071b8cba9d2a5f,CVE-2017-17713,CWE-89,Python,cvefixes,False,CVE-2017-17713,derivation,b67442cc462c1ce2b36feb859716f2dac8fa4049b23c7f493bf5b5a390770121,f2b3b0df3a5923e0733127c778763df16c110563d873cd7f5d60cb2b58e8e54c,865b3ad177ece7c96031ebacd72dd6f496df4f2a218445fac4f4897d9e23d8c0
validation,118,885d5044eda7d0b2f51c4cd0b2565da7,CVE-2017-17713,CWE-89,Python,cvefixes,False,CVE-2017-17713,derivation,66868a1c6a4c547a13566b2cb5c06674a7c424262fb4f1afe22bc00fb33ff121,e11725f7f7a98497eb332cb0b3c54fd0804dc486b39bdc426ade56c0a82d7642,e96200a77598e327efd2d769625c22513f29cb71e1c2dac5fe8d087ef327cf6e
validation,119,c1265f4486c816c880206033d5491e4a,CVE-2017-17713,CWE-89,Python,cvefixes,False,CVE-2017-17713,derivation,0fa65cfd6e015384f8a619e15f3cf60840394601bc590245907e352d96d82a3b,d24418aef17441d42cb0e17593a0f6337fd426e6be3e93630415e622e2d3ac4a,20d0a2c003a22cd1447011afeb9a9908f298207ecc4c373e20415f072c1413a9
validation,120,9b16da541e13ff3cac7bf5bd91fee938,CVE-2021-39179,CWE-89,JavaScript,cvefixes,False,CVE-2021-39179,derivation,4fe4a0c62c9004cf204da89b91d0cc0be406c9dd2408a95b8f438ced36ff0a3a,7b9a2029639c8a7896deb837c8de81e86e1f92ed20e1cd6b2060091014284003,115895fb36e1549e97b29f77d1f3b76d9e437fa715b4a34a6f723b6fc331028c
test,0,3289084fc6074df9694a0ed3a6254503,CVE-2020-22873,CWE-120,C++,cvefixes,False,CVE-2020-22873,derivation,fcb7ab6a361cd0ed1a3750dfa06e24f36f9f6a03f1677890baa301b8b27e46c7,fcb7ab6a361cd0ed1a3750dfa06e24f36f9f6a03f1677890baa301b8b27e46c7,4bfad75d4c9105ac972123af1e9f0051f79c2b2b246b450da20ef43407291b43
test,1,049f7de38714fbc9b38327dc5821a2fd,CVE-2020-22873,CWE-120,C++,cvefixes,False,CVE-2020-22873,derivation,851fe50851a6dcda207de24255a50301f36aa273be503ef2a2df59ad4f2e08f7,851fe50851a6dcda207de24255a50301f36aa273be503ef2a2df59ad4f2e08f7,70a40efe4f8a4dddfe7c82b2dbbd263f0dcb5e0fbd0cda645de3f5613233e745
test,2,d369b709b317cbc80b42f4f920ddba6b,CVE-2020-26759,CWE-120,C,cvefixes,False,CVE-2020-26759,derivation,52d96d7a16a7b63ad1a97cd6979a71bf793cc6e8e673782efa51e59d9ec1069d,fde439ce4610679115866c76df96f79fc6cafdf40ce6e4c3c037754ab9ef6dce,c9e9e4a9fb630a6019582c286463c9f932c06c4ed102ab7a2d0954793ccf85bd
test,3,51125ec4dfb3b207146ebad80ac127bf,CVE-2020-26759,CWE-120,C,cvefixes,False,CVE-2020-26759,derivation,f4766695a97c6295039db0c6810820ef8e946b04595e2ce877c0d99fecdf01b5,f4766695a97c6295039db0c6810820ef8e946b04595e2ce877c0d99fecdf01b5,4f1bdea76ae34149541cfb2f1a3c3a89f26d1237731b326c78adda3d8b268434
test,4,faf0818a3cd002ae6a8f0ec2ba4dcf00,CVE-2016-4303,CWE-120,C,cvefixes,False,CVE-2016-4303,derivation,33afee236008594d3f0558abf520f92e9b966ea60b24354055e2d3e2a57e0b30,33afee236008594d3f0558abf520f92e9b966ea60b24354055e2d3e2a57e0b30,c5c6bad6b134862e31d6b51a41bb8b6cf93b2bd98d037e967c8b9f9104c323ea
test,5,d34eccb53751d17c947ee0a8e8b2f3ae,CVE-2020-22873,CWE-120,C,cvefixes,False,CVE-2020-22873,derivation,098f697800b48f853d0e2dd69e820a4d9bc35cb7b43e5df445acecb435f0a272,367e1cc735edac91b8677feee522e3c201dc39ae03738cedee7e520f12fc829d,f03c95aa6479f99d755a5d6fbc574aaf61caa553b9cc65af7a5d80149a9d0e9f
test,6,dea25d0edecd13637e6c0d25a2671fad,CVE-2020-22873,CWE-120,C,cvefixes,False,CVE-2020-22873,derivation,8316a8c619bde2daba4bba2874fef35c55a2e195a34965e49f0aea65fd2efb48,8316a8c619bde2daba4bba2874fef35c55a2e195a34965e49f0aea65fd2efb48,c8f8b645993d8822c4fd415ffc9bb6e1c775976e4fd051e48bf94943127fe02a
test,7,a0fa54345a0173bca4d49178c0a7d814,CVE-2016-4303,CWE-120,C,cvefixes,False,CVE-2016-4303,derivation,604da86727b81da96b2d41781e873c8e3b2e50b58252635cd131bcb255351b66,604da86727b81da96b2d41781e873c8e3b2e50b58252635cd131bcb255351b66,e3b9c362329442ea4fed242dffd4b7630ac25624f00205e6e5aae5be20529696
test,8,e5b886137275ad623421479346ffc69a,CVE-2020-9760,CWE-120,C,cvefixes,False,CVE-2020-9760,derivation,4573c94bdcda31a90da00c8654be7bc66e41d8f19ce52bc0a5bffcf7498f3e50,4573c94bdcda31a90da00c8654be7bc66e41d8f19ce52bc0a5bffcf7498f3e50,fdd3ee6b6118915b408538d135e2443af0c7223c133b959396d828b466f3a118
test,9,602d73b8c9317a1709c19760c7a9c228,CVE-2020-22873,CWE-120,C,cvefixes,False,CVE-2020-22873,derivation,49b19bced48fcb2e501e1b233f6ba6f59b13e32906baccf0f3534e4685e66455,49b19bced48fcb2e501e1b233f6ba6f59b13e32906baccf0f3534e4685e66455,2e944dbeb849b4a38630b7106cd1d0bf4c578244fe457e6dd017d52aa455bbf7
test,10,811cbe34160dd8827249006666403538,CVE-2020-22873,CWE-120,C,cvefixes,False,CVE-2020-22873,derivation,36cb046c65ea846b0339940a66407d543722edb812b3dc0e1d48c6990719c6af,36cb046c65ea846b0339940a66407d543722edb812b3dc0e1d48c6990719c6af,c40cbd9ead64a004da722dc31b7a4968ef257923ddfa672caba32f8d6c5b2198
test,11,47c52dbe4606b17ee383ea001a4da393,CVE-2022-30767,CWE-120,C,cvefixes,False,CVE-2022-30767,derivation,bfec57983860b7f714419f0440f53cceee6d2f19562c28e39ed8a10ec82fdb08,bfec57983860b7f714419f0440f53cceee6d2f19562c28e39ed8a10ec82fdb08,ba65ce567b5daf3e97ad59dc6c7fd5ca13aa72ba797130a514e718b1555e10ad
test,12,d6900edd619d3fd5f8d9e93cd8743c6b,CVE-2021-40568,CWE-120,C,cvefixes,False,CVE-2021-40568,derivation,7e91a422104758c1f89be9ba701d1b709007d6faea798fb564c059dea702d084,7e91a422104758c1f89be9ba701d1b709007d6faea798fb564c059dea702d084,c71bb66b296451d2d929f0703edf9bcd969bfd45472a1cc0e09692fe0d4f600a
test,13,5d7a3993aa9f80edf57d6b35b5dc1de8,CVE-2021-32439,CWE-120,C,cvefixes,False,CVE-2021-32439,derivation,69e23da044365dd60aeed3c128f0cceeba143d721163edefca5d106e00ab5b8e,69e23da044365dd60aeed3c128f0cceeba143d721163edefca5d106e00ab5b8e,e0690793746c7bee7944c7db78599517d9073a5bd5cf83e64b1a1dd157894361
test,14,15ab8d20e6f6bf04a413680b4bcf3817,CVE-2018-25020,CWE-120,C,cvefixes,False,CVE-2018-25020,derivation,531c62e4f1bee37bd72893518422aa4e96f35043d9fb937d72e2ac031d3954c1,531c62e4f1bee37bd72893518422aa4e96f35043d9fb937d72e2ac031d3954c1,dca50a3fdac3fc33d7a538789608b6b0393f220f630a97c1a201800a302a6433
test,15,7c74b0bd6c8b37648c94d5ab1ef94a1f,CVE-2020-22873,CWE-120,C++,cvefixes,False,CVE-2020-22873,derivation,a56c6f5d9c4b409b9e4098c849adab8de134b37fff7516a91a152a51ab10d551,a56c6f5d9c4b409b9e4098c849adab8de134b37fff7516a91a152a51ab10d551,3fec9ebdd3d5f55e155fc75083ee2183e2edf004852a5125983895208a35134c
test,16,f2a654828d9ae8a3169ec3cdf9aaa954,CVE-2020-9760,CWE-120,C,cvefixes,False,CVE-2020-9760,derivation,700d54351f313652001da49087630c06afc6b8cdd536e72d197f53dc247f44db,700d54351f313652001da49087630c06afc6b8cdd536e72d197f53dc247f44db,467777b4e26a5754afd3dbd8a92bac78eac670d56f7aad9a9e357822a6e84030
test,17,c1ca09c3a473ffe40d40be5a23ce5d11,CVE-2020-22873,CWE-120,C++,cvefixes,False,CVE-2020-22873,derivation,bafd45bd44bbea3be19848177179f84db044b572cd49bfdc0388458d062aef3c,bafd45bd44bbea3be19848177179f84db044b572cd49bfdc0388458d062aef3c,48574f3c155e41044ddf7c9b8b2ff12c451b05f8be091970648bbc6d729ef4e2
test,18,964982279e9a963732e8157c4fc7a7e6,CVE-2020-26759,CWE-120,Python,cvefixes,False,CVE-2020-26759,derivation,9d261191ffafa2aac5548bf7baab6a9d982ebbaf87a6364638bbd67e6e65f972,619110e42efed48c34cabe0a4698e7d7208ca5d48776ad80a7906b912fc1e056,8bd0f445b5cb25d434058b159ef509515cd93b7438e17b70fc8d9077aac0de38
test,19,ab1eb2149c29682f6edb4ae1ec9139b0,CVE-2020-12465,CWE-120,C,cvefixes,False,CVE-2020-12465,derivation,df14a59d075a136c248ea38a4780717491d9db78f8c651d1e416a6bf5a466ef6,df14a59d075a136c248ea38a4780717491d9db78f8c651d1e416a6bf5a466ef6,57a9611731c8eb3f539c17513054d301c01505dacdad31cf2c8f9a630dda1e6a
test,20,9e0c93ce9623279cac53ef23478e96da,CVE-2019-11935,CWE-120,C++,cvefixes,False,CVE-2019-11935,derivation,58c5240f51f884443198ba2826f0f13e79a9d4f1e51966232bdf8f72b3e7a0de,58c5240f51f884443198ba2826f0f13e79a9d4f1e51966232bdf8f72b3e7a0de,72b279f7db9620a20ceb90394dd7b0bbef1a78106a3d718ac2ccf0a573531cdc
test,21,156d14096a25214b53a6f1d80c4404a1,CVE-2020-22873,CWE-120,C,cvefixes,False,CVE-2020-22873,derivation,40daa59f692db06960e353344041b592916e4fc3943bc2a367fc595f58a50fd1,40daa59f692db06960e353344041b592916e4fc3943bc2a367fc595f58a50fd1,158b72c867d33d95ca00d7d30ec6d4517f4c1edda09b9a40039c5cf2d5ce0673
test,22,c46814821251038d211599f1b1057044,CVE-2020-22873,CWE-120,C++,cvefixes,False,CVE-2020-22873,derivation,e23bd9c0cb9608133272aaeb1a92ce5871ed0db91e5a21071a24a2c7d512b8c3,e23bd9c0cb9608133272aaeb1a92ce5871ed0db91e5a21071a24a2c7d512b8c3,7f6a18932070d8bc307654a9340358cf8de4ad85919f48ed262aeca3ae9dbff6
test,23,b9ecc08f8bcc358cc86b612b6d4574ee,CVE-2018-25020,CWE-120,C,cvefixes,False,CVE-2018-25020,derivation,2115ed1664b2edb31fef5655abfd170ba76eb25359f1b061bd288cd5b9700478,2115ed1664b2edb31fef5655abfd170ba76eb25359f1b061bd288cd5b9700478,905a7c31c9b3650dc2be3f25419f28b907b5b20cc7c24efe26bcf6f454160816
test,24,6e1fe8a03e33fb82186bed876dcdf5f3,CVE-2020-21572,CWE-120,C,cvefixes,False,CVE-2020-21572,derivation,4e4bbdaced69aaf2adeac6f7e7381658b6c59dcea5ae608c6d43d1d0c56ff9b3,4e4bbdaced69aaf2adeac6f7e7381658b6c59dcea5ae608c6d43d1d0c56ff9b3,46f324e3858467886679ba8c72440bb7addd93422738fc0c2040c216624b275c
test,25,04bff561b6f4acc3eb07b0a8161b9584,CVE-2020-22873,CWE-120,C++,cvefixes,False,CVE-2020-22873,derivation,51ea0ec3c08223fafc65411fe4b1992157d2f0026c1f07daad9e55be3e1cf5b8,51ea0ec3c08223fafc65411fe4b1992157d2f0026c1f07daad9e55be3e1cf5b8,24493f54c22a42e8c73c39616d3498177c7a056735f51f909847462ff1b49b17
test,26,1706282aaf395827f233951ea7381771,CVE-2020-22873,CWE-120,C,cvefixes,False,CVE-2020-22873,derivation,bec41318433c22f815eebecb0f2704d1b28aad98f6cd6867af297baded6e4d17,bec41318433c22f815eebecb0f2704d1b28aad98f6cd6867af297baded6e4d17,a92c55f164e3a5ba7abd3d89c660dd48c3f13d23655434ce180fd23b73b3bc2a
test,27,d4cd6042bd07a71792cb705c85a8e794,CVE-2020-22873,CWE-120,C++,cvefixes,False,CVE-2020-22873,derivation,0d80d74f2f6839c3dd3edaefc0c30aa5c3b485ac9c63edcb0cfe37b94bde913d,0d80d74f2f6839c3dd3edaefc0c30aa5c3b485ac9c63edcb0cfe37b94bde913d,06227036290811a0d6095e7574d692c34d6b8fbbe8997b0ab31ed4ed6839b9c8
test,28,998e8ec67dff89faa1f2fb7be7abb31d,CVE-2020-22873,CWE-120,C,cvefixes,False,CVE-2020-22873,derivation,c53790b90938b9a13ed7b381ea2092c0dbdbe9da5ccc7c560d52390e8a308e9b,c53790b90938b9a13ed7b381ea2092c0dbdbe9da5ccc7c560d52390e8a308e9b,d7d206c9eb749a20c1d8f9d77b8f2b54e3abe52c086d1778f03dcb3ab12f1ecc
test,29,d4d3a76375cd1b1d5c176de121bcd4b2,CVE-2020-22873,CWE-120,C,cvefixes,False,CVE-2020-22873,derivation,cdfac9e7afa404750821d97927752655e8392f2a31c0bed0d4bcd9801e903d10,cdfac9e7afa404750821d97927752655e8392f2a31c0bed0d4bcd9801e903d10,1c52026f8c23624f10ef2e2edb170d92a6145ce0a9d6ef2c22102e3660a2d2f1
test,30,3043dae0f48913c1f077beb56fc04d19,CVE-2020-22873,CWE-120,C,cvefixes,False,CVE-2020-22873,derivation,a03a99a2ffc06db0454227b3aed4bd391d021d70af3fc08b6fc35bb8f6be1720,a03a99a2ffc06db0454227b3aed4bd391d021d70af3fc08b6fc35bb8f6be1720,6bd8dc6cc80b72b2566b455ead2416b8a81befcec55c719a90e25c3ff0b49a8f
test,31,b818aae741461bb5d32ff7a0f79237ca,CVE-2020-18750,CWE-120,C++,cvefixes,False,CVE-2020-18750,derivation,96ec6bf99ca5a4a79d9ba8941211e72c32066e3a066a4e43cac7cccd90fce02c,96ec6bf99ca5a4a79d9ba8941211e72c32066e3a066a4e43cac7cccd90fce02c,ea96ec0801be1cf50b35ae64477e3f6f3005ff12d6dc381e7622e731eb192937
test,32,ed859d29c1ac49b669af04fb33ad2acb,CVE-2019-17113,CWE-120,C,cvefixes,False,CVE-2019-17113,derivation,daef67883b5def5d9733e39eaaabdf84c2de85313e529de57a0d3d9a59b0104e,daef67883b5def5d9733e39eaaabdf84c2de85313e529de57a0d3d9a59b0104e,9dad62c2d0713ed3e196d765967decbabd15d7d4c6328e97aa790fdb86fd7ddc
test,33,e63d2ad7ff124ab0a3bc6fc791c08251,CVE-2020-1918,CWE-125,C++,cvefixes,False,CVE-2020-1918,derivation,7249c5920dc81d2b2daf1319d3385a926c91fb01e8545cdcae85e5e5ed5d4ca7,7249c5920dc81d2b2daf1319d3385a926c91fb01e8545cdcae85e5e5ed5d4ca7,108c72be63561828faf5131d9dcb3d745f449cf8fa459b54caa4e78f6286e9f6
test,34,9a3f855e87ac8522bc7b3ae24997aafe,CVE-2020-11097,CWE-125,C++,cvefixes,False,CVE-2020-11097,derivation,41ac096289670b8c419359a25dd11fc6498107045e551bdfd0ffe02da30d9cd1,41ac096289670b8c419359a25dd11fc6498107045e551bdfd0ffe02da30d9cd1,2ea2dcca55632a22c7ebe2569644a9c5dee5e6d297be73dd99456aeed80ef967
test,35,2469bf105d1a647bfe0c2c6647355aca,CVE-2020-11095,CWE-125,C,cvefixes,False,CVE-2020-11095,derivation,a30a163ee7f2064525f12af3802bfea30b293e82d096ddc499d93eb73f066b6c,a30a163ee7f2064525f12af3802bfea30b293e82d096ddc499d93eb73f066b6c,8b814586eec517cc056e3f76f8dad5f5bfa8262cff1cabe146dbd3706cfefb7d
test,36,5f703249025df494a92152e3fd0f9599,CVE-2017-13038,CWE-125,C,cvefixes,False,CVE-2017-13038,derivation,a00fa9c2db9574c8d971372ddd6039579b774c5483eafcc317c7cd57627183b2,a00fa9c2db9574c8d971372ddd6039579b774c5483eafcc317c7cd57627183b2,b9241f35097a8c75221ccf9f18243d86eac0cadfcb649bb41463fd757f325d74
test,37,7f4dbf83ea4387d31fe5bb50bd79acc4,CVE-2019-15146,CWE-125,C,cvefixes,False,CVE-2019-15146,derivation,a88bfb8d330a97d712b62603e232c17d88f41bcad1855324c5a698c243ea9644,1e88f76ef347ceb888392141f43cba75ba97a3da3d4c1210fef352c62ab1a310,5599237c8751e55d06f07549b387dbb4223a9fc31ff4568b575176bac4d34402
test,38,5c4fbece85cd117122131df4ff548562,CVE-2020-11095,CWE-125,C,cvefixes,False,CVE-2020-11095,derivation,be3196ec94f97b6a81a312bbbf58e9d917d561f6af078735a06fefd42104b75d,be3196ec94f97b6a81a312bbbf58e9d917d561f6af078735a06fefd42104b75d,bc38abd342390e0cf301f62cf9dd4d4d9df04014a150136013b54a565211f7ba
test,39,d3d5bea01f96fe83ed7f607bae99b5e9,CVE-2020-1918,CWE-125,C++,cvefixes,False,CVE-2020-1918,derivation,a54646876fc0eb537225c8c6ea3597770c0385c3e8c05b44239626c7d569a723,a54646876fc0eb537225c8c6ea3597770c0385c3e8c05b44239626c7d569a723,2fddeecd6dd89735452dfaf561c29eedbd3ed3c266e3908d648efede389b1288
test,40,292d7a2744afb3cc2473401b19cc2422,CVE-2020-25022,CWE-125,Java,cvefixes,False,CVE-2020-25022,derivation,e04a4d8b747924b65c8bfc7f337b2532872ecc6c3e5de4a2fefff058f55f6fcd,e04a4d8b747924b65c8bfc7f337b2532872ecc6c3e5de4a2fefff058f55f6fcd,22cba3f38be52bf624a33ad97f8fb4983808c897d83bff5ec08fc5b43b2480f4
test,41,0aa9543a739fc802f1313fc0a55ad8d4,CVE-2017-14646,CWE-125,C++,cvefixes,False,CVE-2017-14646,derivation,2283167662f388aabefe162b3adfd41d636a42e460f6eb2cae31f8fbf8ac01d4,2283167662f388aabefe162b3adfd41d636a42e460f6eb2cae31f8fbf8ac01d4,ba1adf38d6170170a9a2295b51d5f784a53ed9a33cffa25b44bc78650081f584
test,42,785cf94043d9aae2e33e227e23303337,CVE-2022-0623,CWE-125,C,cvefixes,False,CVE-2022-0623,derivation,e4d3d6d433cae62bc064ae71fb1164db83b4a619ce076f24c8b9fec38ce8bf4d,e4d3d6d433cae62bc064ae71fb1164db83b4a619ce076f24c8b9fec38ce8bf4d,b1bf1e39de11bc42551e3d33a80f7291aaddce24b3a2cd3ca30a6cf4c1a52668
test,43,168595ac3f808e0eba6a5b8c93b15588,CVE-2019-19246,CWE-125,C,cvefixes,False,CVE-2019-19246,derivation,beb58955f7cac9807dd6b78e1a2816049c8a649bcb35eb5ac38b1c18a7c51dc0,beb58955f7cac9807dd6b78e1a2816049c8a649bcb35eb5ac38b1c18a7c51dc0,5bbcdd9afbad8e5c13499e197f0f41e1cd42da90a2aabed60e9920732417f6c2
test,44,a91b1f043b71263241a6cbb813caf415,CVE-2017-13001,CWE-125,C,cvefixes,False,CVE-2017-13001,derivation,0003e9925788a7d6df9f1d9d01b7ec3c83f81fabf23a5e24283daa4b4a83f748,0003e9925788a7d6df9f1d9d01b7ec3c83f81fabf23a5e24283daa4b4a83f748,3e345be48a5a7d1a96044edda74bcb7b7900cde4d951b7335d9bce07744f1a22
test,45,89e85534ca75436cfbce3eda3ad6a7e0,CVE-2018-11381,CWE-125,C,cvefixes,False,CVE-2018-11381,derivation,6121cfd81945b6237807f0096f4fcd465f4c54631349dbdd15ae1f79e7ecc286,6121cfd81945b6237807f0096f4fcd465f4c54631349dbdd15ae1f79e7ecc286,1585b60e4cefa80aa6a75fddedf8fdccb77a6a19dc94869364195a47f5f39bf6
test,46,614ca290c98841e89abca53f2b6b9e85,CVE-2018-20456,CWE-125,C++,cvefixes,False,CVE-2018-20456,derivation,60cacba0fd0fe44729e6f21e3bbfd0f2067e16afb1e48c8a4a711ba56d388afc,60cacba0fd0fe44729e6f21e3bbfd0f2067e16afb1e48c8a4a711ba56d388afc,e76e6da7b4ef963bc23a1873d2205b210700563046ea7b2b500944c10ba011ee
test,47,6456e991ebcb61d9ff876139d072a912,CVE-2017-13041,CWE-125,C,cvefixes,False,CVE-2017-13041,derivation,70835a87f9cae4a14b574c690dd3e010864fcc5f2f5855003117bd50f81588db,70835a87f9cae4a14b574c690dd3e010864fcc5f2f5855003117bd50f81588db,b743a5f07e90f079d4a2b830d52817f58e60d3a0e15acb1172766d20a56fc7f0
test,48,8c0093b331834dcb4c734f948ef33506,CVE-2020-11095,CWE-125,C,cvefixes,False,CVE-2020-11095,derivation,c0e6b73ff197dc74ee20ec7f235144989f258cccc378afd5e12a5c8bb04131db,c0e6b73ff197dc74ee20ec7f235144989f258cccc378afd5e12a5c8bb04131db,9c4cf407a4ed4e7a9a5149333f530e8537909fc7ce64f540902816f7f6f6b8e6
test,49,1a09801b3084b63664fdf05596268ada,CVE-2022-1587,CWE-125,C,cvefixes,False,CVE-2022-1587,derivation,23161861565b8e6a0287ca4637ed48f3b8f1f2edabaaa4110a516b54fb08012c,23161861565b8e6a0287ca4637ed48f3b8f1f2edabaaa4110a516b54fb08012c,3bd8cecb3d04a7be0413acdd8a0a02ec0dd82d186b3574d370be49dfa13ed7df
test,50,5817ef861e9bd35082e2a361a3c9b0aa,CVE-2018-8794,CWE-190,C,cvefixes,False,CVE-2018-8794,derivation,a0a6158f574178f330d8952d55731489edd4c93990fe0298fb598b6c4fd337c4,d51559ed3d8026242e13837cb0324522074eddc47ca2dddc95f41e4a11399aa5,0c14f4526558da14c43e98a4010dfb75c8022f6d2a31527a0a09ecd2a232e0d9
test,51,f00b99f98251414ebb21be45d2d93777,CVE-2021-29605,CWE-190,C++,cvefixes,False,CVE-2021-29605,derivation,61aee8f66f8931d9be59d89170e5be4a467d984d56b7709b84d2b95808224864,61aee8f66f8931d9be59d89170e5be4a467d984d56b7709b84d2b95808224864,a32edcde22451eef1a88d7bf7a78160266bf54d6310094468313fb733eb1eae2
test,52,5ed6084031ac4c97b7cee94b200acdc3,CVE-2017-20005,CWE-190,C,cvefixes,False,CVE-2017-20005,derivation,622f4c2f0faa09353427f314cbdeacff6b506709301e9d9f9006316744390a06,622f4c2f0faa09353427f314cbdeacff6b506709301e9d9f9006316744390a06,e57b9ef073ebed543838c95d73d7525534cc6fdac0e008d4272b6be55adbab62
test,53,58fcd7f26a024d43997e1d0b84cfc3d8,CVE-2021-40346,CWE-190,C,cvefixes,False,CVE-2021-40346,derivation,f0d8b407d45388e47a513ae23839d83cf289a234f13e999637c70929a4b330f6,f0d8b407d45388e47a513ae23839d83cf289a234f13e999637c70929a4b330f6,8b87dd0fb2b41d65b86bc0dd2db4d37b163beff6217e31e513d1081c4180476c
test,54,6a77e2701e4d4400fe5b110b9848f852,CVE-2018-8794,CWE-190,C++,cvefixes,False,CVE-2018-8794,derivation,82c44a63ac091504e512fdf886182639d500d6526313cab8d74ed7a9acd220ca,82c44a63ac091504e512fdf886182639d500d6526313cab8d74ed7a9acd220ca,c7f389cfc9d6abb8b75baecc810cec95f8a4d3ac5647b445ba83da636d3a164f
test,55,c7cc61751d6e475617076544c77c708b,CVE-2018-8794,CWE-190,C,cvefixes,False,CVE-2018-8794,derivation,9d6a922b6a92c2c578e23bc40a3d8a5e739d51ef4b320a73c222af0d5546dbd9,9d6a922b6a92c2c578e23bc40a3d8a5e739d51ef4b320a73c222af0d5546dbd9,7ed0585dcfdf50fca32821602bf3fb646db989cf1929dfd106c77663b7e1ba25
test,56,9eabd42d934a4bd5b100a804ac80697a,CVE-2016-5096,CWE-190,C,cvefixes,False,CVE-2016-5096,derivation,845e291a30b720f23103e9faf81c3bb8843c19e2174357cc371512fde1d3a9ae,845e291a30b720f23103e9faf81c3bb8843c19e2174357cc371512fde1d3a9ae,4f349d5cc045260f57727a3106947f5f125442405f52380c2515c4fb6c4bb22c
test,57,d7b25724f52fa63741ad7b0619dec05a,CVE-2016-5735,CWE-190,C,cvefixes,False,CVE-2016-5735,derivation,89c7a99eac47eb487327efcb9217125daf41871b1bed10e5bb5145172bf12dea,89c7a99eac47eb487327efcb9217125daf41871b1bed10e5bb5145172bf12dea,0bdeab69e98b9a76d0b45637923339a4557ed00145362b5fea8f3e2cc27961d9
test,58,7285e111aab2855cf16f29adf219866c,CVE-2022-29161,CWE-327,Java,cvefixes,False,CVE-2022-29161,derivation,2e11fc65ee151da34d1aeaca3221867f651a3af9f9202dea0a8e34437b61aa5a,2e11fc65ee151da34d1aeaca3221867f651a3af9f9202dea0a8e34437b61aa5a,2e90ad7c6e6aadc8e8b07435d470a3dd474305338cecba7e5f587c4126337894
test,59,b33ae886584d7f99a6f96ea5f562700b,CVE-2019-12108,CWE-476,C,cvefixes,False,CVE-2019-12108,derivation,1fbbccc6bccf0ca5c77a39647f069cc6e65afcf6b6ffcc8407ea7fd10b4f50b9,1fbbccc6bccf0ca5c77a39647f069cc6e65afcf6b6ffcc8407ea7fd10b4f50b9,9c05278d6be178c897ac04b749230e562eb2f574b59c77ee36371e7a59750932
test,60,1aeda5b544876c4831ff16d82bacd495,CVE-2021-37681,CWE-476,C++,cvefixes,False,CVE-2021-37681,derivation,ca732849cccf935b3a0a59a764e1cd97bd4d791c934dd779888d1ee7d945ea04,ca732849cccf935b3a0a59a764e1cd97bd4d791c934dd779888d1ee7d945ea04,410b6f894c0d8922dfca168d42477fce394af822a2a0a29ab7bcd3a9dbdeece6
test,61,6979d2394d0038f4d1f6fa918f14cc56,CVE-2021-37750,CWE-476,C,cvefixes,False,CVE-2021-37750,derivation,960cab4832737dad8ec795927657073199fbadcfc33eedb01a1972ba380db7f3,960cab4832737dad8ec795927657073199fbadcfc33eedb01a1972ba380db7f3,293d0d112b78512259229054d94501b99f2305219f0d091675b9856dbd9c3d53
test,62,c63b5d21933ac51f44b6e5d819807020,CVE-2014-0101,CWE-476,C,cvefixes,False,CVE-2014-0101,derivation,545b33542160895746060acdea995223d205bbe5b0aad98d1f3521d6e84e51c3,545b33542160895746060acdea995223d205bbe5b0aad98d1f3521d6e84e51c3,3f0a5de6e640e8ef09860f1f2fc0b41bf1c97155a3d4696d0863a8a628af00eb
test,63,30a8e5f7c6062806095a96a6530d64ae,CVE-2016-9888,CWE-476,C,cvefixes,False,CVE-2016-9888,derivation,0462bda4658d1fc864bfebb5bc4d3c67fcf1aeb15fdc15864034943162a08abc,0462bda4658d1fc864bfebb5bc4d3c67fcf1aeb15fdc15864034943162a08abc,c483597c50c5d2b8460666fee2625e88ba8d42135375391d10d2def2c8729866
test,64,2c14b4fb6c0d32187a124af5cc5e2ca1,CVE-2022-29340,CWE-476,C,cvefixes,False,CVE-2022-29340,derivation,844cb9797b09b808cffcac743a19738a14428b92d4c43b8cf05b82d4f44dc998,844cb9797b09b808cffcac743a19738a14428b92d4c43b8cf05b82d4f44dc998,d0356d602ef8598fa7f2a3eaa56ba5c24170e5d0bd05af994e18916b4a1968d5
test,65,2be7e93884cb2891589d9cd16dcc1a26,CVE-2016-7131,CWE-476,C,cvefixes,False,CVE-2016-7131,derivation,cb1a4f5a8411f8ee54d49c0fb52951fa63e1b2717d55489922f83f41cb879298,cb1a4f5a8411f8ee54d49c0fb52951fa63e1b2717d55489922f83f41cb879298,aadd901590e2759838033622f4c2578f8627216c7b53c014121e43b05e863d6d
test,66,f5bc356b59f42d77e825b844c58da52a,CVE-2014-7826,CWE-476,C,cvefixes,False,CVE-2014-7826,derivation,e7a9130e3dd02ed145e84b9a94ef31ce97a6f13e815f3bf584090afcbb6fac44,e7a9130e3dd02ed145e84b9a94ef31ce97a6f13e815f3bf584090afcbb6fac44,a3988729babd182af8607cf3e5cc9ee5bb4485fc0fe40d595c7014334ccdfd29
test,67,500cf3aae6c195c34febf0b9ca985a4a,CVE-2016-3120,CWE-476,Python,cvefixes,False,CVE-2016-3120,derivation,59b94b9d225a5501653645da9d93877875ae9bd8099fceec5a0684808f66f37a,59b94b9d225a5501653645da9d93877875ae9bd8099fceec5a0684808f66f37a,bf94070f459dfb219daacd5689b2e6a9280d45c783887d290a21f0e7e8f47d60
test,68,533ff6a972696548d9cce804133242d4,CVE-2021-38206,CWE-476,C,cvefixes,False,CVE-2021-38206,derivation,4e574d503d182258227d092c3f8309df604f04ee7e593576cd0608bf6f6b1099,4e574d503d182258227d092c3f8309df604f04ee7e593576cd0608bf6f6b1099,0add83cbb763ea392162c88adb0e17386efb375258115ad9e3717a236f770043
test,69,3442954e6f13677af54b323193a8f94e,CVE-2021-29516,CWE-476,C++,cvefixes,False,CVE-2021-29516,derivation,3cf0b58334c196030a5bb7878a6baf04c298cda8ff5638f306de3f8a6056e50e,3cf0b58334c196030a5bb7878a6baf04c298cda8ff5638f306de3f8a6056e50e,264f96743f27627729ffea2aef9a096751d8767a51a7ac3fa7d66d0bd3877dee
test,70,c35b5b8a6867a7a2402f5f5f5cff0c19,CVE-2021-44108,CWE-476,C,cvefixes,False,CVE-2021-44108,derivation,4c6e3f07b7ac89561d0f414d3103b8151151f312569d2615f2939bffbca24f72,4c6e3f07b7ac89561d0f414d3103b8151151f312569d2615f2939bffbca24f72,0e10ee55e8ff50586f35dd4ed42529b9a53bdfaedab7e2be883ec26f5a9e92c5
test,71,b8eab4260fd91e311bdd9faac8a590de,CVE-2021-29518,CWE-476,C++,cvefixes,False,CVE-2021-29518,derivation,f9f27476e4229983e4ff4b21ead169a1916d9ec349372fea6b6ed417d8b4bb55,4b313ac49551df5af399107b15082930057a8dd02fce124b6bc801dbe48ff517,ef831f403af4ca75b654f18056a8ce3e056e1ad59a2699c5e39ee7c2e1df2ebb
test,72,efad78f112e0b8549871516c3652e4da,CVE-2017-5668,CWE-476,C,cvefixes,False,CVE-2017-5668,derivation,3ec750f20b2c2cc371614eaaad740b13f4228fb488632b2b61c0b456137344a8,3ec750f20b2c2cc371614eaaad740b13f4228fb488632b2b61c0b456137344a8,4dee5cd79c2569b6748a2252c173ad08de6f0ec526b1b558f4b839f58f99848f
test,73,db670dc27cdd7a51e89e52a6f4452d66,CVE-2015-7515,CWE-476,C,cvefixes,False,CVE-2015-7515,derivation,c42c530b364dd773c70f76640a3c130df57c92d068ab79a25c4c537a1707b266,c42c530b364dd773c70f76640a3c130df57c92d068ab79a25c4c537a1707b266,8ca10f435c8109eaa08a2943293f75a485758475ab2ef87d37c7f57f2d05a12a
test,74,3a42ba0b51c39b443b18c7b19fd719f8,CVE-2017-5970,CWE-476,C,cvefixes,False,CVE-2017-5970,derivation,bfc791f8ab3a8c5c796596c1df3ec556f8111e9d264a539d64d387815ada48ed,bfc791f8ab3a8c5c796596c1df3ec556f8111e9d264a539d64d387815ada48ed,724db393449bbc8d6963a98612abdbb52af97aebcefaa6e17c978030e10973f1
test,75,05bf5ab4e53f0239f395c7f28c488e34,CVE-2021-3119,CWE-476,C,cvefixes,False,CVE-2021-3119,derivation,e41240218801f31a335d459cfbc4b60bfc96f2ade1f9fb440de314577dbb33c7,e41240218801f31a335d459cfbc4b60bfc96f2ade1f9fb440de314577dbb33c7,b475c0b43141f7aba02c9b3436dbae2e5e8abf6094be93a4f5e5c3ec3b53f5e9
test,76,56cd21917e11fe17d63aed48060f44be,CVE-2016-10250,CWE-476,C,cvefixes,False,CVE-2016-10250,derivation,520d16ef394e0b5f655ffcc2c613140553b01b503828cdaba5ba66b54cea17dc,520d16ef394e0b5f655ffcc2c613140553b01b503828cdaba5ba66b54cea17dc,e20fcbb4d1bfec6ed055deb2e87e36c9f50eb19ebe51f6543f41981ff87675b9
test,77,3406fba34954ad6baf5b6c788dbd31e0,CVE-2020-1917,CWE-787,C++,cvefixes,False,CVE-2020-1917,derivation,92d9f9050bcc1d46cc5bea870099d40644c5b6f0cebbbdd8fdf7753aec33e9aa,b644daf329c45702909fac87049d009282f274acc143903ec6ca521c15283f0f,522e51960426d84ffcde9461949b8d226682b3f88f6d23051cebab653c5dc09f
test,78,b9fb13cdfea8d4b52ece7c0f0018927d,CVE-2020-1917,CWE-787,C++,cvefixes,False,CVE-2020-1917,derivation,a54646876fc0eb537225c8c6ea3597770c0385c3e8c05b44239626c7d569a723,a54646876fc0eb537225c8c6ea3597770c0385c3e8c05b44239626c7d569a723,2fddeecd6dd89735452dfaf561c29eedbd3ed3c266e3908d648efede389b1288
test,79,107d6055edcbe24d19340e0ec553ce18,CVE-2020-15200,CWE-787,C++,cvefixes,False,CVE-2020-15200,derivation,eefd64f58db3f67ae4e3a624ebb4f602b66cb7d4224720f61ed4d50d3449de80,eefd64f58db3f67ae4e3a624ebb4f602b66cb7d4224720f61ed4d50d3449de80,26eb9edb03373a59051a4154f3e4b5a67dd150f8e509b63257cd5029ff775510
test,80,acfc9aeba1f6ea3293847d1c2c651f0a,CVE-2018-10677,CWE-787,C,cvefixes,False,CVE-2018-10677,derivation,2d33f0b97e6d46d3073f0c036497421f5c2368d8a93e59dcb9442af8ec9ae422,2d33f0b97e6d46d3073f0c036497421f5c2368d8a93e59dcb9442af8ec9ae422,b765d3ce59c4660825baea260530e8f3be5cf4eb55c8c1ea1241d3c3fa3d567e
test,81,f752f729a92ab50db0e765498c002593,CVE-2022-27666,CWE-787,C,cvefixes,False,CVE-2022-27666,derivation,74e10ee74e03e5e657f95594b49a5624e73fcad6d5cdf58aa2b465167e9e8df7,74e10ee74e03e5e657f95594b49a5624e73fcad6d5cdf58aa2b465167e9e8df7,e8e5ab1c56ce192dd820275e5b1877030307cbad05af1fea73fb8ca5d3e96b62
test,82,c13efc6854ee7cec5ea9e57b927dd159,CVE-2020-15201,CWE-787,C++,cvefixes,False,CVE-2020-15201,derivation,eefd64f58db3f67ae4e3a624ebb4f602b66cb7d4224720f61ed4d50d3449de80,eefd64f58db3f67ae4e3a624ebb4f602b66cb7d4224720f61ed4d50d3449de80,26eb9edb03373a59051a4154f3e4b5a67dd150f8e509b63257cd5029ff775510
test,83,94ac951748d186c2fda7c71efd4ebc46,CVE-2021-29579,CWE-787,C++,cvefixes,False,CVE-2021-29579,derivation,d3bb2cbe9e41915517318a558f0880aaa28b8770f9c5a4a9a7b9fb3e80b0c790,d3bb2cbe9e41915517318a558f0880aaa28b8770f9c5a4a9a7b9fb3e80b0c790,befd4a891b6e4a41f72f972f9641723dee68801b5eb1d206b85eed99bcc28bea
test,84,ad382217dd2f96d0a70e20ab02343345,CVE-2020-1917,CWE-787,C++,cvefixes,False,CVE-2020-1917,derivation,a20f4fac010492a486394a293f5bfc1dda0f3757165b09bf289015a82e7dc794,a20f4fac010492a486394a293f5bfc1dda0f3757165b09bf289015a82e7dc794,7392f606ca167bcac54086157835a42303f2d825fedd920d964ab22fae3d385f
test,85,81d4b707abd9b5efba4c83ec16ae6d09,CVE-2020-1917,CWE-787,C,cvefixes,False,CVE-2020-1917,derivation,0a54344ff34bb33afa00d22ec3136f8d93ffdad67bc376f56bbe2848f61307a4,0a54344ff34bb33afa00d22ec3136f8d93ffdad67bc376f56bbe2848f61307a4,b969b5097b1e7d7b6ccffb3eb9ba39eac285122f1e6c999f4368609cf3550eb4
test,86,a4c7a3db747b8874e737b798c73a96cf,CVE-2011-1180,CWE-787,C,cvefixes,False,CVE-2011-1180,derivation,9a1b4641b127ad0627dbb6946c76f68b35b29af35ad891b3689e7cc542db7f3c,9a1b4641b127ad0627dbb6946c76f68b35b29af35ad891b3689e7cc542db7f3c,b4761328991490e8480c273272d8155aef9cbf486da7fca20a2029e5164a1b65
test,87,dcc1bc3743ae08fee39120eec04da95d,CVE-2018-7186,CWE-787,C++,cvefixes,False,CVE-2018-7186,derivation,34a0be2dad015d991045e4de179fe1ea73280ba78010b91461b0706f5196a26a,34a0be2dad015d991045e4de179fe1ea73280ba78010b91461b0706f5196a26a,3ee620d96945da753bad77f07085e2ea00287aa826e75e8854e401f696437802
test,88,b43002189bf27eb23293d4458cacafb6,CVE-2020-1917,CWE-787,C++,cvefixes,False,CVE-2020-1917,derivation,dfee3486e35de7ed761895a39ddc000efb9edf98fc7ebf6549aad51aef609ba9,dfee3486e35de7ed761895a39ddc000efb9edf98fc7ebf6549aad51aef609ba9,becf7228740eda5faab39ebefd89f16d2823a80f573dda848e7a3b349038ca7f
test,89,7c479a171303e2c4a83d65776975c7a0,CVE-2019-15148,CWE-787,C,cvefixes,False,CVE-2019-15148,derivation,d0e7d6f41f47d8c1bf1416eb703eda3b7b10ab69f6a27ca03a573d8cba8b33ce,fffcbf091a2bdb891fca80f4ac19c853fb82ef0bf2bd5918363dad64e4d72f3c,ec1b99bf2e260ee0cf5053c061c483d9252e3fdba834e2cf8d4f800620450971
test,90,cc1231618b38c7ad3a59c40ed84bb194,CVE-2018-7186,CWE-787,C,cvefixes,False,CVE-2018-7186,derivation,fe4d819838a33bf48039a7e5da3242b6e06175b6e58e7e5f420ae3235db71107,fe4d819838a33bf48039a7e5da3242b6e06175b6e58e7e5f420ae3235db71107,ab6882ce1b72e930b47417e3ed21ba37578949975641a96c20ae34174c581f1f
test,91,888ed2610b2f356e0b30d1bfa8a5160e,CVE-2020-12659,CWE-787,C,cvefixes,False,CVE-2020-12659,derivation,27f76cd8c039d47463cfcd6c068ea94a188f067b20c907c4076f4a6e4b268783,27f76cd8c039d47463cfcd6c068ea94a188f067b20c907c4076f4a6e4b268783,e9b94c5f59c74b509359a4d02f5e83e508e872c0b640e6d154f3dd29ad7cb2d8
test,92,02ba57bed7f0bd39c15bae42e5ece8d2,CVE-2022-34033,CWE-787,C,cvefixes,False,CVE-2022-34033,derivation,f8eab8d171a37f345822d9a2412abbe537650a99939bb87e6e87e63e35350a32,38f7821f82272e079d6b0cdcfdbb92a64c000495c4c28198cce3b307698c115a,b166a921a997bac17dc0aff0f6a5f897cd185d4833ec0419a795720af0183f2d
test,93,90c7bffc729e245c6cca4a374f24650d,CVE-2020-1917,CWE-787,C++,cvefixes,False,CVE-2020-1917,derivation,0b9d17f71dfbba63d2557cc339a8a9778946916fbaabaf4520bdf031274e857c,88b2bff615fe657d4dba61da822b5b9473968d5ec8bdbc4b2bd3b41d835812c7,8588fe2dc54a504bf89b480e76c64c11030154db31431df4d8ed36d424e9ea1a
test,94,e9067590a09f49f942e7d56556032feb,CVE-2019-11222,CWE-787,C,cvefixes,False,CVE-2019-11222,derivation,c38f24f109e091b3a3628de4d9de61d1b8d1c24b4b8dfc2030c899ed27c7cf47,70b50a9a828aba77dbc8f06acb2579fd0ee793e3747ef1bf2b369ac70895bde4,364b0be840519087c047fd0837c2c6d2d3d54ef005cf8864b72679790fda533a
test,95,e799c088697a58b5fa32e89bd6f4f357,CVE-2020-1917,CWE-787,C++,cvefixes,False,CVE-2020-1917,derivation,dd78899b73f1d0d1b42814d07a1e94f86c5630056c8c10b8a00fe2b1efd65561,dd78899b73f1d0d1b42814d07a1e94f86c5630056c8c10b8a00fe2b1efd65561,f91e8f5cba2e0ddea65754e9a43e29664ac7be8141c58987f7c78299913ac5d3
test,96,76ad281d63fa3f3810a5699cd73ff678,CVE-2017-9225,CWE-787,C,cvefixes,False,CVE-2017-9225,derivation,4377d4f042da28a367b2ef2d994ec7f55c153297ff474b77768c4515b05b920e,fd46d5b4706aecb6e3ef603c3824c85d894170dd179836848c1951546827512b,af4318e28cf653038f39af13ba3c4a1186b5976e8b48c5d5177343e87465e41e
test,97,8b343c2da5e3f25b41176b7a81df8e51,CVE-2018-20460,CWE-787,C++,cvefixes,False,CVE-2018-20460,derivation,5ff172c976061193e57f650a002e5f979876dc0300987eb8c804c2e2ddec2d94,5ff172c976061193e57f650a002e5f979876dc0300987eb8c804c2e2ddec2d94,2261671c7f0213e672d46709611b54b406e9f1f6b24eed44b8470fc9d3dee2b9
test,98,9adab40800a98696633c60c431393e50,CVE-2016-5314,CWE-787,C,cvefixes,False,CVE-2016-5314,derivation,32228b5d0e36c4fde71c5446dde2f3176dd04872773395b8b504405f1f7d67b3,32228b5d0e36c4fde71c5446dde2f3176dd04872773395b8b504405f1f7d67b3,7d8486f75effb563b13e45b6d8e0cde7b921f8179f06872e369c1ae4c268a9e5
test,99,133a82084afa3ec8a80487782ed594bf,CVE-2020-1917,CWE-787,C++,cvefixes,False,CVE-2020-1917,derivation,5458b513f7fae51e92de1c7286f8dfb7199106afe8529f1f3ada0dea28cf428b,5458b513f7fae51e92de1c7286f8dfb7199106afe8529f1f3ada0dea28cf428b,be3add995181027e3a49a23bf38b2e36bbc33cc1cc7945f2d1a38387d9098270
test,100,02817290cf52bf18dbde9914dad44f55,CVE-2020-15474,CWE-787,C,cvefixes,False,CVE-2020-15474,derivation,c514af2be99969ea3230f1e7a1579ebd0257ac34fb22e7a06365429ac7a8e117,c514af2be99969ea3230f1e7a1579ebd0257ac34fb22e7a06365429ac7a8e117,93195417c718dcadd0e5a158f42664d57c8ce8f4af8eed63c99a9b6059361dc2
test,101,292152cd53e171a4c408b3cb636ea842,CVE-2022-34033,CWE-787,C,cvefixes,False,CVE-2022-34033,derivation,38f7821f82272e079d6b0cdcfdbb92a64c000495c4c28198cce3b307698c115a,38f7821f82272e079d6b0cdcfdbb92a64c000495c4c28198cce3b307698c115a,142f37fbc8b81faee26c05d70cceb67c64b7947f893cbf3fde89e330097e4b92
test,102,8f1f6120d2c1ea3eb4aa5126a84a6ee4,CVE-2021-32272,CWE-787,C++,cvefixes,False,CVE-2021-32272,derivation,47fcc37cf4aa68d6e3fcde32c1760d02338cd44762dc9169d800b808f267ab37,47fcc37cf4aa68d6e3fcde32c1760d02338cd44762dc9169d800b808f267ab37,72d28a5794a90db2178c68c5107a3adf334e42c2f8016cb7cde87727ff884ec1
test,103,58647d002cdc060e6727aebff9026c5a,CVE-2021-45938,CWE-787,C,cvefixes,False,CVE-2021-45938,derivation,27939d03579e35ffc3e77fda91fd1af6490f71075a07429ae64cc4f3f263821b,27939d03579e35ffc3e77fda91fd1af6490f71075a07429ae64cc4f3f263821b,c62f9bbe08b281cde41fa58ea386ef9c2d308f204abf05df89baabb319012b9b
test,104,1d30f97b91057cf3795010e38ad8a0ce,CVE-2021-37232,CWE-787,C++,cvefixes,False,CVE-2021-37232,derivation,9028868f3cd477444e55e4468ccf3a711d36cef1b0beca024135aaeb7ff27756,9028868f3cd477444e55e4468ccf3a711d36cef1b0beca024135aaeb7ff27756,90f7fcbb054eb6293a238ab741c2988b5a8062217e611aaeb6affdc1f33df1eb
test,105,45f95b1bc9c83978be85105a950d7235,CVE-2021-27340,CWE-79,JavaScript,cvefixes,False,CVE-2021-27340,derivation,d9f8bad8d72846a3b3d19a85779c290f3c08e2d12e0b9aa0f3932fe185377b77,d9f8bad8d72846a3b3d19a85779c290f3c08e2d12e0b9aa0f3932fe185377b77,57c96f39fc84db7f9f2f3d41064a52205e19627514d0311d30b0a41ae01eda5a
test,106,3e939df8c8212691ac86080adc9afab8,CVE-2019-17579,CWE-79,JavaScript,cvefixes,False,CVE-2019-17579,derivation,1d193594077c1657521cfdab6aac5227de14da467de8b597c838b6ec16f67cd0,5a0fc58fcd8919be546e2d4631e5554940345385b7027dbba8126fea87216e29,d175f45fffac317e5661619f43d9d3d205bfcc39c855f309c7da3539944e8844
test,107,ab51970961dd6ab2092f645fba2d269e,CVE-2022-2028,CWE-79,JavaScript,cvefixes,False,CVE-2022-2028,derivation,cc99024978dedb7191ea6fc709d04a35e1c148d408069ef44cadddcb102aab3d,cc99024978dedb7191ea6fc709d04a35e1c148d408069ef44cadddcb102aab3d,a9b9c8e4f2d0abdc21dbe7d2d37901e44945af20685f023da9cfbf41d1e29d82
test,108,0d02d7d1d95ed74cd24fd2a032c5a750,CVE-2022-2026,CWE-79,JavaScript,cvefixes,False,CVE-2022-2026,derivation,f9d53b67596c49935c32bb123d43d892c78589792d7d8e54798151074ff3f311,f9d53b67596c49935c32bb123d43d892c78589792d7d8e54798151074ff3f311,b36f0eefc49298f9e5f6534fe44c6a167020bf091d7eea501341f7fe423bafba
test,109,b75e268f1c847272ac9fc209018d81dc,CVE-2021-25935,CWE-79,JavaScript,cvefixes,False,CVE-2021-25935,derivation,60f4e6d073582f3e59fb3f3466675fd8cb31b37fbcaa956f2714552ccb538587,2a5f8141d4138ce96e44386bc4b71c8e3463328990123910b54ecee64581f85d,669415bac9906ef9f56a1595bc047f0b41b5cb596621d731bd37d1f522c55e1b
test,110,0d2a6e1b27b0db3027bf84e8e16e9450,CVE-2014-5274,CWE-79,JavaScript,cvefixes,False,CVE-2014-5274,derivation,3d0374821390b29dad2fac2e8cdd1c98b548747ddcff6716c1f78bc4b5ede773,3d0374821390b29dad2fac2e8cdd1c98b548747ddcff6716c1f78bc4b5ede773,414cb5581f6136d30fae94478db5fe1a5f3cf3000d23219afd33cca98c814515
test,111,7207d16bd937c8e10e6b83d58e74b42f,CVE-2019-12741,CWE-79,Java,cvefixes,False,CVE-2019-12741,derivation,7c46359e896d7fb6c72134cd77dfd950e2c59984a4600b0149e640bf5089d109,503456fe681cbc721a5423ff45de8be2bb8e239e31f2ceeaaf7f2529426436fe,e1527c57258bb5aeea1f48824b079004c371606f459371de5b5d1c4fc81c6f28
test,112,f087b4a26ccd8d2d73e9a8c305146ef9,CVE-2022-2026,CWE-79,JavaScript,cvefixes,False,CVE-2022-2026,derivation,a4ea4a12faf5799727238ebddba0acdb46881528ac4ca707f4508d1ece5a9a32,a7a35e19e073b4e0574ab11f7212256d6f911bcbf7db50f1872baf11b785cd06,5aae71bcd528732af9f52659510325cf2f90ba382fc80a1efc0737dfa0516205
test,113,ecf9db15f5147a0e75980cee8827e9ad,CVE-2021-25935,CWE-79,JavaScript,cvefixes,False,CVE-2021-25935,derivation,029a0c6635d5b1d608e4e19132162cf515a7f88a3d22c152bb85dbe3899b0a71,029a0c6635d5b1d608e4e19132162cf515a7f88a3d22c152bb85dbe3899b0a71,600f5325d3a79d5822e254b9b0b7377dd6f69dc6522d8a0b90602c01990f6dc8
test,114,ee6e227b7cfdca1b336629c15a4cbd7a,CVE-2019-14547,CWE-79,JavaScript,cvefixes,False,CVE-2019-14547,derivation,e6323a40f47041e9d1d9f305f6f153c00bedb014d484244cc83ab684f1dca408,7f01a2943f175b468da6b7b2caca0e5b1e4e20785dd9d19e97a0f4e5475b0f61,6cc90cb6d8eeffec2797efd6837a1dc01c7bd07fbac4c1383196b58869e55c53
test,115,8e01e485c6baf768fb4c5a479aea0f00,CVE-2018-18673,CWE-79,Python,cvefixes,False,CVE-2018-18673,derivation,91359dbecb20ed3fcd1fc403873c7f45cd220f6dbb8d04f9ece79c416838a56a,91359dbecb20ed3fcd1fc403873c7f45cd220f6dbb8d04f9ece79c416838a56a,a42f412952d2ba567ff35eb29fdde1e91b0ae3c032b8db54a4124b41bfe230da
test,116,f7b433266e9c2453f80695cec8aa71cf,CVE-2019-12313,CWE-79,JavaScript,cvefixes,False,CVE-2019-12313,derivation,9422092113fec9eba528c1a1e967929fb62e1dbf841443e127353216a4fe6f06,38d06041b0e30dbd6e1f64a2a96ff891edc444e8903973e6ea6cd0564dad4ae5,5cbacbd1e067bd4783aaec2f67010bed05b1449dc79184452e73e3ad9cc30045
test,117,55d4467a7389f67eb6d4419e5423c3ae,CVE-2018-19048,CWE-79,JavaScript,cvefixes,False,CVE-2018-19048,derivation,4a49a6d5d4491e89a6291afa73cabc96b704d5b29de90983404ddfaa813c4a83,3d70eaa7cd5f0e8a423f27863324004249926ec0ec3e302f6e7f7b2b8f10d6d6,96291557da04c4a043bf155834659be09dda9418a09b7b0eaa6b80e0934b3053
test,118,b8de3ec09865ca75181b4ccbde6eeac4,CVE-2021-4170,CWE-79,JavaScript,cvefixes,False,CVE-2021-4170,derivation,b8f865c85d873ee89618ccfebc13e16af9228d462fbe1eb29a628a7602101961,a56654f2c96e33ab2183d4d041135766bd29efaa48aa7c465e7dce603298ea8b,96274f1e3c2bb9745f874261366f643c077ad896b8289bec4b9af41123b2f008
test,119,3e65686650ef190bdeaa10385ccc5dda,CVE-2021-23214,CWE-89,C,cvefixes,False,CVE-2021-23214,derivation,6a1a5b33ee4ffb66c729c9938c5b700a582eba489bb3ad2a24203098525695af,6a1a5b33ee4ffb66c729c9938c5b700a582eba489bb3ad2a24203098525695af,6dfe92c6724c73eaf55794c5366ca67e7b0423eb06115c8e9a87861aa9fb07b4
test,120,9f256c8816e2eeb8962b15b5c97575bf,CVE-2021-23214,CWE-89,C,cvefixes,False,CVE-2021-23214,derivation,31e0fa9e60647d7cc1f7d5b352cac959e1c38afe79e30b3ff010ee02f849db6e,31e0fa9e60647d7cc1f7d5b352cac959e1c38afe79e30b3ff010ee02f849db6e,029eb6b4ac623adfc1e6a6151f517b1fd4533e4950b816a921384aede92df3a9
test,121,34b9e7abfb5fb408a78dd0b9cab8c85f,CVE-2021-23214,CWE-89,C,cvefixes,False,CVE-2021-23214,derivation,249e28a44f0e45ae92dc0b7333304a51cc1f2db1242d37635af618102680e302,249e28a44f0e45ae92dc0b7333304a51cc1f2db1242d37635af618102680e302,b22b6045ffc29b6416f774d07e04beae8afc6d3268ace90c8453e3959b13f3ef
test,122,d06fa09eed3698889477c1ff9874a0a7,CVE-2017-5345,CWE-89,JavaScript,cvefixes,False,CVE-2017-5345,derivation,bf7744c365e6c95543611e8887067ed0be94e274c1cf7fa380a39842841f6821,bf7744c365e6c95543611e8887067ed0be94e274c1cf7fa380a39842841f6821,250328fd8c21b5b2b05f11281e0649a486a61de049cf89495af9ae08d6d753ae
test,123,f88583dbcee8591a41da8cd15d029771,CVE-2016-4040,CWE-89,Java,cvefixes,False,CVE-2016-4040,derivation,4649619f974a18897333d398dc1fef38840b30c409b881435a7738e94d21b5a8,4649619f974a18897333d398dc1fef38840b30c409b881435a7738e94d21b5a8,df4992bb7b2a6a51ee9490c82ab648cb3be9439442f87208214b477e941dc509
test,124,1cdc5dcbc46b2275220febb20f594594,CVE-2016-4040,CWE-89,Java,cvefixes,False,CVE-2016-4040,derivation,2091510bd16a71b1c3921489fb2c60325572e2a196c4edf3442cea2bee3e2085,2091510bd16a71b1c3921489fb2c60325572e2a196c4edf3442cea2bee3e2085,32aa941b6ccd1b789202c79a88ef8ade696c175f380d20cefe9f971a6f1d0472
test,125,c00e01f6ac4c23b1893d42a0823f935e,CVE-2016-4040,CWE-89,Java,cvefixes,False,CVE-2016-4040,derivation,fe0c597fa60dafac80ba60d9a4cf3830c6871f5f344c3308526ab88e2f4c8cbf,35678d7c43b4d4971a1f9abb63f602b99ebec858233f0fe50d051518d2a6d83d,aa9c4f324f43c6e80ba11244ab7e43c4d325e333b7019b99a5c9b1f8536306b6
test,126,de3aeb815c9baaa00ae4fa8056a34b10,CVE-2022-35942,CWE-89,JavaScript,cvefixes,False,CVE-2022-35942,derivation,719357aa516541407ddae6237c042c8806aa15ee58165677c3d3f08bf03afda6,719357aa516541407ddae6237c042c8806aa15ee58165677c3d3f08bf03afda6,c7eb2aa07d6d91212a8079186fc3be86d4bda6bdc9e2e98ed8deac97455e5c9c
test,127,38445e21f0d979c8c87515995afec86a,CVE-2020-28374,CWE-22,C,cvefixes,False,CVE-2020-28374,heldout,9ef0ab64b140423d2afe68cc0b4aa2f39144bd94054eb551add83ed6dc0a5f19,9ef0ab64b140423d2afe68cc0b4aa2f39144bd94054eb551add83ed6dc0a5f19,dd35a70fe95f32e5815198c540fcfabe237227a83a129876cc8c841c4ec3277b
test,128,0d6cdada38c319edefc16f21a6b3a006,CVE-2020-28374,CWE-22,C,cvefixes,False,CVE-2020-28374,heldout,8d819895cfd3ff7fa711d365ffccc643e349c94501375ce0c098b4fc9e843b8d,8d819895cfd3ff7fa711d365ffccc643e349c94501375ce0c098b4fc9e843b8d,ad4fcc432d5fd551a1ddd333db61b36ca3f45b9a93523dfd71df8b354594625f
test,129,d3f723cb23d4e9730f0e2a9b54b5f799,CVE-2021-32633,CWE-22,Python,cvefixes,False,CVE-2021-32633,heldout,09a6c92aa134d7cb71afd6d44c2b47dc302f1f02a856a75cf8b08d0ba4a2b0fd,c323137a95ca703f921d4df1e26da4c650892fca64f5732f5894d6f5dae2fc5d,abaf9e41106993fda010e1c2e0d85a3c57e8eb6c8a6fafb1c8f2412419532165
test,130,f64c38ce63e4338d48af5bca771a1fb1,CVE-2021-32633,CWE-22,Python,cvefixes,False,CVE-2021-32633,heldout,b1277e8235627c08da531a7af9b92e712bf5107e39be62ca9dc27a7ed2709344,7a7054a697e45c3b3c42583556898949f3b6ad071f88265ad943ec01c24cf8ab,4bdca73ab23e32f250084da2f00d3b875932ebbd6054e184d47990dfbd830a8a
test,131,c360b1db05ff913c57a8c810e08a294a,CVE-2021-32633,CWE-22,Python,cvefixes,False,CVE-2021-32633,heldout,0d07e60aca12153c8e776798a84c20149f8bc68c74aeb734ddb6fcee65f9a159,4328b5007ee14c1d91f9d117a895332dc08c0ae241c3802ce9422d0e8912579b,0a83c03e041b023022ae76b5eb526f06883417491a81e026ef4c3b6e4279cac5
test,132,e6c096f4303423065956b8f0a87ff2af,CVE-2021-32633,CWE-22,Python,cvefixes,False,CVE-2021-32633,heldout,edc651b622f5d7d45ff8311421434451a626e4520f4c4f64e96e03f93b1f7045,95386b3119de4f0d4c1f29c6a7dc4d56761e93ed41182ed2f648f2d0a678e68b,66ef5f9054f23307a79fbe5b84afd3c30654376d794587942dc2c952c7fdaf0d
test,133,6115c95a86e3efa761e6ee9476f0135b,CVE-2021-32633,CWE-22,Python,cvefixes,False,CVE-2021-32633,heldout,b306333294a711b2b71dd0ee10ed7eeab7989e1198c37d81d4eed060ea31cc83,d9b5ecab43c9a52b37a89c4ac8613d8eeb4552fb39471a6fc8ed0f9951ed3a3d,6b1c4f5991d4ab7b2bf676caff115868e8f6193dc33eda2d0c43131324b55e35
test,134,7b018c66ca1377f9d0b98143fe36e08b,CVE-2011-4596,CWE-22,Python,cvefixes,False,CVE-2011-4596,heldout,1cb033e62ed68d22e7045d238eef15530fde45a28520bb92c78b6a6c93b052f2,5e51b450df105cec56bcee8c200680b2f68357cf354f52a596090f35a1f9add2,44220b895cbcc5c0cce5a027fc68fa06909995f23e579154439aef9e51379020
test,135,aa44828518e5c7d2a79f6ea8a2be5f10,CVE-2011-4596,CWE-22,Python,cvefixes,False,CVE-2011-4596,heldout,695fdfe4da5f91f2fe9637cc5088b29c7b89a74e02c6addd5309db18dfde0acb,81547dc83ae2fba2aaa332a503895867898a3b7e27574549c50944b8222ab4fd,b2303b3ebb5b0eb4332d8169a5efbcd959a84e4f2c556849afddb86a598c4cdf
test,136,533f0f49607fd8754fecbaa804ac95d3,CVE-2012-3360,CWE-22,Python,cvefixes,False,CVE-2012-3360,heldout,7c2e95ce022bf3fb38c06c86dd6647090663fecd25b983764d68be6f4e1763af,4318a5aa8e9c4b783917f9fe9559c558527c521b4e3a5b1e9366a09296d92e80,61b19688be727a9323ce4efcb3e750592fca83becb0a854283727e25d5ef80af
test,137,e0df09e75658d3d4153d65563d6f8fa9,CVE-2012-3360,CWE-22,Python,cvefixes,False,CVE-2012-3360,heldout,48835867ffe9177cd1f3ed49c1fbf1e278c7b52e0ba80b3e37cf0f028073066b,48835867ffe9177cd1f3ed49c1fbf1e278c7b52e0ba80b3e37cf0f028073066b,555a61fc912392a4fb9785b3225da036e8ae286070a4f5fc9badc5dd0fbfc477
test,138,cc5c354b7bfd5affd5cb21f4fbbcbfd2,CVE-2014-2059,CWE-22,Java,cvefixes,False,CVE-2014-2059,heldout,e0e019eb911e1b6007bac057e774def3e2a084524d064d0e782b84f943f5cdc1,3d1974be33cd9b9442adbe3258b5dcdb9e7275ba8d9048c64248b1176f42940a,734162a8eccc00034bf640b9dd9abd46f7b4f7be1bedd5f26e2aabfe970a3842
test,139,41f8a7105918f32685596134cab99287,CVE-2015-2304,CWE-22,C,cvefixes,False,CVE-2015-2304,heldout,4a5d35a90186c5d0dc7804436b45c22977cb561a233abe2c0dfa1b6d43ce1551,4a5d35a90186c5d0dc7804436b45c22977cb561a233abe2c0dfa1b6d43ce1551,a2ab99f278bab991aa5c1ed32d37628f7e57cdd04995fef1b8eba549c2122b27
test,140,c7dc0d98255762d68955ab4ca9f50aa7,CVE-2015-2304,CWE-22,C,cvefixes,False,CVE-2015-2304,heldout,c6094a4142cc592eb44a766da6c1c3f66e16fd42433de345eb0992646679d9af,c6094a4142cc592eb44a766da6c1c3f66e16fd42433de345eb0992646679d9af,3deba9666da9a4fd292ec0f145c3232f7ae87c357b492509b61d5010928b04b1
test,141,b5bd77f8f97fb5e97e40ece996898006,CVE-2015-2304,CWE-22,C,cvefixes,False,CVE-2015-2304,heldout,ce818c60991c7407c580878f72be20343cc1e8d6ab3a327b2b580e5e54d780a5,ce818c60991c7407c580878f72be20343cc1e8d6ab3a327b2b580e5e54d780a5,04f3b6c18e5b45878414ef1c61f05884192c767022e9426617d724e16e22a779
test,142,d3f362b9ca11e53ff3337ed29cfed888,CVE-2015-2304,CWE-22,C,cvefixes,False,CVE-2015-2304,heldout,c3c21bb2a3a3c2b5ae41a56217372e893d9f1113939a6e52edc93a36ea77f9ae,c3c21bb2a3a3c2b5ae41a56217372e893d9f1113939a6e52edc93a36ea77f9ae,2a8b32331065705a6c41c50f269393b1e7dc4c02492f3b201b4026ea3e7da829
test,143,8163d5dda6f50bfe082625851ea1ed0b,CVE-2019-3556,CWE-22,C++,cvefixes,False,CVE-2019-3556,heldout,5564ed594bec07584a408db94e50456ad7e0094c7c36c0d985f9ee37195a0f0e,5564ed594bec07584a408db94e50456ad7e0094c7c36c0d985f9ee37195a0f0e,4ef084554b1524c606d95ae55d801a2f94b91d3e53e056953d9a55b6c2a1756c
test,144,455b6e4f0a79e2dd8904bffdae19661e,CVE-2019-3556,CWE-22,C++,cvefixes,False,CVE-2019-3556,heldout,379867fafb59f7c9c220e1302e614ccbe4918ecd5e712e185d4736453b069109,379867fafb59f7c9c220e1302e614ccbe4918ecd5e712e185d4736453b069109,ff0c0a38e1b839126805401ece6d901944ffb6ea10b7fc95d1e7589be933aa3b
test,145,6d439a14c28cf0455871dcca1714e064,CVE-2019-3556,CWE-22,C++,cvefixes,False,CVE-2019-3556,heldout,f1cf9c514d2d2926079b8341d86998570774d094da1271ba6e781f6324c6c69c,f1cf9c514d2d2926079b8341d86998570774d094da1271ba6e781f6324c6c69c,2b31db0fe1af91182eb844dbd8bf00b946eed70343ef08966758572f2e7e7625
test,146,c28ae33c75f38ae5646d56c155d8cbb1,CVE-2019-3556,CWE-22,C++,cvefixes,False,CVE-2019-3556,heldout,81ebb6b4a48079d46060581fad5c9f4b66ead35ed56551710dfcee2888de131d,81ebb6b4a48079d46060581fad5c9f4b66ead35ed56551710dfcee2888de131d,c06b7192b8a14dbd497f6e0fd22d5acdf94532e8d70c6f3c91c9a63400d4c532
test,147,43c4cb989d6b3f8dcf458e8c91bec7e6,CVE-2019-3556,CWE-22,C++,cvefixes,False,CVE-2019-3556,heldout,ed620f93bed033b1abe31d975a13e431aa89dbe0e567c8de95063290a78c31a7,ed620f93bed033b1abe31d975a13e431aa89dbe0e567c8de95063290a78c31a7,fec7815d61169a9fa3906103cf640d332f98c4a2f0d476b9c68e83abc34b4244
test,148,2b06b6e9243b33b1aee32f4aff8a052d,CVE-2019-3556,CWE-22,C++,cvefixes,False,CVE-2019-3556,heldout,1ae6361037b534f004392267fa763ff3452ef4edae357a29284a56460d5561d8,1ae6361037b534f004392267fa763ff3452ef4edae357a29284a56460d5561d8,721fc3618c4fdba8b9255d4a519d18dd3fa470a3928b5b67a656cd61063327bb
test,149,b03a4d96f93e864d65c89e8fd6825e1e,CVE-2019-3556,CWE-22,C++,cvefixes,False,CVE-2019-3556,heldout,e05687d3856d1c45bda059c09e600908f0305e048624ceed4ef4a59e3193852e,e05687d3856d1c45bda059c09e600908f0305e048624ceed4ef4a59e3193852e,fe20fc1be4fef0a7d2e778645a2d7ba8e0e15a355d81858518710bb7cf7bf27e
test,150,342b6ee4468451a3e3cecdd874c4795f,CVE-2019-3556,CWE-22,C++,cvefixes,False,CVE-2019-3556,heldout,9b518e0d9d429332e41bc3eeebeae549d55b2f46c79611e93d4e54874fd62cc1,e10b9cebca24b266e7ee0f6b90fe738dabb2b461377206da539b99fab363b910,7f9b7071c6ce92eb6e4d6d0ca88e82ee08c4f4844aedf96a3caeb3a803e88d56
test,151,7f15473422ca7a32a6cd16c9c587edb8,CVE-2019-3556,CWE-22,C++,cvefixes,False,CVE-2019-3556,heldout,31f302265e7edf1b75985df15e51b7cdc0a165bbfbf8cbbffa917c13a8c61d2f,31f302265e7edf1b75985df15e51b7cdc0a165bbfbf8cbbffa917c13a8c61d2f,430ce4be6984c7ad01edcf09880d2af2523c057c12736693e73624377c91ae43
test,152,b346613ed1b205e20795c160a1feb129,CVE-2019-3556,CWE-22,C++,cvefixes,False,CVE-2019-3556,heldout,8c5c4ba2adc7f5a702d3a8bded94d5bf42eac22c1463dfec513f876d846afafb,8c5c4ba2adc7f5a702d3a8bded94d5bf42eac22c1463dfec513f876d846afafb,af84ebd610c0ff41fa1ce22bfddb8321a77c59e9f8cf5a1ae5c1f832e44168bf
test,153,7fa5a974934bb2ec803cd9ca741f1144,CVE-2019-3556,CWE-22,C++,cvefixes,False,CVE-2019-3556,heldout,ffbf818242831c3bb4bd6a11a0155e0904f0d455d2b7727b08b7a64891444592,ffbf818242831c3bb4bd6a11a0155e0904f0d455d2b7727b08b7a64891444592,8d500efeb8b76b74cc7e149d30983ada3f588fdcb331d035611a0694426c82aa
test,154,2c618d75afb27057827c888ce43a60bd,CVE-2019-3556,CWE-22,C++,cvefixes,False,CVE-2019-3556,heldout,2da16d7f3d0460f8e4fb35ad9e6f1b3d3358d364dcfd05b7e969395f200c820c,2da16d7f3d0460f8e4fb35ad9e6f1b3d3358d364dcfd05b7e969395f200c820c,c5d59d5f091727def750c424b810c71e4c93333d3072e92e119d00b3866d9af0
test,155,aa97e0728f5362548ad8ef6491ef538e,CVE-2019-3556,CWE-22,C++,cvefixes,False,CVE-2019-3556,heldout,babc8612c165107b239aa23e72263fac06c11d3f170469ac50158a40476ef177,5a2e82e920a9930288341017b9581b0e70b0ce19c53a69e82872a483d25a29a9,c1bd1037153a83e037cb6c5a4c26b4234d7f3940bd2dd1408de923a6e4ac6203
test,156,132a39b50f68d14c09034b95b7e24723,CVE-2019-3556,CWE-22,C,cvefixes,False,CVE-2019-3556,heldout,e02e20733acb794b714d40ae8f8aa82ef372f7d4fce4dc56fc7f08ddea2884f7,16fbebad86f61a5d8cd5a103b4654d976f204aed5cc3c0337384e6ddd683b0a0,168e9a13c31266c7b6818729ccbfe56b67b75ffc9137cddfc91f88d521b339a2
test,157,a1225b2132a6dcfd786ebf1950047e46,CVE-2019-3556,CWE-22,C,cvefixes,False,CVE-2019-3556,heldout,98fdf05befc5f0edcf6372655fb4fc6b0a07fc05d405e6efd3c37bcdaeb6f704,98fdf05befc5f0edcf6372655fb4fc6b0a07fc05d405e6efd3c37bcdaeb6f704,41d2149dbbbb5978f35853ccef159d5a1e23cdd7ca0b709558de2957aa3cd40e
test,158,83644fbd287fe5910807a3a3db0617a2,CVE-2014-9767,CWE-22,C++,cvefixes,False,CVE-2014-9767,heldout,5da82516b11567dd5b3ca8af0794d7b126d409449d7931c437a2738a0e405d39,d9f7a3a6fdef1b21776981f4890b35e6181ef3ca5aa9d635c5bfa48c0f6f0849,b6610a347e9b2428a4824e71b609fa880f0fc40afde7b536a4c1d874394c7dd3
test,159,f4e0ee146174e45465c96de5d1d665e1,CVE-2014-6394,CWE-22,JavaScript,cvefixes,False,CVE-2014-6394,heldout,e60f73766d638b711f9bbfc2ac2b7c3f48c26a519baccebfec19b22742a50a96,e60f73766d638b711f9bbfc2ac2b7c3f48c26a519baccebfec19b22742a50a96,d317eb52ef133b49a5b7a0f35f649aa39093abf80d960297c4178b5073f569ab
test,160,c7e95f0a0b6b9b922a0ba79858527903,CVE-2014-6394,CWE-22,JavaScript,cvefixes,False,CVE-2014-6394,heldout,ec15035befce0513b8539039962a8f7b7c6d8a1b20a006a326d1d566f6249879,ec15035befce0513b8539039962a8f7b7c6d8a1b20a006a326d1d566f6249879,4b4fddbf6207934e6fe71d64222dff8dcb506f92d2368cd1fdec6bd571afa230
test,161,820c1140f20927b9084a0a4bf06eb1a0,CVE-2015-4085,CWE-22,JavaScript,cvefixes,False,CVE-2015-4085,heldout,1ea42f97556492e781d775325560d630f4bbee1d06e497ea64365c888c1b2f3f,1ea42f97556492e781d775325560d630f4bbee1d06e497ea64365c888c1b2f3f,ae3fd04181e890585406eb673334ef1b400c7b2e2bdad74875d83bcea0ec3b64
test,162,379f80689a3b122dc9fae134d6c0bca1,CVE-2015-3309,CWE-22,JavaScript,cvefixes,False,CVE-2015-3309,heldout,e59f0fe4c856022cce780d3b517f4cc8e67747e645fa3cdf5351d0f661f52c63,e59f0fe4c856022cce780d3b517f4cc8e67747e645fa3cdf5351d0f661f52c63,c40dbfa8de879c6cc20fa4a03105bd176a226a12c9e6d53db4bd62d0476283ab
test,163,76383ecbe2b6f803247fcac79faee127,CVE-2021-41072,CWE-22,C,cvefixes,False,CVE-2021-41072,heldout,d456e1312e48f8f4091bbdaa16ea2e6bbcce60fd4a56e2d82769ea1846d2a71d,d456e1312e48f8f4091bbdaa16ea2e6bbcce60fd4a56e2d82769ea1846d2a71d,d733484bd3a8b624a55e889e3c7dc20fe13bbef72c88f37c1307e55495ebd689
test,164,d94a098aa63735d750612d582c0c99b3,CVE-2021-41072,CWE-22,C,cvefixes,False,CVE-2021-41072,heldout,0d52e2950f0574ed01dadfcfed434acbf1386aad4642586fadc6af4d59c16957,02dfdbce0b1f854b4d8033ba0c020cb517d9dfc7d1037d21344a942cb6bb8337,613bdb6c7df4f853624ef7cdc18ad1b5ad59786dbc556c0acafc91db83400dfd
test,165,db00c7a2b77cd351d2f2780b9470403f,CVE-2021-41072,CWE-22,C,cvefixes,False,CVE-2021-41072,heldout,bbd1886600640abd575b60a42c4477b7372efc9f6329bdb45278ca4cf9f04dcf,bbd1886600640abd575b60a42c4477b7372efc9f6329bdb45278ca4cf9f04dcf,fcd6db0390285f7a625dd1b3e997e93feb4b8bb8d6f5c0a92adb112a8387e643
test,166,b6ab5728a06113dfb924e13b5643269c,CVE-2021-41072,CWE-22,C,cvefixes,False,CVE-2021-41072,heldout,55926bdf1e5b7f7ecb1ad13be414f3ec514c2f893ad57734cfe159ecf7bf4de5,55926bdf1e5b7f7ecb1ad13be414f3ec514c2f893ad57734cfe159ecf7bf4de5,66b51411a1222bb0708c1ecbcf62d91f41ad52e9c8b9fe11f78f38ab6e799016
test,167,de687c863ed7fcaca9ab8cd02eda1bda,CVE-2021-41072,CWE-22,C,cvefixes,False,CVE-2021-41072,heldout,c960afe9440ebdd54bf077e61abeed90db3e5e1d0bfdd8e96978717bc6749a41,c960afe9440ebdd54bf077e61abeed90db3e5e1d0bfdd8e96978717bc6749a41,cd699573ca8ba7730cf3fa7cf9d1b6eeb321b1e5237f658e3472d4853d1e9f6d
test,168,b5aa24c27bd82b674c8c921dc1fa8131,CVE-2021-41072,CWE-22,C,cvefixes,False,CVE-2021-41072,heldout,09699bb6db56847a0951eefecf4ca85fe11cd0c999e40f591548110c3558eafb,b5ec081c2df4fbcce44691574521739e366778928b72052aa38ef411f984583a,c776a5f5672244daa1809889ca769fed4254c631e31cde7f427fbedfe9d5e8f9
test,169,1dc01c3ddf4bab8c3f5bf7ad31c403cd,CVE-2021-40153,CWE-22,C,cvefixes,False,CVE-2021-40153,heldout,55d1d4d3a63878b348f93e31672c320de073c6d386917a74bbc91b129d6904c0,bff15bd2e536e844b1017f2aa455d4617ec4bc154ea66dc76aa6014ad9ec928d,27dee6365f5f3bb0a1c45aa84710bc5256ed8e5deb23c0a5a3c65b4a45825b35
test,170,39ff711731a81a7384b6fd1203abad43,CVE-2021-40153,CWE-22,C,cvefixes,False,CVE-2021-40153,heldout,0a75573c23783dd9756b68838e0b4705e755a60451d36ffa830deccd0173bbb2,bb669a9e0172ac5ae5170d55dedc498675b9eec9c1dd54bed282b554d262a500,d919c3b1eaad8ba194ed187c8e316dd3f9f95f61425a8b0910ea6fd62857a728
test,171,ed2c069d11b6a2e46957abcaf0182e85,CVE-2021-40153,CWE-22,C,cvefixes,False,CVE-2021-40153,heldout,d6ceea5c82ef997595548dbab2fbe35bb2f32386f1b5e197359be07f38d3344f,f8ef9c15a27b44f062482eb2c64fbdc60b007fa5fd48999544e65d112ea1f9f0,a805d903a0772f67f607d83401f0bc81a55dc31d5f0d014479318c81f683910f
test,172,de3e36210cc42a1f4a81f5a91c6542e9,CVE-2021-40153,CWE-22,C,cvefixes,False,CVE-2021-40153,heldout,d55ad74e05925495d2570508b8e64005cb6a5e6f7cb2497eb018e3abcc60ad4f,2ff936e95bd3348fae080a3559f07c620035ab15c297a93d81c41bd373fc642c,9bf1217209a9b15d9b513595f4a10606ffb357c6e94bbcf306e84678ba00cfce
test,173,d589e599dd40609d2ffd42660780046e,CVE-2021-40153,CWE-22,C,cvefixes,False,CVE-2021-40153,heldout,45f7308c22124ca53a700fb7869e4e8fd52005cb39a1a18ffb67c5c6b8cbbc06,45f7308c22124ca53a700fb7869e4e8fd52005cb39a1a18ffb67c5c6b8cbbc06,c63f7d78ad5ed677d0e50a09bcbdb3a538a252a22e1e473d7beb94d945d2078e
test,174,1a8f10dfd3feb2ce9af1c6f1dc98d1fc,CVE-2021-40153,CWE-22,C,cvefixes,False,CVE-2021-40153,heldout,05c5b7bde3e67d04054956be4d5d26f1d28492e3bc01253e3ac4a73564f75634,aea2f85f2bc2030460bf4a6e439e7d87c046dda6884d4a4cc8774b6cc65fb1c1,e5033aac61f5908fb8c18017e79e7ae5d7ff2087ae9d3ace463bbd10f14c3acb
test,175,79aef558c9f2f81980af8eb8e396cc61,CVE-2015-8309,CWE-22,Python,cvefixes,False,CVE-2015-8309,heldout,60beae570b4f4c77eaad0aa6302f725870997dfbd52c550b4acbb9b2fedf8c3c,60beae570b4f4c77eaad0aa6302f725870997dfbd52c550b4acbb9b2fedf8c3c,01fd48e5df9275805ce8968f592e70e1f6f187535e61780c11bc78316c7eed79
test,176,eb1122650999aabf950dc4e838f0605a,CVE-2015-8309,CWE-22,JavaScript,cvefixes,False,CVE-2015-8309,heldout,d6f91cd766479e09fe4f3da3e63fd8a8f823046eea5c6a04fd4acaf3c8b98b95,d6f91cd766479e09fe4f3da3e63fd8a8f823046eea5c6a04fd4acaf3c8b98b95,266dcb121e2fcb07dd698f19fc1e91075d49b11b46e8ac85f42160da7dcf8bd8
test,177,c1f2d2af2ab523625bbb00cc0b73259d,CVE-2018-1000850,CWE-22,Java,cvefixes,False,CVE-2018-1000850,heldout,cd9fe12aa601b0f9f02e111944aabd5d74c58a7e43bc587d6277608619169bb7,81d81f4e487fe61d3ee37e5d31998057cee72fc076ff0c20acfd531b93d3d81d,b868e0cb782e4d3734e8bcf9a67419d5e37c1113cf13f8d98722e2f0baeea0d2
test,178,0c6a97f12631973f56fb2465f715b586,CVE-2018-1002201,CWE-22,Java,cvefixes,False,CVE-2018-1002201,heldout,5eabb508eece6c002b57ba2e5b951a71dd952fcee9280818e5ef44531219a93c,5eabb508eece6c002b57ba2e5b951a71dd952fcee9280818e5ef44531219a93c,70153b4a0a54a36bdbf00d95e99167f7b74189f37baec0f946a69be08a34d5ef
test,179,3c88673be5b7b81d78f3f747ff722dcc,CVE-2018-1002209,CWE-22,C++,cvefixes,False,CVE-2018-1002209,heldout,91f09f1de1b995b9f5e75d428c1d898bdcef26c99c24386477660d560e43f496,91f09f1de1b995b9f5e75d428c1d898bdcef26c99c24386477660d560e43f496,db339c614a120d2f466d5f24b23c0798c06c24717cdf159f144921c92cc12508
test,180,744c38f6dfe10eefe4579e7e2dbcf35a,CVE-2018-1002209,CWE-22,C++,cvefixes,False,CVE-2018-1002209,heldout,478ae5f2551865f6068bf42d11e6709230a06fc1c0fe25e5d7044a0328b91131,478ae5f2551865f6068bf42d11e6709230a06fc1c0fe25e5d7044a0328b91131,0ac36780b315ab14eb0993be24ec5467888ae80a236ee92b6de5ebed563e57ae
test,181,ecc584ccc1296c3bfa2168cc2a009434,CVE-2018-10897,CWE-22,Python,cvefixes,False,CVE-2018-10897,heldout,c8173fd8f26e875ed297324f7da0eafd937142c46f5f4212f69f92a6a87fbeff,c8173fd8f26e875ed297324f7da0eafd937142c46f5f4212f69f92a6a87fbeff,2e41a1c8f69895d9c954270f09aef45f3d3c628ce0817bbaa2ea1bc400d6ccab
test,182,6a4b5d4405811aa0944fe07ea46e3084,CVE-2018-11319,CWE-22,Python,cvefixes,False,CVE-2018-11319,heldout,4340da3ce87284a27b6f0c511f1cb76840d71bd831fc6bfb85e9e527eead1684,750ad81c3d620dae9da960dc95a6084b87ec5b0705725deebf6bf79938ef7c26,38a231e01120226b0a9e7eb9b59b5a9cae9bac26b18ebc5976f44c6a9727b695
test,183,83158f1a8c8a10ef9105552342b9a344,CVE-2018-11319,CWE-22,Python,cvefixes,False,CVE-2018-11319,heldout,b7c0a68f9bb10d8e212bf1a30f988a4e5f47cb064818995275ec148808cb734f,2614b9da6b4e9307ca5940046d4b5aa7e96be1a36b85e24172feac129e552405,3739453bca1f5b10652b5f13859bb52b4f82f427e33af839b73d568e62f8fe33
test,184,546294a1ac521b252852c1cb06bdce62,CVE-2018-11319,CWE-22,Python,cvefixes,False,CVE-2018-11319,heldout,3a2f1142851713b873aaa3d35f30deda22b92476121322a9aeb6378b663b672a,688ef55ac6d02bec27f7701234a55425da85d7adb3ded993f01e11367cb80c53,0c9801f4d0319b65f375a8470aa310b2ee9a751835be869b0cea21acfb9b40a1
test,185,9e87aba05d46a69114e1c07e72d8d6b5,CVE-2018-11319,CWE-22,Python,cvefixes,False,CVE-2018-11319,heldout,4762718e5b1cff97e9468df009a2fcbb30f6a560f76182333719bcf817d87422,c1ae51eeaafa0bd18a4987c9db799b708f7ce708e0d4e8678a344a2ded49350b,51970b4538db84b275e3da95c52ef5545a5db5f92968965468d4c48a8ed4ddf6
test,186,88f3cada22847c5e8a961ee21191ef17,CVE-2018-11319,CWE-22,Python,cvefixes,False,CVE-2018-11319,heldout,31e681f4d6db1152ae613a64215e6a9306681eaa53277c95204e884b8cb1f29b,81967b28784cb701ac7d56d335eadac54e7e67c39685defd325b57bd3c72b4a3,b4429f0a875eb61e82b29ebe0575f2a6551415c2e82bfac2157d179a5265843a
test,187,73b6381cbf8629d7c714b8d53e8f0ca5,CVE-2018-11319,CWE-22,Python,cvefixes,False,CVE-2018-11319,heldout,e9d5410a803b1d3a20ed1793e20bbe07cf854f6b30a281be9bf7af74f4fc29ff,e9d5410a803b1d3a20ed1793e20bbe07cf854f6b30a281be9bf7af74f4fc29ff,65e357288718159c68a1c6fa4232eb136d262e3602aed249a133076b52d6ed3f
test,188,07e2049a380c043837fc87ceaf54a583,CVE-2018-11319,CWE-22,Python,cvefixes,False,CVE-2018-11319,heldout,09511c7df1ad64127ec8a77c7467296122342208597bee6dfdc55eac16bb4b48,2ab38fcfdbee8fdfff62781aea7fe0332b2262cc02999272b63caf67762415ae,bf8b76679e5c5948a0f738cc453fe9d10f9b9a54b9dfee30aacfcff9ab560f6b
test,189,7b765181e5764ee68a8a2d8116ae7399,CVE-2018-11319,CWE-22,Python,cvefixes,False,CVE-2018-11319,heldout,131920db50bc41333ae193253057a1180296d5de23084e180f75d1dc58be1338,98a08ada5598a035e4a9b065970ec24114929a2a5c647d1238830edec8fb4f02,595d7e213ab82917c0e6d555783da47442a639b7d0b6d007507a54fee33b8f22
test,190,2aa2e86fe6b7c906b2b91200cb32c5fb,CVE-2018-11319,CWE-22,Python,cvefixes,False,CVE-2018-11319,heldout,a1a0959f7fef636d9603206132f58be9102bb8cbd6deb904713c3b0c43e216c6,4fd81e72ccfdb991c87e288729983155a43ca8cb83bda323670a4e7a1a0e191e,b7d46df5ced649902a0d5b88d800bad472df35c935d38482bf8a8e6bc88cdb44
test,191,8daf507fdc5640577607293b4deed615,CVE-2018-11319,CWE-22,Python,cvefixes,False,CVE-2018-11319,heldout,9a69e3631904f44779225eb44aa9f5920c2b526bfe24c4447f314705259add90,39167bb9b102821878b5436c48e6cff23692b28daa4019969f02437793002186,f409e6d8889fca878d536d5f773d3dac2bc698ae29e25e8366845acca525c8d3
test,192,5f1bf0d439dffc2e44b6bee6dff0f9cc,CVE-2018-12559,CWE-22,C++,cvefixes,False,CVE-2018-12559,heldout,16c7f40a90c16fa32a9585f0e3d66c1b92356e4cffb5a31375b5665ee0c7ccad,b49f918b4ebb680ccc5a3c977cc2fbbea8c6d8dfa44978883fedd73e5d704185,a0dccd454c05dd579ca245146b0d559ab54c5f846b89a795bf04cde71e803002
test,193,1a314178b96a90c6da0d10609b6114c8,CVE-2018-12559,CWE-22,C++,cvefixes,False,CVE-2018-12559,heldout,c7333192c02b6d69eba79cac869e59a93653ba7dcd56da3490f0616722c06a4b,c7333192c02b6d69eba79cac869e59a93653ba7dcd56da3490f0616722c06a4b,d1c6f6928b3e8ab74d102919659fa64044b73bfb3e3af7d45a33c9733ecf47d6
test,194,1c11a04e82c1ea4e4763acc6d6b6100f,CVE-2018-12559,CWE-22,C++,cvefixes,False,CVE-2018-12559,heldout,1eb180534844e8bbda0bd7f5289e9f64b886c8bf5664de6ea6b7047ed0ceb50e,dfe585121bcd89289cc3de5f9907cc5b454aac1c910a5f9305e7e90c5348a62b,d6fe2a2b947474bef271b4f8bbfa44f40e7e2d04713a17887e9a8b4d7f8dc512
test,195,1e0c780a5336c824b86be918d6f8b048,CVE-2018-14355,CWE-22,C,cvefixes,False,CVE-2018-14355,heldout,f6c97f4084d919b8d81f7829aaa74db38221cb99991f98103968f2ecd345990f,f6c97f4084d919b8d81f7829aaa74db38221cb99991f98103968f2ecd345990f,fc24186e813a5998dea924129dd4759f0846439689069c21c6e66e722bc86054
test,196,d74214616ae443ba765dbc721c2b243a,CVE-2018-14371,CWE-22,Java,cvefixes,False,CVE-2018-14371,heldout,971d49784e9aa0c886a60abe1369721d30aca0c3a7510fba2e29ab53e4e301e3,971d49784e9aa0c886a60abe1369721d30aca0c3a7510fba2e29ab53e4e301e3,00f0496e7d1c97c9af9a61dbc6d0952542fe8e18671c9013265d96c1e5aeb190
test,197,f8d951cbcb3d4a7c7ca92bcf4f6c12da,CVE-2018-14371,CWE-22,Java,cvefixes,False,CVE-2018-14371,heldout,3ce54d56dce756b9a08b51c07d34bd46927940afa8c38cf9187916cc9efdaed1,3ce54d56dce756b9a08b51c07d34bd46927940afa8c38cf9187916cc9efdaed1,fd31e5598852fd71588f8d5182b493106db5e8d6b308ab72e0912766ea4fde00
test,198,86804e533d3c4bb9907a4e8b575c48aa,CVE-2020-6950,CWE-22,Java,cvefixes,False,CVE-2020-6950,heldout,09268082e1ccf069de5a74b3dfeeeca4cd1878c229111286faa39c4591330629,09268082e1ccf069de5a74b3dfeeeca4cd1878c229111286faa39c4591330629,08b3b723d553d889ce98af939b6dd4cbd19c9bd8a41f54d46ed5e2ad4192dc10
test,199,ba3415d4fe0541509b7a4596fc83aa85,CVE-2020-6950,CWE-22,Java,cvefixes,False,CVE-2020-6950,heldout,3ce54d56dce756b9a08b51c07d34bd46927940afa8c38cf9187916cc9efdaed1,3ce54d56dce756b9a08b51c07d34bd46927940afa8c38cf9187916cc9efdaed1,fd31e5598852fd71588f8d5182b493106db5e8d6b308ab72e0912766ea4fde00
test,200,29afbc4709d17fd649eb1250bfb01059,CVE-2020-6950,CWE-22,Java,cvefixes,False,CVE-2020-6950,heldout,ba24284aeb8eccb2f4027feff38e448b9331c3eccf01b1893b36b55c0c703917,ba24284aeb8eccb2f4027feff38e448b9331c3eccf01b1893b36b55c0c703917,6e057967155e98827437956b73ffb73041111f06edb772a609cf3b5b6f673f9a
test,201,79162dcce90335eb18e8db71d70ecbde,CVE-2018-17605,CWE-22,JavaScript,cvefixes,False,CVE-2018-17605,heldout,8ab60576cd9d3ad939ee71e1207ae395b7a17089ea00358ff47d8caeda42de69,25d46efcd1bbfd78c2b374fc80c6e917c518d147036867d14a862a380df16a88,46d27d3a951f2a90c3ce986454359abf86a649b3af180867f0ee220f8874b7ac
test,202,cd155be84fb30b1cb7eaeda3a40a8382,CVE-2018-18434,CWE-22,Java,cvefixes,False,CVE-2018-18434,heldout,4cacf5d82160afe9c39536ba72f8fbaa9b8be650732306baa362e35dda114e12,217166ff509f7bfa3c67b230b963af55e48613f6346a79bfd7d799e8c1bf7b7c,0ec3dc5c67ec4787ef4258c93eb0c4239f84ad2b543a8e4ae1605688ba84a10a
test,203,8345d01420abf37335b7a654f4423053,CVE-2018-19052,CWE-22,C,cvefixes,False,CVE-2018-19052,heldout,05f95d7c1d6689733f6913998e6029684ab0cb229f5eead157696fec3eca11ea,05f95d7c1d6689733f6913998e6029684ab0cb229f5eead157696fec3eca11ea,7d2f54a1431f8e4bbdee11bea0458ec52587b9a54f57a14e1200998742b2bb40
test,204,62241a9b2f8ae3a7cfcb1857efce6567,CVE-2021-32804,CWE-22,JavaScript,cvefixes,False,CVE-2021-32804,heldout,2ee099a722c428658786d230a4f251b6e88254162fbb3fb248a121277aafa23b,907edf6f3a62208a2e092178e7205692ef20458bff9d8e3e93867d93c0de048f,cbcb98621ff5f28bc3264734b56146e2175e1287a2175bf3ee53ddf1b4a43db9
test,205,9fc3302f8baa42d5b652cc29f1698c7c,CVE-2021-32804,CWE-22,JavaScript,cvefixes,False,CVE-2021-32804,heldout,bf0c5f488b1150e5c511effa4253f65bd3ba49a6a9711c2440c5d5ac1c4bef68,bf0c5f488b1150e5c511effa4253f65bd3ba49a6a9711c2440c5d5ac1c4bef68,08c757425b92321bc1425cf08dd88867d7e0dc29607503bd4a7b7338f1f85a78
test,206,02a3ffc95a1945f4e1b1034ea9574e9a,CVE-2021-32804,CWE-22,JavaScript,cvefixes,False,CVE-2021-32804,heldout,74ae83a3b77801c176b51a6cd03d6912cc1ac671063c080492db3a6e78348ea3,74ae83a3b77801c176b51a6cd03d6912cc1ac671063c080492db3a6e78348ea3,d6fdae8e858b624d6fd7131d143d0ef4704138a30018c890cdb60e1ac4dcae84
test,207,cb59a3174cd37be3c358b7fe08975bd4,CVE-2021-32804,CWE-22,JavaScript,cvefixes,False,CVE-2021-32804,heldout,f52c55d39122e7b34cdf688dea1f1b8ebf9a0bf2fc58973c478fe3c18bc16a12,f52c55d39122e7b34cdf688dea1f1b8ebf9a0bf2fc58973c478fe3c18bc16a12,898071bb9a5c4fd3a3e0b4cf544d686a8f04380fc4fcf31dbbc8e03863a77af4
test,208,59e3b27b22f663a4315931290192079e,CVE-2018-3715,CWE-22,JavaScript,cvefixes,False,CVE-2018-3715,heldout,cf9c54101471aa37bb587ccae090fb0008a5161e8d8dd7b6c76984dd3875afe5,cf9c54101471aa37bb587ccae090fb0008a5161e8d8dd7b6c76984dd3875afe5,ceec819eb6721bf191bc6e57d5afcc74f4393f5a5456740ce32a276f5b170583
test,209,cae05412263bc577779a4f2a265ddeb4,CVE-2018-3715,CWE-22,JavaScript,cvefixes,False,CVE-2018-3715,heldout,7e604996a48d484dcedac7145e5c88a4af75ee9e109961102c6747fb50f47f15,fcd887301fd016c12880c6dcef551b349d015c7ccfbd013c4ebb7d4f9eddcd2b,ab0c97f52f376bb96c4a191065c8e842b4c154c1d127a7b394f1c998fa39593e
test,210,703d5b3e5a7362aa459a76782cc5c8d2,CVE-2018-3715,CWE-22,JavaScript,cvefixes,False,CVE-2018-3715,heldout,675563e734c0f14ff0f2e0e3664d3962bf04d2145334f321f9fd8cea9d63867d,675563e734c0f14ff0f2e0e3664d3962bf04d2145334f321f9fd8cea9d63867d,9fe93fe9ba3259a2706454d3370b359552990f5ac5be0860e0e11ca4462904b3
test,211,721a7f7233d8406126698becefa7917b,CVE-2018-3733,CWE-22,JavaScript,cvefixes,False,CVE-2018-3733,heldout,b993e805fb77e9304c34e87d2182de75e85635392332382ea34955230bea4c63,e1221b42d5f26231442b3cc0daaf11f8aafe98fa3a8e86b004d3d17aee004f9a,b40c516068fd123cbbded18817deffe1c2163d2d542466aecac3852ebbe47557
test,212,1377e528797d49e2d0430471c8e7ab33,CVE-2018-3732,CWE-22,JavaScript,cvefixes,False,CVE-2018-3732,heldout,807abd997a1671619da4400b02a88559c20e52d0799c7d8f7266a05512a782f2,4ef8b3fe8190a8486e3a64540385092300da52c28d222c2007c0b2bb27b2f20e,2b5f0e3d3744d562bc74a2d0df7c3fb1318f86dc03fb184c4ead5944b2f58eda
test,213,216b60354bebcf85f1f6e2d8d1a689d1,CVE-2018-3732,CWE-22,JavaScript,cvefixes,False,CVE-2018-3732,heldout,883c780b37e7375eed600f37bfe4e07925664afda8b31eaf36154523c745642b,883c780b37e7375eed600f37bfe4e07925664afda8b31eaf36154523c745642b,3d80471dba76bba87d9e4cd285a5d13df9c341e22c20117bcca79d159c809e5c
test,214,e523edc66733500ef393221d016f40bb,CVE-2018-9159,CWE-22,Java,cvefixes,False,CVE-2018-9159,heldout,f1e6621b90ec9001232f89f82ba28ca9b317747a8a329b48b114242e1836583f,4f316ea04828b89af467ccb1cf2e8da147df067307b6be4bcbb19fa4b77f1900,8b036e1c24f67c040b840d8fb9722ca400fe3c31e702a8adfdcf4cc2eda89cec
test,215,324347daffdedc59cab17bfd82798002,CVE-2018-9159,CWE-22,Java,cvefixes,False,CVE-2018-9159,heldout,cf92fb6f89c2a1695bc20a13bd5536cb44e9b6c98e62c5dbc763d0cf9f649527,e1251e2da15ae704df2747c5697d3a9c70959c915d707e72742a4c3b281b7bce,2fbb71c7d46c3b1a7e948911dcb255e23dcf8362f18064ad032d12ba3e410988
test,216,c731a7eb5280c4f46efaaafaa0d55104,CVE-2018-9159,CWE-22,Java,cvefixes,False,CVE-2018-9159,heldout,2c771c9f3005b97634817e6f911261ba0d199a286bdafa5723ee08ff57d481ad,4dccfac5680f4ab8889cbd2fe3b309c444cc59802174300f5dae3eeac35ed430,3d7c7b2b88c2d67d2a809168b7ba7f853b7f2e33f2229c1d6818666b8fe8c1b7
test,217,864da9ba5d94f34f088747d54cbeb5d4,CVE-2019-10765,CWE-22,JavaScript,cvefixes,False,CVE-2019-10765,heldout,e46a582087b103c048b0194c6f6d824804d6f5f39782047a4a7de1bd8d3b2a8b,e46a582087b103c048b0194c6f6d824804d6f5f39782047a4a7de1bd8d3b2a8b,1a7bc435390de1607a7635ea47f7847508c9ce5f6181ec9066c30a97c310ca26
test,218,1c312429c855a333eeeb955f49868eff,CVE-2019-10765,CWE-22,JavaScript,cvefixes,False,CVE-2019-10765,heldout,7150a8853b2fb8020d50210d7bea8eaea335cbbcb4ad4dde835f74c0b5262ae8,c80102d44d8c60478665b8798740ddf7a071468ad4cf9846f39b10151568fc9f,ca1d9363567a87649fc8a6dda83cec740639135463b5ab8da0f214b2a4de43c6
test,219,bdabbb2dd54084978bf586fac6ce92e1,CVE-2019-10765,CWE-22,JavaScript,cvefixes,False,CVE-2019-10765,heldout,44ed8e0bcd58c525ed19378401f2ef20fcb15ae16cef451cb719f0525f69da40,4df66fefcec26af6b5b9e41b76b0a1e7416c1a9d3abc15155c5c1e93636526d8,aae2f50e69c2e629537b9c24590cfdf85bd3ff28a6995f66fb0b2c886836c2f3
test,220,0c943ec9e4e561da1d7120e3c4567336,CVE-2019-10765,CWE-22,JavaScript,cvefixes,False,CVE-2019-10765,heldout,ac6364f5846564d38b5fd65532daa6f16148983eb417e3c05e1f85c4218b1f04,ac6364f5846564d38b5fd65532daa6f16148983eb417e3c05e1f85c4218b1f04,b8ed8665c4f21f4eae2f51a7d2ea7dd119f68ebb28508e18ee47cc8e99c99969
test,221,9d4919b720c8e3e9efb46463be9f9d11,CVE-2019-10765,CWE-22,JavaScript,cvefixes,False,CVE-2019-10765,heldout,db1993d6257de1b30e41c8ed104f3e63d3fe5d87e855c1e3a8559f1cc4a5d09b,e5196795ff53d7ad4d16c471726e3f2af2ba366e759b179190330cfbd90122e6,9942a009cace212870dc10296ab054f5f3f1b39c7db5bd71d8d51f16b9fce9a8
test,222,0104cd07ff2a2f0e7818d8af9a94dcda,CVE-2019-10765,CWE-22,JavaScript,cvefixes,False,CVE-2019-10765,heldout,35741d31486dfd8fb5503f1590f29db516d453736101498fd4c834bacc51e49b,43032ed550b170f21ace8cde70d610dbe2f4046ef3793675ec6b653b3f0de90c,50b3c6f20fe66b89e05ff3899f3dd8b293774103d232c35bcd35507a2dcef2b8
test,223,b30eadd5b9df8b9278c2db0345cf6a80,CVE-2019-10765,CWE-22,JavaScript,cvefixes,False,CVE-2019-10765,heldout,86b0a5ec4036d2315e7f63dc405f873efeb8f7341ad4d3a34648078201f55953,c9b551d1dd3d9aa1977ed5a06cb15b2f202e76c6b388f6257399dd07db9deb42,ded33a86b7c01266f78d64d3d0461ceb560e574750ed334736649ef2878fab48
test,224,a8cb9f3491e0bef459dc3e469157a69d,CVE-2019-10767,CWE-22,JavaScript,cvefixes,False,CVE-2019-10767,heldout,8c4e3d0da18eb1c19f356f029024bc9e56683a7f4708ef699f49ce0f3e510c79,8c4e3d0da18eb1c19f356f029024bc9e56683a7f4708ef699f49ce0f3e510c79,649fcd626509c5b5f005d0ffaeefeb6a394fc2ce6983c6a3900192208b7400e2
test,225,9c93823e24db81d7f02f2b4e210c700c,CVE-2020-12102,CWE-22,JavaScript,cvefixes,False,CVE-2020-12102,heldout,0668f18bb91c7c50fbc24363e8fcc0e05a0eb0d8d50d9eb610837ea2bf6e0d3b,ed3eaa95eab9f0d436cbb1af6f3ba9d27f4ae5f729a6c4be931802fb82cb1c5a,61c457c4e92ba96b5eabac66875c3266fc006a79679eec42934a472b83d17d81
test,226,c7a1e1990e817cc3361e7919ef54bf5e,CVE-2020-12103,CWE-22,JavaScript,cvefixes,False,CVE-2020-12103,heldout,0668f18bb91c7c50fbc24363e8fcc0e05a0eb0d8d50d9eb610837ea2bf6e0d3b,ed3eaa95eab9f0d436cbb1af6f3ba9d27f4ae5f729a6c4be931802fb82cb1c5a,61c457c4e92ba96b5eabac66875c3266fc006a79679eec42934a472b83d17d81
test,227,f0595f797ee0ec6a667f63ee05089724,CVE-2019-20916,CWE-22,Python,cvefixes,False,CVE-2019-20916,heldout,58992dd71dba5d68322aa610f5d3e2e40b57a824b21dc74753047f7efcbe43c1,58992dd71dba5d68322aa610f5d3e2e40b57a824b21dc74753047f7efcbe43c1,0d5499b38612ab15e0edb3f9e51a2942f6aae6f26554f8703ff57f5fca8acddf
test,228,d56d4407133d4e3e06d68a54f9de4f99,CVE-2019-20916,CWE-22,Python,cvefixes,False,CVE-2019-20916,heldout,e7fb3022d99f4c34d69b3c83d444ab397c04620c35468649bda975d8b940dec0,7e391e5ff1c0545149eaa42d39edcf71b23aa3e1c70e11200187137822c54fe4,95b4306cc1220e31463be2b706d1b21c313329f1f6b2c841566e92175b80c929
test,229,1bb3aca0a43e40665c59463ae01b1614,CVE-2019-5484,CWE-22,JavaScript,cvefixes,False,CVE-2019-5484,heldout,7c7b2b04d185fa6a03ede60b40fa6f61019c7fbd8fd701f41b129ee07369df8d,7c7b2b04d185fa6a03ede60b40fa6f61019c7fbd8fd701f41b129ee07369df8d,37b34e2277a6b72c55b55b1b0617d27f48c81ee3a02ed0431779065c34dbc9c9
test,230,f899aae00f5a83c4348d2387b193c3b6,CVE-2019-5484,CWE-22,Python,cvefixes,False,CVE-2019-5484,heldout,4fc5383b275f727e16d4fb5d6fb8b0cd3936e1f3f50e7511cb5c274a1dd6a11b,d7a1ed520840fcfc42e49be08b4bcd4f7afb26f5db614bbb2a0616228bd61b37,38345a010904a85cea71422fbb065079a11e53f759733e63ced8c4412d122176
test,231,55ea31e4d129d90d675d6ff1ccaf4d06,CVE-2020-15236,CWE-22,JavaScript,cvefixes,False,CVE-2020-15236,heldout,28fb7ebe0a6bb9610b97aaad716107997a3a44cddd5b1b0aa64bf8f37de82bfe,7e4aa560c121a11f1979efbba4dbc54402f14709cd144d3b3407cafe48a398e4,1caebe783d3c5efa75f2a059f4b48aa85c684cabed661ce7902fee2d04d0acae
test,232,b5bd3d07d7d44985c7f6e2a6586b5eb4,CVE-2021-43800,CWE-22,JavaScript,cvefixes,False,CVE-2021-43800,heldout,7e4aa560c121a11f1979efbba4dbc54402f14709cd144d3b3407cafe48a398e4,7e4aa560c121a11f1979efbba4dbc54402f14709cd144d3b3407cafe48a398e4,3f0aa68c05d6a30c2afd9060fc18debf08249b68f16eca0a1070b14e789d9033
test,233,e6e74204501c1dd0d6c6c3d551c8f6de,CVE-2020-15124,CWE-22,Java,cvefixes,False,CVE-2020-15124,heldout,d9b4aac3c643dd3cc6536feae81114bc18a82585d3eb2b9682874c456e4d2de9,d9b4aac3c643dd3cc6536feae81114bc18a82585d3eb2b9682874c456e4d2de9,729052cbad09b656b25870c9539b3e067f589afbac106946626eeef61319b4eb
test,234,73680a9845d8071ec7443c5df4869d81,CVE-2020-15141,CWE-22,Python,cvefixes,False,CVE-2020-15141,heldout,65f810206838dde6f438dc1f0de5af8e6c7a626fd101cdb47fd49b83185bd8d9,ffb6691f0f0f3d66bb7c54565dd276de47d9700f0a14596a457f1894b3db8bc7,de52bdbd79cd8a4472cb55fd4a4fd9a25622b929422ce498d1587ac93ede6b9e
test,235,9a2b1fec6a5ea5a972caf0ea501b6b90,CVE-2020-15141,CWE-22,Python,cvefixes,False,CVE-2020-15141,heldout,975f2bd3de76875d2805d5f420a0f4892640878c984bd048bd8a067f4255a2cb,a46a2c5062478af04dc5f9588a95454b3599f05daafb97a433151ab823542cf5,b856a2f4e24b056443e12ba4695ba371617d1f28ca533ac632a72506c96f9353
test,236,ac71bbe009144c0b9ae17285c50f6808,CVE-2020-15141,CWE-22,Python,cvefixes,False,CVE-2020-15141,heldout,0f45afd8b49e90bc2a5d9e4d2eaf058ba6ac4211e86e0f5a6c1844ccdc25dfdd,0f45afd8b49e90bc2a5d9e4d2eaf058ba6ac4211e86e0f5a6c1844ccdc25dfdd,def9b581fe07e75bb089c0428c6a3effce1a8a15aa87dd464a3d52c662241025
test,237,fdd2136029fa0339214230360a4416f1,CVE-2020-15141,CWE-22,Python,cvefixes,False,CVE-2020-15141,heldout,63b219f4d1cc91360dbc1341901babe19e607b15291eef521f643a5febf24bf8,28e2061c74661b7856d7485be317f3b2275d24aacb236954206243144229e876,3407cbf2a4fd79c57c7f7428cc10b5546d8f630eda03324a870d1b841dc30480
test,238,317ad7cabc24498aa578ca73f9311355,CVE-2020-15141,CWE-22,Python,cvefixes,False,CVE-2020-15141,heldout,0306f8719b5b19aa022493d4e0c9f7c4e67b6a917f6da0fcae7fae757225d440,0f49d34c466e02b18c6b5730273609e68190a1548de74f5a68bfb8e0094d7c2e,0128023092ae37f4f85336f65b1aa3142acf2ed4ee9570d028b13fa82397f1a9
test,239,9ffd55fae0ef75c98015b550986e0cd3,CVE-2020-15239,CWE-22,Python,cvefixes,False,CVE-2020-15239,heldout,a2762239c2dc7465a56dea816b2a387e3b0c6cdb45e69761161acc2b315e1540,401bc2c09d6b03cd4816f2f3fac76799a5539c6cbbc3088ab9991f9e637afe2a,8c33cd470f73213f70b10cae491f5fd6ac011501487baa47ee1a23be443a9f6f
test,240,6bc27150fe9a7d3a29089f4717445d93,CVE-2020-19858,CWE-22,C++,cvefixes,False,CVE-2020-19858,heldout,4bcd2568d69f4cc629075c02fc5b3d5400855abaa48241f5886d9aa8b13c863a,4bcd2568d69f4cc629075c02fc5b3d5400855abaa48241f5886d9aa8b13c863a,debc59cc823d58578f98f93cb6cb7e69cf78a785cbdaa01e75c0e31760ef1f9a
test,241,9bf1cd7e1597449a786a425f176034db,CVE-2020-20277,CWE-22,C,cvefixes,False,CVE-2020-20277,heldout,60c36082dda7585bffdfb7b23c8dd690d64a2edd901d68a7bed1eba288099371,60c36082dda7585bffdfb7b23c8dd690d64a2edd901d68a7bed1eba288099371,cb32ae8f6e22127d708c37b95822bc7ebb942e22ce609a97f1fa36146e0b226f
test,242,0498ae9a5f7e440c60a0ab65d41a1b96,CVE-2020-5221,CWE-22,C,cvefixes,False,CVE-2020-5221,heldout,60c36082dda7585bffdfb7b23c8dd690d64a2edd901d68a7bed1eba288099371,60c36082dda7585bffdfb7b23c8dd690d64a2edd901d68a7bed1eba288099371,cb32ae8f6e22127d708c37b95822bc7ebb942e22ce609a97f1fa36146e0b226f
test,243,bf751978cae64d03831e29bc13ea97ec,CVE-2020-35460,CWE-22,Java,cvefixes,False,CVE-2020-35460,heldout,d21dea0268328a6b08fb9b082113d96e16dfb29c98698dd9f61c0b1cb1936859,d21dea0268328a6b08fb9b082113d96e16dfb29c98698dd9f61c0b1cb1936859,ced8a4e1f04fd7b4ef2adb9e0fb9ed1a18dc242a5f32e3187c2302c009d5266f
test,244,cf700430ca9bb4ec0ca0fecfaf6b41c5,CVE-2020-7649,CWE-22,JavaScript,cvefixes,False,CVE-2020-7649,heldout,baa8cc02663f5679f23043a77fed0db5942375fefbd11597428042fe8deac0e9,180b8b0237b49ffe93e6cababa67ef7c6d08f64f75e1c5207d6181a93652ea3f,1efc6770274632b0db36ffc97491679c1b439c0a42565b67160acfb2f3d86a86
test,245,899c2f9121329161116b4beb5d0e3410,CVE-2020-7649,CWE-22,JavaScript,cvefixes,False,CVE-2020-7649,heldout,9403d4f52abeb23138f43b3b9baf971020ef69867ef000de1abda1891e31ce70,1cfa07a173f8852ff721c66e7aaff8453309f9be374439dd11aaef8ae65ad31d,7a04289759a3ca58fa16eb394897782d8e6ac5d4f506c6f5593305afa3a77e82
test,246,2cf2420ad839984b0b6858c370c8ff1f,CVE-2020-7763,CWE-22,JavaScript,cvefixes,False,CVE-2020-7763,heldout,b1f433f990ffb55247c806d9fe82c0a8813fcc4dc76bba7db792b0a207c36974,b1f433f990ffb55247c806d9fe82c0a8813fcc4dc76bba7db792b0a207c36974,c4efcf52dfdf59766815cf569cf35d4ff2818eb163dcb5217305204af49528a9
test,247,45392b0e607a9591eaaf012b5da85ae4,CVE-2020-7763,CWE-22,JavaScript,cvefixes,False,CVE-2020-7763,heldout,0910547c1689eb3245f1ff2b8f725701594d39015ad4742c7de569f799ce07fc,c38beef3143982dde55bb8dc34217bb29725bb8572244d6651bf230061e77614,14210981c49680cbaadbe584dc8ac0d445f8d654b1ec33636310b76c2ecd7ef0
test,248,273c4799e04f6f73167a32cfbcc07985,CVE-2020-8545,CWE-22,Python,cvefixes,False,CVE-2020-8545,heldout,307a0641e6682b9667df473a63d087c3004ae907bceffcf48da2d55b5ef39655,ca36bf2d19cc09ee20a93ac64388753da0eb675d05f2c3df21d3e30c1ab75b33,70dbe4d8f93ee8b90a52060bb07b0fdd20242352a0b20fe3f24803392020356a
test,249,df13a06f8bb944bdd0226a2aa77632b6,CVE-2021-21234,CWE-22,Java,cvefixes,False,CVE-2021-21234,heldout,29e4353707946d903a0502c43df52c17f5df03f6bdb43d32d82e38916aee5b81,41457476eca2d9f65f84a275ac31362ec035ab0bb6f2b34f06020174a47080a3,ca7a28837a8f50b9f97922ad8664023ab01f9502e5be5145d2605095ce3ea15d
test,250,9f882f898c248ecd5871b85a374652a5,CVE-2021-21234,CWE-22,Java,cvefixes,False,CVE-2021-21234,heldout,84129316f2ef57223bfc813afb006789d580c7ce18cd01ed094864983aa9cd8b,84129316f2ef57223bfc813afb006789d580c7ce18cd01ed094864983aa9cd8b,4ad46d92637b14878bc1e13d5fd8486c2acf1c7e6828d681eb0c189a464ed85e
test,251,de56f847a2c0083295e3d9b2a92c6405,CVE-2021-23423,CWE-22,Python,cvefixes,False,CVE-2021-23423,heldout,840ae56eca59d28a7e5ee31611962c8862f72df1f1e7a1a5c94801abefd3935a,4841e0f903f2c019894e13e5da35feda99ae8e7d24b104248d9c93a09bc6e634,0266c2e2c7d2c98dd707dc632a6586a8648101ec7046c04c77624246379eaf6f
test,252,b2d34fcc5bf8a786a6cc7e02a6fba789,CVE-2021-23423,CWE-22,Python,cvefixes,False,CVE-2021-23423,heldout,4d69ab015e59b8170814a3d223ce57399b62fc77b04fe109cad0133e36ce2e60,4d69ab015e59b8170814a3d223ce57399b62fc77b04fe109cad0133e36ce2e60,4cc08c432be5503d18c517494e8747e5a524fdc68cd91b9a73bcd39d34504961
test,253,f8a71c6f7cc904b989226b373df33720,CVE-2021-23423,CWE-22,Python,cvefixes,False,CVE-2021-23423,heldout,c2e7d22194313adb7027deb042f410830e097526c07e1b55dc4fb00570ca3614,c2e7d22194313adb7027deb042f410830e097526c07e1b55dc4fb00570ca3614,3e9ab4a429bbebda90117edb484c1d638df2964015b91376b6600451c27f8fe2
test,254,1553a69566883242b4b111cbd1251568,CVE-2021-23423,CWE-22,Python,cvefixes,False,CVE-2021-23423,heldout,c5b6baa4a63a29596200545a610ba0b9da7ede84048cc03c31f76be673ca4200,6be3cf3880906b12f16835d9fcda88a4e7f8e46b7cd87c1d060ff215f1829c35,d7c6206f59a2a4fef241d9bd3993174ad96f125f2b2a8dc87601b77acddf265b
test,255,df5bbaa57f719b733bc54c462222198c,CVE-2021-23423,CWE-22,Python,cvefixes,False,CVE-2021-23423,heldout,1dbf2ff7b9311595bf97b6c40b2d7963c5283523a434233dd9461fa1628d0222,1dbf2ff7b9311595bf97b6c40b2d7963c5283523a434233dd9461fa1628d0222,a201c6fe4a192db5d6707c70eb5c9fd193a664aa60910094e77794d7c893ed77
test,256,0385480e25301ce3d75ccb37b288811b,CVE-2021-23423,CWE-22,Python,cvefixes,False,CVE-2021-23423,heldout,e16cf2bcf00f9b13ba6023ca943ed0357d49a7bb7823f380ded16eedfb77c9da,3508f98bf492a2f3dad70936daf34258a929bc934d56a0bba5b7809bf56589f8,12b85408af45265d5afddb47daa9caf0e0b4b5f13baa032bcbeacb7cf93112d6
test,257,3863e1176831a365a8365e38d96ca99f,CVE-2021-23423,CWE-22,Python,cvefixes,False,CVE-2021-23423,heldout,9a34825e8754e295ed8213123b9fab343ed136224cd07fd2ef0331ad2c58bd2e,3e695a42d3b63f110f965cf3ee72e6aea25bc33fc3603dfea63a5498acf252d4,cf2727949c3dde2d547755ed016c48fead5c5e62cd20f0a5ec1760d7eb19a9fd
test,258,4c646c9980a201525d4bf8b2c58b85ab,CVE-2021-23423,CWE-22,Python,cvefixes,False,CVE-2021-23423,heldout,fa74f95a8476d6ff5f1527e72d48a3c74e85d9b8474fdce0f3fd470bd51dd70f,baa354ea3d7d85c5875f624174b479f7c83ec964bc66f3298044dd09bfef20cf,422b86826ab59727bcf97553fc18e27e38cc7eeaebe5bcdd035291d64a232914
test,259,408b413e4972fef610d1109cacb91195,CVE-2021-43289,CWE-22,Java,cvefixes,False,CVE-2021-43289,heldout,073093e8140ed4d2c91f069faeccd26617e57dbd8da6f7e0cca24d102d50ecd4,b3b1c814598b6d923108eac29e2982cd4b7d41f6df70c0ac2ab06c6e253a1fdf,011e36f2eddb45f1d119cbb267ad79f1647ddd00e931a64d5ad05257f75252f1
test,260,6d40ef53d90491c6749b0b0e7905f080,CVE-2021-43290,CWE-22,Java,cvefixes,False,CVE-2021-43290,heldout,073093e8140ed4d2c91f069faeccd26617e57dbd8da6f7e0cca24d102d50ecd4,b3b1c814598b6d923108eac29e2982cd4b7d41f6df70c0ac2ab06c6e253a1fdf,011e36f2eddb45f1d119cbb267ad79f1647ddd00e931a64d5ad05257f75252f1
test,261,7a7d0321180b68d0b59cb075684acd65,CVE-2021-43289,CWE-22,Java,cvefixes,False,CVE-2021-43289,heldout,fd7450106f1472311e742c608e0c947a6bcca0c05a72c0ff664dd40d7cfe87c6,fd7450106f1472311e742c608e0c947a6bcca0c05a72c0ff664dd40d7cfe87c6,7b912a288e062d100101a724ceb93b8de9c5a6834675f1acf8fe69078ac15bd9
test,262,a29dfd755676a21924ac6d7a8fbb6ed7,CVE-2021-43290,CWE-22,Java,cvefixes,False,CVE-2021-43290,heldout,fd7450106f1472311e742c608e0c947a6bcca0c05a72c0ff664dd40d7cfe87c6,fd7450106f1472311e742c608e0c947a6bcca0c05a72c0ff664dd40d7cfe87c6,7b912a288e062d100101a724ceb93b8de9c5a6834675f1acf8fe69078ac15bd9
test,263,12cb25131e231c9051e794dbcc222184,CVE-2021-27341,CWE-22,JavaScript,cvefixes,False,CVE-2021-27341,heldout,a5a9c773889593098f407743176ca404842feec5e742cebaea68a9bf1d557525,778b09e7c0e9ec1d5eb9ca84e67f2378055b26e973ec1203845d3cbcc8bb4e0c,3cd5845236958ee1a84ad074067cb8706f591ba621c1fc56a085bdee1f07be4c
test,264,d3379f5223474e7489d7f236557f912f,CVE-2021-27341,CWE-22,JavaScript,cvefixes,False,CVE-2021-27341,heldout,94527bea86cb3bad0ffa479383788b22d92660437ac6a3c09b013b695656ef2d,845629996a0cdbf97111bd59c3f8185343cde7e78fec187f98511893fbd14874,519ca274107cb71cb710295d2ab61e2db45d77d1779554b10cab60f7979aee57
test,265,2a9d76df675b5b53bf7e9066e3abcfa9,CVE-2021-27341,CWE-22,JavaScript,cvefixes,False,CVE-2021-27341,heldout,2181a8d3b0903a2119e8f3ad62504fb1f08ef448aa022f483148ab73ba95e0c5,f48630e49731b03feec278c90cce003d9c3667fb1032be7fb62470fe544eb655,be5d3c90b3f91faf08a522da524c459b707e388de63e36298ebe18b257d3c6df
test,266,59ab81df4f7b3649830a0bd61a6c0350,CVE-2021-27341,CWE-22,JavaScript,cvefixes,False,CVE-2021-27341,heldout,d9f8bad8d72846a3b3d19a85779c290f3c08e2d12e0b9aa0f3932fe185377b77,d9f8bad8d72846a3b3d19a85779c290f3c08e2d12e0b9aa0f3932fe185377b77,57c96f39fc84db7f9f2f3d41064a52205e19627514d0311d30b0a41ae01eda5a
test,267,83a313ecaf24fc29abc9e75e9b9dea02,CVE-2021-27341,CWE-22,JavaScript,cvefixes,False,CVE-2021-27341,heldout,88a49d1d00f3ab612644fa746860d5c558364dc8ef04c316510f3af59261a900,7c50584364141722443aee71ba6859ddea15dce1ea83c3e809f19c2e09db94c1,e52f70d8dd3c1b95f0ee1828cb15246d445e336bb28e59d65ccfe912b939bbbd
test,268,638b7559943530180a24b8c5201a898e,CVE-2021-34363,CWE-22,Python,cvefixes,False,CVE-2021-34363,heldout,8f8157f085359ec760d22fa477d63ce83535146aa290024121adcfdf4195293b,40ebc115d41e103b72dc5bef5cdf7db058bede8f9456d5cea3958b24cfe2a8e7,19d99d6c535baf81cbec636e68c4cc4ca22997e6e0e5fcd888b8feed4a0a9a4f
test,269,15eab6521bf44c972d1d41ec7caf8f6a,CVE-2021-34363,CWE-22,Python,cvefixes,False,CVE-2021-34363,heldout,2228e2fedb606d2995bf5e6b23911c6574028f07ef172c6b0de6bfae42199017,6d531fc565d332da2bdc1b3432655109496478dce5b8b91869f2a723e154cca8,a4c30cfa61af6102c56dc8d7e31849eb48f52d2b16ae75b0496df46b5add9d46
test,270,955ab35af342f6e51b8e303fb609f7e3,CVE-2021-39180,CWE-22,Java,cvefixes,False,CVE-2021-39180,heldout,14cb133b25572d28730839f183992a6d6a2d4c3dee9fb834333b0a7588f4f989,03a318b70b07d2c5ccd1c0ade5053210e3c879263f35e78b20675aa6b49b58fc,77db3eedba87f2d0b8222e91fcd9b11265fc003d3454cc9dfa9f06d3ffb8b920
test,271,78ebc3dbc411c4fa7d63dab9bb1ad297,CVE-2021-39180,CWE-22,Java,cvefixes,False,CVE-2021-39180,heldout,03bf6fee672d3bbc7f4c00d0c9a009332f3e20e5479b76480bb1783b9217d70c,03bf6fee672d3bbc7f4c00d0c9a009332f3e20e5479b76480bb1783b9217d70c,d78f00f5a570453544d99059909aa644277ff7371b7a66abe8cbb4441456ea53
test,272,e433ce594f47d25d150cb2517a0a9a76,CVE-2021-39180,CWE-22,Java,cvefixes,False,CVE-2021-39180,heldout,f57d31998225a892466b813c47cf3f7b4db5bb8e92f4aa74a308d56f2cd920aa,f57d31998225a892466b813c47cf3f7b4db5bb8e92f4aa74a308d56f2cd920aa,363056ca9b431079b8f3b0e8c58cd02a84951e9b63ee5454b3158a6254ecde08
test,273,a5d874a935f1562ec97faa24d022bcc7,CVE-2021-39180,CWE-22,Java,cvefixes,False,CVE-2021-39180,heldout,31605231d50e46136f9104ca331c476b13575df0231b8d6fbe8537cad3e8898c,31605231d50e46136f9104ca331c476b13575df0231b8d6fbe8537cad3e8898c,e93cae337181605515a8f681c5e8b835bef9e460f942590fa5f937a89fe85648
test,274,67d6af48ccd5155ea94d4992956ba343,CVE-2021-39180,CWE-22,Java,cvefixes,False,CVE-2021-39180,heldout,31605231d50e46136f9104ca331c476b13575df0231b8d6fbe8537cad3e8898c,31605231d50e46136f9104ca331c476b13575df0231b8d6fbe8537cad3e8898c,e93cae337181605515a8f681c5e8b835bef9e460f942590fa5f937a89fe85648
test,275,ceec11ec297375d0cd9a342ced6aa982,CVE-2021-39180,CWE-22,Java,cvefixes,False,CVE-2021-39180,heldout,359552d451069f51d26d25b7d1d2a4b8056c6cb9cf914461c296cca75b801b23,359552d451069f51d26d25b7d1d2a4b8056c6cb9cf914461c296cca75b801b23,7e669d180fdd4f86ab8ae43e05586f6d600b5f4c53f034279b4f0bc8868885db
test,276,81488b3099cf5123226849eeb1614070,CVE-2021-39180,CWE-22,Java,cvefixes,False,CVE-2021-39180,heldout,9f55d44254ea1e7e0a1f315f06b76cf10fe2d238aee9f3fc90170fd3ee842a16,9f55d44254ea1e7e0a1f315f06b76cf10fe2d238aee9f3fc90170fd3ee842a16,fadee1fa0c165291663ba37a2340b618ed52f7d12a6468244f935555e7191101
test,277,3b0b325dccce7038ef0fcf3cfc8bd908,CVE-2021-41152,CWE-22,Java,cvefixes,False,CVE-2021-41152,heldout,1e2430408dfeb1e8514f66602cf67774983adb271de60c2e3cefdc57577df137,1b3df069dfe859eba5d06c6f84825fbae6a3a8ec189d594273e835b0812a147b,7844d9ed695e0518f47b0ce8edc6804dfca1e58871df1d4d85b97918c4c15b0c
test,278,3e1741b57020902bc9638ae2af94b638,CVE-2021-41152,CWE-22,Java,cvefixes,False,CVE-2021-41152,heldout,7171af0d9ea4c6677771dec9854d2eeebd4b4334c49960d578292b7bf28f7d27,7171af0d9ea4c6677771dec9854d2eeebd4b4334c49960d578292b7bf28f7d27,2d3fc6fcb9ea4a0c1563a55d9ef23a78c62f3d79ba4fd96185a1924b5bb4a4c3
test,279,f566dcfc3548a467190feaf88d8124fe,CVE-2021-41152,CWE-22,Java,cvefixes,False,CVE-2021-41152,heldout,c450f14e099e9ba8ff61781c14e39d7d0a65b1e7c816fab1a8a99210753911ba,c450f14e099e9ba8ff61781c14e39d7d0a65b1e7c816fab1a8a99210753911ba,b57e790bfca79963c256a0822180336a7ae628ba5172f8f75e080786f2520bc7
test,280,072e95b1c5dd9c1199278b04ee1cdf83,CVE-2021-41152,CWE-22,Java,cvefixes,False,CVE-2021-41152,heldout,e1e6b6287639c94bf22fdce8bc21b48c5240ace969c3ee357f92cf34fc38849f,e1e6b6287639c94bf22fdce8bc21b48c5240ace969c3ee357f92cf34fc38849f,6068be79f0c31844ff6000527c099e4eb7b971fd794161312e17a860a7014968
test,281,5513780234601a92ab69eaf8d8007627,CVE-2021-41152,CWE-22,Java,cvefixes,False,CVE-2021-41152,heldout,575c4e1ace34035d0ec9fb624af06bc782636c0853668922c64fcff0557ac6ee,575c4e1ace34035d0ec9fb624af06bc782636c0853668922c64fcff0557ac6ee,9becc1ff43acfae0dfa45b1e016aa2682e6645b4d5034740033f918b9e1213fd
test,282,45eea5d6da24275a941250c181654bd9,CVE-2021-41152,CWE-22,Java,cvefixes,False,CVE-2021-41152,heldout,c61304bcdd9efbc9775b4511fbc2cafe911d07d047345cdbdb9f138ca4053ff0,c61304bcdd9efbc9775b4511fbc2cafe911d07d047345cdbdb9f138ca4053ff0,d3537d6d36c4947afa496c6184e8412338f6c7d7d64f0bba471d03318387bdc5
test,283,eddd205b8cafcf0c87551b2fb1721090,CVE-2021-41152,CWE-22,Java,cvefixes,False,CVE-2021-41152,heldout,09932f626374982b2da999233e97a0ae0869f89f9b2b4dd6be637cd1f5508ab6,09932f626374982b2da999233e97a0ae0869f89f9b2b4dd6be637cd1f5508ab6,4ff4a0ee771c7625fbe3d1c346329a5b26165a37792fa18232c5b9e0daf63ad6
test,284,460041a4ef5ebf5b023c4d75b5ddc6d0,CVE-2022-29967,CWE-22,C,cvefixes,False,CVE-2022-29967,heldout,b64f351b4ab1d6d5a5edb9073b2afcc5d48934bf00b8d6106427fc5fdb53b33a,f414e386fd0eca10834185c6a2b5016c3bff78a096573664a72180b170d399e0,b6109b4f338f383b29de8917bef7db21ea0125ccf96f06c1cd306c48a8b13155
test,285,95194df97dae615f887aaf124a0551c3,CVE-2022-29967,CWE-22,C,cvefixes,False,CVE-2022-29967,heldout,c02ff0dd5102fbc93d96b8f287bacd06bf0d64ce2cfadba986bcc43dd558c246,f955a6fe0582d9566a135bb9e0a3eaf99db82235ee2ecbd064bb1ab7989c70cb,996793012c2411345247fba051a77333eada77947c58ee82686283839f80db8b
test,286,de7443aca2015a2b949d4bbd229a5baf,CVE-2021-41185,CWE-22,Python,cvefixes,False,CVE-2021-41185,heldout,eea466f5a8e346df0303998d1a4ed683299e364b1cf0c8c5e8ae7024fb114b3a,eea466f5a8e346df0303998d1a4ed683299e364b1cf0c8c5e8ae7024fb114b3a,23e89a5f882500acbaca4bb5495f2968421cc7c8c2702cd3a379ba50bd56ad96
test,287,f767b34b04ca762b8c015c9fe783de64,CVE-2021-43831,CWE-22,Python,cvefixes,False,CVE-2021-43831,heldout,b6178b69ba144816927e9ff51c8e9f356f460a71b10127a12d6ec267499ae679,b6178b69ba144816927e9ff51c8e9f356f460a71b10127a12d6ec267499ae679,b6dacc909737cce2d651f0d8a6134af35819d2a08ae1b54045ae27508bcd1052
test,288,ff973306b41d377ff32411531e14e09e,CVE-2022-0401,CWE-22,JavaScript,cvefixes,False,CVE-2022-0401,heldout,1394b11584bcb5b0a377700d059df05d369f7f4a584752b05b24f7b6224f2e50,2b92ebda643c37175f7abbdd9496327472bfff092df225f8de1238939abb5d42,c2693d943425285e093afe2dcec984716b5132ae005a60087f5c7a3429022c1b
test,289,f39c6d8f065053daceea59b6a702e97b,CVE-2022-0401,CWE-22,JavaScript,cvefixes,False,CVE-2022-0401,heldout,f0da00454b7aa096efccb273c7327a5f2d3771d74043d859260ad5ac9d607561,ca5fca3298cf17f9de385f726dd55f8273bddee0d5e1ab2a27978f3d13054638,f3c168eee360f827854be7f54fa3822cc8194adc1bfdc0319d06c82974e5eecc
test,290,c409f7ab1833653b86485437623c9c5f,CVE-2022-0401,CWE-22,JavaScript,cvefixes,False,CVE-2022-0401,heldout,7f0720b0fe2026c3333c743455619bedc396e758cd10f984ce49e7112f5c1476,8bce9734b656a9ec28163674550b3e2ae4c63cef8fbb6497161cd3939b2cb2a4,23b68825f93d16a307262e95b65ca8a76836bc906929d6a6808284d7a12bb3f4
test,291,9c2aa9b851fb1c4067b059400500059a,CVE-2022-0401,CWE-22,JavaScript,cvefixes,False,CVE-2022-0401,heldout,0350cd28f9abda7875e1cd4773f6fd23deaa1a934cceccbd88fd3ca4a8f0fa5a,8dcde333e5e1b629ab4783e91fb2ff634fd7da67e0e8e8a319c401fad1f52ba0,7c415fdb995667ee86fbd17ee0a117492419dbd9064ef1857ffe0fdb1593a9e7
test,292,8e2a78fc4d409502e1deb293249f9ec7,CVE-2022-0401,CWE-22,JavaScript,cvefixes,False,CVE-2022-0401,heldout,e83d4f081f10d1361631d9ce69e77c07143903a99a19fe6c1b5982a64f497a2a,d2c015b66c3154624728cdeded22307f8150c8f00838c424497a8b09e3ad0b10,0e23f7ecce0c546f0a83580f3f2f6d22532fb14a264f47295161c3fae9ffe24e
test,293,5c932e6e6a32782303f39e1a163804b9,CVE-2022-0401,CWE-22,JavaScript,cvefixes,False,CVE-2022-0401,heldout,d1fe8966752c8a15ca676a3e78426ed3cced8ff707d45a2d35e49a56961e09fc,4c54d07f72804aa2ae163e88bef827af4fc5f8ab7848394dfa00ae4f2729473c,830bf46794ca5d4a3de6f9bcc4ca0528a6eb5ef2da0161734d7d46518140e1a2
test,294,2006d24c2be214a6f592186eafde8d52,CVE-2022-0401,CWE-22,JavaScript,cvefixes,False,CVE-2022-0401,heldout,01a58a4c024f5d03ef6247d9a163aeada3de2b776257d282b6050727bca37c2f,02bf13502dbb46f4f152df67156764b4e6083ee6a9323bc54b628c3574db6ce8,4a986964c207af1dc873ee0d1c0814a280d86b465b5ee25e18245d2f75c55d01
test,295,b75b12862c2d9b94a4f518591d6f7886,CVE-2022-23609,CWE-22,Python,cvefixes,False,CVE-2022-23609,heldout,185d8c189ae977bb538cf19fad8590ac9099210cce643283f06c9c4241ba72db,82c9442eca95a30788ec0abcab9be85830eb8361fe01da7ec899f7673fe45804,4c57e2a3535b44284e914096a08e9f1aa88ac99d99fa8156e9f6582aa8ce747f
test,296,edeaf3df7cffd101b56248621bf3fbc3,CVE-2022-23612,CWE-22,Java,cvefixes,False,CVE-2022-23612,heldout,72cc030ba48d7311e16115eb5ff2e95a7fec3b243d0b89f6e9939504302f41be,72cc030ba48d7311e16115eb5ff2e95a7fec3b243d0b89f6e9939504302f41be,dc0e4116e28090d93220fd423e4c0ff54694ea65f5ff8ec956ad617ac64402fa
test,297,829fe82886c4ba68ccdacc442213ccce,CVE-2022-24785,CWE-22,JavaScript,cvefixes,False,CVE-2022-24785,heldout,6d0cd4537984e5e0b837fba72ff8e3909634a46d81ed582ccafa9efeaac4ef10,6d0cd4537984e5e0b837fba72ff8e3909634a46d81ed582ccafa9efeaac4ef10,31219c01d0c6825f0a0e4a1c8c21539a2e19ebc326a14ca834cab7744f356d9a
test,298,6cf3485968278916a086c9d2ace7b763,CVE-2022-24840,CWE-22,Python,cvefixes,False,CVE-2022-24840,heldout,9ee28559292a38164190e68c4787356ec90da48fa286ff65e92f536f624bbd70,ba366388ba2120ec52047adc4b78136d013d7124c645dda3564639b9daf8b53d,70306115e58e67043ce6c894235f95ed363d33801fab7b98235dac2ad64face6
test,299,138dd069ed5ca0bd247829036b5c5c18,CVE-2022-24840,CWE-22,Python,cvefixes,False,CVE-2022-24840,heldout,381375f79ce7327d3c331d96a107932c64aa29834ae4aa9d7b6bcfc1c1a6c98f,f60fd104936c03f4a97532cc56d044f5682641f3698de8e76816036153cd4a94,eb9ea822fce81fb697f83b51085ee97c35f42ef5129157efc7ec9f3d46cba576
test,300,8553373181220fa7f4e90d09bf5e9ef4,CVE-2022-24840,CWE-22,JavaScript,cvefixes,False,CVE-2022-24840,heldout,67631c665eb1cb33c73aa06d9c35aee93fd36c0d15da24325ce6f9b3b35630ad,67631c665eb1cb33c73aa06d9c35aee93fd36c0d15da24325ce6f9b3b35630ad,12ed74249516a2812abf5a69c4b5344d8c3e8bddbabef4938b5dc2f044b2442f
test,301,058ed769a0964d86c765200c17b84e9f,CVE-2022-24840,CWE-22,Python,cvefixes,False,CVE-2022-24840,heldout,5e3c8057006cefadc96f2c3a6dd0079a61185ffa15c1382863c87ac25c25dd6c,be82184d8a17143dba52c7bf8c7cfe2bc59f609d405b560e483a19bd1250b204,64a9d89acdf3ff1ad70d0a2dcd136b7fb06ad0f101ea0b2aac28615e0088e307
test,302,206310c263a7d4dfb1101972fb0c7b47,CVE-2022-24840,CWE-22,Python,cvefixes,False,CVE-2022-24840,heldout,6b6f2fc8da7080c3691c90c5aa569a6361403bc485548e1998e39692fe23896f,3b3d5c96702d08abf2f589f2a9c6348d451874f880e55c92a575a4d2b3747afe,b4e98a5cde7a407e090903516f40d5d77a6c0006fd821ae852c22e1c9d72ec3f
test,303,45b742f48dff807c01d53055ab506e34,CVE-2022-24840,CWE-22,Python,cvefixes,False,CVE-2022-24840,heldout,9adeeb7e9a166df57544c02b5a77610d283864cc8ee30d118968aa58a72597c4,64e521fe77847f8e4b7c9355eac4e1959c93807e1cbc563f76b9849d0e899ae8,51985488da7420e58de9f5ce001068b9c19bf986e29513366c16f65cf20f89c5
test,304,0bdbdffa849d602688237888d8d27db2,CVE-2022-24840,CWE-22,Python,cvefixes,False,CVE-2022-24840,heldout,568b5fe728cf0b346d894647aeafd46a14a045a647f7cf718f96c550e9dd6fb2,44b17290f419ed9f6d9933c23ccae61866a9b9142e59f2a41e252585e074e73d,b7c04ff39fc2f606b74f5a6f73890bb7d84d8b7ba80fc614063f1f25aa665cde
test,305,f1d34cfbd6b8b3e20787aad7f3fe578b,CVE-2022-25298,CWE-22,C++,cvefixes,False,CVE-2022-25298,heldout,3932ae990903f79df724480a66d146d1a2759093f2c28df9cf3c0fdd03a97c48,3932ae990903f79df724480a66d146d1a2759093f2c28df9cf3c0fdd03a97c48,8d9c4f05f910474b628b221555515d92dc0a4aed985adcb91964571d13c06738
test,306,5e8c5f98ddae72ce685ae68a7150cb3a,CVE-2022-25298,CWE-22,C++,cvefixes,False,CVE-2022-25298,heldout,c5aed7d3e157222aad1a93ef798d4ff347dbd94cce42dffae96c95435f59af07,c5aed7d3e157222aad1a93ef798d4ff347dbd94cce42dffae96c95435f59af07,e788459a55b2ec42e42aa7bdea6ba5c64fc406b731a724549454a8c43a9e28b5
test,307,c073eeee5469a315cf7feab9f1eda21c,CVE-2022-25298,CWE-22,C++,cvefixes,False,CVE-2022-25298,heldout,b7f61f8b3e09a4d0922aba5635ca883ca26c42a48fb1ac1f466c488a350ec79b,524dc626c917fc70cd4c1aa43e802094d100cde6b36c419507742e0a7cd4b8bc,bec4700e5ccc82bf21f02152d44ba6f0a9225d0c7710edce09b663a63a435d3e
test,308,41ea0c2ae0e9cd6815e66c652efb152a,CVE-2022-25298,CWE-22,C++,cvefixes,False,CVE-2022-25298,heldout,40269fdec888fc0c6b6bd30653d7dcd04365d3c10304d0cd7965f8f47b8e5ceb,f9f0f5e8bf500e8fd09fa0249f8305c32e0fdaf26ab2493e3cad0a478c1ef99b,1eff0bf4f69114b59e979bcb096408c5e034d837b2fe188ef02770037aab0572
test,309,65a5226ef2f591ec0d8451d1128f03d8,CVE-2022-25298,CWE-22,C++,cvefixes,False,CVE-2022-25298,heldout,5165a2f8851efa2694c353fac618182aba47262f2c40e7886fdedfd255cde296,b082a1e14e260e48b8252664078e4c2daf6762aff912eb71a2e29d8992db02f5,66d8a393ee062a3edab4b99e118dc574f1a7a934cd22436325b0a6a9f5de85cb
test,310,41b4f971995b0b706811a4e386df77aa,CVE-2022-25298,CWE-22,C++,cvefixes,False,CVE-2022-25298,heldout,df04ed57e7aa50e02a598da27d41d9584c91df308469d19d807cb680a556c798,22bfbf44d8bafb1bd38092ed89a9c2384ff71f06a178a8b881edbe1e13edffc2,598912d533fa1378bb710be38e1b59e6c1249c51dacbc51ac68edc3a59426d7c
test,311,d2c460f9551be70a0f0029dd513de80b,CVE-2022-25298,CWE-22,C++,cvefixes,False,CVE-2022-25298,heldout,2ee9cf3b815350499cdb2da0cd4d6be016931dd92a20fc2cee80cdbb2e23c246,2ee9cf3b815350499cdb2da0cd4d6be016931dd92a20fc2cee80cdbb2e23c246,62ce91bd99d8131f3e321f69de96b761473ffb0d03ae39957320a36f6651f255
test,312,d891db1b646b5a1d081944573e9cd8f6,CVE-2022-25298,CWE-22,C++,cvefixes,False,CVE-2022-25298,heldout,40a7dffdbbcc5940025e34a22c4f7b5436f9ff9b6b107e02646afbc9663a723e,e5d1fdc0261a9aba83d891286ab1b77e2684ff06e7ec6c95d57eec8c55c7a095,50dcc63e60d10f159f98f85ff573fa032cb7272812d9ed0220d69e8bd5e8133a
test,313,3101df515cdb0496af37c5058c4115ff,CVE-2022-25298,CWE-22,C++,cvefixes,False,CVE-2022-25298,heldout,735b8d147f8eedba69b1a0f37a5faa9cbac0695ac4a512f0d4a188149b0fabe5,2bf2375d8140edbcf49012495ee7f3c6142085fb4a4679f18a2a85dcfb794e88,89b8c601fc237067835a692ff1b96045a8e3e51365f40bbae91dc5463e655a42
test,314,29fd14d0382359b056366625ca93c285,CVE-2022-25298,CWE-22,C++,cvefixes,False,CVE-2022-25298,heldout,48cdb8b1be0f88677086f509983d2a69670d1c56afaf0bc62d492ff1a73d8583,48cdb8b1be0f88677086f509983d2a69670d1c56afaf0bc62d492ff1a73d8583,c2d704b3fba26bc84ffe51eb699d3a834d23fc1e5faf15e75e8f3a479c70878a
test,315,dd582d4f5e4028f2f125ae3cf01ae501,CVE-2022-25298,CWE-22,C++,cvefixes,False,CVE-2022-25298,heldout,129f9f01a2a8bb9459b853defbbc15d0455d1301a26739a7c6154e3e75412728,129f9f01a2a8bb9459b853defbbc15d0455d1301a26739a7c6154e3e75412728,fdd50e668451cf58ce1770445a68c38c413eb22dd28198e36e7b5a8d09caf718
test,316,863533dfb29b8a0835ec6ec5ddb15e26,CVE-2022-25298,CWE-22,C++,cvefixes,False,CVE-2022-25298,heldout,af3e94394c546393afcc1d4d4992abd2b852d9d1aa8a4210e1871ad639daa32a,7949f429fbfd6cb5ea7cc8a6b4a57c700bda7c687a6cd613f89e1ff038aa2003,87b825a4bda2498f65ee236a92c1d00ec49d2c09965f40dc4f54724ade62e0d2
test,317,6a24078cd771e505e6365568ab48b6ef,CVE-2022-25298,CWE-22,C++,cvefixes,False,CVE-2022-25298,heldout,5a08244383b05044e15747e326015bd2c46f815172126ef08062028e32898dad,7bfa13f027ca1c5d4917da03827f643551b9a570772a5acfa51f55cbfe167d92,eacc31dd98c3730e5760c7f2292d6384c55de9c0be7a3cb66e8189aaff840c32
test,318,baed61c7c686462c3b28997f94c85d07,CVE-2022-25358,CWE-22,Python,cvefixes,False,CVE-2022-25358,heldout,11c26dac512d7fd9b34ccf847d8b3b8980add614bef8d29850452b12634b1dfa,bc10caf48c653d0674ba0a0bebae4f4322606e97fd21c5c15d1e949e31b71b01,689d20222c1f52b56fe6056102c718dcf68ecfe83cfbfb48cbc6ae2610bfba54
test,319,b5d4b263d544e2a608345664386eef22,CVE-2022-2653,CWE-22,JavaScript,cvefixes,False,CVE-2022-2653,heldout,df7c727d71f9bd8bbdd4fcee0c93e08c2a2cce65d529ddb73d38056dbda1bafc,030ce0a2a7045501d7cdbbcec03853c205dcce69215bba66938cf96fc496ab56,33a42efcbcae45ac5bd4c96b13eb2039adeaa28ee5b4279d0fb7d3cfac98f353
test,320,d8d14ef4647eba9189fb743e903d1d2d,CVE-2022-2653,CWE-22,JavaScript,cvefixes,False,CVE-2022-2653,heldout,ccf6e293278813316745e932c5f290e5a0d01e591c093d484a00e1fb42382213,8ff8697c15eb5b7482465f730839e77b66e9f9fc1b145450b81501a62838674e,fc56d82b4480168b3bd4d21eeae57520dd0cbbcdb907732513d7664c4a859184
test,321,aa7a3cf787bb76077f9ea20a113d8e56,CVE-2022-31506,CWE-22,Python,cvefixes,False,CVE-2022-31506,heldout,e78fb81ebec0ec8e9f317191fdfbcf34e3802a0ca8d4e9c9053bd391b3486e9c,e78fb81ebec0ec8e9f317191fdfbcf34e3802a0ca8d4e9c9053bd391b3486e9c,096e539a3253a488a08a715a7a863952c77217fd1e4abd9e5a8d442f0a1c647d
test,322,a9d34c0ef0215c90be9de0054187ab3e,CVE-2022-31506,CWE-22,Python,cvefixes,False,CVE-2022-31506,heldout,b2293f4d2bd6813fec1ba9e22b10294d1bd7f56cfe10605d63633a41b4d8d3fa,73792964ca53e4da7e23a3dd8e4a492b8f2dcf48e190bc8eedca820f5026e6ce,41be40cefa0af997a5e5e677832d9deb3eb250a23e0fbce9d29234d7f35b2436
test,323,839da1536c65f72d820db03ebce8e8d6,CVE-2022-31506,CWE-22,Python,cvefixes,False,CVE-2022-31506,heldout,e8c10f56e96275b549da8cbe2f99bc1a9756be37c4f9f9189be1c9ffba5d7302,f56e455e0cf1788dc859b395d91cb4abef0ca8d4dbeedd557a6c9a0e2f888071,43696a1ccadaeac62d6a2c42cc03be367fa6d3c64d335c16482e0f068be16d1e
test,324,a8a31b8d1f84f3046bd3302457bde479,CVE-2022-31506,CWE-22,Python,cvefixes,False,CVE-2022-31506,heldout,e8c10f56e96275b549da8cbe2f99bc1a9756be37c4f9f9189be1c9ffba5d7302,f56e455e0cf1788dc859b395d91cb4abef0ca8d4dbeedd557a6c9a0e2f888071,43696a1ccadaeac62d6a2c42cc03be367fa6d3c64d335c16482e0f068be16d1e
test,325,6d5878d1b700dd6b02d6951a593b7132,CVE-2022-31506,CWE-22,Python,cvefixes,False,CVE-2022-31506,heldout,8f0c972c24fce486c4687d8fe589390e35879b217c9b8aa86b37616077a01e7f,8f0c972c24fce486c4687d8fe589390e35879b217c9b8aa86b37616077a01e7f,e5a38f1f1ae26d061a72597419cdfcea6dcc921666a503fee910157261db0a38
test,326,6a56ec37be4a2e11ea31cceac7396461,CVE-2022-31506,CWE-22,Python,cvefixes,False,CVE-2022-31506,heldout,19d38805559c848d284ddf050061422ad446b5e481be8eb6fbd3457c575593ed,42dc6250d3b34c7f4e3095fcbddadc8afe9cbc50d1800737c9a5fdf90179c9f7,433d85ee05a68d70ff0e8d2227aec66e8efcb8a57506dfd2caf9d987c8a132fe
test,327,19f7bc1845c24235e5991d52c9a4ee61,CVE-2022-31507,CWE-22,Python,cvefixes,False,CVE-2022-31507,heldout,184f14e0878943ba536a8e66837138494bfbe7ab11211f982b8928007a77bdfc,d2132f510b05a8f51bbedb550fd8f46eb85f399dde2bcfe086b6fc3bc3b691a0,91b45483590795a593907fdf3f9f7d250e95ee560448ab465b4cb4bcd67e7283
test,328,6828a60f084ea71daa89a0187562392f,CVE-2022-31564,CWE-22,Python,cvefixes,False,CVE-2022-31564,heldout,5ed634eb127e7a73a4b8e8a7f4b16cacce5850becb04b869fc06cb1cedae5221,5f7d59ce758df6ac1ef346a1d7ff6ce12201f4a327ed45b72217b50ed3b12d2c,b1f92eb9df2f8de2b26ff3e8acf527b7c57292a56cd87224028f4c855deca87f
test,329,2ca37a39af3c82c94785679c147afee4,CVE-2022-36007,CWE-22,Java,cvefixes,False,CVE-2022-36007,heldout,dc561b14d0e5c6f9bfa7a54a11fdb6637126669b16354f8e790fb37f377dc6cc,dc561b14d0e5c6f9bfa7a54a11fdb6637126669b16354f8e790fb37f377dc6cc,8de747ddf7df4b3028404aed7999c486ad34cf87731a016860fab9a2972fcfa5
test,330,cc88619468dc5323ac655534079bd2d2,CVE-2021-32631,CWE-290,Java,cvefixes,False,CVE-2021-32631,heldout,3a1fef7289e3ee79e95c646744eb9c2a13e546397bab60e785d24f1daa953eb1,3a1fef7289e3ee79e95c646744eb9c2a13e546397bab60e785d24f1daa953eb1,b30776dfb9e2672d9d33e609f0254b016f5adeb1093588836d8492dc1dafb6d8
